schema_version,evidence_type,scheduler,workload,seed,job_id,home_cluster,dispatch_cluster,stolen,arrival_cycle,dispatch_cycle,release_cycle,dependency_wait_cycles,queue_wait_cycles,link_start_cycle,home_link_end_cycle,remote_copy_start_cycle,link_end_cycle,home_link_bundle,execution_link_bundle,base_link_bytes,remote_copy_bytes,memory_start_cycle,memory_end_cycle,compute_start_cycle,compute_end_cycle,preferred_channel,preferred_link_bundle
varp.k26.scheduler-event.v2,analytical-model,S1,gemma3_1b_dependency_aware_tiles,0,0,0,0,0,0,0,0,0,0,0,73730,73730,73730,0,0,1179680,0,0,73728,73730,92162,0,0
varp.k26.scheduler-event.v2,analytical-model,S1,gemma3_1b_dependency_aware_tiles,0,1,1,1,0,0,0,0,0,0,0,18434,18434,18434,2,2,294944,0,0,18432,18434,23042,1,2
varp.k26.scheduler-event.v2,analytical-model,S1,gemma3_1b_dependency_aware_tiles,0,2,2,2,0,0,0,0,0,0,73730,92164,92164,92164,0,0,294944,0,0,18432,92164,96772,3,0
varp.k26.scheduler-event.v2,analytical-model,S1,gemma3_1b_dependency_aware_tiles,0,3,3,3,0,0,96773,96772,96772,1,96773,162311,162311,162311,2,2,1048608,0,96773,162309,162311,178695,1,2
varp.k26.scheduler-event.v2,analytical-model,S1,gemma3_1b_dependency_aware_tiles,0,4,3,3,0,0,178695,96772,96772,81923,178695,186889,186889,186889,2,2,131104,0,178695,186887,186889,188937,1,2
varp.k26.scheduler-event.v2,analytical-model,S1,gemma3_1b_dependency_aware_tiles,0,5,0,0,0,0,188938,188937,188937,1,188938,262668,262668,262668,0,0,1179680,0,188938,262666,262668,281100,3,0
varp.k26.scheduler-event.v2,analytical-model,S1,gemma3_1b_dependency_aware_tiles,0,12,1,1,0,0,188938,188937,188937,1,188938,262668,262668,262668,2,2,1179680,0,188938,262666,262668,281100,2,2
varp.k26.scheduler-event.v2,analytical-model,S1,gemma3_1b_dependency_aware_tiles,0,6,0,0,0,0,281100,188937,188937,92163,281100,354830,354830,354830,0,0,1179680,0,281100,354828,354830,373262,3,0
varp.k26.scheduler-event.v2,analytical-model,S1,gemma3_1b_dependency_aware_tiles,0,13,1,1,0,0,281100,188937,188937,92163,281100,354830,354830,354830,2,2,1179680,0,281100,354828,354830,373262,2,2
varp.k26.scheduler-event.v2,analytical-model,S1,gemma3_1b_dependency_aware_tiles,0,7,0,0,0,0,373262,188937,188937,184325,373262,446992,446992,446992,0,0,1179680,0,373262,446990,446992,465424,3,0
varp.k26.scheduler-event.v2,analytical-model,S1,gemma3_1b_dependency_aware_tiles,0,14,1,1,0,0,373262,188937,188937,184325,373262,446992,446992,446992,2,2,1179680,0,373262,446990,446992,465424,2,2
varp.k26.scheduler-event.v2,analytical-model,S1,gemma3_1b_dependency_aware_tiles,0,8,0,0,0,0,465424,188937,188937,276487,465424,539154,539154,539154,0,0,1179680,0,465424,539152,539154,557586,3,0
varp.k26.scheduler-event.v2,analytical-model,S1,gemma3_1b_dependency_aware_tiles,0,15,1,1,0,0,465424,188937,188937,276487,465424,539154,539154,539154,2,2,1179680,0,465424,539152,539154,557586,2,2
varp.k26.scheduler-event.v2,analytical-model,S1,gemma3_1b_dependency_aware_tiles,0,9,0,0,0,0,557586,188937,188937,368649,557586,631316,631316,631316,0,0,1179680,0,557586,631314,631316,649748,3,0
varp.k26.scheduler-event.v2,analytical-model,S1,gemma3_1b_dependency_aware_tiles,0,16,1,1,0,0,557586,188937,188937,368649,557586,631316,631316,631316,2,2,1179680,0,557586,631314,631316,649748,2,2
varp.k26.scheduler-event.v2,analytical-model,S1,gemma3_1b_dependency_aware_tiles,0,10,0,0,0,0,649748,188937,188937,460811,649748,723478,723478,723478,0,0,1179680,0,649748,723476,723478,741910,3,0
varp.k26.scheduler-event.v2,analytical-model,S1,gemma3_1b_dependency_aware_tiles,0,17,1,1,0,0,649748,188937,188937,460811,649748,723478,723478,723478,2,2,1179680,0,649748,723476,723478,741910,2,2
varp.k26.scheduler-event.v2,analytical-model,S1,gemma3_1b_dependency_aware_tiles,0,11,0,0,0,0,741910,188937,188937,552973,741910,797208,797208,797208,0,0,884768,0,741910,797206,797208,811032,3,0
varp.k26.scheduler-event.v2,analytical-model,S1,gemma3_1b_dependency_aware_tiles,0,18,1,1,0,0,741910,188937,188937,552973,741910,797208,797208,797208,2,2,884768,0,741910,797206,797208,811032,2,2
varp.k26.scheduler-event.v2,analytical-model,S1,gemma3_1b_dependency_aware_tiles,0,19,2,2,0,0,811033,811032,811032,1,811033,1253403,1253403,1253403,0,0,7077920,0,811033,1253401,1253403,1363995,2,0
varp.k26.scheduler-event.v2,analytical-model,S1,gemma3_1b_dependency_aware_tiles,0,20,2,2,0,0,1363995,811032,811032,552963,1363995,1419293,1419293,1419293,0,0,884768,0,1363995,1419291,1419293,1433117,2,0
varp.k26.scheduler-event.v2,analytical-model,S1,gemma3_1b_dependency_aware_tiles,0,21,0,0,0,0,1433118,1433117,1433117,1,1433118,1506848,1506848,1506848,3,3,1179680,0,1433118,1506846,1506848,1525280,1,3
varp.k26.scheduler-event.v2,analytical-model,S1,gemma3_1b_dependency_aware_tiles,0,22,1,1,0,0,1433118,1433117,1433117,1,1433118,1451552,1451552,1451552,1,1,294944,0,1433118,1451550,1451552,1456160,2,1
varp.k26.scheduler-event.v2,analytical-model,S1,gemma3_1b_dependency_aware_tiles,0,23,2,2,0,0,1433118,1433117,1433117,1,1506848,1525282,1525282,1525282,3,3,294944,0,1506846,1525278,1525282,1529890,1,3
varp.k26.scheduler-event.v2,analytical-model,S1,gemma3_1b_dependency_aware_tiles,0,24,3,3,0,0,1529891,1529890,1529890,1,1529891,1595429,1595429,1595429,1,1,1048608,0,1529891,1595427,1595429,1611813,3,1
varp.k26.scheduler-event.v2,analytical-model,S1,gemma3_1b_dependency_aware_tiles,0,25,3,3,0,0,1611813,1529890,1529890,81923,1611813,1620007,1620007,1620007,1,1,131104,0,1611813,1620005,1620007,1622055,3,1
varp.k26.scheduler-event.v2,analytical-model,S1,gemma3_1b_dependency_aware_tiles,0,26,0,0,0,0,1622056,1622055,1622055,1,1622056,1695786,1695786,1695786,3,3,1179680,0,1622056,1695784,1695786,1714218,0,3
varp.k26.scheduler-event.v2,analytical-model,S1,gemma3_1b_dependency_aware_tiles,0,33,1,1,0,0,1622056,1622055,1622055,1,1622056,1695786,1695786,1695786,1,1,1179680,0,1695784,1769512,1769512,1787944,0,1
varp.k26.scheduler-event.v2,analytical-model,S1,gemma3_1b_dependency_aware_tiles,0,27,0,0,0,0,1714218,1622055,1622055,92163,1714218,1787948,1787948,1787948,3,3,1179680,0,1769512,1843240,1843240,1861672,0,3
varp.k26.scheduler-event.v2,analytical-model,S1,gemma3_1b_dependency_aware_tiles,0,34,1,1,0,0,1787944,1622055,1622055,165889,1787944,1861674,1861674,1861674,1,1,1179680,0,1843240,1916968,1916968,1935400,0,1
varp.k26.scheduler-event.v2,analytical-model,S1,gemma3_1b_dependency_aware_tiles,0,28,0,0,0,0,1861672,1622055,1622055,239617,1861672,1935402,1935402,1935402,3,3,1179680,0,1916968,1990696,1990696,2009128,0,3
varp.k26.scheduler-event.v2,analytical-model,S1,gemma3_1b_dependency_aware_tiles,0,35,1,1,0,0,1935400,1622055,1622055,313345,1935400,2009130,2009130,2009130,1,1,1179680,0,1990696,2064424,2064424,2082856,0,1
varp.k26.scheduler-event.v2,analytical-model,S1,gemma3_1b_dependency_aware_tiles,0,29,0,0,0,0,2009128,1622055,1622055,387073,2009128,2082858,2082858,2082858,3,3,1179680,0,2064424,2138152,2138152,2156584,0,3
varp.k26.scheduler-event.v2,analytical-model,S1,gemma3_1b_dependency_aware_tiles,0,36,1,1,0,0,2082856,1622055,1622055,460801,2082856,2156586,2156586,2156586,1,1,1179680,0,2138152,2211880,2211880,2230312,0,1
varp.k26.scheduler-event.v2,analytical-model,S1,gemma3_1b_dependency_aware_tiles,0,30,0,0,0,0,2156584,1622055,1622055,534529,2156584,2230314,2230314,2230314,3,3,1179680,0,2211880,2285608,2285608,2304040,0,3
varp.k26.scheduler-event.v2,analytical-model,S1,gemma3_1b_dependency_aware_tiles,0,37,1,1,0,0,2230312,1622055,1622055,608257,2230312,2304042,2304042,2304042,1,1,1179680,0,2285608,2359336,2359336,2377768,0,1
varp.k26.scheduler-event.v2,analytical-model,S1,gemma3_1b_dependency_aware_tiles,0,31,0,0,0,0,2304040,1622055,1622055,681985,2304040,2377770,2377770,2377770,3,3,1179680,0,2359336,2433064,2433064,2451496,0,3
varp.k26.scheduler-event.v2,analytical-model,S1,gemma3_1b_dependency_aware_tiles,0,38,1,1,0,0,2377768,1622055,1622055,755713,2377768,2451498,2451498,2451498,1,1,1179680,0,2433064,2506792,2506792,2525224,0,1
varp.k26.scheduler-event.v2,analytical-model,S1,gemma3_1b_dependency_aware_tiles,0,32,0,0,0,0,2451496,1622055,1622055,829441,2451496,2506794,2506794,2506794,3,3,884768,0,2506792,2562088,2562088,2575912,0,3
varp.k26.scheduler-event.v2,analytical-model,S1,gemma3_1b_dependency_aware_tiles,0,39,1,1,0,0,2525224,1622055,1622055,903169,2525224,2580522,2580522,2580522,1,1,884768,0,2562088,2617384,2617384,2631208,0,1
varp.k26.scheduler-event.v2,analytical-model,S1,gemma3_1b_dependency_aware_tiles,0,40,2,2,0,0,2631209,2631208,2631208,1,2631209,3073579,3073579,3073579,3,3,7077920,0,2631209,3073577,3073579,3184171,3,3
varp.k26.scheduler-event.v2,analytical-model,S1,gemma3_1b_dependency_aware_tiles,0,41,2,2,0,0,3184171,2631208,2631208,552963,3184171,3239469,3239469,3239469,3,3,884768,0,3184171,3239467,3239469,3253293,3,3
varp.k26.scheduler-event.v2,analytical-model,S1,gemma3_1b_dependency_aware_tiles,0,42,0,0,0,0,3253294,3253293,3253293,1,3253294,3327024,3327024,3327024,2,2,1179680,0,3253294,3327022,3327024,3345456,2,2
varp.k26.scheduler-event.v2,analytical-model,S1,gemma3_1b_dependency_aware_tiles,0,43,1,1,0,0,3253294,3253293,3253293,1,3253294,3271728,3271728,3271728,0,0,294944,0,3253294,3271726,3271728,3276336,0,0
varp.k26.scheduler-event.v2,analytical-model,S1,gemma3_1b_dependency_aware_tiles,0,44,2,2,0,0,3253294,3253293,3253293,1,3327024,3345458,3345458,3345458,2,2,294944,0,3327022,3345454,3345458,3350066,2,2
varp.k26.scheduler-event.v2,analytical-model,S1,gemma3_1b_dependency_aware_tiles,0,45,3,3,0,0,3350067,3350066,3350066,1,3350067,3415605,3415605,3415605,0,0,1048608,0,3350067,3415603,3415605,3431989,0,0
varp.k26.scheduler-event.v2,analytical-model,S1,gemma3_1b_dependency_aware_tiles,0,46,3,3,0,0,3431989,3350066,3350066,81923,3431989,3440183,3440183,3440183,0,0,131104,0,3431989,3440181,3440183,3442231,0,0
varp.k26.scheduler-event.v2,analytical-model,S1,gemma3_1b_dependency_aware_tiles,0,47,0,0,0,0,3442232,3442231,3442231,1,3442232,3515962,3515962,3515962,2,2,1179680,0,3442232,3515960,3515962,3534394,2,2
varp.k26.scheduler-event.v2,analytical-model,S1,gemma3_1b_dependency_aware_tiles,0,54,1,1,0,0,3442232,3442231,3442231,1,3442232,3515962,3515962,3515962,0,0,1179680,0,3442232,3515960,3515962,3534394,1,0
varp.k26.scheduler-event.v2,analytical-model,S1,gemma3_1b_dependency_aware_tiles,0,48,0,0,0,0,3534394,3442231,3442231,92163,3534394,3608124,3608124,3608124,2,2,1179680,0,3534394,3608122,3608124,3626556,2,2
varp.k26.scheduler-event.v2,analytical-model,S1,gemma3_1b_dependency_aware_tiles,0,55,1,1,0,0,3534394,3442231,3442231,92163,3534394,3608124,3608124,3608124,0,0,1179680,0,3534394,3608122,3608124,3626556,1,0
varp.k26.scheduler-event.v2,analytical-model,S1,gemma3_1b_dependency_aware_tiles,0,49,0,0,0,0,3626556,3442231,3442231,184325,3626556,3700286,3700286,3700286,2,2,1179680,0,3626556,3700284,3700286,3718718,2,2
varp.k26.scheduler-event.v2,analytical-model,S1,gemma3_1b_dependency_aware_tiles,0,56,1,1,0,0,3626556,3442231,3442231,184325,3626556,3700286,3700286,3700286,0,0,1179680,0,3626556,3700284,3700286,3718718,1,0
varp.k26.scheduler-event.v2,analytical-model,S1,gemma3_1b_dependency_aware_tiles,0,50,0,0,0,0,3718718,3442231,3442231,276487,3718718,3792448,3792448,3792448,2,2,1179680,0,3718718,3792446,3792448,3810880,2,2
varp.k26.scheduler-event.v2,analytical-model,S1,gemma3_1b_dependency_aware_tiles,0,57,1,1,0,0,3718718,3442231,3442231,276487,3718718,3792448,3792448,3792448,0,0,1179680,0,3718718,3792446,3792448,3810880,1,0
varp.k26.scheduler-event.v2,analytical-model,S1,gemma3_1b_dependency_aware_tiles,0,51,0,0,0,0,3810880,3442231,3442231,368649,3810880,3884610,3884610,3884610,2,2,1179680,0,3810880,3884608,3884610,3903042,2,2
varp.k26.scheduler-event.v2,analytical-model,S1,gemma3_1b_dependency_aware_tiles,0,58,1,1,0,0,3810880,3442231,3442231,368649,3810880,3884610,3884610,3884610,0,0,1179680,0,3810880,3884608,3884610,3903042,1,0
varp.k26.scheduler-event.v2,analytical-model,S1,gemma3_1b_dependency_aware_tiles,0,52,0,0,0,0,3903042,3442231,3442231,460811,3903042,3976772,3976772,3976772,2,2,1179680,0,3903042,3976770,3976772,3995204,2,2
varp.k26.scheduler-event.v2,analytical-model,S1,gemma3_1b_dependency_aware_tiles,0,59,1,1,0,0,3903042,3442231,3442231,460811,3903042,3976772,3976772,3976772,0,0,1179680,0,3903042,3976770,3976772,3995204,1,0
varp.k26.scheduler-event.v2,analytical-model,S1,gemma3_1b_dependency_aware_tiles,0,53,0,0,0,0,3995204,3442231,3442231,552973,3995204,4050502,4050502,4050502,2,2,884768,0,3995204,4050500,4050502,4064326,2,2
varp.k26.scheduler-event.v2,analytical-model,S1,gemma3_1b_dependency_aware_tiles,0,60,1,1,0,0,3995204,3442231,3442231,552973,3995204,4050502,4050502,4050502,0,0,884768,0,3995204,4050500,4050502,4064326,1,0
varp.k26.scheduler-event.v2,analytical-model,S1,gemma3_1b_dependency_aware_tiles,0,61,2,2,0,0,4064327,4064326,4064326,1,4064327,4506697,4506697,4506697,2,2,7077920,0,4064327,4506695,4506697,4617289,0,2
varp.k26.scheduler-event.v2,analytical-model,S1,gemma3_1b_dependency_aware_tiles,0,62,2,2,0,0,4617289,4064326,4064326,552963,4617289,4672587,4672587,4672587,2,2,884768,0,4617289,4672585,4672587,4686411,0,2
varp.k26.scheduler-event.v2,analytical-model,S1,gemma3_1b_dependency_aware_tiles,0,63,0,0,0,0,4686412,4686411,4686411,1,4686412,4760142,4760142,4760142,1,1,1179680,0,4686412,4760140,4760142,4778574,0,1
varp.k26.scheduler-event.v2,analytical-model,S1,gemma3_1b_dependency_aware_tiles,0,64,1,1,0,0,4686412,4686411,4686411,1,4686412,4704846,4704846,4704846,3,3,294944,0,4686412,4704844,4704846,4709454,1,3
varp.k26.scheduler-event.v2,analytical-model,S1,gemma3_1b_dependency_aware_tiles,0,65,2,2,0,0,4686412,4686411,4686411,1,4760142,4778576,4778576,4778576,1,1,294944,0,4686412,4704844,4778576,4783184,3,1
varp.k26.scheduler-event.v2,analytical-model,S1,gemma3_1b_dependency_aware_tiles,0,66,3,3,0,0,4783185,4783184,4783184,1,4783185,4848723,4848723,4848723,3,3,1048608,0,4783185,4848721,4848723,4865107,1,3
varp.k26.scheduler-event.v2,analytical-model,S1,gemma3_1b_dependency_aware_tiles,0,67,3,3,0,0,4865107,4783184,4783184,81923,4865107,4873301,4873301,4873301,3,3,131104,0,4865107,4873299,4873301,4875349,1,3
varp.k26.scheduler-event.v2,analytical-model,S1,gemma3_1b_dependency_aware_tiles,0,68,0,0,0,0,4875350,4875349,4875349,1,4875350,4949080,4949080,4949080,1,1,1179680,0,4875350,4949078,4949080,4967512,3,1
varp.k26.scheduler-event.v2,analytical-model,S1,gemma3_1b_dependency_aware_tiles,0,75,1,1,0,0,4875350,4875349,4875349,1,4875350,4949080,4949080,4949080,3,3,1179680,0,4875350,4949078,4949080,4967512,2,3
varp.k26.scheduler-event.v2,analytical-model,S1,gemma3_1b_dependency_aware_tiles,0,69,0,0,0,0,4967512,4875349,4875349,92163,4967512,5041242,5041242,5041242,1,1,1179680,0,4967512,5041240,5041242,5059674,3,1
varp.k26.scheduler-event.v2,analytical-model,S1,gemma3_1b_dependency_aware_tiles,0,76,1,1,0,0,4967512,4875349,4875349,92163,4967512,5041242,5041242,5041242,3,3,1179680,0,4967512,5041240,5041242,5059674,2,3
varp.k26.scheduler-event.v2,analytical-model,S1,gemma3_1b_dependency_aware_tiles,0,70,0,0,0,0,5059674,4875349,4875349,184325,5059674,5133404,5133404,5133404,1,1,1179680,0,5059674,5133402,5133404,5151836,3,1
varp.k26.scheduler-event.v2,analytical-model,S1,gemma3_1b_dependency_aware_tiles,0,77,1,1,0,0,5059674,4875349,4875349,184325,5059674,5133404,5133404,5133404,3,3,1179680,0,5059674,5133402,5133404,5151836,2,3
varp.k26.scheduler-event.v2,analytical-model,S1,gemma3_1b_dependency_aware_tiles,0,71,0,0,0,0,5151836,4875349,4875349,276487,5151836,5225566,5225566,5225566,1,1,1179680,0,5151836,5225564,5225566,5243998,3,1
varp.k26.scheduler-event.v2,analytical-model,S1,gemma3_1b_dependency_aware_tiles,0,78,1,1,0,0,5151836,4875349,4875349,276487,5151836,5225566,5225566,5225566,3,3,1179680,0,5151836,5225564,5225566,5243998,2,3
varp.k26.scheduler-event.v2,analytical-model,S1,gemma3_1b_dependency_aware_tiles,0,72,0,0,0,0,5243998,4875349,4875349,368649,5243998,5317728,5317728,5317728,1,1,1179680,0,5243998,5317726,5317728,5336160,3,1
varp.k26.scheduler-event.v2,analytical-model,S1,gemma3_1b_dependency_aware_tiles,0,79,1,1,0,0,5243998,4875349,4875349,368649,5243998,5317728,5317728,5317728,3,3,1179680,0,5243998,5317726,5317728,5336160,2,3
varp.k26.scheduler-event.v2,analytical-model,S1,gemma3_1b_dependency_aware_tiles,0,73,0,0,0,0,5336160,4875349,4875349,460811,5336160,5409890,5409890,5409890,1,1,1179680,0,5336160,5409888,5409890,5428322,3,1
varp.k26.scheduler-event.v2,analytical-model,S1,gemma3_1b_dependency_aware_tiles,0,80,1,1,0,0,5336160,4875349,4875349,460811,5336160,5409890,5409890,5409890,3,3,1179680,0,5336160,5409888,5409890,5428322,2,3
varp.k26.scheduler-event.v2,analytical-model,S1,gemma3_1b_dependency_aware_tiles,0,74,0,0,0,0,5428322,4875349,4875349,552973,5428322,5483620,5483620,5483620,1,1,884768,0,5428322,5483618,5483620,5497444,3,1
varp.k26.scheduler-event.v2,analytical-model,S1,gemma3_1b_dependency_aware_tiles,0,81,1,1,0,0,5428322,4875349,4875349,552973,5428322,5483620,5483620,5483620,3,3,884768,0,5428322,5483618,5483620,5497444,2,3
varp.k26.scheduler-event.v2,analytical-model,S1,gemma3_1b_dependency_aware_tiles,0,82,2,2,0,0,5497445,5497444,5497444,1,5497445,5939815,5939815,5939815,1,1,7077920,0,5497445,5939813,5939815,6050407,2,1
varp.k26.scheduler-event.v2,analytical-model,S1,gemma3_1b_dependency_aware_tiles,0,83,2,2,0,0,6050407,5497444,5497444,552963,6050407,6105705,6105705,6105705,1,1,884768,0,6050407,6105703,6105705,6119529,2,1
varp.k26.scheduler-event.v2,analytical-model,S1,gemma3_1b_dependency_aware_tiles,0,84,0,0,0,0,6119530,6119529,6119529,1,6119530,6193260,6193260,6193260,0,0,1179680,0,6119530,6193258,6193260,6211692,1,0
varp.k26.scheduler-event.v2,analytical-model,S1,gemma3_1b_dependency_aware_tiles,0,85,1,1,0,0,6119530,6119529,6119529,1,6119530,6137964,6137964,6137964,2,2,294944,0,6119530,6137962,6137964,6142572,3,2
varp.k26.scheduler-event.v2,analytical-model,S1,gemma3_1b_dependency_aware_tiles,0,86,2,2,0,0,6119530,6119529,6119529,1,6193260,6211694,6211694,6211694,0,0,294944,0,6193258,6211690,6211694,6216302,1,0
varp.k26.scheduler-event.v2,analytical-model,S1,gemma3_1b_dependency_aware_tiles,0,87,3,3,0,0,6216303,6216302,6216302,1,6216303,6281841,6281841,6281841,2,2,1048608,0,6216303,6281839,6281841,6298225,3,2
varp.k26.scheduler-event.v2,analytical-model,S1,gemma3_1b_dependency_aware_tiles,0,88,3,3,0,0,6298225,6216302,6216302,81923,6298225,6306419,6306419,6306419,2,2,131104,0,6298225,6306417,6306419,6308467,3,2
varp.k26.scheduler-event.v2,analytical-model,S1,gemma3_1b_dependency_aware_tiles,0,89,0,0,0,0,6308468,6308467,6308467,1,6308468,6382198,6382198,6382198,0,0,1179680,0,6308468,6382196,6382198,6400630,0,0
varp.k26.scheduler-event.v2,analytical-model,S1,gemma3_1b_dependency_aware_tiles,0,96,1,1,0,0,6308468,6308467,6308467,1,6308468,6382198,6382198,6382198,2,2,1179680,0,6382196,6455924,6455924,6474356,0,2
varp.k26.scheduler-event.v2,analytical-model,S1,gemma3_1b_dependency_aware_tiles,0,90,0,0,0,0,6400630,6308467,6308467,92163,6400630,6474360,6474360,6474360,0,0,1179680,0,6455924,6529652,6529652,6548084,0,0
varp.k26.scheduler-event.v2,analytical-model,S1,gemma3_1b_dependency_aware_tiles,0,97,1,1,0,0,6474356,6308467,6308467,165889,6474356,6548086,6548086,6548086,2,2,1179680,0,6529652,6603380,6603380,6621812,0,2
varp.k26.scheduler-event.v2,analytical-model,S1,gemma3_1b_dependency_aware_tiles,0,91,0,0,0,0,6548084,6308467,6308467,239617,6548084,6621814,6621814,6621814,0,0,1179680,0,6603380,6677108,6677108,6695540,0,0
varp.k26.scheduler-event.v2,analytical-model,S1,gemma3_1b_dependency_aware_tiles,0,98,1,1,0,0,6621812,6308467,6308467,313345,6621812,6695542,6695542,6695542,2,2,1179680,0,6677108,6750836,6750836,6769268,0,2
varp.k26.scheduler-event.v2,analytical-model,S1,gemma3_1b_dependency_aware_tiles,0,92,0,0,0,0,6695540,6308467,6308467,387073,6695540,6769270,6769270,6769270,0,0,1179680,0,6750836,6824564,6824564,6842996,0,0
varp.k26.scheduler-event.v2,analytical-model,S1,gemma3_1b_dependency_aware_tiles,0,99,1,1,0,0,6769268,6308467,6308467,460801,6769268,6842998,6842998,6842998,2,2,1179680,0,6824564,6898292,6898292,6916724,0,2
varp.k26.scheduler-event.v2,analytical-model,S1,gemma3_1b_dependency_aware_tiles,0,93,0,0,0,0,6842996,6308467,6308467,534529,6842996,6916726,6916726,6916726,0,0,1179680,0,6898292,6972020,6972020,6990452,0,0
varp.k26.scheduler-event.v2,analytical-model,S1,gemma3_1b_dependency_aware_tiles,0,100,1,1,0,0,6916724,6308467,6308467,608257,6916724,6990454,6990454,6990454,2,2,1179680,0,6972020,7045748,7045748,7064180,0,2
varp.k26.scheduler-event.v2,analytical-model,S1,gemma3_1b_dependency_aware_tiles,0,94,0,0,0,0,6990452,6308467,6308467,681985,6990452,7064182,7064182,7064182,0,0,1179680,0,7045748,7119476,7119476,7137908,0,0
varp.k26.scheduler-event.v2,analytical-model,S1,gemma3_1b_dependency_aware_tiles,0,101,1,1,0,0,7064180,6308467,6308467,755713,7064180,7137910,7137910,7137910,2,2,1179680,0,7119476,7193204,7193204,7211636,0,2
varp.k26.scheduler-event.v2,analytical-model,S1,gemma3_1b_dependency_aware_tiles,0,95,0,0,0,0,7137908,6308467,6308467,829441,7137908,7193206,7193206,7193206,0,0,884768,0,7193204,7248500,7248500,7262324,0,0
varp.k26.scheduler-event.v2,analytical-model,S1,gemma3_1b_dependency_aware_tiles,0,102,1,1,0,0,7211636,6308467,6308467,903169,7211636,7266934,7266934,7266934,2,2,884768,0,7248500,7303796,7303796,7317620,0,2
varp.k26.scheduler-event.v2,analytical-model,S1,gemma3_1b_dependency_aware_tiles,0,103,2,2,0,0,7317621,7317620,7317620,1,7317621,7759991,7759991,7759991,0,0,7077920,0,7317621,7759989,7759991,7870583,3,0
varp.k26.scheduler-event.v2,analytical-model,S1,gemma3_1b_dependency_aware_tiles,0,104,2,2,0,0,7870583,7317620,7317620,552963,7870583,7925881,7925881,7925881,0,0,884768,0,7870583,7925879,7925881,7939705,3,0
varp.k26.scheduler-event.v2,analytical-model,S1,gemma3_1b_dependency_aware_tiles,0,105,0,0,0,0,7939706,7939705,7939705,1,7939706,8013436,8013436,8013436,3,3,1179680,0,7939706,8013434,8013436,8031868,2,3
varp.k26.scheduler-event.v2,analytical-model,S1,gemma3_1b_dependency_aware_tiles,0,106,1,1,0,0,7939706,7939705,7939705,1,7939706,7958140,7958140,7958140,1,1,294944,0,7939706,7958138,7958140,7962748,0,1
varp.k26.scheduler-event.v2,analytical-model,S1,gemma3_1b_dependency_aware_tiles,0,107,2,2,0,0,7939706,7939705,7939705,1,8013436,8031870,8031870,8031870,3,3,294944,0,8013434,8031866,8031870,8036478,2,3
varp.k26.scheduler-event.v2,analytical-model,S1,gemma3_1b_dependency_aware_tiles,0,108,3,3,0,0,8036479,8036478,8036478,1,8036479,8102017,8102017,8102017,1,1,1048608,0,8036479,8102015,8102017,8118401,0,1
varp.k26.scheduler-event.v2,analytical-model,S1,gemma3_1b_dependency_aware_tiles,0,109,3,3,0,0,8118401,8036478,8036478,81923,8118401,8126595,8126595,8126595,1,1,131104,0,8118401,8126593,8126595,8128643,0,1
varp.k26.scheduler-event.v2,analytical-model,S1,gemma3_1b_dependency_aware_tiles,0,110,0,0,0,0,8128644,8128643,8128643,1,8128644,8202374,8202374,8202374,3,3,1179680,0,8128644,8202372,8202374,8220806,2,3
varp.k26.scheduler-event.v2,analytical-model,S1,gemma3_1b_dependency_aware_tiles,0,117,1,1,0,0,8128644,8128643,8128643,1,8128644,8202374,8202374,8202374,1,1,1179680,0,8128644,8202372,8202374,8220806,1,1
varp.k26.scheduler-event.v2,analytical-model,S1,gemma3_1b_dependency_aware_tiles,0,111,0,0,0,0,8220806,8128643,8128643,92163,8220806,8294536,8294536,8294536,3,3,1179680,0,8220806,8294534,8294536,8312968,2,3
varp.k26.scheduler-event.v2,analytical-model,S1,gemma3_1b_dependency_aware_tiles,0,118,1,1,0,0,8220806,8128643,8128643,92163,8220806,8294536,8294536,8294536,1,1,1179680,0,8220806,8294534,8294536,8312968,1,1
varp.k26.scheduler-event.v2,analytical-model,S1,gemma3_1b_dependency_aware_tiles,0,112,0,0,0,0,8312968,8128643,8128643,184325,8312968,8386698,8386698,8386698,3,3,1179680,0,8312968,8386696,8386698,8405130,2,3
varp.k26.scheduler-event.v2,analytical-model,S1,gemma3_1b_dependency_aware_tiles,0,119,1,1,0,0,8312968,8128643,8128643,184325,8312968,8386698,8386698,8386698,1,1,1179680,0,8312968,8386696,8386698,8405130,1,1
varp.k26.scheduler-event.v2,analytical-model,S1,gemma3_1b_dependency_aware_tiles,0,113,0,0,0,0,8405130,8128643,8128643,276487,8405130,8478860,8478860,8478860,3,3,1179680,0,8405130,8478858,8478860,8497292,2,3
varp.k26.scheduler-event.v2,analytical-model,S1,gemma3_1b_dependency_aware_tiles,0,120,1,1,0,0,8405130,8128643,8128643,276487,8405130,8478860,8478860,8478860,1,1,1179680,0,8405130,8478858,8478860,8497292,1,1
varp.k26.scheduler-event.v2,analytical-model,S1,gemma3_1b_dependency_aware_tiles,0,114,0,0,0,0,8497292,8128643,8128643,368649,8497292,8571022,8571022,8571022,3,3,1179680,0,8497292,8571020,8571022,8589454,2,3
varp.k26.scheduler-event.v2,analytical-model,S1,gemma3_1b_dependency_aware_tiles,0,121,1,1,0,0,8497292,8128643,8128643,368649,8497292,8571022,8571022,8571022,1,1,1179680,0,8497292,8571020,8571022,8589454,1,1
varp.k26.scheduler-event.v2,analytical-model,S1,gemma3_1b_dependency_aware_tiles,0,115,0,0,0,0,8589454,8128643,8128643,460811,8589454,8663184,8663184,8663184,3,3,1179680,0,8589454,8663182,8663184,8681616,2,3
varp.k26.scheduler-event.v2,analytical-model,S1,gemma3_1b_dependency_aware_tiles,0,122,1,1,0,0,8589454,8128643,8128643,460811,8589454,8663184,8663184,8663184,1,1,1179680,0,8589454,8663182,8663184,8681616,1,1
varp.k26.scheduler-event.v2,analytical-model,S1,gemma3_1b_dependency_aware_tiles,0,116,0,0,0,0,8681616,8128643,8128643,552973,8681616,8736914,8736914,8736914,3,3,884768,0,8681616,8736912,8736914,8750738,2,3
varp.k26.scheduler-event.v2,analytical-model,S1,gemma3_1b_dependency_aware_tiles,0,123,1,1,0,0,8681616,8128643,8128643,552973,8681616,8736914,8736914,8736914,1,1,884768,0,8681616,8736912,8736914,8750738,1,1
varp.k26.scheduler-event.v2,analytical-model,S1,gemma3_1b_dependency_aware_tiles,0,124,2,2,0,0,8750739,8750738,8750738,1,8750739,9193109,9193109,9193109,3,3,7077920,0,8750739,9193107,9193109,9303701,0,3
varp.k26.scheduler-event.v2,analytical-model,S1,gemma3_1b_dependency_aware_tiles,0,125,2,2,0,0,9303701,8750738,8750738,552963,9303701,9358999,9358999,9358999,3,3,884768,0,9303701,9358997,9358999,9372823,0,3
varp.k26.scheduler-event.v2,analytical-model,S1,gemma3_1b_dependency_aware_tiles,0,126,0,0,0,0,9372824,9372823,9372823,1,9372824,9446554,9446554,9446554,2,2,1179680,0,9372824,9446552,9446554,9464986,0,2
varp.k26.scheduler-event.v2,analytical-model,S1,gemma3_1b_dependency_aware_tiles,0,127,1,1,0,0,9372824,9372823,9372823,1,9372824,9391258,9391258,9391258,0,0,294944,0,9372824,9391256,9391258,9395866,1,0
varp.k26.scheduler-event.v2,analytical-model,S1,gemma3_1b_dependency_aware_tiles,0,128,2,2,0,0,9372824,9372823,9372823,1,9446554,9464988,9464988,9464988,2,2,294944,0,9372824,9391256,9464988,9469596,3,2
varp.k26.scheduler-event.v2,analytical-model,S1,gemma3_1b_dependency_aware_tiles,0,129,3,3,0,0,9469597,9469596,9469596,1,9469597,9535135,9535135,9535135,0,0,1048608,0,9469597,9535133,9535135,9551519,2,0
varp.k26.scheduler-event.v2,analytical-model,S1,gemma3_1b_dependency_aware_tiles,0,130,3,3,0,0,9551519,9469596,9469596,81923,9551519,9559713,9559713,9559713,0,0,131104,0,9551519,9559711,9559713,9561761,2,0
varp.k26.scheduler-event.v2,analytical-model,S1,gemma3_1b_dependency_aware_tiles,0,131,0,0,0,0,9561762,9561761,9561761,1,9561762,9635492,9635492,9635492,2,2,1179680,0,9561762,9635490,9635492,9653924,3,2
varp.k26.scheduler-event.v2,analytical-model,S1,gemma3_1b_dependency_aware_tiles,0,138,1,1,0,0,9561762,9561761,9561761,1,9561762,9635492,9635492,9635492,0,0,1179680,0,9635490,9709218,9709218,9727650,3,0
varp.k26.scheduler-event.v2,analytical-model,S1,gemma3_1b_dependency_aware_tiles,0,132,0,0,0,0,9653924,9561761,9561761,92163,9653924,9727654,9727654,9727654,2,2,1179680,0,9709218,9782946,9782946,9801378,3,2
varp.k26.scheduler-event.v2,analytical-model,S1,gemma3_1b_dependency_aware_tiles,0,139,1,1,0,0,9727650,9561761,9561761,165889,9727650,9801380,9801380,9801380,0,0,1179680,0,9782946,9856674,9856674,9875106,3,0
varp.k26.scheduler-event.v2,analytical-model,S1,gemma3_1b_dependency_aware_tiles,0,133,0,0,0,0,9801378,9561761,9561761,239617,9801378,9875108,9875108,9875108,2,2,1179680,0,9856674,9930402,9930402,9948834,3,2
varp.k26.scheduler-event.v2,analytical-model,S1,gemma3_1b_dependency_aware_tiles,0,140,1,1,0,0,9875106,9561761,9561761,313345,9875106,9948836,9948836,9948836,0,0,1179680,0,9930402,10004130,10004130,10022562,3,0
varp.k26.scheduler-event.v2,analytical-model,S1,gemma3_1b_dependency_aware_tiles,0,134,0,0,0,0,9948834,9561761,9561761,387073,9948834,10022564,10022564,10022564,2,2,1179680,0,10004130,10077858,10077858,10096290,3,2
varp.k26.scheduler-event.v2,analytical-model,S1,gemma3_1b_dependency_aware_tiles,0,141,1,1,0,0,10022562,9561761,9561761,460801,10022562,10096292,10096292,10096292,0,0,1179680,0,10077858,10151586,10151586,10170018,3,0
varp.k26.scheduler-event.v2,analytical-model,S1,gemma3_1b_dependency_aware_tiles,0,135,0,0,0,0,10096290,9561761,9561761,534529,10096290,10170020,10170020,10170020,2,2,1179680,0,10151586,10225314,10225314,10243746,3,2
varp.k26.scheduler-event.v2,analytical-model,S1,gemma3_1b_dependency_aware_tiles,0,142,1,1,0,0,10170018,9561761,9561761,608257,10170018,10243748,10243748,10243748,0,0,1179680,0,10225314,10299042,10299042,10317474,3,0
varp.k26.scheduler-event.v2,analytical-model,S1,gemma3_1b_dependency_aware_tiles,0,136,0,0,0,0,10243746,9561761,9561761,681985,10243746,10317476,10317476,10317476,2,2,1179680,0,10299042,10372770,10372770,10391202,3,2
varp.k26.scheduler-event.v2,analytical-model,S1,gemma3_1b_dependency_aware_tiles,0,143,1,1,0,0,10317474,9561761,9561761,755713,10317474,10391204,10391204,10391204,0,0,1179680,0,10372770,10446498,10446498,10464930,3,0
varp.k26.scheduler-event.v2,analytical-model,S1,gemma3_1b_dependency_aware_tiles,0,137,0,0,0,0,10391202,9561761,9561761,829441,10391202,10446500,10446500,10446500,2,2,884768,0,10446498,10501794,10501794,10515618,3,2
varp.k26.scheduler-event.v2,analytical-model,S1,gemma3_1b_dependency_aware_tiles,0,144,1,1,0,0,10464930,9561761,9561761,903169,10464930,10520228,10520228,10520228,0,0,884768,0,10501794,10557090,10557090,10570914,3,0
varp.k26.scheduler-event.v2,analytical-model,S1,gemma3_1b_dependency_aware_tiles,0,145,2,2,0,0,10570915,10570914,10570914,1,10570915,11013285,11013285,11013285,2,2,7077920,0,10570915,11013283,11013285,11123877,2,2
varp.k26.scheduler-event.v2,analytical-model,S1,gemma3_1b_dependency_aware_tiles,0,146,2,2,0,0,11123877,10570914,10570914,552963,11123877,11179175,11179175,11179175,2,2,884768,0,11123877,11179173,11179175,11192999,2,2
varp.k26.scheduler-event.v2,analytical-model,S1,gemma3_1b_dependency_aware_tiles,0,147,0,0,0,0,11193000,11192999,11192999,1,11193000,11266730,11266730,11266730,1,1,1179680,0,11193000,11266728,11266730,11285162,1,1
varp.k26.scheduler-event.v2,analytical-model,S1,gemma3_1b_dependency_aware_tiles,0,148,1,1,0,0,11193000,11192999,11192999,1,11193000,11211434,11211434,11211434,3,3,294944,0,11193000,11211432,11211434,11216042,3,3
varp.k26.scheduler-event.v2,analytical-model,S1,gemma3_1b_dependency_aware_tiles,0,149,2,2,0,0,11193000,11192999,11192999,1,11266730,11285164,11285164,11285164,1,1,294944,0,11266728,11285160,11285164,11289772,1,1
varp.k26.scheduler-event.v2,analytical-model,S1,gemma3_1b_dependency_aware_tiles,0,150,3,3,0,0,11289773,11289772,11289772,1,11289773,11355311,11355311,11355311,3,3,1048608,0,11289773,11355309,11355311,11371695,3,3
varp.k26.scheduler-event.v2,analytical-model,S1,gemma3_1b_dependency_aware_tiles,0,151,3,3,0,0,11371695,11289772,11289772,81923,11371695,11379889,11379889,11379889,3,3,131104,0,11371695,11379887,11379889,11381937,3,3
varp.k26.scheduler-event.v2,analytical-model,S1,gemma3_1b_dependency_aware_tiles,0,152,0,0,0,0,11381938,11381937,11381937,1,11381938,11455668,11455668,11455668,1,1,1179680,0,11381938,11455666,11455668,11474100,1,1
varp.k26.scheduler-event.v2,analytical-model,S1,gemma3_1b_dependency_aware_tiles,0,159,1,1,0,0,11381938,11381937,11381937,1,11381938,11455668,11455668,11455668,3,3,1179680,0,11381938,11455666,11455668,11474100,0,3
varp.k26.scheduler-event.v2,analytical-model,S1,gemma3_1b_dependency_aware_tiles,0,153,0,0,0,0,11474100,11381937,11381937,92163,11474100,11547830,11547830,11547830,1,1,1179680,0,11474100,11547828,11547830,11566262,1,1
varp.k26.scheduler-event.v2,analytical-model,S1,gemma3_1b_dependency_aware_tiles,0,160,1,1,0,0,11474100,11381937,11381937,92163,11474100,11547830,11547830,11547830,3,3,1179680,0,11474100,11547828,11547830,11566262,0,3
varp.k26.scheduler-event.v2,analytical-model,S1,gemma3_1b_dependency_aware_tiles,0,154,0,0,0,0,11566262,11381937,11381937,184325,11566262,11639992,11639992,11639992,1,1,1179680,0,11566262,11639990,11639992,11658424,1,1
varp.k26.scheduler-event.v2,analytical-model,S1,gemma3_1b_dependency_aware_tiles,0,161,1,1,0,0,11566262,11381937,11381937,184325,11566262,11639992,11639992,11639992,3,3,1179680,0,11566262,11639990,11639992,11658424,0,3
varp.k26.scheduler-event.v2,analytical-model,S1,gemma3_1b_dependency_aware_tiles,0,155,0,0,0,0,11658424,11381937,11381937,276487,11658424,11732154,11732154,11732154,1,1,1179680,0,11658424,11732152,11732154,11750586,1,1
varp.k26.scheduler-event.v2,analytical-model,S1,gemma3_1b_dependency_aware_tiles,0,162,1,1,0,0,11658424,11381937,11381937,276487,11658424,11732154,11732154,11732154,3,3,1179680,0,11658424,11732152,11732154,11750586,0,3
varp.k26.scheduler-event.v2,analytical-model,S1,gemma3_1b_dependency_aware_tiles,0,156,0,0,0,0,11750586,11381937,11381937,368649,11750586,11824316,11824316,11824316,1,1,1179680,0,11750586,11824314,11824316,11842748,1,1
varp.k26.scheduler-event.v2,analytical-model,S1,gemma3_1b_dependency_aware_tiles,0,163,1,1,0,0,11750586,11381937,11381937,368649,11750586,11824316,11824316,11824316,3,3,1179680,0,11750586,11824314,11824316,11842748,0,3
varp.k26.scheduler-event.v2,analytical-model,S1,gemma3_1b_dependency_aware_tiles,0,157,0,0,0,0,11842748,11381937,11381937,460811,11842748,11916478,11916478,11916478,1,1,1179680,0,11842748,11916476,11916478,11934910,1,1
varp.k26.scheduler-event.v2,analytical-model,S1,gemma3_1b_dependency_aware_tiles,0,164,1,1,0,0,11842748,11381937,11381937,460811,11842748,11916478,11916478,11916478,3,3,1179680,0,11842748,11916476,11916478,11934910,0,3
varp.k26.scheduler-event.v2,analytical-model,S1,gemma3_1b_dependency_aware_tiles,0,158,0,0,0,0,11934910,11381937,11381937,552973,11934910,11990208,11990208,11990208,1,1,884768,0,11934910,11990206,11990208,12004032,1,1
varp.k26.scheduler-event.v2,analytical-model,S1,gemma3_1b_dependency_aware_tiles,0,165,1,1,0,0,11934910,11381937,11381937,552973,11934910,11990208,11990208,11990208,3,3,884768,0,11934910,11990206,11990208,12004032,0,3
varp.k26.scheduler-event.v2,analytical-model,S1,gemma3_1b_dependency_aware_tiles,0,166,2,2,0,0,12004033,12004032,12004032,1,12004033,12446403,12446403,12446403,1,1,7077920,0,12004033,12446401,12446403,12556995,3,1
varp.k26.scheduler-event.v2,analytical-model,S1,gemma3_1b_dependency_aware_tiles,0,167,2,2,0,0,12556995,12004032,12004032,552963,12556995,12612293,12612293,12612293,1,1,884768,0,12556995,12612291,12612293,12626117,3,1
varp.k26.scheduler-event.v2,analytical-model,S1,gemma3_1b_dependency_aware_tiles,0,168,0,0,0,0,12626118,12626117,12626117,1,12626118,12699848,12699848,12699848,0,0,1179680,0,12626118,12699846,12699848,12718280,3,0
varp.k26.scheduler-event.v2,analytical-model,S1,gemma3_1b_dependency_aware_tiles,0,169,1,1,0,0,12626118,12626117,12626117,1,12626118,12644552,12644552,12644552,2,2,294944,0,12626118,12644550,12644552,12649160,0,2
varp.k26.scheduler-event.v2,analytical-model,S1,gemma3_1b_dependency_aware_tiles,0,170,2,2,0,0,12626118,12626117,12626117,1,12699848,12718282,12718282,12718282,0,0,294944,0,12626118,12644550,12718282,12722890,2,0
varp.k26.scheduler-event.v2,analytical-model,S1,gemma3_1b_dependency_aware_tiles,0,171,3,3,0,0,12722891,12722890,12722890,1,12722891,12788429,12788429,12788429,2,2,1048608,0,12722891,12788427,12788429,12804813,0,2
varp.k26.scheduler-event.v2,analytical-model,S1,gemma3_1b_dependency_aware_tiles,0,172,3,3,0,0,12804813,12722890,12722890,81923,12804813,12813007,12813007,12813007,2,2,131104,0,12804813,12813005,12813007,12815055,0,2
varp.k26.scheduler-event.v2,analytical-model,S1,gemma3_1b_dependency_aware_tiles,0,173,0,0,0,0,12815056,12815055,12815055,1,12815056,12888786,12888786,12888786,0,0,1179680,0,12815056,12888784,12888786,12907218,2,0
varp.k26.scheduler-event.v2,analytical-model,S1,gemma3_1b_dependency_aware_tiles,0,180,1,1,0,0,12815056,12815055,12815055,1,12815056,12888786,12888786,12888786,2,2,1179680,0,12815056,12888784,12888786,12907218,1,2
varp.k26.scheduler-event.v2,analytical-model,S1,gemma3_1b_dependency_aware_tiles,0,174,0,0,0,0,12907218,12815055,12815055,92163,12907218,12980948,12980948,12980948,0,0,1179680,0,12907218,12980946,12980948,12999380,2,0
varp.k26.scheduler-event.v2,analytical-model,S1,gemma3_1b_dependency_aware_tiles,0,181,1,1,0,0,12907218,12815055,12815055,92163,12907218,12980948,12980948,12980948,2,2,1179680,0,12907218,12980946,12980948,12999380,1,2
varp.k26.scheduler-event.v2,analytical-model,S1,gemma3_1b_dependency_aware_tiles,0,175,0,0,0,0,12999380,12815055,12815055,184325,12999380,13073110,13073110,13073110,0,0,1179680,0,12999380,13073108,13073110,13091542,2,0
varp.k26.scheduler-event.v2,analytical-model,S1,gemma3_1b_dependency_aware_tiles,0,182,1,1,0,0,12999380,12815055,12815055,184325,12999380,13073110,13073110,13073110,2,2,1179680,0,12999380,13073108,13073110,13091542,1,2
varp.k26.scheduler-event.v2,analytical-model,S1,gemma3_1b_dependency_aware_tiles,0,176,0,0,0,0,13091542,12815055,12815055,276487,13091542,13165272,13165272,13165272,0,0,1179680,0,13091542,13165270,13165272,13183704,2,0
varp.k26.scheduler-event.v2,analytical-model,S1,gemma3_1b_dependency_aware_tiles,0,183,1,1,0,0,13091542,12815055,12815055,276487,13091542,13165272,13165272,13165272,2,2,1179680,0,13091542,13165270,13165272,13183704,1,2
varp.k26.scheduler-event.v2,analytical-model,S1,gemma3_1b_dependency_aware_tiles,0,177,0,0,0,0,13183704,12815055,12815055,368649,13183704,13257434,13257434,13257434,0,0,1179680,0,13183704,13257432,13257434,13275866,2,0
varp.k26.scheduler-event.v2,analytical-model,S1,gemma3_1b_dependency_aware_tiles,0,184,1,1,0,0,13183704,12815055,12815055,368649,13183704,13257434,13257434,13257434,2,2,1179680,0,13183704,13257432,13257434,13275866,1,2
varp.k26.scheduler-event.v2,analytical-model,S1,gemma3_1b_dependency_aware_tiles,0,178,0,0,0,0,13275866,12815055,12815055,460811,13275866,13349596,13349596,13349596,0,0,1179680,0,13275866,13349594,13349596,13368028,2,0
varp.k26.scheduler-event.v2,analytical-model,S1,gemma3_1b_dependency_aware_tiles,0,185,1,1,0,0,13275866,12815055,12815055,460811,13275866,13349596,13349596,13349596,2,2,1179680,0,13275866,13349594,13349596,13368028,1,2
varp.k26.scheduler-event.v2,analytical-model,S1,gemma3_1b_dependency_aware_tiles,0,179,0,0,0,0,13368028,12815055,12815055,552973,13368028,13423326,13423326,13423326,0,0,884768,0,13368028,13423324,13423326,13437150,2,0
varp.k26.scheduler-event.v2,analytical-model,S1,gemma3_1b_dependency_aware_tiles,0,186,1,1,0,0,13368028,12815055,12815055,552973,13368028,13423326,13423326,13423326,2,2,884768,0,13368028,13423324,13423326,13437150,1,2
varp.k26.scheduler-event.v2,analytical-model,S1,gemma3_1b_dependency_aware_tiles,0,187,2,2,0,0,13437151,13437150,13437150,1,13437151,13879521,13879521,13879521,0,0,7077920,0,13437151,13879519,13879521,13990113,1,0
varp.k26.scheduler-event.v2,analytical-model,S1,gemma3_1b_dependency_aware_tiles,0,188,2,2,0,0,13990113,13437150,13437150,552963,13990113,14045411,14045411,14045411,0,0,884768,0,13990113,14045409,14045411,14059235,1,0
varp.k26.scheduler-event.v2,analytical-model,S1,gemma3_1b_dependency_aware_tiles,0,189,0,0,0,0,14059236,14059235,14059235,1,14059236,14132966,14132966,14132966,3,3,1179680,0,14059236,14132964,14132966,14151398,0,3
varp.k26.scheduler-event.v2,analytical-model,S1,gemma3_1b_dependency_aware_tiles,0,190,1,1,0,0,14059236,14059235,14059235,1,14059236,14077670,14077670,14077670,1,1,294944,0,14059236,14077668,14077670,14082278,2,1
varp.k26.scheduler-event.v2,analytical-model,S1,gemma3_1b_dependency_aware_tiles,0,191,2,2,0,0,14059236,14059235,14059235,1,14132966,14151400,14151400,14151400,3,3,294944,0,14132964,14151396,14151400,14156008,0,3
varp.k26.scheduler-event.v2,analytical-model,S1,gemma3_1b_dependency_aware_tiles,0,192,3,3,0,0,14156009,14156008,14156008,1,14156009,14221547,14221547,14221547,1,1,1048608,0,14156009,14221545,14221547,14237931,2,1
varp.k26.scheduler-event.v2,analytical-model,S1,gemma3_1b_dependency_aware_tiles,0,193,3,3,0,0,14237931,14156008,14156008,81923,14237931,14246125,14246125,14246125,1,1,131104,0,14237931,14246123,14246125,14248173,2,1
varp.k26.scheduler-event.v2,analytical-model,S1,gemma3_1b_dependency_aware_tiles,0,194,0,0,0,0,14248174,14248173,14248173,1,14248174,14321904,14321904,14321904,3,3,1179680,0,14248174,14321902,14321904,14340336,3,3
varp.k26.scheduler-event.v2,analytical-model,S1,gemma3_1b_dependency_aware_tiles,0,201,1,1,0,0,14248174,14248173,14248173,1,14248174,14321904,14321904,14321904,1,1,1179680,0,14321902,14395630,14395630,14414062,3,1
varp.k26.scheduler-event.v2,analytical-model,S1,gemma3_1b_dependency_aware_tiles,0,195,0,0,0,0,14340336,14248173,14248173,92163,14340336,14414066,14414066,14414066,3,3,1179680,0,14395630,14469358,14469358,14487790,3,3
varp.k26.scheduler-event.v2,analytical-model,S1,gemma3_1b_dependency_aware_tiles,0,202,1,1,0,0,14414062,14248173,14248173,165889,14414062,14487792,14487792,14487792,1,1,1179680,0,14469358,14543086,14543086,14561518,3,1
varp.k26.scheduler-event.v2,analytical-model,S1,gemma3_1b_dependency_aware_tiles,0,196,0,0,0,0,14487790,14248173,14248173,239617,14487790,14561520,14561520,14561520,3,3,1179680,0,14543086,14616814,14616814,14635246,3,3
varp.k26.scheduler-event.v2,analytical-model,S1,gemma3_1b_dependency_aware_tiles,0,203,1,1,0,0,14561518,14248173,14248173,313345,14561518,14635248,14635248,14635248,1,1,1179680,0,14616814,14690542,14690542,14708974,3,1
varp.k26.scheduler-event.v2,analytical-model,S1,gemma3_1b_dependency_aware_tiles,0,197,0,0,0,0,14635246,14248173,14248173,387073,14635246,14708976,14708976,14708976,3,3,1179680,0,14690542,14764270,14764270,14782702,3,3
varp.k26.scheduler-event.v2,analytical-model,S1,gemma3_1b_dependency_aware_tiles,0,204,1,1,0,0,14708974,14248173,14248173,460801,14708974,14782704,14782704,14782704,1,1,1179680,0,14764270,14837998,14837998,14856430,3,1
varp.k26.scheduler-event.v2,analytical-model,S1,gemma3_1b_dependency_aware_tiles,0,198,0,0,0,0,14782702,14248173,14248173,534529,14782702,14856432,14856432,14856432,3,3,1179680,0,14837998,14911726,14911726,14930158,3,3
varp.k26.scheduler-event.v2,analytical-model,S1,gemma3_1b_dependency_aware_tiles,0,205,1,1,0,0,14856430,14248173,14248173,608257,14856430,14930160,14930160,14930160,1,1,1179680,0,14911726,14985454,14985454,15003886,3,1
varp.k26.scheduler-event.v2,analytical-model,S1,gemma3_1b_dependency_aware_tiles,0,199,0,0,0,0,14930158,14248173,14248173,681985,14930158,15003888,15003888,15003888,3,3,1179680,0,14985454,15059182,15059182,15077614,3,3
varp.k26.scheduler-event.v2,analytical-model,S1,gemma3_1b_dependency_aware_tiles,0,206,1,1,0,0,15003886,14248173,14248173,755713,15003886,15077616,15077616,15077616,1,1,1179680,0,15059182,15132910,15132910,15151342,3,1
varp.k26.scheduler-event.v2,analytical-model,S1,gemma3_1b_dependency_aware_tiles,0,200,0,0,0,0,15077614,14248173,14248173,829441,15077614,15132912,15132912,15132912,3,3,884768,0,15132910,15188206,15188206,15202030,3,3
varp.k26.scheduler-event.v2,analytical-model,S1,gemma3_1b_dependency_aware_tiles,0,207,1,1,0,0,15151342,14248173,14248173,903169,15151342,15206640,15206640,15206640,1,1,884768,0,15188206,15243502,15243502,15257326,3,1
varp.k26.scheduler-event.v2,analytical-model,S1,gemma3_1b_dependency_aware_tiles,0,208,2,2,0,0,15257327,15257326,15257326,1,15257327,15699697,15699697,15699697,3,3,7077920,0,15257327,15699695,15699697,15810289,2,3
varp.k26.scheduler-event.v2,analytical-model,S1,gemma3_1b_dependency_aware_tiles,0,209,2,2,0,0,15810289,15257326,15257326,552963,15810289,15865587,15865587,15865587,3,3,884768,0,15810289,15865585,15865587,15879411,2,3
varp.k26.scheduler-event.v2,analytical-model,S1,gemma3_1b_dependency_aware_tiles,0,210,0,0,0,0,15879412,15879411,15879411,1,15879412,15953142,15953142,15953142,2,2,1179680,0,15879412,15953140,15953142,15971574,1,2
varp.k26.scheduler-event.v2,analytical-model,S1,gemma3_1b_dependency_aware_tiles,0,211,1,1,0,0,15879412,15879411,15879411,1,15879412,15897846,15897846,15897846,0,0,294944,0,15879412,15897844,15897846,15902454,3,0
varp.k26.scheduler-event.v2,analytical-model,S1,gemma3_1b_dependency_aware_tiles,0,212,2,2,0,0,15879412,15879411,15879411,1,15953142,15971576,15971576,15971576,2,2,294944,0,15953140,15971572,15971576,15976184,1,2
varp.k26.scheduler-event.v2,analytical-model,S1,gemma3_1b_dependency_aware_tiles,0,213,3,3,0,0,15976185,15976184,15976184,1,15976185,16041723,16041723,16041723,0,0,1048608,0,15976185,16041721,16041723,16058107,3,0
varp.k26.scheduler-event.v2,analytical-model,S1,gemma3_1b_dependency_aware_tiles,0,214,3,3,0,0,16058107,15976184,15976184,81923,16058107,16066301,16066301,16066301,0,0,131104,0,16058107,16066299,16066301,16068349,3,0
varp.k26.scheduler-event.v2,analytical-model,S1,gemma3_1b_dependency_aware_tiles,0,215,0,0,0,0,16068350,16068349,16068349,1,16068350,16142080,16142080,16142080,2,2,1179680,0,16068350,16142078,16142080,16160512,1,2
varp.k26.scheduler-event.v2,analytical-model,S1,gemma3_1b_dependency_aware_tiles,0,222,1,1,0,0,16068350,16068349,16068349,1,16068350,16142080,16142080,16142080,0,0,1179680,0,16068350,16142078,16142080,16160512,0,0
varp.k26.scheduler-event.v2,analytical-model,S1,gemma3_1b_dependency_aware_tiles,0,216,0,0,0,0,16160512,16068349,16068349,92163,16160512,16234242,16234242,16234242,2,2,1179680,0,16160512,16234240,16234242,16252674,1,2
varp.k26.scheduler-event.v2,analytical-model,S1,gemma3_1b_dependency_aware_tiles,0,223,1,1,0,0,16160512,16068349,16068349,92163,16160512,16234242,16234242,16234242,0,0,1179680,0,16160512,16234240,16234242,16252674,0,0
varp.k26.scheduler-event.v2,analytical-model,S1,gemma3_1b_dependency_aware_tiles,0,217,0,0,0,0,16252674,16068349,16068349,184325,16252674,16326404,16326404,16326404,2,2,1179680,0,16252674,16326402,16326404,16344836,1,2
varp.k26.scheduler-event.v2,analytical-model,S1,gemma3_1b_dependency_aware_tiles,0,224,1,1,0,0,16252674,16068349,16068349,184325,16252674,16326404,16326404,16326404,0,0,1179680,0,16252674,16326402,16326404,16344836,0,0
varp.k26.scheduler-event.v2,analytical-model,S1,gemma3_1b_dependency_aware_tiles,0,218,0,0,0,0,16344836,16068349,16068349,276487,16344836,16418566,16418566,16418566,2,2,1179680,0,16344836,16418564,16418566,16436998,1,2
varp.k26.scheduler-event.v2,analytical-model,S1,gemma3_1b_dependency_aware_tiles,0,225,1,1,0,0,16344836,16068349,16068349,276487,16344836,16418566,16418566,16418566,0,0,1179680,0,16344836,16418564,16418566,16436998,0,0
varp.k26.scheduler-event.v2,analytical-model,S1,gemma3_1b_dependency_aware_tiles,0,219,0,0,0,0,16436998,16068349,16068349,368649,16436998,16510728,16510728,16510728,2,2,1179680,0,16436998,16510726,16510728,16529160,1,2
varp.k26.scheduler-event.v2,analytical-model,S1,gemma3_1b_dependency_aware_tiles,0,226,1,1,0,0,16436998,16068349,16068349,368649,16436998,16510728,16510728,16510728,0,0,1179680,0,16436998,16510726,16510728,16529160,0,0
varp.k26.scheduler-event.v2,analytical-model,S1,gemma3_1b_dependency_aware_tiles,0,220,0,0,0,0,16529160,16068349,16068349,460811,16529160,16602890,16602890,16602890,2,2,1179680,0,16529160,16602888,16602890,16621322,1,2
varp.k26.scheduler-event.v2,analytical-model,S1,gemma3_1b_dependency_aware_tiles,0,227,1,1,0,0,16529160,16068349,16068349,460811,16529160,16602890,16602890,16602890,0,0,1179680,0,16529160,16602888,16602890,16621322,0,0
varp.k26.scheduler-event.v2,analytical-model,S1,gemma3_1b_dependency_aware_tiles,0,221,0,0,0,0,16621322,16068349,16068349,552973,16621322,16676620,16676620,16676620,2,2,884768,0,16621322,16676618,16676620,16690444,1,2
varp.k26.scheduler-event.v2,analytical-model,S1,gemma3_1b_dependency_aware_tiles,0,228,1,1,0,0,16621322,16068349,16068349,552973,16621322,16676620,16676620,16676620,0,0,884768,0,16621322,16676618,16676620,16690444,0,0
varp.k26.scheduler-event.v2,analytical-model,S1,gemma3_1b_dependency_aware_tiles,0,229,2,2,0,0,16690445,16690444,16690444,1,16690445,17132815,17132815,17132815,2,2,7077920,0,16690445,17132813,17132815,17243407,3,2
varp.k26.scheduler-event.v2,analytical-model,S1,gemma3_1b_dependency_aware_tiles,0,230,2,2,0,0,17243407,16690444,16690444,552963,17243407,17298705,17298705,17298705,2,2,884768,0,17243407,17298703,17298705,17312529,3,2
varp.k26.scheduler-event.v2,analytical-model,S1,gemma3_1b_dependency_aware_tiles,0,231,0,0,0,0,17312530,17312529,17312529,1,17312530,17386260,17386260,17386260,1,1,1179680,0,17312530,17386258,17386260,17404692,3,1
varp.k26.scheduler-event.v2,analytical-model,S1,gemma3_1b_dependency_aware_tiles,0,232,1,1,0,0,17312530,17312529,17312529,1,17312530,17330964,17330964,17330964,3,3,294944,0,17312530,17330962,17330964,17335572,0,3
varp.k26.scheduler-event.v2,analytical-model,S1,gemma3_1b_dependency_aware_tiles,0,233,2,2,0,0,17312530,17312529,17312529,1,17386260,17404694,17404694,17404694,1,1,294944,0,17312530,17330962,17404694,17409302,2,1
varp.k26.scheduler-event.v2,analytical-model,S1,gemma3_1b_dependency_aware_tiles,0,234,3,3,0,0,17409303,17409302,17409302,1,17409303,17474841,17474841,17474841,3,3,1048608,0,17409303,17474839,17474841,17491225,1,3
varp.k26.scheduler-event.v2,analytical-model,S1,gemma3_1b_dependency_aware_tiles,0,235,3,3,0,0,17491225,17409302,17409302,81923,17491225,17499419,17499419,17499419,3,3,131104,0,17491225,17499417,17499419,17501467,1,3
varp.k26.scheduler-event.v2,analytical-model,S1,gemma3_1b_dependency_aware_tiles,0,236,0,0,0,0,17501468,17501467,17501467,1,17501468,17575198,17575198,17575198,1,1,1179680,0,17501468,17575196,17575198,17593630,2,1
varp.k26.scheduler-event.v2,analytical-model,S1,gemma3_1b_dependency_aware_tiles,0,243,1,1,0,0,17501468,17501467,17501467,1,17501468,17575198,17575198,17575198,3,3,1179680,0,17501468,17575196,17575198,17593630,1,3
varp.k26.scheduler-event.v2,analytical-model,S1,gemma3_1b_dependency_aware_tiles,0,237,0,0,0,0,17593630,17501467,17501467,92163,17593630,17667360,17667360,17667360,1,1,1179680,0,17593630,17667358,17667360,17685792,2,1
varp.k26.scheduler-event.v2,analytical-model,S1,gemma3_1b_dependency_aware_tiles,0,244,1,1,0,0,17593630,17501467,17501467,92163,17593630,17667360,17667360,17667360,3,3,1179680,0,17593630,17667358,17667360,17685792,1,3
varp.k26.scheduler-event.v2,analytical-model,S1,gemma3_1b_dependency_aware_tiles,0,238,0,0,0,0,17685792,17501467,17501467,184325,17685792,17759522,17759522,17759522,1,1,1179680,0,17685792,17759520,17759522,17777954,2,1
varp.k26.scheduler-event.v2,analytical-model,S1,gemma3_1b_dependency_aware_tiles,0,245,1,1,0,0,17685792,17501467,17501467,184325,17685792,17759522,17759522,17759522,3,3,1179680,0,17685792,17759520,17759522,17777954,1,3
varp.k26.scheduler-event.v2,analytical-model,S1,gemma3_1b_dependency_aware_tiles,0,239,0,0,0,0,17777954,17501467,17501467,276487,17777954,17851684,17851684,17851684,1,1,1179680,0,17777954,17851682,17851684,17870116,2,1
varp.k26.scheduler-event.v2,analytical-model,S1,gemma3_1b_dependency_aware_tiles,0,246,1,1,0,0,17777954,17501467,17501467,276487,17777954,17851684,17851684,17851684,3,3,1179680,0,17777954,17851682,17851684,17870116,1,3
varp.k26.scheduler-event.v2,analytical-model,S1,gemma3_1b_dependency_aware_tiles,0,240,0,0,0,0,17870116,17501467,17501467,368649,17870116,17943846,17943846,17943846,1,1,1179680,0,17870116,17943844,17943846,17962278,2,1
varp.k26.scheduler-event.v2,analytical-model,S1,gemma3_1b_dependency_aware_tiles,0,247,1,1,0,0,17870116,17501467,17501467,368649,17870116,17943846,17943846,17943846,3,3,1179680,0,17870116,17943844,17943846,17962278,1,3
varp.k26.scheduler-event.v2,analytical-model,S1,gemma3_1b_dependency_aware_tiles,0,241,0,0,0,0,17962278,17501467,17501467,460811,17962278,18036008,18036008,18036008,1,1,1179680,0,17962278,18036006,18036008,18054440,2,1
varp.k26.scheduler-event.v2,analytical-model,S1,gemma3_1b_dependency_aware_tiles,0,248,1,1,0,0,17962278,17501467,17501467,460811,17962278,18036008,18036008,18036008,3,3,1179680,0,17962278,18036006,18036008,18054440,1,3
varp.k26.scheduler-event.v2,analytical-model,S1,gemma3_1b_dependency_aware_tiles,0,242,0,0,0,0,18054440,17501467,17501467,552973,18054440,18109738,18109738,18109738,1,1,884768,0,18054440,18109736,18109738,18123562,2,1
varp.k26.scheduler-event.v2,analytical-model,S1,gemma3_1b_dependency_aware_tiles,0,249,1,1,0,0,18054440,17501467,17501467,552973,18054440,18109738,18109738,18109738,3,3,884768,0,18054440,18109736,18109738,18123562,1,3
varp.k26.scheduler-event.v2,analytical-model,S1,gemma3_1b_dependency_aware_tiles,0,250,2,2,0,0,18123563,18123562,18123562,1,18123563,18565933,18565933,18565933,1,1,7077920,0,18123563,18565931,18565933,18676525,1,1
varp.k26.scheduler-event.v2,analytical-model,S1,gemma3_1b_dependency_aware_tiles,0,251,2,2,0,0,18676525,18123562,18123562,552963,18676525,18731823,18731823,18731823,1,1,884768,0,18676525,18731821,18731823,18745647,1,1
varp.k26.scheduler-event.v2,analytical-model,S1,gemma3_1b_dependency_aware_tiles,0,252,0,0,0,0,18745648,18745647,18745647,1,18745648,18819378,18819378,18819378,0,0,1179680,0,18745648,18819376,18819378,18837810,0,0
varp.k26.scheduler-event.v2,analytical-model,S1,gemma3_1b_dependency_aware_tiles,0,253,1,1,0,0,18745648,18745647,18745647,1,18745648,18764082,18764082,18764082,2,2,294944,0,18745648,18764080,18764082,18768690,2,2
varp.k26.scheduler-event.v2,analytical-model,S1,gemma3_1b_dependency_aware_tiles,0,254,2,2,0,0,18745648,18745647,18745647,1,18819378,18837812,18837812,18837812,0,0,294944,0,18819376,18837808,18837812,18842420,0,0
varp.k26.scheduler-event.v2,analytical-model,S1,gemma3_1b_dependency_aware_tiles,0,255,3,3,0,0,18842421,18842420,18842420,1,18842421,18907959,18907959,18907959,2,2,1048608,0,18842421,18907957,18907959,18924343,2,2
varp.k26.scheduler-event.v2,analytical-model,S1,gemma3_1b_dependency_aware_tiles,0,256,3,3,0,0,18924343,18842420,18842420,81923,18924343,18932537,18932537,18932537,2,2,131104,0,18924343,18932535,18932537,18934585,2,2
varp.k26.scheduler-event.v2,analytical-model,S1,gemma3_1b_dependency_aware_tiles,0,257,0,0,0,0,18934586,18934585,18934585,1,18934586,19008316,19008316,19008316,0,0,1179680,0,18934586,19008314,19008316,19026748,3,0
varp.k26.scheduler-event.v2,analytical-model,S1,gemma3_1b_dependency_aware_tiles,0,264,1,1,0,0,18934586,18934585,18934585,1,18934586,19008316,19008316,19008316,2,2,1179680,0,19008314,19082042,19082042,19100474,3,2
varp.k26.scheduler-event.v2,analytical-model,S1,gemma3_1b_dependency_aware_tiles,0,258,0,0,0,0,19026748,18934585,18934585,92163,19026748,19100478,19100478,19100478,0,0,1179680,0,19082042,19155770,19155770,19174202,3,0
varp.k26.scheduler-event.v2,analytical-model,S1,gemma3_1b_dependency_aware_tiles,0,265,1,1,0,0,19100474,18934585,18934585,165889,19100474,19174204,19174204,19174204,2,2,1179680,0,19155770,19229498,19229498,19247930,3,2
varp.k26.scheduler-event.v2,analytical-model,S1,gemma3_1b_dependency_aware_tiles,0,259,0,0,0,0,19174202,18934585,18934585,239617,19174202,19247932,19247932,19247932,0,0,1179680,0,19229498,19303226,19303226,19321658,3,0
varp.k26.scheduler-event.v2,analytical-model,S1,gemma3_1b_dependency_aware_tiles,0,266,1,1,0,0,19247930,18934585,18934585,313345,19247930,19321660,19321660,19321660,2,2,1179680,0,19303226,19376954,19376954,19395386,3,2
varp.k26.scheduler-event.v2,analytical-model,S1,gemma3_1b_dependency_aware_tiles,0,260,0,0,0,0,19321658,18934585,18934585,387073,19321658,19395388,19395388,19395388,0,0,1179680,0,19376954,19450682,19450682,19469114,3,0
varp.k26.scheduler-event.v2,analytical-model,S1,gemma3_1b_dependency_aware_tiles,0,267,1,1,0,0,19395386,18934585,18934585,460801,19395386,19469116,19469116,19469116,2,2,1179680,0,19450682,19524410,19524410,19542842,3,2
varp.k26.scheduler-event.v2,analytical-model,S1,gemma3_1b_dependency_aware_tiles,0,261,0,0,0,0,19469114,18934585,18934585,534529,19469114,19542844,19542844,19542844,0,0,1179680,0,19524410,19598138,19598138,19616570,3,0
varp.k26.scheduler-event.v2,analytical-model,S1,gemma3_1b_dependency_aware_tiles,0,268,1,1,0,0,19542842,18934585,18934585,608257,19542842,19616572,19616572,19616572,2,2,1179680,0,19598138,19671866,19671866,19690298,3,2
varp.k26.scheduler-event.v2,analytical-model,S1,gemma3_1b_dependency_aware_tiles,0,262,0,0,0,0,19616570,18934585,18934585,681985,19616570,19690300,19690300,19690300,0,0,1179680,0,19671866,19745594,19745594,19764026,3,0
varp.k26.scheduler-event.v2,analytical-model,S1,gemma3_1b_dependency_aware_tiles,0,269,1,1,0,0,19690298,18934585,18934585,755713,19690298,19764028,19764028,19764028,2,2,1179680,0,19745594,19819322,19819322,19837754,3,2
varp.k26.scheduler-event.v2,analytical-model,S1,gemma3_1b_dependency_aware_tiles,0,263,0,0,0,0,19764026,18934585,18934585,829441,19764026,19819324,19819324,19819324,0,0,884768,0,19819322,19874618,19874618,19888442,3,0
varp.k26.scheduler-event.v2,analytical-model,S1,gemma3_1b_dependency_aware_tiles,0,270,1,1,0,0,19837754,18934585,18934585,903169,19837754,19893052,19893052,19893052,2,2,884768,0,19874618,19929914,19929914,19943738,3,2
varp.k26.scheduler-event.v2,analytical-model,S1,gemma3_1b_dependency_aware_tiles,0,271,2,2,0,0,19943739,19943738,19943738,1,19943739,20386109,20386109,20386109,0,0,7077920,0,19943739,20386107,20386109,20496701,2,0
varp.k26.scheduler-event.v2,analytical-model,S1,gemma3_1b_dependency_aware_tiles,0,272,2,2,0,0,20496701,19943738,19943738,552963,20496701,20551999,20551999,20551999,0,0,884768,0,20496701,20551997,20551999,20565823,2,0
varp.k26.scheduler-event.v2,analytical-model,S1,gemma3_1b_dependency_aware_tiles,0,273,0,0,0,0,20565824,20565823,20565823,1,20565824,20639554,20639554,20639554,3,3,1179680,0,20565824,20639552,20639554,20657986,2,3
varp.k26.scheduler-event.v2,analytical-model,S1,gemma3_1b_dependency_aware_tiles,0,274,1,1,0,0,20565824,20565823,20565823,1,20565824,20584258,20584258,20584258,1,1,294944,0,20565824,20584256,20584258,20588866,3,1
varp.k26.scheduler-event.v2,analytical-model,S1,gemma3_1b_dependency_aware_tiles,0,275,2,2,0,0,20565824,20565823,20565823,1,20639554,20657988,20657988,20657988,3,3,294944,0,20565824,20584256,20657988,20662596,1,3
varp.k26.scheduler-event.v2,analytical-model,S1,gemma3_1b_dependency_aware_tiles,0,276,3,3,0,0,20662597,20662596,20662596,1,20662597,20728135,20728135,20728135,1,1,1048608,0,20662597,20728133,20728135,20744519,3,1
varp.k26.scheduler-event.v2,analytical-model,S1,gemma3_1b_dependency_aware_tiles,0,277,3,3,0,0,20744519,20662596,20662596,81923,20744519,20752713,20752713,20752713,1,1,131104,0,20744519,20752711,20752713,20754761,3,1
varp.k26.scheduler-event.v2,analytical-model,S1,gemma3_1b_dependency_aware_tiles,0,278,0,0,0,0,20754762,20754761,20754761,1,20754762,20828492,20828492,20828492,3,3,1179680,0,20754762,20828490,20828492,20846924,1,3
varp.k26.scheduler-event.v2,analytical-model,S1,gemma3_1b_dependency_aware_tiles,0,285,1,1,0,0,20754762,20754761,20754761,1,20754762,20828492,20828492,20828492,1,1,1179680,0,20754762,20828490,20828492,20846924,0,1
varp.k26.scheduler-event.v2,analytical-model,S1,gemma3_1b_dependency_aware_tiles,0,279,0,0,0,0,20846924,20754761,20754761,92163,20846924,20920654,20920654,20920654,3,3,1179680,0,20846924,20920652,20920654,20939086,1,3
varp.k26.scheduler-event.v2,analytical-model,S1,gemma3_1b_dependency_aware_tiles,0,286,1,1,0,0,20846924,20754761,20754761,92163,20846924,20920654,20920654,20920654,1,1,1179680,0,20846924,20920652,20920654,20939086,0,1
varp.k26.scheduler-event.v2,analytical-model,S1,gemma3_1b_dependency_aware_tiles,0,280,0,0,0,0,20939086,20754761,20754761,184325,20939086,21012816,21012816,21012816,3,3,1179680,0,20939086,21012814,21012816,21031248,1,3
varp.k26.scheduler-event.v2,analytical-model,S1,gemma3_1b_dependency_aware_tiles,0,287,1,1,0,0,20939086,20754761,20754761,184325,20939086,21012816,21012816,21012816,1,1,1179680,0,20939086,21012814,21012816,21031248,0,1
varp.k26.scheduler-event.v2,analytical-model,S1,gemma3_1b_dependency_aware_tiles,0,281,0,0,0,0,21031248,20754761,20754761,276487,21031248,21104978,21104978,21104978,3,3,1179680,0,21031248,21104976,21104978,21123410,1,3
varp.k26.scheduler-event.v2,analytical-model,S1,gemma3_1b_dependency_aware_tiles,0,288,1,1,0,0,21031248,20754761,20754761,276487,21031248,21104978,21104978,21104978,1,1,1179680,0,21031248,21104976,21104978,21123410,0,1
varp.k26.scheduler-event.v2,analytical-model,S1,gemma3_1b_dependency_aware_tiles,0,282,0,0,0,0,21123410,20754761,20754761,368649,21123410,21197140,21197140,21197140,3,3,1179680,0,21123410,21197138,21197140,21215572,1,3
varp.k26.scheduler-event.v2,analytical-model,S1,gemma3_1b_dependency_aware_tiles,0,289,1,1,0,0,21123410,20754761,20754761,368649,21123410,21197140,21197140,21197140,1,1,1179680,0,21123410,21197138,21197140,21215572,0,1
varp.k26.scheduler-event.v2,analytical-model,S1,gemma3_1b_dependency_aware_tiles,0,283,0,0,0,0,21215572,20754761,20754761,460811,21215572,21289302,21289302,21289302,3,3,1179680,0,21215572,21289300,21289302,21307734,1,3
varp.k26.scheduler-event.v2,analytical-model,S1,gemma3_1b_dependency_aware_tiles,0,290,1,1,0,0,21215572,20754761,20754761,460811,21215572,21289302,21289302,21289302,1,1,1179680,0,21215572,21289300,21289302,21307734,0,1
varp.k26.scheduler-event.v2,analytical-model,S1,gemma3_1b_dependency_aware_tiles,0,284,0,0,0,0,21307734,20754761,20754761,552973,21307734,21363032,21363032,21363032,3,3,884768,0,21307734,21363030,21363032,21376856,1,3
varp.k26.scheduler-event.v2,analytical-model,S1,gemma3_1b_dependency_aware_tiles,0,291,1,1,0,0,21307734,20754761,20754761,552973,21307734,21363032,21363032,21363032,1,1,884768,0,21307734,21363030,21363032,21376856,0,1
varp.k26.scheduler-event.v2,analytical-model,S1,gemma3_1b_dependency_aware_tiles,0,292,2,2,0,0,21376857,21376856,21376856,1,21376857,21819227,21819227,21819227,3,3,7077920,0,21376857,21819225,21819227,21929819,0,3
varp.k26.scheduler-event.v2,analytical-model,S1,gemma3_1b_dependency_aware_tiles,0,293,2,2,0,0,21929819,21376856,21376856,552963,21929819,21985117,21985117,21985117,3,3,884768,0,21929819,21985115,21985117,21998941,0,3
varp.k26.scheduler-event.v2,analytical-model,S1,gemma3_1b_dependency_aware_tiles,0,294,0,0,0,0,21998942,21998941,21998941,1,21998942,22072672,22072672,22072672,2,2,1179680,0,21998942,22072670,22072672,22091104,3,2
varp.k26.scheduler-event.v2,analytical-model,S1,gemma3_1b_dependency_aware_tiles,0,295,1,1,0,0,21998942,21998941,21998941,1,21998942,22017376,22017376,22017376,0,0,294944,0,21998942,22017374,22017376,22021984,1,0
varp.k26.scheduler-event.v2,analytical-model,S1,gemma3_1b_dependency_aware_tiles,0,296,2,2,0,0,21998942,21998941,21998941,1,22072672,22091106,22091106,22091106,2,2,294944,0,22072670,22091102,22091106,22095714,3,2
varp.k26.scheduler-event.v2,analytical-model,S1,gemma3_1b_dependency_aware_tiles,0,297,3,3,0,0,22095715,22095714,22095714,1,22095715,22161253,22161253,22161253,0,0,1048608,0,22095715,22161251,22161253,22177637,1,0
varp.k26.scheduler-event.v2,analytical-model,S1,gemma3_1b_dependency_aware_tiles,0,298,3,3,0,0,22177637,22095714,22095714,81923,22177637,22185831,22185831,22185831,0,0,131104,0,22177637,22185829,22185831,22187879,1,0
varp.k26.scheduler-event.v2,analytical-model,S1,gemma3_1b_dependency_aware_tiles,0,299,0,0,0,0,22187880,22187879,22187879,1,22187880,22261610,22261610,22261610,2,2,1179680,0,22187880,22261608,22261610,22280042,2,2
varp.k26.scheduler-event.v2,analytical-model,S1,gemma3_1b_dependency_aware_tiles,0,306,1,1,0,0,22187880,22187879,22187879,1,22187880,22261610,22261610,22261610,0,0,1179680,0,22261608,22335336,22335336,22353768,2,0
varp.k26.scheduler-event.v2,analytical-model,S1,gemma3_1b_dependency_aware_tiles,0,300,0,0,0,0,22280042,22187879,22187879,92163,22280042,22353772,22353772,22353772,2,2,1179680,0,22335336,22409064,22409064,22427496,2,2
varp.k26.scheduler-event.v2,analytical-model,S1,gemma3_1b_dependency_aware_tiles,0,307,1,1,0,0,22353768,22187879,22187879,165889,22353768,22427498,22427498,22427498,0,0,1179680,0,22409064,22482792,22482792,22501224,2,0
varp.k26.scheduler-event.v2,analytical-model,S1,gemma3_1b_dependency_aware_tiles,0,301,0,0,0,0,22427496,22187879,22187879,239617,22427496,22501226,22501226,22501226,2,2,1179680,0,22482792,22556520,22556520,22574952,2,2
varp.k26.scheduler-event.v2,analytical-model,S1,gemma3_1b_dependency_aware_tiles,0,308,1,1,0,0,22501224,22187879,22187879,313345,22501224,22574954,22574954,22574954,0,0,1179680,0,22556520,22630248,22630248,22648680,2,0
varp.k26.scheduler-event.v2,analytical-model,S1,gemma3_1b_dependency_aware_tiles,0,302,0,0,0,0,22574952,22187879,22187879,387073,22574952,22648682,22648682,22648682,2,2,1179680,0,22630248,22703976,22703976,22722408,2,2
varp.k26.scheduler-event.v2,analytical-model,S1,gemma3_1b_dependency_aware_tiles,0,309,1,1,0,0,22648680,22187879,22187879,460801,22648680,22722410,22722410,22722410,0,0,1179680,0,22703976,22777704,22777704,22796136,2,0
varp.k26.scheduler-event.v2,analytical-model,S1,gemma3_1b_dependency_aware_tiles,0,303,0,0,0,0,22722408,22187879,22187879,534529,22722408,22796138,22796138,22796138,2,2,1179680,0,22777704,22851432,22851432,22869864,2,2
varp.k26.scheduler-event.v2,analytical-model,S1,gemma3_1b_dependency_aware_tiles,0,310,1,1,0,0,22796136,22187879,22187879,608257,22796136,22869866,22869866,22869866,0,0,1179680,0,22851432,22925160,22925160,22943592,2,0
varp.k26.scheduler-event.v2,analytical-model,S1,gemma3_1b_dependency_aware_tiles,0,304,0,0,0,0,22869864,22187879,22187879,681985,22869864,22943594,22943594,22943594,2,2,1179680,0,22925160,22998888,22998888,23017320,2,2
varp.k26.scheduler-event.v2,analytical-model,S1,gemma3_1b_dependency_aware_tiles,0,311,1,1,0,0,22943592,22187879,22187879,755713,22943592,23017322,23017322,23017322,0,0,1179680,0,22998888,23072616,23072616,23091048,2,0
varp.k26.scheduler-event.v2,analytical-model,S1,gemma3_1b_dependency_aware_tiles,0,305,0,0,0,0,23017320,22187879,22187879,829441,23017320,23072618,23072618,23072618,2,2,884768,0,23072616,23127912,23127912,23141736,2,2
varp.k26.scheduler-event.v2,analytical-model,S1,gemma3_1b_dependency_aware_tiles,0,312,1,1,0,0,23091048,22187879,22187879,903169,23091048,23146346,23146346,23146346,0,0,884768,0,23127912,23183208,23183208,23197032,2,0
varp.k26.scheduler-event.v2,analytical-model,S1,gemma3_1b_dependency_aware_tiles,0,313,2,2,0,0,23197033,23197032,23197032,1,23197033,23639403,23639403,23639403,2,2,7077920,0,23197033,23639401,23639403,23749995,1,2
varp.k26.scheduler-event.v2,analytical-model,S1,gemma3_1b_dependency_aware_tiles,0,314,2,2,0,0,23749995,23197032,23197032,552963,23749995,23805293,23805293,23805293,2,2,884768,0,23749995,23805291,23805293,23819117,1,2
varp.k26.scheduler-event.v2,analytical-model,S1,gemma3_1b_dependency_aware_tiles,0,315,0,0,0,0,23819118,23819117,23819117,1,23819118,23892848,23892848,23892848,1,1,1179680,0,23819118,23892846,23892848,23911280,0,1
varp.k26.scheduler-event.v2,analytical-model,S1,gemma3_1b_dependency_aware_tiles,0,316,1,1,0,0,23819118,23819117,23819117,1,23819118,23837552,23837552,23837552,3,3,294944,0,23819118,23837550,23837552,23842160,2,3
varp.k26.scheduler-event.v2,analytical-model,S1,gemma3_1b_dependency_aware_tiles,0,317,2,2,0,0,23819118,23819117,23819117,1,23892848,23911282,23911282,23911282,1,1,294944,0,23892846,23911278,23911282,23915890,0,1
varp.k26.scheduler-event.v2,analytical-model,S1,gemma3_1b_dependency_aware_tiles,0,318,3,3,0,0,23915891,23915890,23915890,1,23915891,23981429,23981429,23981429,3,3,1048608,0,23915891,23981427,23981429,23997813,2,3
varp.k26.scheduler-event.v2,analytical-model,S1,gemma3_1b_dependency_aware_tiles,0,319,3,3,0,0,23997813,23915890,23915890,81923,23997813,24006007,24006007,24006007,3,3,131104,0,23997813,24006005,24006007,24008055,2,3
varp.k26.scheduler-event.v2,analytical-model,S1,gemma3_1b_dependency_aware_tiles,0,320,0,0,0,0,24008056,24008055,24008055,1,24008056,24081786,24081786,24081786,1,1,1179680,0,24008056,24081784,24081786,24100218,0,1
varp.k26.scheduler-event.v2,analytical-model,S1,gemma3_1b_dependency_aware_tiles,0,327,1,1,0,0,24008056,24008055,24008055,1,24008056,24081786,24081786,24081786,3,3,1179680,0,24008056,24081784,24081786,24100218,3,3
varp.k26.scheduler-event.v2,analytical-model,S1,gemma3_1b_dependency_aware_tiles,0,321,0,0,0,0,24100218,24008055,24008055,92163,24100218,24173948,24173948,24173948,1,1,1179680,0,24100218,24173946,24173948,24192380,0,1
varp.k26.scheduler-event.v2,analytical-model,S1,gemma3_1b_dependency_aware_tiles,0,328,1,1,0,0,24100218,24008055,24008055,92163,24100218,24173948,24173948,24173948,3,3,1179680,0,24100218,24173946,24173948,24192380,3,3
varp.k26.scheduler-event.v2,analytical-model,S1,gemma3_1b_dependency_aware_tiles,0,322,0,0,0,0,24192380,24008055,24008055,184325,24192380,24266110,24266110,24266110,1,1,1179680,0,24192380,24266108,24266110,24284542,0,1
varp.k26.scheduler-event.v2,analytical-model,S1,gemma3_1b_dependency_aware_tiles,0,329,1,1,0,0,24192380,24008055,24008055,184325,24192380,24266110,24266110,24266110,3,3,1179680,0,24192380,24266108,24266110,24284542,3,3
varp.k26.scheduler-event.v2,analytical-model,S1,gemma3_1b_dependency_aware_tiles,0,323,0,0,0,0,24284542,24008055,24008055,276487,24284542,24358272,24358272,24358272,1,1,1179680,0,24284542,24358270,24358272,24376704,0,1
varp.k26.scheduler-event.v2,analytical-model,S1,gemma3_1b_dependency_aware_tiles,0,330,1,1,0,0,24284542,24008055,24008055,276487,24284542,24358272,24358272,24358272,3,3,1179680,0,24284542,24358270,24358272,24376704,3,3
varp.k26.scheduler-event.v2,analytical-model,S1,gemma3_1b_dependency_aware_tiles,0,324,0,0,0,0,24376704,24008055,24008055,368649,24376704,24450434,24450434,24450434,1,1,1179680,0,24376704,24450432,24450434,24468866,0,1
varp.k26.scheduler-event.v2,analytical-model,S1,gemma3_1b_dependency_aware_tiles,0,331,1,1,0,0,24376704,24008055,24008055,368649,24376704,24450434,24450434,24450434,3,3,1179680,0,24376704,24450432,24450434,24468866,3,3
varp.k26.scheduler-event.v2,analytical-model,S1,gemma3_1b_dependency_aware_tiles,0,325,0,0,0,0,24468866,24008055,24008055,460811,24468866,24542596,24542596,24542596,1,1,1179680,0,24468866,24542594,24542596,24561028,0,1
varp.k26.scheduler-event.v2,analytical-model,S1,gemma3_1b_dependency_aware_tiles,0,332,1,1,0,0,24468866,24008055,24008055,460811,24468866,24542596,24542596,24542596,3,3,1179680,0,24468866,24542594,24542596,24561028,3,3
varp.k26.scheduler-event.v2,analytical-model,S1,gemma3_1b_dependency_aware_tiles,0,326,0,0,0,0,24561028,24008055,24008055,552973,24561028,24616326,24616326,24616326,1,1,884768,0,24561028,24616324,24616326,24630150,0,1
varp.k26.scheduler-event.v2,analytical-model,S1,gemma3_1b_dependency_aware_tiles,0,333,1,1,0,0,24561028,24008055,24008055,552973,24561028,24616326,24616326,24616326,3,3,884768,0,24561028,24616324,24616326,24630150,3,3
varp.k26.scheduler-event.v2,analytical-model,S1,gemma3_1b_dependency_aware_tiles,0,334,2,2,0,0,24630151,24630150,24630150,1,24630151,25072521,25072521,25072521,1,1,7077920,0,24630151,25072519,25072521,25183113,2,1
varp.k26.scheduler-event.v2,analytical-model,S1,gemma3_1b_dependency_aware_tiles,0,335,2,2,0,0,25183113,24630150,24630150,552963,25183113,25238411,25238411,25238411,1,1,884768,0,25183113,25238409,25238411,25252235,2,1
varp.k26.scheduler-event.v2,analytical-model,S1,gemma3_1b_dependency_aware_tiles,0,336,0,0,0,0,25252236,25252235,25252235,1,25252236,25325966,25325966,25325966,0,0,1179680,0,25252236,25325964,25325966,25344398,2,0
varp.k26.scheduler-event.v2,analytical-model,S1,gemma3_1b_dependency_aware_tiles,0,337,1,1,0,0,25252236,25252235,25252235,1,25252236,25270670,25270670,25270670,2,2,294944,0,25252236,25270668,25270670,25275278,3,2
varp.k26.scheduler-event.v2,analytical-model,S1,gemma3_1b_dependency_aware_tiles,0,338,2,2,0,0,25252236,25252235,25252235,1,25325966,25344400,25344400,25344400,0,0,294944,0,25252236,25270668,25344400,25349008,1,0
varp.k26.scheduler-event.v2,analytical-model,S1,gemma3_1b_dependency_aware_tiles,0,339,3,3,0,0,25349009,25349008,25349008,1,25349009,25414547,25414547,25414547,2,2,1048608,0,25349009,25414545,25414547,25430931,0,2
varp.k26.scheduler-event.v2,analytical-model,S1,gemma3_1b_dependency_aware_tiles,0,340,3,3,0,0,25430931,25349008,25349008,81923,25430931,25439125,25439125,25439125,2,2,131104,0,25430931,25439123,25439125,25441173,0,2
varp.k26.scheduler-event.v2,analytical-model,S1,gemma3_1b_dependency_aware_tiles,0,341,0,0,0,0,25441174,25441173,25441173,1,25441174,25514904,25514904,25514904,0,0,1179680,0,25441174,25514902,25514904,25533336,1,0
varp.k26.scheduler-event.v2,analytical-model,S1,gemma3_1b_dependency_aware_tiles,0,348,1,1,0,0,25441174,25441173,25441173,1,25441174,25514904,25514904,25514904,2,2,1179680,0,25441174,25514902,25514904,25533336,0,2
varp.k26.scheduler-event.v2,analytical-model,S1,gemma3_1b_dependency_aware_tiles,0,342,0,0,0,0,25533336,25441173,25441173,92163,25533336,25607066,25607066,25607066,0,0,1179680,0,25533336,25607064,25607066,25625498,1,0
varp.k26.scheduler-event.v2,analytical-model,S1,gemma3_1b_dependency_aware_tiles,0,349,1,1,0,0,25533336,25441173,25441173,92163,25533336,25607066,25607066,25607066,2,2,1179680,0,25533336,25607064,25607066,25625498,0,2
varp.k26.scheduler-event.v2,analytical-model,S1,gemma3_1b_dependency_aware_tiles,0,343,0,0,0,0,25625498,25441173,25441173,184325,25625498,25699228,25699228,25699228,0,0,1179680,0,25625498,25699226,25699228,25717660,1,0
varp.k26.scheduler-event.v2,analytical-model,S1,gemma3_1b_dependency_aware_tiles,0,350,1,1,0,0,25625498,25441173,25441173,184325,25625498,25699228,25699228,25699228,2,2,1179680,0,25625498,25699226,25699228,25717660,0,2
varp.k26.scheduler-event.v2,analytical-model,S1,gemma3_1b_dependency_aware_tiles,0,344,0,0,0,0,25717660,25441173,25441173,276487,25717660,25791390,25791390,25791390,0,0,1179680,0,25717660,25791388,25791390,25809822,1,0
varp.k26.scheduler-event.v2,analytical-model,S1,gemma3_1b_dependency_aware_tiles,0,351,1,1,0,0,25717660,25441173,25441173,276487,25717660,25791390,25791390,25791390,2,2,1179680,0,25717660,25791388,25791390,25809822,0,2
varp.k26.scheduler-event.v2,analytical-model,S1,gemma3_1b_dependency_aware_tiles,0,345,0,0,0,0,25809822,25441173,25441173,368649,25809822,25883552,25883552,25883552,0,0,1179680,0,25809822,25883550,25883552,25901984,1,0
varp.k26.scheduler-event.v2,analytical-model,S1,gemma3_1b_dependency_aware_tiles,0,352,1,1,0,0,25809822,25441173,25441173,368649,25809822,25883552,25883552,25883552,2,2,1179680,0,25809822,25883550,25883552,25901984,0,2
varp.k26.scheduler-event.v2,analytical-model,S1,gemma3_1b_dependency_aware_tiles,0,346,0,0,0,0,25901984,25441173,25441173,460811,25901984,25975714,25975714,25975714,0,0,1179680,0,25901984,25975712,25975714,25994146,1,0
varp.k26.scheduler-event.v2,analytical-model,S1,gemma3_1b_dependency_aware_tiles,0,353,1,1,0,0,25901984,25441173,25441173,460811,25901984,25975714,25975714,25975714,2,2,1179680,0,25901984,25975712,25975714,25994146,0,2
varp.k26.scheduler-event.v2,analytical-model,S1,gemma3_1b_dependency_aware_tiles,0,347,0,0,0,0,25994146,25441173,25441173,552973,25994146,26049444,26049444,26049444,0,0,884768,0,25994146,26049442,26049444,26063268,1,0
varp.k26.scheduler-event.v2,analytical-model,S1,gemma3_1b_dependency_aware_tiles,0,354,1,1,0,0,25994146,25441173,25441173,552973,25994146,26049444,26049444,26049444,2,2,884768,0,25994146,26049442,26049444,26063268,0,2
varp.k26.scheduler-event.v2,analytical-model,S1,gemma3_1b_dependency_aware_tiles,0,355,2,2,0,0,26063269,26063268,26063268,1,26063269,26505639,26505639,26505639,0,0,7077920,0,26063269,26505637,26505639,26616231,0,0
varp.k26.scheduler-event.v2,analytical-model,S1,gemma3_1b_dependency_aware_tiles,0,356,2,2,0,0,26616231,26063268,26063268,552963,26616231,26671529,26671529,26671529,0,0,884768,0,26616231,26671527,26671529,26685353,0,0
varp.k26.scheduler-event.v2,analytical-model,S1,gemma3_1b_dependency_aware_tiles,0,357,0,0,0,0,26685354,26685353,26685353,1,26685354,26759084,26759084,26759084,3,3,1179680,0,26685354,26759082,26759084,26777516,3,3
varp.k26.scheduler-event.v2,analytical-model,S1,gemma3_1b_dependency_aware_tiles,0,358,1,1,0,0,26685354,26685353,26685353,1,26685354,26703788,26703788,26703788,1,1,294944,0,26685354,26703786,26703788,26708396,1,1
varp.k26.scheduler-event.v2,analytical-model,S1,gemma3_1b_dependency_aware_tiles,0,359,2,2,0,0,26685354,26685353,26685353,1,26759084,26777518,26777518,26777518,3,3,294944,0,26759082,26777514,26777518,26782126,3,3
varp.k26.scheduler-event.v2,analytical-model,S1,gemma3_1b_dependency_aware_tiles,0,360,3,3,0,0,26782127,26782126,26782126,1,26782127,26847665,26847665,26847665,1,1,1048608,0,26782127,26847663,26847665,26864049,1,1
varp.k26.scheduler-event.v2,analytical-model,S1,gemma3_1b_dependency_aware_tiles,0,361,3,3,0,0,26864049,26782126,26782126,81923,26864049,26872243,26872243,26872243,1,1,131104,0,26864049,26872241,26872243,26874291,1,1
varp.k26.scheduler-event.v2,analytical-model,S1,gemma3_1b_dependency_aware_tiles,0,362,0,0,0,0,26874292,26874291,26874291,1,26874292,26948022,26948022,26948022,3,3,1179680,0,26874292,26948020,26948022,26966454,2,3
varp.k26.scheduler-event.v2,analytical-model,S1,gemma3_1b_dependency_aware_tiles,0,369,1,1,0,0,26874292,26874291,26874291,1,26874292,26948022,26948022,26948022,1,1,1179680,0,26948020,27021748,27021748,27040180,2,1
varp.k26.scheduler-event.v2,analytical-model,S1,gemma3_1b_dependency_aware_tiles,0,363,0,0,0,0,26966454,26874291,26874291,92163,26966454,27040184,27040184,27040184,3,3,1179680,0,27021748,27095476,27095476,27113908,2,3
varp.k26.scheduler-event.v2,analytical-model,S1,gemma3_1b_dependency_aware_tiles,0,370,1,1,0,0,27040180,26874291,26874291,165889,27040180,27113910,27113910,27113910,1,1,1179680,0,27095476,27169204,27169204,27187636,2,1
varp.k26.scheduler-event.v2,analytical-model,S1,gemma3_1b_dependency_aware_tiles,0,364,0,0,0,0,27113908,26874291,26874291,239617,27113908,27187638,27187638,27187638,3,3,1179680,0,27169204,27242932,27242932,27261364,2,3
varp.k26.scheduler-event.v2,analytical-model,S1,gemma3_1b_dependency_aware_tiles,0,371,1,1,0,0,27187636,26874291,26874291,313345,27187636,27261366,27261366,27261366,1,1,1179680,0,27242932,27316660,27316660,27335092,2,1
varp.k26.scheduler-event.v2,analytical-model,S1,gemma3_1b_dependency_aware_tiles,0,365,0,0,0,0,27261364,26874291,26874291,387073,27261364,27335094,27335094,27335094,3,3,1179680,0,27316660,27390388,27390388,27408820,2,3
varp.k26.scheduler-event.v2,analytical-model,S1,gemma3_1b_dependency_aware_tiles,0,372,1,1,0,0,27335092,26874291,26874291,460801,27335092,27408822,27408822,27408822,1,1,1179680,0,27390388,27464116,27464116,27482548,2,1
varp.k26.scheduler-event.v2,analytical-model,S1,gemma3_1b_dependency_aware_tiles,0,366,0,0,0,0,27408820,26874291,26874291,534529,27408820,27482550,27482550,27482550,3,3,1179680,0,27464116,27537844,27537844,27556276,2,3
varp.k26.scheduler-event.v2,analytical-model,S1,gemma3_1b_dependency_aware_tiles,0,373,1,1,0,0,27482548,26874291,26874291,608257,27482548,27556278,27556278,27556278,1,1,1179680,0,27537844,27611572,27611572,27630004,2,1
varp.k26.scheduler-event.v2,analytical-model,S1,gemma3_1b_dependency_aware_tiles,0,367,0,0,0,0,27556276,26874291,26874291,681985,27556276,27630006,27630006,27630006,3,3,1179680,0,27611572,27685300,27685300,27703732,2,3
varp.k26.scheduler-event.v2,analytical-model,S1,gemma3_1b_dependency_aware_tiles,0,374,1,1,0,0,27630004,26874291,26874291,755713,27630004,27703734,27703734,27703734,1,1,1179680,0,27685300,27759028,27759028,27777460,2,1
varp.k26.scheduler-event.v2,analytical-model,S1,gemma3_1b_dependency_aware_tiles,0,368,0,0,0,0,27703732,26874291,26874291,829441,27703732,27759030,27759030,27759030,3,3,884768,0,27759028,27814324,27814324,27828148,2,3
varp.k26.scheduler-event.v2,analytical-model,S1,gemma3_1b_dependency_aware_tiles,0,375,1,1,0,0,27777460,26874291,26874291,903169,27777460,27832758,27832758,27832758,1,1,884768,0,27814324,27869620,27869620,27883444,2,1
varp.k26.scheduler-event.v2,analytical-model,S1,gemma3_1b_dependency_aware_tiles,0,376,2,2,0,0,27883445,27883444,27883444,1,27883445,28325815,28325815,28325815,3,3,7077920,0,27883445,28325813,28325815,28436407,1,3
varp.k26.scheduler-event.v2,analytical-model,S1,gemma3_1b_dependency_aware_tiles,0,377,2,2,0,0,28436407,27883444,27883444,552963,28436407,28491705,28491705,28491705,3,3,884768,0,28436407,28491703,28491705,28505529,1,3
varp.k26.scheduler-event.v2,analytical-model,S1,gemma3_1b_dependency_aware_tiles,0,378,0,0,0,0,28505530,28505529,28505529,1,28505530,28579260,28579260,28579260,2,2,1179680,0,28505530,28579258,28579260,28597692,1,2
varp.k26.scheduler-event.v2,analytical-model,S1,gemma3_1b_dependency_aware_tiles,0,379,1,1,0,0,28505530,28505529,28505529,1,28505530,28523964,28523964,28523964,0,0,294944,0,28505530,28523962,28523964,28528572,2,0
varp.k26.scheduler-event.v2,analytical-model,S1,gemma3_1b_dependency_aware_tiles,0,380,2,2,0,0,28505530,28505529,28505529,1,28579260,28597694,28597694,28597694,2,2,294944,0,28505530,28523962,28597694,28602302,0,2
varp.k26.scheduler-event.v2,analytical-model,S1,gemma3_1b_dependency_aware_tiles,0,381,3,3,0,0,28602303,28602302,28602302,1,28602303,28667841,28667841,28667841,0,0,1048608,0,28602303,28667839,28667841,28684225,2,0
varp.k26.scheduler-event.v2,analytical-model,S1,gemma3_1b_dependency_aware_tiles,0,382,3,3,0,0,28684225,28602302,28602302,81923,28684225,28692419,28692419,28692419,0,0,131104,0,28684225,28692417,28692419,28694467,2,0
varp.k26.scheduler-event.v2,analytical-model,S1,gemma3_1b_dependency_aware_tiles,0,383,0,0,0,0,28694468,28694467,28694467,1,28694468,28768198,28768198,28768198,2,2,1179680,0,28694468,28768196,28768198,28786630,0,2
varp.k26.scheduler-event.v2,analytical-model,S1,gemma3_1b_dependency_aware_tiles,0,390,1,1,0,0,28694468,28694467,28694467,1,28694468,28768198,28768198,28768198,0,0,1179680,0,28694468,28768196,28768198,28786630,3,0
varp.k26.scheduler-event.v2,analytical-model,S1,gemma3_1b_dependency_aware_tiles,0,384,0,0,0,0,28786630,28694467,28694467,92163,28786630,28860360,28860360,28860360,2,2,1179680,0,28786630,28860358,28860360,28878792,0,2
varp.k26.scheduler-event.v2,analytical-model,S1,gemma3_1b_dependency_aware_tiles,0,391,1,1,0,0,28786630,28694467,28694467,92163,28786630,28860360,28860360,28860360,0,0,1179680,0,28786630,28860358,28860360,28878792,3,0
varp.k26.scheduler-event.v2,analytical-model,S1,gemma3_1b_dependency_aware_tiles,0,385,0,0,0,0,28878792,28694467,28694467,184325,28878792,28952522,28952522,28952522,2,2,1179680,0,28878792,28952520,28952522,28970954,0,2
varp.k26.scheduler-event.v2,analytical-model,S1,gemma3_1b_dependency_aware_tiles,0,392,1,1,0,0,28878792,28694467,28694467,184325,28878792,28952522,28952522,28952522,0,0,1179680,0,28878792,28952520,28952522,28970954,3,0
varp.k26.scheduler-event.v2,analytical-model,S1,gemma3_1b_dependency_aware_tiles,0,386,0,0,0,0,28970954,28694467,28694467,276487,28970954,29044684,29044684,29044684,2,2,1179680,0,28970954,29044682,29044684,29063116,0,2
varp.k26.scheduler-event.v2,analytical-model,S1,gemma3_1b_dependency_aware_tiles,0,393,1,1,0,0,28970954,28694467,28694467,276487,28970954,29044684,29044684,29044684,0,0,1179680,0,28970954,29044682,29044684,29063116,3,0
varp.k26.scheduler-event.v2,analytical-model,S1,gemma3_1b_dependency_aware_tiles,0,387,0,0,0,0,29063116,28694467,28694467,368649,29063116,29136846,29136846,29136846,2,2,1179680,0,29063116,29136844,29136846,29155278,0,2
varp.k26.scheduler-event.v2,analytical-model,S1,gemma3_1b_dependency_aware_tiles,0,394,1,1,0,0,29063116,28694467,28694467,368649,29063116,29136846,29136846,29136846,0,0,1179680,0,29063116,29136844,29136846,29155278,3,0
varp.k26.scheduler-event.v2,analytical-model,S1,gemma3_1b_dependency_aware_tiles,0,388,0,0,0,0,29155278,28694467,28694467,460811,29155278,29229008,29229008,29229008,2,2,1179680,0,29155278,29229006,29229008,29247440,0,2
varp.k26.scheduler-event.v2,analytical-model,S1,gemma3_1b_dependency_aware_tiles,0,395,1,1,0,0,29155278,28694467,28694467,460811,29155278,29229008,29229008,29229008,0,0,1179680,0,29155278,29229006,29229008,29247440,3,0
varp.k26.scheduler-event.v2,analytical-model,S1,gemma3_1b_dependency_aware_tiles,0,389,0,0,0,0,29247440,28694467,28694467,552973,29247440,29302738,29302738,29302738,2,2,884768,0,29247440,29302736,29302738,29316562,0,2
varp.k26.scheduler-event.v2,analytical-model,S1,gemma3_1b_dependency_aware_tiles,0,396,1,1,0,0,29247440,28694467,28694467,552973,29247440,29302738,29302738,29302738,0,0,884768,0,29247440,29302736,29302738,29316562,3,0
varp.k26.scheduler-event.v2,analytical-model,S1,gemma3_1b_dependency_aware_tiles,0,397,2,2,0,0,29316563,29316562,29316562,1,29316563,29758933,29758933,29758933,2,2,7077920,0,29316563,29758931,29758933,29869525,3,2
varp.k26.scheduler-event.v2,analytical-model,S1,gemma3_1b_dependency_aware_tiles,0,398,2,2,0,0,29869525,29316562,29316562,552963,29869525,29924823,29924823,29924823,2,2,884768,0,29869525,29924821,29924823,29938647,3,2
varp.k26.scheduler-event.v2,analytical-model,S1,gemma3_1b_dependency_aware_tiles,0,399,0,0,0,0,29938648,29938647,29938647,1,29938648,30012378,30012378,30012378,1,1,1179680,0,29938648,30012376,30012378,30030810,2,1
varp.k26.scheduler-event.v2,analytical-model,S1,gemma3_1b_dependency_aware_tiles,0,400,1,1,0,0,29938648,29938647,29938647,1,29938648,29957082,29957082,29957082,3,3,294944,0,29938648,29957080,29957082,29961690,0,3
varp.k26.scheduler-event.v2,analytical-model,S1,gemma3_1b_dependency_aware_tiles,0,401,2,2,0,0,29938648,29938647,29938647,1,30012378,30030812,30030812,30030812,1,1,294944,0,30012376,30030808,30030812,30035420,2,1
varp.k26.scheduler-event.v2,analytical-model,S1,gemma3_1b_dependency_aware_tiles,0,402,3,3,0,0,30035421,30035420,30035420,1,30035421,30100959,30100959,30100959,3,3,1048608,0,30035421,30100957,30100959,30117343,0,3
varp.k26.scheduler-event.v2,analytical-model,S1,gemma3_1b_dependency_aware_tiles,0,403,3,3,0,0,30117343,30035420,30035420,81923,30117343,30125537,30125537,30125537,3,3,131104,0,30117343,30125535,30125537,30127585,0,3
varp.k26.scheduler-event.v2,analytical-model,S1,gemma3_1b_dependency_aware_tiles,0,404,0,0,0,0,30127586,30127585,30127585,1,30127586,30201316,30201316,30201316,1,1,1179680,0,30127586,30201314,30201316,30219748,1,1
varp.k26.scheduler-event.v2,analytical-model,S1,gemma3_1b_dependency_aware_tiles,0,411,1,1,0,0,30127586,30127585,30127585,1,30127586,30201316,30201316,30201316,3,3,1179680,0,30201314,30275042,30275042,30293474,1,3
varp.k26.scheduler-event.v2,analytical-model,S1,gemma3_1b_dependency_aware_tiles,0,405,0,0,0,0,30219748,30127585,30127585,92163,30219748,30293478,30293478,30293478,1,1,1179680,0,30275042,30348770,30348770,30367202,1,1
varp.k26.scheduler-event.v2,analytical-model,S1,gemma3_1b_dependency_aware_tiles,0,412,1,1,0,0,30293474,30127585,30127585,165889,30293474,30367204,30367204,30367204,3,3,1179680,0,30348770,30422498,30422498,30440930,1,3
varp.k26.scheduler-event.v2,analytical-model,S1,gemma3_1b_dependency_aware_tiles,0,406,0,0,0,0,30367202,30127585,30127585,239617,30367202,30440932,30440932,30440932,1,1,1179680,0,30422498,30496226,30496226,30514658,1,1
varp.k26.scheduler-event.v2,analytical-model,S1,gemma3_1b_dependency_aware_tiles,0,413,1,1,0,0,30440930,30127585,30127585,313345,30440930,30514660,30514660,30514660,3,3,1179680,0,30496226,30569954,30569954,30588386,1,3
varp.k26.scheduler-event.v2,analytical-model,S1,gemma3_1b_dependency_aware_tiles,0,407,0,0,0,0,30514658,30127585,30127585,387073,30514658,30588388,30588388,30588388,1,1,1179680,0,30569954,30643682,30643682,30662114,1,1
varp.k26.scheduler-event.v2,analytical-model,S1,gemma3_1b_dependency_aware_tiles,0,414,1,1,0,0,30588386,30127585,30127585,460801,30588386,30662116,30662116,30662116,3,3,1179680,0,30643682,30717410,30717410,30735842,1,3
varp.k26.scheduler-event.v2,analytical-model,S1,gemma3_1b_dependency_aware_tiles,0,408,0,0,0,0,30662114,30127585,30127585,534529,30662114,30735844,30735844,30735844,1,1,1179680,0,30717410,30791138,30791138,30809570,1,1
varp.k26.scheduler-event.v2,analytical-model,S1,gemma3_1b_dependency_aware_tiles,0,415,1,1,0,0,30735842,30127585,30127585,608257,30735842,30809572,30809572,30809572,3,3,1179680,0,30791138,30864866,30864866,30883298,1,3
varp.k26.scheduler-event.v2,analytical-model,S1,gemma3_1b_dependency_aware_tiles,0,409,0,0,0,0,30809570,30127585,30127585,681985,30809570,30883300,30883300,30883300,1,1,1179680,0,30864866,30938594,30938594,30957026,1,1
varp.k26.scheduler-event.v2,analytical-model,S1,gemma3_1b_dependency_aware_tiles,0,416,1,1,0,0,30883298,30127585,30127585,755713,30883298,30957028,30957028,30957028,3,3,1179680,0,30938594,31012322,31012322,31030754,1,3
varp.k26.scheduler-event.v2,analytical-model,S1,gemma3_1b_dependency_aware_tiles,0,410,0,0,0,0,30957026,30127585,30127585,829441,30957026,31012324,31012324,31012324,1,1,884768,0,31012322,31067618,31067618,31081442,1,1
varp.k26.scheduler-event.v2,analytical-model,S1,gemma3_1b_dependency_aware_tiles,0,417,1,1,0,0,31030754,30127585,30127585,903169,31030754,31086052,31086052,31086052,3,3,884768,0,31067618,31122914,31122914,31136738,1,3
varp.k26.scheduler-event.v2,analytical-model,S1,gemma3_1b_dependency_aware_tiles,0,418,2,2,0,0,31136739,31136738,31136738,1,31136739,31579109,31579109,31579109,1,1,7077920,0,31136739,31579107,31579109,31689701,0,1
varp.k26.scheduler-event.v2,analytical-model,S1,gemma3_1b_dependency_aware_tiles,0,419,2,2,0,0,31689701,31136738,31136738,552963,31689701,31744999,31744999,31744999,1,1,884768,0,31689701,31744997,31744999,31758823,0,1
varp.k26.scheduler-event.v2,analytical-model,S1,gemma3_1b_dependency_aware_tiles,0,420,0,0,0,0,31758824,31758823,31758823,1,31758824,31832554,31832554,31832554,0,0,1179680,0,31758824,31832552,31832554,31850986,3,0
varp.k26.scheduler-event.v2,analytical-model,S1,gemma3_1b_dependency_aware_tiles,0,421,1,1,0,0,31758824,31758823,31758823,1,31758824,31777258,31777258,31777258,2,2,294944,0,31758824,31777256,31777258,31781866,1,2
varp.k26.scheduler-event.v2,analytical-model,S1,gemma3_1b_dependency_aware_tiles,0,422,2,2,0,0,31758824,31758823,31758823,1,31832554,31850988,31850988,31850988,0,0,294944,0,31832552,31850984,31850988,31855596,3,0
varp.k26.scheduler-event.v2,analytical-model,S1,gemma3_1b_dependency_aware_tiles,0,423,3,3,0,0,31855597,31855596,31855596,1,31855597,31921135,31921135,31921135,2,2,1048608,0,31855597,31921133,31921135,31937519,1,2
varp.k26.scheduler-event.v2,analytical-model,S1,gemma3_1b_dependency_aware_tiles,0,424,3,3,0,0,31937519,31855596,31855596,81923,31937519,31945713,31945713,31945713,2,2,131104,0,31937519,31945711,31945713,31947761,1,2
varp.k26.scheduler-event.v2,analytical-model,S1,gemma3_1b_dependency_aware_tiles,0,425,0,0,0,0,31947762,31947761,31947761,1,31947762,32021492,32021492,32021492,0,0,1179680,0,31947762,32021490,32021492,32039924,3,0
varp.k26.scheduler-event.v2,analytical-model,S1,gemma3_1b_dependency_aware_tiles,0,432,1,1,0,0,31947762,31947761,31947761,1,31947762,32021492,32021492,32021492,2,2,1179680,0,31947762,32021490,32021492,32039924,2,2
varp.k26.scheduler-event.v2,analytical-model,S1,gemma3_1b_dependency_aware_tiles,0,426,0,0,0,0,32039924,31947761,31947761,92163,32039924,32113654,32113654,32113654,0,0,1179680,0,32039924,32113652,32113654,32132086,3,0
varp.k26.scheduler-event.v2,analytical-model,S1,gemma3_1b_dependency_aware_tiles,0,433,1,1,0,0,32039924,31947761,31947761,92163,32039924,32113654,32113654,32113654,2,2,1179680,0,32039924,32113652,32113654,32132086,2,2
varp.k26.scheduler-event.v2,analytical-model,S1,gemma3_1b_dependency_aware_tiles,0,427,0,0,0,0,32132086,31947761,31947761,184325,32132086,32205816,32205816,32205816,0,0,1179680,0,32132086,32205814,32205816,32224248,3,0
varp.k26.scheduler-event.v2,analytical-model,S1,gemma3_1b_dependency_aware_tiles,0,434,1,1,0,0,32132086,31947761,31947761,184325,32132086,32205816,32205816,32205816,2,2,1179680,0,32132086,32205814,32205816,32224248,2,2
varp.k26.scheduler-event.v2,analytical-model,S1,gemma3_1b_dependency_aware_tiles,0,428,0,0,0,0,32224248,31947761,31947761,276487,32224248,32297978,32297978,32297978,0,0,1179680,0,32224248,32297976,32297978,32316410,3,0
varp.k26.scheduler-event.v2,analytical-model,S1,gemma3_1b_dependency_aware_tiles,0,435,1,1,0,0,32224248,31947761,31947761,276487,32224248,32297978,32297978,32297978,2,2,1179680,0,32224248,32297976,32297978,32316410,2,2
varp.k26.scheduler-event.v2,analytical-model,S1,gemma3_1b_dependency_aware_tiles,0,429,0,0,0,0,32316410,31947761,31947761,368649,32316410,32390140,32390140,32390140,0,0,1179680,0,32316410,32390138,32390140,32408572,3,0
varp.k26.scheduler-event.v2,analytical-model,S1,gemma3_1b_dependency_aware_tiles,0,436,1,1,0,0,32316410,31947761,31947761,368649,32316410,32390140,32390140,32390140,2,2,1179680,0,32316410,32390138,32390140,32408572,2,2
varp.k26.scheduler-event.v2,analytical-model,S1,gemma3_1b_dependency_aware_tiles,0,430,0,0,0,0,32408572,31947761,31947761,460811,32408572,32482302,32482302,32482302,0,0,1179680,0,32408572,32482300,32482302,32500734,3,0
varp.k26.scheduler-event.v2,analytical-model,S1,gemma3_1b_dependency_aware_tiles,0,437,1,1,0,0,32408572,31947761,31947761,460811,32408572,32482302,32482302,32482302,2,2,1179680,0,32408572,32482300,32482302,32500734,2,2
varp.k26.scheduler-event.v2,analytical-model,S1,gemma3_1b_dependency_aware_tiles,0,431,0,0,0,0,32500734,31947761,31947761,552973,32500734,32556032,32556032,32556032,0,0,884768,0,32500734,32556030,32556032,32569856,3,0
varp.k26.scheduler-event.v2,analytical-model,S1,gemma3_1b_dependency_aware_tiles,0,438,1,1,0,0,32500734,31947761,31947761,552973,32500734,32556032,32556032,32556032,2,2,884768,0,32500734,32556030,32556032,32569856,2,2
varp.k26.scheduler-event.v2,analytical-model,S1,gemma3_1b_dependency_aware_tiles,0,439,2,2,0,0,32569857,32569856,32569856,1,32569857,33012227,33012227,33012227,0,0,7077920,0,32569857,33012225,33012227,33122819,1,0
varp.k26.scheduler-event.v2,analytical-model,S1,gemma3_1b_dependency_aware_tiles,0,440,2,2,0,0,33122819,32569856,32569856,552963,33122819,33178117,33178117,33178117,0,0,884768,0,33122819,33178115,33178117,33191941,1,0
varp.k26.scheduler-event.v2,analytical-model,S1,gemma3_1b_dependency_aware_tiles,0,441,0,0,0,0,33191942,33191941,33191941,1,33191942,33265672,33265672,33265672,3,3,1179680,0,33191942,33265670,33265672,33284104,1,3
varp.k26.scheduler-event.v2,analytical-model,S1,gemma3_1b_dependency_aware_tiles,0,442,1,1,0,0,33191942,33191941,33191941,1,33191942,33210376,33210376,33210376,1,1,294944,0,33191942,33210374,33210376,33214984,2,1
varp.k26.scheduler-event.v2,analytical-model,S1,gemma3_1b_dependency_aware_tiles,0,443,2,2,0,0,33191942,33191941,33191941,1,33265672,33284106,33284106,33284106,3,3,294944,0,33191942,33210374,33284106,33288714,0,3
varp.k26.scheduler-event.v2,analytical-model,S1,gemma3_1b_dependency_aware_tiles,0,444,3,3,0,0,33288715,33288714,33288714,1,33288715,33354253,33354253,33354253,1,1,1048608,0,33288715,33354251,33354253,33370637,3,1
varp.k26.scheduler-event.v2,analytical-model,S1,gemma3_1b_dependency_aware_tiles,0,445,3,3,0,0,33370637,33288714,33288714,81923,33370637,33378831,33378831,33378831,1,1,131104,0,33370637,33378829,33378831,33380879,3,1
varp.k26.scheduler-event.v2,analytical-model,S1,gemma3_1b_dependency_aware_tiles,0,446,0,0,0,0,33380880,33380879,33380879,1,33380880,33454610,33454610,33454610,3,3,1179680,0,33380880,33454608,33454610,33473042,0,3
varp.k26.scheduler-event.v2,analytical-model,S1,gemma3_1b_dependency_aware_tiles,0,453,1,1,0,0,33380880,33380879,33380879,1,33380880,33454610,33454610,33454610,1,1,1179680,0,33380880,33454608,33454610,33473042,3,1
varp.k26.scheduler-event.v2,analytical-model,S1,gemma3_1b_dependency_aware_tiles,0,447,0,0,0,0,33473042,33380879,33380879,92163,33473042,33546772,33546772,33546772,3,3,1179680,0,33473042,33546770,33546772,33565204,0,3
varp.k26.scheduler-event.v2,analytical-model,S1,gemma3_1b_dependency_aware_tiles,0,454,1,1,0,0,33473042,33380879,33380879,92163,33473042,33546772,33546772,33546772,1,1,1179680,0,33473042,33546770,33546772,33565204,3,1
varp.k26.scheduler-event.v2,analytical-model,S1,gemma3_1b_dependency_aware_tiles,0,448,0,0,0,0,33565204,33380879,33380879,184325,33565204,33638934,33638934,33638934,3,3,1179680,0,33565204,33638932,33638934,33657366,0,3
varp.k26.scheduler-event.v2,analytical-model,S1,gemma3_1b_dependency_aware_tiles,0,455,1,1,0,0,33565204,33380879,33380879,184325,33565204,33638934,33638934,33638934,1,1,1179680,0,33565204,33638932,33638934,33657366,3,1
varp.k26.scheduler-event.v2,analytical-model,S1,gemma3_1b_dependency_aware_tiles,0,449,0,0,0,0,33657366,33380879,33380879,276487,33657366,33731096,33731096,33731096,3,3,1179680,0,33657366,33731094,33731096,33749528,0,3
varp.k26.scheduler-event.v2,analytical-model,S1,gemma3_1b_dependency_aware_tiles,0,456,1,1,0,0,33657366,33380879,33380879,276487,33657366,33731096,33731096,33731096,1,1,1179680,0,33657366,33731094,33731096,33749528,3,1
varp.k26.scheduler-event.v2,analytical-model,S1,gemma3_1b_dependency_aware_tiles,0,450,0,0,0,0,33749528,33380879,33380879,368649,33749528,33823258,33823258,33823258,3,3,1179680,0,33749528,33823256,33823258,33841690,0,3
varp.k26.scheduler-event.v2,analytical-model,S1,gemma3_1b_dependency_aware_tiles,0,457,1,1,0,0,33749528,33380879,33380879,368649,33749528,33823258,33823258,33823258,1,1,1179680,0,33749528,33823256,33823258,33841690,3,1
varp.k26.scheduler-event.v2,analytical-model,S1,gemma3_1b_dependency_aware_tiles,0,451,0,0,0,0,33841690,33380879,33380879,460811,33841690,33915420,33915420,33915420,3,3,1179680,0,33841690,33915418,33915420,33933852,0,3
varp.k26.scheduler-event.v2,analytical-model,S1,gemma3_1b_dependency_aware_tiles,0,458,1,1,0,0,33841690,33380879,33380879,460811,33841690,33915420,33915420,33915420,1,1,1179680,0,33841690,33915418,33915420,33933852,3,1
varp.k26.scheduler-event.v2,analytical-model,S1,gemma3_1b_dependency_aware_tiles,0,452,0,0,0,0,33933852,33380879,33380879,552973,33933852,33989150,33989150,33989150,3,3,884768,0,33933852,33989148,33989150,34002974,0,3
varp.k26.scheduler-event.v2,analytical-model,S1,gemma3_1b_dependency_aware_tiles,0,459,1,1,0,0,33933852,33380879,33380879,552973,33933852,33989150,33989150,33989150,1,1,884768,0,33933852,33989148,33989150,34002974,3,1
varp.k26.scheduler-event.v2,analytical-model,S1,gemma3_1b_dependency_aware_tiles,0,460,2,2,0,0,34002975,34002974,34002974,1,34002975,34445345,34445345,34445345,3,3,7077920,0,34002975,34445343,34445345,34555937,3,3
varp.k26.scheduler-event.v2,analytical-model,S1,gemma3_1b_dependency_aware_tiles,0,461,2,2,0,0,34555937,34002974,34002974,552963,34555937,34611235,34611235,34611235,3,3,884768,0,34555937,34611233,34611235,34625059,3,3
varp.k26.scheduler-event.v2,analytical-model,S1,gemma3_1b_dependency_aware_tiles,0,462,0,0,0,0,34625060,34625059,34625059,1,34625060,34698790,34698790,34698790,2,2,1179680,0,34625060,34698788,34698790,34717222,2,2
varp.k26.scheduler-event.v2,analytical-model,S1,gemma3_1b_dependency_aware_tiles,0,463,1,1,0,0,34625060,34625059,34625059,1,34625060,34643494,34643494,34643494,0,0,294944,0,34625060,34643492,34643494,34648102,0,0
varp.k26.scheduler-event.v2,analytical-model,S1,gemma3_1b_dependency_aware_tiles,0,464,2,2,0,0,34625060,34625059,34625059,1,34698790,34717224,34717224,34717224,2,2,294944,0,34698788,34717220,34717224,34721832,2,2
varp.k26.scheduler-event.v2,analytical-model,S1,gemma3_1b_dependency_aware_tiles,0,465,3,3,0,0,34721833,34721832,34721832,1,34721833,34787371,34787371,34787371,0,0,1048608,0,34721833,34787369,34787371,34803755,0,0
varp.k26.scheduler-event.v2,analytical-model,S1,gemma3_1b_dependency_aware_tiles,0,466,3,3,0,0,34803755,34721832,34721832,81923,34803755,34811949,34811949,34811949,0,0,131104,0,34803755,34811947,34811949,34813997,0,0
varp.k26.scheduler-event.v2,analytical-model,S1,gemma3_1b_dependency_aware_tiles,0,467,0,0,0,0,34813998,34813997,34813997,1,34813998,34887728,34887728,34887728,2,2,1179680,0,34813998,34887726,34887728,34906160,1,2
varp.k26.scheduler-event.v2,analytical-model,S1,gemma3_1b_dependency_aware_tiles,0,474,1,1,0,0,34813998,34813997,34813997,1,34813998,34887728,34887728,34887728,0,0,1179680,0,34887726,34961454,34961454,34979886,1,0
varp.k26.scheduler-event.v2,analytical-model,S1,gemma3_1b_dependency_aware_tiles,0,468,0,0,0,0,34906160,34813997,34813997,92163,34906160,34979890,34979890,34979890,2,2,1179680,0,34961454,35035182,35035182,35053614,1,2
varp.k26.scheduler-event.v2,analytical-model,S1,gemma3_1b_dependency_aware_tiles,0,475,1,1,0,0,34979886,34813997,34813997,165889,34979886,35053616,35053616,35053616,0,0,1179680,0,35035182,35108910,35108910,35127342,1,0
varp.k26.scheduler-event.v2,analytical-model,S1,gemma3_1b_dependency_aware_tiles,0,469,0,0,0,0,35053614,34813997,34813997,239617,35053614,35127344,35127344,35127344,2,2,1179680,0,35108910,35182638,35182638,35201070,1,2
varp.k26.scheduler-event.v2,analytical-model,S1,gemma3_1b_dependency_aware_tiles,0,476,1,1,0,0,35127342,34813997,34813997,313345,35127342,35201072,35201072,35201072,0,0,1179680,0,35182638,35256366,35256366,35274798,1,0
varp.k26.scheduler-event.v2,analytical-model,S1,gemma3_1b_dependency_aware_tiles,0,470,0,0,0,0,35201070,34813997,34813997,387073,35201070,35274800,35274800,35274800,2,2,1179680,0,35256366,35330094,35330094,35348526,1,2
varp.k26.scheduler-event.v2,analytical-model,S1,gemma3_1b_dependency_aware_tiles,0,477,1,1,0,0,35274798,34813997,34813997,460801,35274798,35348528,35348528,35348528,0,0,1179680,0,35330094,35403822,35403822,35422254,1,0
varp.k26.scheduler-event.v2,analytical-model,S1,gemma3_1b_dependency_aware_tiles,0,471,0,0,0,0,35348526,34813997,34813997,534529,35348526,35422256,35422256,35422256,2,2,1179680,0,35403822,35477550,35477550,35495982,1,2
varp.k26.scheduler-event.v2,analytical-model,S1,gemma3_1b_dependency_aware_tiles,0,478,1,1,0,0,35422254,34813997,34813997,608257,35422254,35495984,35495984,35495984,0,0,1179680,0,35477550,35551278,35551278,35569710,1,0
varp.k26.scheduler-event.v2,analytical-model,S1,gemma3_1b_dependency_aware_tiles,0,472,0,0,0,0,35495982,34813997,34813997,681985,35495982,35569712,35569712,35569712,2,2,1179680,0,35551278,35625006,35625006,35643438,1,2
varp.k26.scheduler-event.v2,analytical-model,S1,gemma3_1b_dependency_aware_tiles,0,479,1,1,0,0,35569710,34813997,34813997,755713,35569710,35643440,35643440,35643440,0,0,1179680,0,35625006,35698734,35698734,35717166,1,0
varp.k26.scheduler-event.v2,analytical-model,S1,gemma3_1b_dependency_aware_tiles,0,473,0,0,0,0,35643438,34813997,34813997,829441,35643438,35698736,35698736,35698736,2,2,884768,0,35698734,35754030,35754030,35767854,1,2
varp.k26.scheduler-event.v2,analytical-model,S1,gemma3_1b_dependency_aware_tiles,0,480,1,1,0,0,35717166,34813997,34813997,903169,35717166,35772464,35772464,35772464,0,0,884768,0,35754030,35809326,35809326,35823150,1,0
varp.k26.scheduler-event.v2,analytical-model,S1,gemma3_1b_dependency_aware_tiles,0,481,2,2,0,0,35823151,35823150,35823150,1,35823151,36265521,36265521,36265521,2,2,7077920,0,35823151,36265519,36265521,36376113,0,2
varp.k26.scheduler-event.v2,analytical-model,S1,gemma3_1b_dependency_aware_tiles,0,482,2,2,0,0,36376113,35823150,35823150,552963,36376113,36431411,36431411,36431411,2,2,884768,0,36376113,36431409,36431411,36445235,0,2
varp.k26.scheduler-event.v2,analytical-model,S1,gemma3_1b_dependency_aware_tiles,0,483,0,0,0,0,36445236,36445235,36445235,1,36445236,36518966,36518966,36518966,1,1,1179680,0,36445236,36518964,36518966,36537398,0,1
varp.k26.scheduler-event.v2,analytical-model,S1,gemma3_1b_dependency_aware_tiles,0,484,1,1,0,0,36445236,36445235,36445235,1,36445236,36463670,36463670,36463670,3,3,294944,0,36445236,36463668,36463670,36468278,1,3
varp.k26.scheduler-event.v2,analytical-model,S1,gemma3_1b_dependency_aware_tiles,0,485,2,2,0,0,36445236,36445235,36445235,1,36518966,36537400,36537400,36537400,1,1,294944,0,36445236,36463668,36537400,36542008,3,1
varp.k26.scheduler-event.v2,analytical-model,S1,gemma3_1b_dependency_aware_tiles,0,486,3,3,0,0,36542009,36542008,36542008,1,36542009,36607547,36607547,36607547,3,3,1048608,0,36542009,36607545,36607547,36623931,1,3
varp.k26.scheduler-event.v2,analytical-model,S1,gemma3_1b_dependency_aware_tiles,0,487,3,3,0,0,36623931,36542008,36542008,81923,36623931,36632125,36632125,36632125,3,3,131104,0,36623931,36632123,36632125,36634173,1,3
varp.k26.scheduler-event.v2,analytical-model,S1,gemma3_1b_dependency_aware_tiles,0,488,0,0,0,0,36634174,36634173,36634173,1,36634174,36707904,36707904,36707904,1,1,1179680,0,36634174,36707902,36707904,36726336,3,1
varp.k26.scheduler-event.v2,analytical-model,S1,gemma3_1b_dependency_aware_tiles,0,495,1,1,0,0,36634174,36634173,36634173,1,36634174,36707904,36707904,36707904,3,3,1179680,0,36634174,36707902,36707904,36726336,2,3
varp.k26.scheduler-event.v2,analytical-model,S1,gemma3_1b_dependency_aware_tiles,0,489,0,0,0,0,36726336,36634173,36634173,92163,36726336,36800066,36800066,36800066,1,1,1179680,0,36726336,36800064,36800066,36818498,3,1
varp.k26.scheduler-event.v2,analytical-model,S1,gemma3_1b_dependency_aware_tiles,0,496,1,1,0,0,36726336,36634173,36634173,92163,36726336,36800066,36800066,36800066,3,3,1179680,0,36726336,36800064,36800066,36818498,2,3
varp.k26.scheduler-event.v2,analytical-model,S1,gemma3_1b_dependency_aware_tiles,0,490,0,0,0,0,36818498,36634173,36634173,184325,36818498,36892228,36892228,36892228,1,1,1179680,0,36818498,36892226,36892228,36910660,3,1
varp.k26.scheduler-event.v2,analytical-model,S1,gemma3_1b_dependency_aware_tiles,0,497,1,1,0,0,36818498,36634173,36634173,184325,36818498,36892228,36892228,36892228,3,3,1179680,0,36818498,36892226,36892228,36910660,2,3
varp.k26.scheduler-event.v2,analytical-model,S1,gemma3_1b_dependency_aware_tiles,0,491,0,0,0,0,36910660,36634173,36634173,276487,36910660,36984390,36984390,36984390,1,1,1179680,0,36910660,36984388,36984390,37002822,3,1
varp.k26.scheduler-event.v2,analytical-model,S1,gemma3_1b_dependency_aware_tiles,0,498,1,1,0,0,36910660,36634173,36634173,276487,36910660,36984390,36984390,36984390,3,3,1179680,0,36910660,36984388,36984390,37002822,2,3
varp.k26.scheduler-event.v2,analytical-model,S1,gemma3_1b_dependency_aware_tiles,0,492,0,0,0,0,37002822,36634173,36634173,368649,37002822,37076552,37076552,37076552,1,1,1179680,0,37002822,37076550,37076552,37094984,3,1
varp.k26.scheduler-event.v2,analytical-model,S1,gemma3_1b_dependency_aware_tiles,0,499,1,1,0,0,37002822,36634173,36634173,368649,37002822,37076552,37076552,37076552,3,3,1179680,0,37002822,37076550,37076552,37094984,2,3
varp.k26.scheduler-event.v2,analytical-model,S1,gemma3_1b_dependency_aware_tiles,0,493,0,0,0,0,37094984,36634173,36634173,460811,37094984,37168714,37168714,37168714,1,1,1179680,0,37094984,37168712,37168714,37187146,3,1
varp.k26.scheduler-event.v2,analytical-model,S1,gemma3_1b_dependency_aware_tiles,0,500,1,1,0,0,37094984,36634173,36634173,460811,37094984,37168714,37168714,37168714,3,3,1179680,0,37094984,37168712,37168714,37187146,2,3
varp.k26.scheduler-event.v2,analytical-model,S1,gemma3_1b_dependency_aware_tiles,0,494,0,0,0,0,37187146,36634173,36634173,552973,37187146,37242444,37242444,37242444,1,1,884768,0,37187146,37242442,37242444,37256268,3,1
varp.k26.scheduler-event.v2,analytical-model,S1,gemma3_1b_dependency_aware_tiles,0,501,1,1,0,0,37187146,36634173,36634173,552973,37187146,37242444,37242444,37242444,3,3,884768,0,37187146,37242442,37242444,37256268,2,3
varp.k26.scheduler-event.v2,analytical-model,S1,gemma3_1b_dependency_aware_tiles,0,502,2,2,0,0,37256269,37256268,37256268,1,37256269,37698639,37698639,37698639,1,1,7077920,0,37256269,37698637,37698639,37809231,2,1
varp.k26.scheduler-event.v2,analytical-model,S1,gemma3_1b_dependency_aware_tiles,0,503,2,2,0,0,37809231,37256268,37256268,552963,37809231,37864529,37864529,37864529,1,1,884768,0,37809231,37864527,37864529,37878353,2,1
varp.k26.scheduler-event.v2,analytical-model,S1,gemma3_1b_dependency_aware_tiles,0,504,0,0,0,0,37878354,37878353,37878353,1,37878354,37952084,37952084,37952084,0,0,1179680,0,37878354,37952082,37952084,37970516,1,0
varp.k26.scheduler-event.v2,analytical-model,S1,gemma3_1b_dependency_aware_tiles,0,505,1,1,0,0,37878354,37878353,37878353,1,37878354,37896788,37896788,37896788,2,2,294944,0,37878354,37896786,37896788,37901396,2,2
varp.k26.scheduler-event.v2,analytical-model,S1,gemma3_1b_dependency_aware_tiles,0,506,2,2,0,0,37878354,37878353,37878353,1,37952084,37970518,37970518,37970518,0,0,294944,0,37952082,37970514,37970518,37975126,1,0
varp.k26.scheduler-event.v2,analytical-model,S1,gemma3_1b_dependency_aware_tiles,0,507,3,3,0,0,37975127,37975126,37975126,1,37975127,38040665,38040665,38040665,2,2,1048608,0,37975127,38040663,38040665,38057049,3,2
varp.k26.scheduler-event.v2,analytical-model,S1,gemma3_1b_dependency_aware_tiles,0,508,3,3,0,0,38057049,37975126,37975126,81923,38057049,38065243,38065243,38065243,2,2,131104,0,38057049,38065241,38065243,38067291,3,2
varp.k26.scheduler-event.v2,analytical-model,S1,gemma3_1b_dependency_aware_tiles,0,509,0,0,0,0,38067292,38067291,38067291,1,38067292,38141022,38141022,38141022,0,0,1179680,0,38067292,38141020,38141022,38159454,0,0
varp.k26.scheduler-event.v2,analytical-model,S1,gemma3_1b_dependency_aware_tiles,0,516,1,1,0,0,38067292,38067291,38067291,1,38067292,38141022,38141022,38141022,2,2,1179680,0,38141020,38214748,38214748,38233180,0,2
varp.k26.scheduler-event.v2,analytical-model,S1,gemma3_1b_dependency_aware_tiles,0,510,0,0,0,0,38159454,38067291,38067291,92163,38159454,38233184,38233184,38233184,0,0,1179680,0,38214748,38288476,38288476,38306908,0,0
varp.k26.scheduler-event.v2,analytical-model,S1,gemma3_1b_dependency_aware_tiles,0,517,1,1,0,0,38233180,38067291,38067291,165889,38233180,38306910,38306910,38306910,2,2,1179680,0,38288476,38362204,38362204,38380636,0,2
varp.k26.scheduler-event.v2,analytical-model,S1,gemma3_1b_dependency_aware_tiles,0,511,0,0,0,0,38306908,38067291,38067291,239617,38306908,38380638,38380638,38380638,0,0,1179680,0,38362204,38435932,38435932,38454364,0,0
varp.k26.scheduler-event.v2,analytical-model,S1,gemma3_1b_dependency_aware_tiles,0,518,1,1,0,0,38380636,38067291,38067291,313345,38380636,38454366,38454366,38454366,2,2,1179680,0,38435932,38509660,38509660,38528092,0,2
varp.k26.scheduler-event.v2,analytical-model,S1,gemma3_1b_dependency_aware_tiles,0,512,0,0,0,0,38454364,38067291,38067291,387073,38454364,38528094,38528094,38528094,0,0,1179680,0,38509660,38583388,38583388,38601820,0,0
varp.k26.scheduler-event.v2,analytical-model,S1,gemma3_1b_dependency_aware_tiles,0,519,1,1,0,0,38528092,38067291,38067291,460801,38528092,38601822,38601822,38601822,2,2,1179680,0,38583388,38657116,38657116,38675548,0,2
varp.k26.scheduler-event.v2,analytical-model,S1,gemma3_1b_dependency_aware_tiles,0,513,0,0,0,0,38601820,38067291,38067291,534529,38601820,38675550,38675550,38675550,0,0,1179680,0,38657116,38730844,38730844,38749276,0,0
varp.k26.scheduler-event.v2,analytical-model,S1,gemma3_1b_dependency_aware_tiles,0,520,1,1,0,0,38675548,38067291,38067291,608257,38675548,38749278,38749278,38749278,2,2,1179680,0,38730844,38804572,38804572,38823004,0,2
varp.k26.scheduler-event.v2,analytical-model,S1,gemma3_1b_dependency_aware_tiles,0,514,0,0,0,0,38749276,38067291,38067291,681985,38749276,38823006,38823006,38823006,0,0,1179680,0,38804572,38878300,38878300,38896732,0,0
varp.k26.scheduler-event.v2,analytical-model,S1,gemma3_1b_dependency_aware_tiles,0,521,1,1,0,0,38823004,38067291,38067291,755713,38823004,38896734,38896734,38896734,2,2,1179680,0,38878300,38952028,38952028,38970460,0,2
varp.k26.scheduler-event.v2,analytical-model,S1,gemma3_1b_dependency_aware_tiles,0,515,0,0,0,0,38896732,38067291,38067291,829441,38896732,38952030,38952030,38952030,0,0,884768,0,38952028,39007324,39007324,39021148,0,0
varp.k26.scheduler-event.v2,analytical-model,S1,gemma3_1b_dependency_aware_tiles,0,522,1,1,0,0,38970460,38067291,38067291,903169,38970460,39025758,39025758,39025758,2,2,884768,0,39007324,39062620,39062620,39076444,0,2
varp.k26.scheduler-event.v2,analytical-model,S1,gemma3_1b_dependency_aware_tiles,0,523,2,2,0,0,39076445,39076444,39076444,1,39076445,39518815,39518815,39518815,0,0,7077920,0,39076445,39518813,39518815,39629407,3,0
varp.k26.scheduler-event.v2,analytical-model,S1,gemma3_1b_dependency_aware_tiles,0,524,2,2,0,0,39629407,39076444,39076444,552963,39629407,39684705,39684705,39684705,0,0,884768,0,39629407,39684703,39684705,39698529,3,0
varp.k26.scheduler-event.v2,analytical-model,S1,gemma3_1b_dependency_aware_tiles,0,525,0,0,0,0,39698530,39698529,39698529,1,39698530,39772260,39772260,39772260,3,3,1179680,0,39698530,39772258,39772260,39790692,2,3
varp.k26.scheduler-event.v2,analytical-model,S1,gemma3_1b_dependency_aware_tiles,0,526,1,1,0,0,39698530,39698529,39698529,1,39698530,39716964,39716964,39716964,1,1,294944,0,39698530,39716962,39716964,39721572,0,1
varp.k26.scheduler-event.v2,analytical-model,S1,gemma3_1b_dependency_aware_tiles,0,527,2,2,0,0,39698530,39698529,39698529,1,39772260,39790694,39790694,39790694,3,3,294944,0,39772258,39790690,39790694,39795302,2,3
varp.k26.scheduler-event.v2,analytical-model,S1,gemma3_1b_dependency_aware_tiles,0,528,3,3,0,0,39795303,39795302,39795302,1,39795303,39860841,39860841,39860841,1,1,1048608,0,39795303,39860839,39860841,39877225,0,1
varp.k26.scheduler-event.v2,analytical-model,S1,gemma3_1b_dependency_aware_tiles,0,529,3,3,0,0,39877225,39795302,39795302,81923,39877225,39885419,39885419,39885419,1,1,131104,0,39877225,39885417,39885419,39887467,0,1
varp.k26.scheduler-event.v2,analytical-model,S1,gemma3_1b_dependency_aware_tiles,0,530,0,0,0,0,39887468,39887467,39887467,1,39887468,39961198,39961198,39961198,3,3,1179680,0,39887468,39961196,39961198,39979630,2,3
varp.k26.scheduler-event.v2,analytical-model,S1,gemma3_1b_dependency_aware_tiles,0,537,1,1,0,0,39887468,39887467,39887467,1,39887468,39961198,39961198,39961198,1,1,1179680,0,39887468,39961196,39961198,39979630,1,1
varp.k26.scheduler-event.v2,analytical-model,S1,gemma3_1b_dependency_aware_tiles,0,531,0,0,0,0,39979630,39887467,39887467,92163,39979630,40053360,40053360,40053360,3,3,1179680,0,39979630,40053358,40053360,40071792,2,3
varp.k26.scheduler-event.v2,analytical-model,S1,gemma3_1b_dependency_aware_tiles,0,538,1,1,0,0,39979630,39887467,39887467,92163,39979630,40053360,40053360,40053360,1,1,1179680,0,39979630,40053358,40053360,40071792,1,1
varp.k26.scheduler-event.v2,analytical-model,S1,gemma3_1b_dependency_aware_tiles,0,532,0,0,0,0,40071792,39887467,39887467,184325,40071792,40145522,40145522,40145522,3,3,1179680,0,40071792,40145520,40145522,40163954,2,3
varp.k26.scheduler-event.v2,analytical-model,S1,gemma3_1b_dependency_aware_tiles,0,539,1,1,0,0,40071792,39887467,39887467,184325,40071792,40145522,40145522,40145522,1,1,1179680,0,40071792,40145520,40145522,40163954,1,1
varp.k26.scheduler-event.v2,analytical-model,S1,gemma3_1b_dependency_aware_tiles,0,533,0,0,0,0,40163954,39887467,39887467,276487,40163954,40237684,40237684,40237684,3,3,1179680,0,40163954,40237682,40237684,40256116,2,3
varp.k26.scheduler-event.v2,analytical-model,S1,gemma3_1b_dependency_aware_tiles,0,540,1,1,0,0,40163954,39887467,39887467,276487,40163954,40237684,40237684,40237684,1,1,1179680,0,40163954,40237682,40237684,40256116,1,1
varp.k26.scheduler-event.v2,analytical-model,S1,gemma3_1b_dependency_aware_tiles,0,534,0,0,0,0,40256116,39887467,39887467,368649,40256116,40329846,40329846,40329846,3,3,1179680,0,40256116,40329844,40329846,40348278,2,3
varp.k26.scheduler-event.v2,analytical-model,S1,gemma3_1b_dependency_aware_tiles,0,541,1,1,0,0,40256116,39887467,39887467,368649,40256116,40329846,40329846,40329846,1,1,1179680,0,40256116,40329844,40329846,40348278,1,1
varp.k26.scheduler-event.v2,analytical-model,S1,gemma3_1b_dependency_aware_tiles,0,535,0,0,0,0,40348278,39887467,39887467,460811,40348278,40422008,40422008,40422008,3,3,1179680,0,40348278,40422006,40422008,40440440,2,3
varp.k26.scheduler-event.v2,analytical-model,S1,gemma3_1b_dependency_aware_tiles,0,542,1,1,0,0,40348278,39887467,39887467,460811,40348278,40422008,40422008,40422008,1,1,1179680,0,40348278,40422006,40422008,40440440,1,1
varp.k26.scheduler-event.v2,analytical-model,S1,gemma3_1b_dependency_aware_tiles,0,536,0,0,0,0,40440440,39887467,39887467,552973,40440440,40495738,40495738,40495738,3,3,884768,0,40440440,40495736,40495738,40509562,2,3
varp.k26.scheduler-event.v2,analytical-model,S1,gemma3_1b_dependency_aware_tiles,0,543,1,1,0,0,40440440,39887467,39887467,552973,40440440,40495738,40495738,40495738,1,1,884768,0,40440440,40495736,40495738,40509562,1,1
varp.k26.scheduler-event.v2,analytical-model,S1,gemma3_1b_dependency_aware_tiles,0,544,2,2,0,0,40509563,40509562,40509562,1,40509563,40951933,40951933,40951933,3,3,7077920,0,40509563,40951931,40951933,41062525,0,3
varp.k26.scheduler-event.v2,analytical-model,S1,gemma3_1b_dependency_aware_tiles,0,545,2,2,0,0,41062525,40509562,40509562,552963,41062525,41117823,41117823,41117823,3,3,884768,0,41062525,41117821,41117823,41131647,0,3
varp.k26.scheduler-event.v2,analytical-model,S1,gemma3_1b_dependency_aware_tiles,0,546,0,0,0,0,41131648,41131647,41131647,1,41131648,41205378,41205378,41205378,2,2,1179680,0,41131648,41205376,41205378,41223810,0,2
varp.k26.scheduler-event.v2,analytical-model,S1,gemma3_1b_dependency_aware_tiles,0,547,0,0,0,0,41223810,41131647,41131647,92163,41223810,41297540,41297540,41297540,2,2,1179680,0,41223810,41297538,41297540,41315972,0,2
varp.k26.scheduler-event.v2,analytical-model,S1,gemma3_1b_dependency_aware_tiles,0,548,0,0,0,0,41315972,41131647,41131647,184325,41315972,41389702,41389702,41389702,2,2,1179680,0,41315972,41389700,41389702,41408134,0,2
varp.k26.scheduler-event.v2,analytical-model,S1,gemma3_1b_dependency_aware_tiles,0,549,0,0,0,0,41408134,41131647,41131647,276487,41408134,41481864,41481864,41481864,2,2,1179680,0,41408134,41481862,41481864,41500296,0,2
varp.k26.scheduler-event.v2,analytical-model,S1,gemma3_1b_dependency_aware_tiles,0,550,0,0,0,0,41500296,41131647,41131647,368649,41500296,41574026,41574026,41574026,2,2,1179680,0,41500296,41574024,41574026,41592458,0,2
varp.k26.scheduler-event.v2,analytical-model,S1,gemma3_1b_dependency_aware_tiles,0,551,0,0,0,0,41592458,41131647,41131647,460811,41592458,41666188,41666188,41666188,2,2,1179680,0,41592458,41666186,41666188,41684620,0,2
varp.k26.scheduler-event.v2,analytical-model,S1,gemma3_1b_dependency_aware_tiles,0,552,0,0,0,0,41684620,41131647,41131647,552973,41684620,41758350,41758350,41758350,2,2,1179680,0,41684620,41758348,41758350,41776782,0,2
varp.k26.scheduler-event.v2,analytical-model,S1,gemma3_1b_dependency_aware_tiles,0,553,0,0,0,0,41776782,41131647,41131647,645135,41776782,41850512,41850512,41850512,2,2,1179680,0,41776782,41850510,41850512,41868944,0,2
varp.k26.scheduler-event.v2,analytical-model,S1,gemma3_1b_dependency_aware_tiles,0,554,0,0,0,0,41868944,41131647,41131647,737297,41868944,41942674,41942674,41942674,2,2,1179680,0,41868944,41942672,41942674,41961106,0,2
varp.k26.scheduler-event.v2,analytical-model,S1,gemma3_1b_dependency_aware_tiles,0,555,0,0,0,0,41961106,41131647,41131647,829459,41961106,42034836,42034836,42034836,2,2,1179680,0,41961106,42034834,42034836,42053268,0,2
varp.k26.scheduler-event.v2,analytical-model,S1,gemma3_1b_dependency_aware_tiles,0,556,0,0,0,0,42053268,41131647,41131647,921621,42053268,42126998,42126998,42126998,2,2,1179680,0,42053268,42126996,42126998,42145430,0,2
varp.k26.scheduler-event.v2,analytical-model,S1,gemma3_1b_dependency_aware_tiles,0,557,0,0,0,0,42145430,41131647,41131647,1013783,42145430,42219160,42219160,42219160,2,2,1179680,0,42145430,42219158,42219160,42237592,0,2
varp.k26.scheduler-event.v2,analytical-model,S1,gemma3_1b_dependency_aware_tiles,0,558,0,0,0,0,42237592,41131647,41131647,1105945,42237592,42311322,42311322,42311322,2,2,1179680,0,42237592,42311320,42311322,42329754,0,2
varp.k26.scheduler-event.v2,analytical-model,S1,gemma3_1b_dependency_aware_tiles,0,559,0,0,0,0,42329754,41131647,41131647,1198107,42329754,42403484,42403484,42403484,2,2,1179680,0,42329754,42403482,42403484,42421916,0,2
varp.k26.scheduler-event.v2,analytical-model,S1,gemma3_1b_dependency_aware_tiles,0,560,0,0,0,0,42421916,41131647,41131647,1290269,42421916,42495646,42495646,42495646,2,2,1179680,0,42421916,42495644,42495646,42514078,0,2
varp.k26.scheduler-event.v2,analytical-model,S1,gemma3_1b_dependency_aware_tiles,0,561,0,0,0,0,42514078,41131647,41131647,1382431,42514078,42587808,42587808,42587808,2,2,1179680,0,42514078,42587806,42587808,42606240,0,2
varp.k26.scheduler-event.v2,analytical-model,S1,gemma3_1b_dependency_aware_tiles,0,562,0,0,0,0,42606240,41131647,41131647,1474593,42606240,42679970,42679970,42679970,2,2,1179680,0,42606240,42679968,42679970,42698402,0,2
varp.k26.scheduler-event.v2,analytical-model,S1,gemma3_1b_dependency_aware_tiles,0,563,0,0,0,0,42698402,41131647,41131647,1566755,42698402,42772132,42772132,42772132,2,2,1179680,0,42698402,42772130,42772132,42790564,0,2
varp.k26.scheduler-event.v2,analytical-model,S1,gemma3_1b_dependency_aware_tiles,0,564,0,0,0,0,42790564,41131647,41131647,1658917,42790564,42864294,42864294,42864294,2,2,1179680,0,42790564,42864292,42864294,42882726,0,2
varp.k26.scheduler-event.v2,analytical-model,S1,gemma3_1b_dependency_aware_tiles,0,565,0,0,0,0,42882726,41131647,41131647,1751079,42882726,42956456,42956456,42956456,2,2,1179680,0,42882726,42956454,42956456,42974888,0,2
varp.k26.scheduler-event.v2,analytical-model,S1,gemma3_1b_dependency_aware_tiles,0,566,0,0,0,0,42974888,41131647,41131647,1843241,42974888,43048618,43048618,43048618,2,2,1179680,0,42974888,43048616,43048618,43067050,0,2
varp.k26.scheduler-event.v2,analytical-model,S1,gemma3_1b_dependency_aware_tiles,0,567,0,0,0,0,43067050,41131647,41131647,1935403,43067050,43140780,43140780,43140780,2,2,1179680,0,43067050,43140778,43140780,43159212,0,2
varp.k26.scheduler-event.v2,analytical-model,S1,gemma3_1b_dependency_aware_tiles,0,568,0,0,0,0,43159212,41131647,41131647,2027565,43159212,43232942,43232942,43232942,2,2,1179680,0,43159212,43232940,43232942,43251374,0,2
varp.k26.scheduler-event.v2,analytical-model,S1,gemma3_1b_dependency_aware_tiles,0,569,0,0,0,0,43251374,41131647,41131647,2119727,43251374,43325104,43325104,43325104,2,2,1179680,0,43251374,43325102,43325104,43343536,0,2
varp.k26.scheduler-event.v2,analytical-model,S1,gemma3_1b_dependency_aware_tiles,0,570,0,0,0,0,43343536,41131647,41131647,2211889,43343536,43417266,43417266,43417266,2,2,1179680,0,43343536,43417264,43417266,43435698,0,2
varp.k26.scheduler-event.v2,analytical-model,S1,gemma3_1b_dependency_aware_tiles,0,571,0,0,0,0,43435698,41131647,41131647,2304051,43435698,43509428,43509428,43509428,2,2,1179680,0,43435698,43509426,43509428,43527860,0,2
varp.k26.scheduler-event.v2,analytical-model,S1,gemma3_1b_dependency_aware_tiles,0,572,0,0,0,0,43527860,41131647,41131647,2396213,43527860,43601590,43601590,43601590,2,2,1179680,0,43527860,43601588,43601590,43620022,0,2
varp.k26.scheduler-event.v2,analytical-model,S1,gemma3_1b_dependency_aware_tiles,0,573,0,0,0,0,43620022,41131647,41131647,2488375,43620022,43693752,43693752,43693752,2,2,1179680,0,43620022,43693750,43693752,43712184,0,2
varp.k26.scheduler-event.v2,analytical-model,S1,gemma3_1b_dependency_aware_tiles,0,574,0,0,0,0,43712184,41131647,41131647,2580537,43712184,43785914,43785914,43785914,2,2,1179680,0,43712184,43785912,43785914,43804346,0,2
varp.k26.scheduler-event.v2,analytical-model,S1,gemma3_1b_dependency_aware_tiles,0,575,0,0,0,0,43804346,41131647,41131647,2672699,43804346,43878076,43878076,43878076,2,2,1179680,0,43804346,43878074,43878076,43896508,0,2
varp.k26.scheduler-event.v2,analytical-model,S1,gemma3_1b_dependency_aware_tiles,0,576,0,0,0,0,43896508,41131647,41131647,2764861,43896508,43970238,43970238,43970238,2,2,1179680,0,43896508,43970236,43970238,43988670,0,2
varp.k26.scheduler-event.v2,analytical-model,S1,gemma3_1b_dependency_aware_tiles,0,577,0,0,0,0,43988670,41131647,41131647,2857023,43988670,44062400,44062400,44062400,2,2,1179680,0,43988670,44062398,44062400,44080832,0,2
varp.k26.scheduler-event.v2,analytical-model,S1,gemma3_1b_dependency_aware_tiles,0,578,0,0,0,0,44080832,41131647,41131647,2949185,44080832,44154562,44154562,44154562,2,2,1179680,0,44080832,44154560,44154562,44172994,0,2
varp.k26.scheduler-event.v2,analytical-model,S1,gemma3_1b_dependency_aware_tiles,0,579,0,0,0,0,44172994,41131647,41131647,3041347,44172994,44246724,44246724,44246724,2,2,1179680,0,44172994,44246722,44246724,44265156,0,2
varp.k26.scheduler-event.v2,analytical-model,S1,gemma3_1b_dependency_aware_tiles,0,580,0,0,0,0,44265156,41131647,41131647,3133509,44265156,44338886,44338886,44338886,2,2,1179680,0,44265156,44338884,44338886,44357318,0,2
varp.k26.scheduler-event.v2,analytical-model,S1,gemma3_1b_dependency_aware_tiles,0,581,0,0,0,0,44357318,41131647,41131647,3225671,44357318,44431048,44431048,44431048,2,2,1179680,0,44357318,44431046,44431048,44449480,0,2
varp.k26.scheduler-event.v2,analytical-model,S1,gemma3_1b_dependency_aware_tiles,0,582,0,0,0,0,44449480,41131647,41131647,3317833,44449480,44523210,44523210,44523210,2,2,1179680,0,44449480,44523208,44523210,44541642,0,2
varp.k26.scheduler-event.v2,analytical-model,S1,gemma3_1b_dependency_aware_tiles,0,583,0,0,0,0,44541642,41131647,41131647,3409995,44541642,44615372,44615372,44615372,2,2,1179680,0,44541642,44615370,44615372,44633804,0,2
varp.k26.scheduler-event.v2,analytical-model,S1,gemma3_1b_dependency_aware_tiles,0,584,0,0,0,0,44633804,41131647,41131647,3502157,44633804,44707534,44707534,44707534,2,2,1179680,0,44633804,44707532,44707534,44725966,0,2
varp.k26.scheduler-event.v2,analytical-model,S1,gemma3_1b_dependency_aware_tiles,0,585,0,0,0,0,44725966,41131647,41131647,3594319,44725966,44799696,44799696,44799696,2,2,1179680,0,44725966,44799694,44799696,44818128,0,2
varp.k26.scheduler-event.v2,analytical-model,S1,gemma3_1b_dependency_aware_tiles,0,586,0,0,0,0,44818128,41131647,41131647,3686481,44818128,44891858,44891858,44891858,2,2,1179680,0,44818128,44891856,44891858,44910290,0,2
varp.k26.scheduler-event.v2,analytical-model,S1,gemma3_1b_dependency_aware_tiles,0,587,0,0,0,0,44910290,41131647,41131647,3778643,44910290,44984020,44984020,44984020,2,2,1179680,0,44910290,44984018,44984020,45002452,0,2
varp.k26.scheduler-event.v2,analytical-model,S1,gemma3_1b_dependency_aware_tiles,0,588,0,0,0,0,45002452,41131647,41131647,3870805,45002452,45076182,45076182,45076182,2,2,1179680,0,45002452,45076180,45076182,45094614,0,2
varp.k26.scheduler-event.v2,analytical-model,S1,gemma3_1b_dependency_aware_tiles,0,589,0,0,0,0,45094614,41131647,41131647,3962967,45094614,45168344,45168344,45168344,2,2,1179680,0,45094614,45168342,45168344,45186776,0,2
varp.k26.scheduler-event.v2,analytical-model,S1,gemma3_1b_dependency_aware_tiles,0,590,0,0,0,0,45186776,41131647,41131647,4055129,45186776,45260506,45260506,45260506,2,2,1179680,0,45186776,45260504,45260506,45278938,0,2
varp.k26.scheduler-event.v2,analytical-model,S1,gemma3_1b_dependency_aware_tiles,0,591,0,0,0,0,45278938,41131647,41131647,4147291,45278938,45352668,45352668,45352668,2,2,1179680,0,45278938,45352666,45352668,45371100,0,2
varp.k26.scheduler-event.v2,analytical-model,S1,gemma3_1b_dependency_aware_tiles,0,592,0,0,0,0,45371100,41131647,41131647,4239453,45371100,45444830,45444830,45444830,2,2,1179680,0,45371100,45444828,45444830,45463262,0,2
varp.k26.scheduler-event.v2,analytical-model,S1,gemma3_1b_dependency_aware_tiles,0,593,0,0,0,0,45463262,41131647,41131647,4331615,45463262,45536992,45536992,45536992,2,2,1179680,0,45463262,45536990,45536992,45555424,0,2
varp.k26.scheduler-event.v2,analytical-model,S1,gemma3_1b_dependency_aware_tiles,0,594,0,0,0,0,45555424,41131647,41131647,4423777,45555424,45629154,45629154,45629154,2,2,1179680,0,45555424,45629152,45629154,45647586,0,2
varp.k26.scheduler-event.v2,analytical-model,S1,gemma3_1b_dependency_aware_tiles,0,595,0,0,0,0,45647586,41131647,41131647,4515939,45647586,45721316,45721316,45721316,2,2,1179680,0,45647586,45721314,45721316,45739748,0,2
varp.k26.scheduler-event.v2,analytical-model,S1,gemma3_1b_dependency_aware_tiles,0,596,0,0,0,0,45739748,41131647,41131647,4608101,45739748,45813478,45813478,45813478,2,2,1179680,0,45739748,45813476,45813478,45831910,0,2
varp.k26.scheduler-event.v2,analytical-model,S1,gemma3_1b_dependency_aware_tiles,0,597,0,0,0,0,45831910,41131647,41131647,4700263,45831910,45905640,45905640,45905640,2,2,1179680,0,45831910,45905638,45905640,45924072,0,2
varp.k26.scheduler-event.v2,analytical-model,S1,gemma3_1b_dependency_aware_tiles,0,598,0,0,0,0,45924072,41131647,41131647,4792425,45924072,45997802,45997802,45997802,2,2,1179680,0,45924072,45997800,45997802,46016234,0,2
varp.k26.scheduler-event.v2,analytical-model,S1,gemma3_1b_dependency_aware_tiles,0,599,0,0,0,0,46016234,41131647,41131647,4884587,46016234,46089964,46089964,46089964,2,2,1179680,0,46016234,46089962,46089964,46108396,0,2
varp.k26.scheduler-event.v2,analytical-model,S1,gemma3_1b_dependency_aware_tiles,0,600,0,0,0,0,46108396,41131647,41131647,4976749,46108396,46182126,46182126,46182126,2,2,1179680,0,46108396,46182124,46182126,46200558,0,2
varp.k26.scheduler-event.v2,analytical-model,S1,gemma3_1b_dependency_aware_tiles,0,601,0,0,0,0,46200558,41131647,41131647,5068911,46200558,46274288,46274288,46274288,2,2,1179680,0,46200558,46274286,46274288,46292720,0,2
varp.k26.scheduler-event.v2,analytical-model,S1,gemma3_1b_dependency_aware_tiles,0,602,0,0,0,0,46292720,41131647,41131647,5161073,46292720,46366450,46366450,46366450,2,2,1179680,0,46292720,46366448,46366450,46384882,0,2
varp.k26.scheduler-event.v2,analytical-model,S1,gemma3_1b_dependency_aware_tiles,0,603,0,0,0,0,46384882,41131647,41131647,5253235,46384882,46458612,46458612,46458612,2,2,1179680,0,46384882,46458610,46458612,46477044,0,2
varp.k26.scheduler-event.v2,analytical-model,S1,gemma3_1b_dependency_aware_tiles,0,604,0,0,0,0,46477044,41131647,41131647,5345397,46477044,46550774,46550774,46550774,2,2,1179680,0,46477044,46550772,46550774,46569206,0,2
varp.k26.scheduler-event.v2,analytical-model,S1,gemma3_1b_dependency_aware_tiles,0,605,0,0,0,0,46569206,41131647,41131647,5437559,46569206,46642936,46642936,46642936,2,2,1179680,0,46569206,46642934,46642936,46661368,0,2
varp.k26.scheduler-event.v2,analytical-model,S1,gemma3_1b_dependency_aware_tiles,0,606,0,0,0,0,46661368,41131647,41131647,5529721,46661368,46735098,46735098,46735098,2,2,1179680,0,46661368,46735096,46735098,46753530,0,2
varp.k26.scheduler-event.v2,analytical-model,S1,gemma3_1b_dependency_aware_tiles,0,607,0,0,0,0,46753530,41131647,41131647,5621883,46753530,46827260,46827260,46827260,2,2,1179680,0,46753530,46827258,46827260,46845692,0,2
varp.k26.scheduler-event.v2,analytical-model,S1,gemma3_1b_dependency_aware_tiles,0,608,0,0,0,0,46845692,41131647,41131647,5714045,46845692,46919422,46919422,46919422,2,2,1179680,0,46845692,46919420,46919422,46937854,0,2
varp.k26.scheduler-event.v2,analytical-model,S1,gemma3_1b_dependency_aware_tiles,0,609,0,0,0,0,46937854,41131647,41131647,5806207,46937854,47011584,47011584,47011584,2,2,1179680,0,46937854,47011582,47011584,47030016,0,2
varp.k26.scheduler-event.v2,analytical-model,S1,gemma3_1b_dependency_aware_tiles,0,610,0,0,0,0,47030016,41131647,41131647,5898369,47030016,47103746,47103746,47103746,2,2,1179680,0,47030016,47103744,47103746,47122178,0,2
varp.k26.scheduler-event.v2,analytical-model,S1,gemma3_1b_dependency_aware_tiles,0,611,0,0,0,0,47122178,41131647,41131647,5990531,47122178,47195908,47195908,47195908,2,2,1179680,0,47122178,47195906,47195908,47214340,0,2
varp.k26.scheduler-event.v2,analytical-model,S1,gemma3_1b_dependency_aware_tiles,0,612,0,0,0,0,47214340,41131647,41131647,6082693,47214340,47288070,47288070,47288070,2,2,1179680,0,47214340,47288068,47288070,47306502,0,2
varp.k26.scheduler-event.v2,analytical-model,S1,gemma3_1b_dependency_aware_tiles,0,613,0,0,0,0,47306502,41131647,41131647,6174855,47306502,47380232,47380232,47380232,2,2,1179680,0,47306502,47380230,47380232,47398664,0,2
varp.k26.scheduler-event.v2,analytical-model,S1,gemma3_1b_dependency_aware_tiles,0,614,0,0,0,0,47398664,41131647,41131647,6267017,47398664,47472394,47472394,47472394,2,2,1179680,0,47398664,47472392,47472394,47490826,0,2
varp.k26.scheduler-event.v2,analytical-model,S1,gemma3_1b_dependency_aware_tiles,0,615,0,0,0,0,47490826,41131647,41131647,6359179,47490826,47564556,47564556,47564556,2,2,1179680,0,47490826,47564554,47564556,47582988,0,2
varp.k26.scheduler-event.v2,analytical-model,S1,gemma3_1b_dependency_aware_tiles,0,616,0,0,0,0,47582988,41131647,41131647,6451341,47582988,47656718,47656718,47656718,2,2,1179680,0,47582988,47656716,47656718,47675150,0,2
varp.k26.scheduler-event.v2,analytical-model,S1,gemma3_1b_dependency_aware_tiles,0,617,0,0,0,0,47675150,41131647,41131647,6543503,47675150,47748880,47748880,47748880,2,2,1179680,0,47675150,47748878,47748880,47767312,0,2
varp.k26.scheduler-event.v2,analytical-model,S1,gemma3_1b_dependency_aware_tiles,0,618,0,0,0,0,47767312,41131647,41131647,6635665,47767312,47841042,47841042,47841042,2,2,1179680,0,47767312,47841040,47841042,47859474,0,2
varp.k26.scheduler-event.v2,analytical-model,S1,gemma3_1b_dependency_aware_tiles,0,619,0,0,0,0,47859474,41131647,41131647,6727827,47859474,47933204,47933204,47933204,2,2,1179680,0,47859474,47933202,47933204,47951636,0,2
varp.k26.scheduler-event.v2,analytical-model,S1,gemma3_1b_dependency_aware_tiles,0,620,0,0,0,0,47951636,41131647,41131647,6819989,47951636,48025366,48025366,48025366,2,2,1179680,0,47951636,48025364,48025366,48043798,0,2
varp.k26.scheduler-event.v2,analytical-model,S1,gemma3_1b_dependency_aware_tiles,0,621,0,0,0,0,48043798,41131647,41131647,6912151,48043798,48117528,48117528,48117528,2,2,1179680,0,48043798,48117526,48117528,48135960,0,2
varp.k26.scheduler-event.v2,analytical-model,S1,gemma3_1b_dependency_aware_tiles,0,622,0,0,0,0,48135960,41131647,41131647,7004313,48135960,48209690,48209690,48209690,2,2,1179680,0,48135960,48209688,48209690,48228122,0,2
varp.k26.scheduler-event.v2,analytical-model,S1,gemma3_1b_dependency_aware_tiles,0,623,0,0,0,0,48228122,41131647,41131647,7096475,48228122,48301852,48301852,48301852,2,2,1179680,0,48228122,48301850,48301852,48320284,0,2
varp.k26.scheduler-event.v2,analytical-model,S1,gemma3_1b_dependency_aware_tiles,0,624,0,0,0,0,48320284,41131647,41131647,7188637,48320284,48394014,48394014,48394014,2,2,1179680,0,48320284,48394012,48394014,48412446,0,2
varp.k26.scheduler-event.v2,analytical-model,S1,gemma3_1b_dependency_aware_tiles,0,625,0,0,0,0,48412446,41131647,41131647,7280799,48412446,48486176,48486176,48486176,2,2,1179680,0,48412446,48486174,48486176,48504608,0,2
varp.k26.scheduler-event.v2,analytical-model,S1,gemma3_1b_dependency_aware_tiles,0,626,0,0,0,0,48504608,41131647,41131647,7372961,48504608,48578338,48578338,48578338,2,2,1179680,0,48504608,48578336,48578338,48596770,0,2
varp.k26.scheduler-event.v2,analytical-model,S1,gemma3_1b_dependency_aware_tiles,0,627,0,0,0,0,48596770,41131647,41131647,7465123,48596770,48670500,48670500,48670500,2,2,1179680,0,48596770,48670498,48670500,48688932,0,2
varp.k26.scheduler-event.v2,analytical-model,S1,gemma3_1b_dependency_aware_tiles,0,628,0,0,0,0,48688932,41131647,41131647,7557285,48688932,48762662,48762662,48762662,2,2,1179680,0,48688932,48762660,48762662,48781094,0,2
varp.k26.scheduler-event.v2,analytical-model,S1,gemma3_1b_dependency_aware_tiles,0,629,0,0,0,0,48781094,41131647,41131647,7649447,48781094,48854824,48854824,48854824,2,2,1179680,0,48781094,48854822,48854824,48873256,0,2
varp.k26.scheduler-event.v2,analytical-model,S1,gemma3_1b_dependency_aware_tiles,0,630,0,0,0,0,48873256,41131647,41131647,7741609,48873256,48946986,48946986,48946986,2,2,1179680,0,48873256,48946984,48946986,48965418,0,2
varp.k26.scheduler-event.v2,analytical-model,S1,gemma3_1b_dependency_aware_tiles,0,631,0,0,0,0,48965418,41131647,41131647,7833771,48965418,49039148,49039148,49039148,2,2,1179680,0,48965418,49039146,49039148,49057580,0,2
varp.k26.scheduler-event.v2,analytical-model,S1,gemma3_1b_dependency_aware_tiles,0,632,0,0,0,0,49057580,41131647,41131647,7925933,49057580,49131310,49131310,49131310,2,2,1179680,0,49057580,49131308,49131310,49149742,0,2
varp.k26.scheduler-event.v2,analytical-model,S1,gemma3_1b_dependency_aware_tiles,0,633,0,0,0,0,49149742,41131647,41131647,8018095,49149742,49223472,49223472,49223472,2,2,1179680,0,49149742,49223470,49223472,49241904,0,2
varp.k26.scheduler-event.v2,analytical-model,S1,gemma3_1b_dependency_aware_tiles,0,634,0,0,0,0,49241904,41131647,41131647,8110257,49241904,49315634,49315634,49315634,2,2,1179680,0,49241904,49315632,49315634,49334066,0,2
varp.k26.scheduler-event.v2,analytical-model,S1,gemma3_1b_dependency_aware_tiles,0,635,0,0,0,0,49334066,41131647,41131647,8202419,49334066,49407796,49407796,49407796,2,2,1179680,0,49334066,49407794,49407796,49426228,0,2
varp.k26.scheduler-event.v2,analytical-model,S1,gemma3_1b_dependency_aware_tiles,0,636,0,0,0,0,49426228,41131647,41131647,8294581,49426228,49499958,49499958,49499958,2,2,1179680,0,49426228,49499956,49499958,49518390,0,2
varp.k26.scheduler-event.v2,analytical-model,S1,gemma3_1b_dependency_aware_tiles,0,637,0,0,0,0,49518390,41131647,41131647,8386743,49518390,49592120,49592120,49592120,2,2,1179680,0,49518390,49592118,49592120,49610552,0,2
varp.k26.scheduler-event.v2,analytical-model,S1,gemma3_1b_dependency_aware_tiles,0,638,0,0,0,0,49610552,41131647,41131647,8478905,49610552,49684282,49684282,49684282,2,2,1179680,0,49610552,49684280,49684282,49702714,0,2
varp.k26.scheduler-event.v2,analytical-model,S1,gemma3_1b_dependency_aware_tiles,0,639,0,0,0,0,49702714,41131647,41131647,8571067,49702714,49776444,49776444,49776444,2,2,1179680,0,49702714,49776442,49776444,49794876,0,2
varp.k26.scheduler-event.v2,analytical-model,S1,gemma3_1b_dependency_aware_tiles,0,640,0,0,0,0,49794876,41131647,41131647,8663229,49794876,49868606,49868606,49868606,2,2,1179680,0,49794876,49868604,49868606,49887038,0,2
varp.k26.scheduler-event.v2,analytical-model,S1,gemma3_1b_dependency_aware_tiles,0,641,0,0,0,0,49887038,41131647,41131647,8755391,49887038,49960768,49960768,49960768,2,2,1179680,0,49887038,49960766,49960768,49979200,0,2
varp.k26.scheduler-event.v2,analytical-model,S1,gemma3_1b_dependency_aware_tiles,0,642,0,0,0,0,49979200,41131647,41131647,8847553,49979200,50052930,50052930,50052930,2,2,1179680,0,49979200,50052928,50052930,50071362,0,2
varp.k26.scheduler-event.v2,analytical-model,S1,gemma3_1b_dependency_aware_tiles,0,643,0,0,0,0,50071362,41131647,41131647,8939715,50071362,50145092,50145092,50145092,2,2,1179680,0,50071362,50145090,50145092,50163524,0,2
varp.k26.scheduler-event.v2,analytical-model,S1,gemma3_1b_dependency_aware_tiles,0,644,0,0,0,0,50163524,41131647,41131647,9031877,50163524,50237254,50237254,50237254,2,2,1179680,0,50163524,50237252,50237254,50255686,0,2
varp.k26.scheduler-event.v2,analytical-model,S1,gemma3_1b_dependency_aware_tiles,0,645,0,0,0,0,50255686,41131647,41131647,9124039,50255686,50329416,50329416,50329416,2,2,1179680,0,50255686,50329414,50329416,50347848,0,2
varp.k26.scheduler-event.v2,analytical-model,S1,gemma3_1b_dependency_aware_tiles,0,646,0,0,0,0,50347848,41131647,41131647,9216201,50347848,50421578,50421578,50421578,2,2,1179680,0,50347848,50421576,50421578,50440010,0,2
varp.k26.scheduler-event.v2,analytical-model,S1,gemma3_1b_dependency_aware_tiles,0,647,0,0,0,0,50440010,41131647,41131647,9308363,50440010,50513740,50513740,50513740,2,2,1179680,0,50440010,50513738,50513740,50532172,0,2
varp.k26.scheduler-event.v2,analytical-model,S1,gemma3_1b_dependency_aware_tiles,0,648,0,0,0,0,50532172,41131647,41131647,9400525,50532172,50605902,50605902,50605902,2,2,1179680,0,50532172,50605900,50605902,50624334,0,2
varp.k26.scheduler-event.v2,analytical-model,S1,gemma3_1b_dependency_aware_tiles,0,649,0,0,0,0,50624334,41131647,41131647,9492687,50624334,50698064,50698064,50698064,2,2,1179680,0,50624334,50698062,50698064,50716496,0,2
varp.k26.scheduler-event.v2,analytical-model,S1,gemma3_1b_dependency_aware_tiles,0,650,0,0,0,0,50716496,41131647,41131647,9584849,50716496,50790226,50790226,50790226,2,2,1179680,0,50716496,50790224,50790226,50808658,0,2
varp.k26.scheduler-event.v2,analytical-model,S1,gemma3_1b_dependency_aware_tiles,0,651,0,0,0,0,50808658,41131647,41131647,9677011,50808658,50882388,50882388,50882388,2,2,1179680,0,50808658,50882386,50882388,50900820,0,2
varp.k26.scheduler-event.v2,analytical-model,S1,gemma3_1b_dependency_aware_tiles,0,652,0,0,0,0,50900820,41131647,41131647,9769173,50900820,50974550,50974550,50974550,2,2,1179680,0,50900820,50974548,50974550,50992982,0,2
varp.k26.scheduler-event.v2,analytical-model,S1,gemma3_1b_dependency_aware_tiles,0,653,0,0,0,0,50992982,41131647,41131647,9861335,50992982,51066712,51066712,51066712,2,2,1179680,0,50992982,51066710,51066712,51085144,0,2
varp.k26.scheduler-event.v2,analytical-model,S1,gemma3_1b_dependency_aware_tiles,0,654,0,0,0,0,51085144,41131647,41131647,9953497,51085144,51158874,51158874,51158874,2,2,1179680,0,51085144,51158872,51158874,51177306,0,2
varp.k26.scheduler-event.v2,analytical-model,S1,gemma3_1b_dependency_aware_tiles,0,655,0,0,0,0,51177306,41131647,41131647,10045659,51177306,51251036,51251036,51251036,2,2,1179680,0,51177306,51251034,51251036,51269468,0,2
varp.k26.scheduler-event.v2,analytical-model,S1,gemma3_1b_dependency_aware_tiles,0,656,0,0,0,0,51269468,41131647,41131647,10137821,51269468,51343198,51343198,51343198,2,2,1179680,0,51269468,51343196,51343198,51361630,0,2
varp.k26.scheduler-event.v2,analytical-model,S1,gemma3_1b_dependency_aware_tiles,0,657,0,0,0,0,51361630,41131647,41131647,10229983,51361630,51435360,51435360,51435360,2,2,1179680,0,51361630,51435358,51435360,51453792,0,2
varp.k26.scheduler-event.v2,analytical-model,S1,gemma3_1b_dependency_aware_tiles,0,658,0,0,0,0,51453792,41131647,41131647,10322145,51453792,51527522,51527522,51527522,2,2,1179680,0,51453792,51527520,51527522,51545954,0,2
varp.k26.scheduler-event.v2,analytical-model,S1,gemma3_1b_dependency_aware_tiles,0,659,0,0,0,0,51545954,41131647,41131647,10414307,51545954,51619684,51619684,51619684,2,2,1179680,0,51545954,51619682,51619684,51638116,0,2
varp.k26.scheduler-event.v2,analytical-model,S1,gemma3_1b_dependency_aware_tiles,0,660,0,0,0,0,51638116,41131647,41131647,10506469,51638116,51711846,51711846,51711846,2,2,1179680,0,51638116,51711844,51711846,51730278,0,2
varp.k26.scheduler-event.v2,analytical-model,S1,gemma3_1b_dependency_aware_tiles,0,661,0,0,0,0,51730278,41131647,41131647,10598631,51730278,51804008,51804008,51804008,2,2,1179680,0,51730278,51804006,51804008,51822440,0,2
varp.k26.scheduler-event.v2,analytical-model,S1,gemma3_1b_dependency_aware_tiles,0,662,0,0,0,0,51822440,41131647,41131647,10690793,51822440,51896170,51896170,51896170,2,2,1179680,0,51822440,51896168,51896170,51914602,0,2
varp.k26.scheduler-event.v2,analytical-model,S1,gemma3_1b_dependency_aware_tiles,0,663,0,0,0,0,51914602,41131647,41131647,10782955,51914602,51988332,51988332,51988332,2,2,1179680,0,51914602,51988330,51988332,52006764,0,2
varp.k26.scheduler-event.v2,analytical-model,S1,gemma3_1b_dependency_aware_tiles,0,664,0,0,0,0,52006764,41131647,41131647,10875117,52006764,52080494,52080494,52080494,2,2,1179680,0,52006764,52080492,52080494,52098926,0,2
varp.k26.scheduler-event.v2,analytical-model,S1,gemma3_1b_dependency_aware_tiles,0,665,0,0,0,0,52098926,41131647,41131647,10967279,52098926,52172656,52172656,52172656,2,2,1179680,0,52098926,52172654,52172656,52191088,0,2
varp.k26.scheduler-event.v2,analytical-model,S1,gemma3_1b_dependency_aware_tiles,0,666,0,0,0,0,52191088,41131647,41131647,11059441,52191088,52264818,52264818,52264818,2,2,1179680,0,52191088,52264816,52264818,52283250,0,2
varp.k26.scheduler-event.v2,analytical-model,S1,gemma3_1b_dependency_aware_tiles,0,667,0,0,0,0,52283250,41131647,41131647,11151603,52283250,52356980,52356980,52356980,2,2,1179680,0,52283250,52356978,52356980,52375412,0,2
varp.k26.scheduler-event.v2,analytical-model,S1,gemma3_1b_dependency_aware_tiles,0,668,0,0,0,0,52375412,41131647,41131647,11243765,52375412,52449142,52449142,52449142,2,2,1179680,0,52375412,52449140,52449142,52467574,0,2
varp.k26.scheduler-event.v2,analytical-model,S1,gemma3_1b_dependency_aware_tiles,0,669,0,0,0,0,52467574,41131647,41131647,11335927,52467574,52541304,52541304,52541304,2,2,1179680,0,52467574,52541302,52541304,52559736,0,2
varp.k26.scheduler-event.v2,analytical-model,S1,gemma3_1b_dependency_aware_tiles,0,670,0,0,0,0,52559736,41131647,41131647,11428089,52559736,52633466,52633466,52633466,2,2,1179680,0,52559736,52633464,52633466,52651898,0,2
varp.k26.scheduler-event.v2,analytical-model,S1,gemma3_1b_dependency_aware_tiles,0,671,0,0,0,0,52651898,41131647,41131647,11520251,52651898,52725628,52725628,52725628,2,2,1179680,0,52651898,52725626,52725628,52744060,0,2
varp.k26.scheduler-event.v2,analytical-model,S1,gemma3_1b_dependency_aware_tiles,0,672,0,0,0,0,52744060,41131647,41131647,11612413,52744060,52817790,52817790,52817790,2,2,1179680,0,52744060,52817788,52817790,52836222,0,2
varp.k26.scheduler-event.v2,analytical-model,S1,gemma3_1b_dependency_aware_tiles,0,673,0,0,0,0,52836222,41131647,41131647,11704575,52836222,52909952,52909952,52909952,2,2,1179680,0,52836222,52909950,52909952,52928384,0,2
varp.k26.scheduler-event.v2,analytical-model,S1,gemma3_1b_dependency_aware_tiles,0,674,0,0,0,0,52928384,41131647,41131647,11796737,52928384,53002114,53002114,53002114,2,2,1179680,0,52928384,53002112,53002114,53020546,0,2
varp.k26.scheduler-event.v2,analytical-model,S1,gemma3_1b_dependency_aware_tiles,0,675,0,0,0,0,53020546,41131647,41131647,11888899,53020546,53094276,53094276,53094276,2,2,1179680,0,53020546,53094274,53094276,53112708,0,2
varp.k26.scheduler-event.v2,analytical-model,S1,gemma3_1b_dependency_aware_tiles,0,676,0,0,0,0,53112708,41131647,41131647,11981061,53112708,53186438,53186438,53186438,2,2,1179680,0,53112708,53186436,53186438,53204870,0,2
varp.k26.scheduler-event.v2,analytical-model,S1,gemma3_1b_dependency_aware_tiles,0,677,0,0,0,0,53204870,41131647,41131647,12073223,53204870,53278600,53278600,53278600,2,2,1179680,0,53204870,53278598,53278600,53297032,0,2
varp.k26.scheduler-event.v2,analytical-model,S1,gemma3_1b_dependency_aware_tiles,0,678,0,0,0,0,53297032,41131647,41131647,12165385,53297032,53370762,53370762,53370762,2,2,1179680,0,53297032,53370760,53370762,53389194,0,2
varp.k26.scheduler-event.v2,analytical-model,S1,gemma3_1b_dependency_aware_tiles,0,679,0,0,0,0,53389194,41131647,41131647,12257547,53389194,53462924,53462924,53462924,2,2,1179680,0,53389194,53462922,53462924,53481356,0,2
varp.k26.scheduler-event.v2,analytical-model,S1,gemma3_1b_dependency_aware_tiles,0,680,0,0,0,0,53481356,41131647,41131647,12349709,53481356,53555086,53555086,53555086,2,2,1179680,0,53481356,53555084,53555086,53573518,0,2
varp.k26.scheduler-event.v2,analytical-model,S1,gemma3_1b_dependency_aware_tiles,0,681,0,0,0,0,53573518,41131647,41131647,12441871,53573518,53647248,53647248,53647248,2,2,1179680,0,53573518,53647246,53647248,53665680,0,2
varp.k26.scheduler-event.v2,analytical-model,S1,gemma3_1b_dependency_aware_tiles,0,682,0,0,0,0,53665680,41131647,41131647,12534033,53665680,53739410,53739410,53739410,2,2,1179680,0,53665680,53739408,53739410,53757842,0,2
varp.k26.scheduler-event.v2,analytical-model,S1,gemma3_1b_dependency_aware_tiles,0,683,0,0,0,0,53757842,41131647,41131647,12626195,53757842,53831572,53831572,53831572,2,2,1179680,0,53757842,53831570,53831572,53850004,0,2
varp.k26.scheduler-event.v2,analytical-model,S1,gemma3_1b_dependency_aware_tiles,0,684,0,0,0,0,53850004,41131647,41131647,12718357,53850004,53923734,53923734,53923734,2,2,1179680,0,53850004,53923732,53923734,53942166,0,2
varp.k26.scheduler-event.v2,analytical-model,S1,gemma3_1b_dependency_aware_tiles,0,685,0,0,0,0,53942166,41131647,41131647,12810519,53942166,54015896,54015896,54015896,2,2,1179680,0,53942166,54015894,54015896,54034328,0,2
varp.k26.scheduler-event.v2,analytical-model,S1,gemma3_1b_dependency_aware_tiles,0,686,0,0,0,0,54034328,41131647,41131647,12902681,54034328,54108058,54108058,54108058,2,2,1179680,0,54034328,54108056,54108058,54126490,0,2
varp.k26.scheduler-event.v2,analytical-model,S1,gemma3_1b_dependency_aware_tiles,0,687,0,0,0,0,54126490,41131647,41131647,12994843,54126490,54200220,54200220,54200220,2,2,1179680,0,54126490,54200218,54200220,54218652,0,2
varp.k26.scheduler-event.v2,analytical-model,S1,gemma3_1b_dependency_aware_tiles,0,688,0,0,0,0,54218652,41131647,41131647,13087005,54218652,54292382,54292382,54292382,2,2,1179680,0,54218652,54292380,54292382,54310814,0,2
varp.k26.scheduler-event.v2,analytical-model,S1,gemma3_1b_dependency_aware_tiles,0,689,0,0,0,0,54310814,41131647,41131647,13179167,54310814,54384544,54384544,54384544,2,2,1179680,0,54310814,54384542,54384544,54402976,0,2
varp.k26.scheduler-event.v2,analytical-model,S1,gemma3_1b_dependency_aware_tiles,0,690,0,0,0,0,54402976,41131647,41131647,13271329,54402976,54476706,54476706,54476706,2,2,1179680,0,54402976,54476704,54476706,54495138,0,2
varp.k26.scheduler-event.v2,analytical-model,S1,gemma3_1b_dependency_aware_tiles,0,691,0,0,0,0,54495138,41131647,41131647,13363491,54495138,54568868,54568868,54568868,2,2,1179680,0,54495138,54568866,54568868,54587300,0,2
varp.k26.scheduler-event.v2,analytical-model,S1,gemma3_1b_dependency_aware_tiles,0,692,0,0,0,0,54587300,41131647,41131647,13455653,54587300,54661030,54661030,54661030,2,2,1179680,0,54587300,54661028,54661030,54679462,0,2
varp.k26.scheduler-event.v2,analytical-model,S1,gemma3_1b_dependency_aware_tiles,0,693,0,0,0,0,54679462,41131647,41131647,13547815,54679462,54753192,54753192,54753192,2,2,1179680,0,54679462,54753190,54753192,54771624,0,2
varp.k26.scheduler-event.v2,analytical-model,S1,gemma3_1b_dependency_aware_tiles,0,694,0,0,0,0,54771624,41131647,41131647,13639977,54771624,54845354,54845354,54845354,2,2,1179680,0,54771624,54845352,54845354,54863786,0,2
varp.k26.scheduler-event.v2,analytical-model,S1,gemma3_1b_dependency_aware_tiles,0,695,0,0,0,0,54863786,41131647,41131647,13732139,54863786,54937516,54937516,54937516,2,2,1179680,0,54863786,54937514,54937516,54955948,0,2
varp.k26.scheduler-event.v2,analytical-model,S1,gemma3_1b_dependency_aware_tiles,0,696,0,0,0,0,54955948,41131647,41131647,13824301,54955948,55029678,55029678,55029678,2,2,1179680,0,54955948,55029676,55029678,55048110,0,2
varp.k26.scheduler-event.v2,analytical-model,S1,gemma3_1b_dependency_aware_tiles,0,697,0,0,0,0,55048110,41131647,41131647,13916463,55048110,55121840,55121840,55121840,2,2,1179680,0,55048110,55121838,55121840,55140272,0,2
varp.k26.scheduler-event.v2,analytical-model,S1,gemma3_1b_dependency_aware_tiles,0,698,0,0,0,0,55140272,41131647,41131647,14008625,55140272,55214002,55214002,55214002,2,2,1179680,0,55140272,55214000,55214002,55232434,0,2
varp.k26.scheduler-event.v2,analytical-model,S1,gemma3_1b_dependency_aware_tiles,0,699,0,0,0,0,55232434,41131647,41131647,14100787,55232434,55306164,55306164,55306164,2,2,1179680,0,55232434,55306162,55306164,55324596,0,2
varp.k26.scheduler-event.v2,analytical-model,S1,gemma3_1b_dependency_aware_tiles,0,700,0,0,0,0,55324596,41131647,41131647,14192949,55324596,55398326,55398326,55398326,2,2,1179680,0,55324596,55398324,55398326,55416758,0,2
varp.k26.scheduler-event.v2,analytical-model,S1,gemma3_1b_dependency_aware_tiles,0,701,0,0,0,0,55416758,41131647,41131647,14285111,55416758,55490488,55490488,55490488,2,2,1179680,0,55416758,55490486,55490488,55508920,0,2
varp.k26.scheduler-event.v2,analytical-model,S1,gemma3_1b_dependency_aware_tiles,0,702,0,0,0,0,55508920,41131647,41131647,14377273,55508920,55582650,55582650,55582650,2,2,1179680,0,55508920,55582648,55582650,55601082,0,2
varp.k26.scheduler-event.v2,analytical-model,S1,gemma3_1b_dependency_aware_tiles,0,703,0,0,0,0,55601082,41131647,41131647,14469435,55601082,55674812,55674812,55674812,2,2,1179680,0,55601082,55674810,55674812,55693244,0,2
varp.k26.scheduler-event.v2,analytical-model,S1,gemma3_1b_dependency_aware_tiles,0,704,0,0,0,0,55693244,41131647,41131647,14561597,55693244,55766974,55766974,55766974,2,2,1179680,0,55693244,55766972,55766974,55785406,0,2
varp.k26.scheduler-event.v2,analytical-model,S1,gemma3_1b_dependency_aware_tiles,0,705,0,0,0,0,55785406,41131647,41131647,14653759,55785406,55859136,55859136,55859136,2,2,1179680,0,55785406,55859134,55859136,55877568,0,2
varp.k26.scheduler-event.v2,analytical-model,S1,gemma3_1b_dependency_aware_tiles,0,706,0,0,0,0,55877568,41131647,41131647,14745921,55877568,55951298,55951298,55951298,2,2,1179680,0,55877568,55951296,55951298,55969730,0,2
varp.k26.scheduler-event.v2,analytical-model,S1,gemma3_1b_dependency_aware_tiles,0,707,0,0,0,0,55969730,41131647,41131647,14838083,55969730,56043460,56043460,56043460,2,2,1179680,0,55969730,56043458,56043460,56061892,0,2
varp.k26.scheduler-event.v2,analytical-model,S1,gemma3_1b_dependency_aware_tiles,0,708,0,0,0,0,56061892,41131647,41131647,14930245,56061892,56135622,56135622,56135622,2,2,1179680,0,56061892,56135620,56135622,56154054,0,2
varp.k26.scheduler-event.v2,analytical-model,S1,gemma3_1b_dependency_aware_tiles,0,709,0,0,0,0,56154054,41131647,41131647,15022407,56154054,56227784,56227784,56227784,2,2,1179680,0,56154054,56227782,56227784,56246216,0,2
varp.k26.scheduler-event.v2,analytical-model,S1,gemma3_1b_dependency_aware_tiles,0,710,0,0,0,0,56246216,41131647,41131647,15114569,56246216,56319946,56319946,56319946,2,2,1179680,0,56246216,56319944,56319946,56338378,0,2
varp.k26.scheduler-event.v2,analytical-model,S1,gemma3_1b_dependency_aware_tiles,0,711,0,0,0,0,56338378,41131647,41131647,15206731,56338378,56412108,56412108,56412108,2,2,1179680,0,56338378,56412106,56412108,56430540,0,2
varp.k26.scheduler-event.v2,analytical-model,S1,gemma3_1b_dependency_aware_tiles,0,712,0,0,0,0,56430540,41131647,41131647,15298893,56430540,56504270,56504270,56504270,2,2,1179680,0,56430540,56504268,56504270,56522702,0,2
varp.k26.scheduler-event.v2,analytical-model,S1,gemma3_1b_dependency_aware_tiles,0,713,0,0,0,0,56522702,41131647,41131647,15391055,56522702,56596432,56596432,56596432,2,2,1179680,0,56522702,56596430,56596432,56614864,0,2
varp.k26.scheduler-event.v2,analytical-model,S1,gemma3_1b_dependency_aware_tiles,0,714,0,0,0,0,56614864,41131647,41131647,15483217,56614864,56688594,56688594,56688594,2,2,1179680,0,56614864,56688592,56688594,56707026,0,2
varp.k26.scheduler-event.v2,analytical-model,S1,gemma3_1b_dependency_aware_tiles,0,715,0,0,0,0,56707026,41131647,41131647,15575379,56707026,56780756,56780756,56780756,2,2,1179680,0,56707026,56780754,56780756,56799188,0,2
varp.k26.scheduler-event.v2,analytical-model,S1,gemma3_1b_dependency_aware_tiles,0,716,0,0,0,0,56799188,41131647,41131647,15667541,56799188,56872918,56872918,56872918,2,2,1179680,0,56799188,56872916,56872918,56891350,0,2
varp.k26.scheduler-event.v2,analytical-model,S1,gemma3_1b_dependency_aware_tiles,0,717,0,0,0,0,56891350,41131647,41131647,15759703,56891350,56965080,56965080,56965080,2,2,1179680,0,56891350,56965078,56965080,56983512,0,2
varp.k26.scheduler-event.v2,analytical-model,S1,gemma3_1b_dependency_aware_tiles,0,718,0,0,0,0,56983512,41131647,41131647,15851865,56983512,57057242,57057242,57057242,2,2,1179680,0,56983512,57057240,57057242,57075674,0,2
varp.k26.scheduler-event.v2,analytical-model,S1,gemma3_1b_dependency_aware_tiles,0,719,0,0,0,0,57075674,41131647,41131647,15944027,57075674,57149404,57149404,57149404,2,2,1179680,0,57075674,57149402,57149404,57167836,0,2
varp.k26.scheduler-event.v2,analytical-model,S1,gemma3_1b_dependency_aware_tiles,0,720,0,0,0,0,57167836,41131647,41131647,16036189,57167836,57241566,57241566,57241566,2,2,1179680,0,57167836,57241564,57241566,57259998,0,2
varp.k26.scheduler-event.v2,analytical-model,S1,gemma3_1b_dependency_aware_tiles,0,721,0,0,0,0,57259998,41131647,41131647,16128351,57259998,57333728,57333728,57333728,2,2,1179680,0,57259998,57333726,57333728,57352160,0,2
varp.k26.scheduler-event.v2,analytical-model,S1,gemma3_1b_dependency_aware_tiles,0,722,0,0,0,0,57352160,41131647,41131647,16220513,57352160,57425890,57425890,57425890,2,2,1179680,0,57352160,57425888,57425890,57444322,0,2
varp.k26.scheduler-event.v2,analytical-model,S1,gemma3_1b_dependency_aware_tiles,0,723,0,0,0,0,57444322,41131647,41131647,16312675,57444322,57518052,57518052,57518052,2,2,1179680,0,57444322,57518050,57518052,57536484,0,2
varp.k26.scheduler-event.v2,analytical-model,S1,gemma3_1b_dependency_aware_tiles,0,724,0,0,0,0,57536484,41131647,41131647,16404837,57536484,57610214,57610214,57610214,2,2,1179680,0,57536484,57610212,57610214,57628646,0,2
varp.k26.scheduler-event.v2,analytical-model,S1,gemma3_1b_dependency_aware_tiles,0,725,0,0,0,0,57628646,41131647,41131647,16496999,57628646,57702376,57702376,57702376,2,2,1179680,0,57628646,57702374,57702376,57720808,0,2
varp.k26.scheduler-event.v2,analytical-model,S1,gemma3_1b_dependency_aware_tiles,0,726,0,0,0,0,57720808,41131647,41131647,16589161,57720808,57794538,57794538,57794538,2,2,1179680,0,57720808,57794536,57794538,57812970,0,2
varp.k26.scheduler-event.v2,analytical-model,S1,gemma3_1b_dependency_aware_tiles,0,727,0,0,0,0,57812970,41131647,41131647,16681323,57812970,57886700,57886700,57886700,2,2,1179680,0,57812970,57886698,57886700,57905132,0,2
varp.k26.scheduler-event.v2,analytical-model,S1,gemma3_1b_dependency_aware_tiles,0,728,0,0,0,0,57905132,41131647,41131647,16773485,57905132,57978862,57978862,57978862,2,2,1179680,0,57905132,57978860,57978862,57997294,0,2
varp.k26.scheduler-event.v2,analytical-model,S1,gemma3_1b_dependency_aware_tiles,0,729,0,0,0,0,57997294,41131647,41131647,16865647,57997294,58071024,58071024,58071024,2,2,1179680,0,57997294,58071022,58071024,58089456,0,2
varp.k26.scheduler-event.v2,analytical-model,S1,gemma3_1b_dependency_aware_tiles,0,730,0,0,0,0,58089456,41131647,41131647,16957809,58089456,58163186,58163186,58163186,2,2,1179680,0,58089456,58163184,58163186,58181618,0,2
varp.k26.scheduler-event.v2,analytical-model,S1,gemma3_1b_dependency_aware_tiles,0,731,0,0,0,0,58181618,41131647,41131647,17049971,58181618,58255348,58255348,58255348,2,2,1179680,0,58181618,58255346,58255348,58273780,0,2
varp.k26.scheduler-event.v2,analytical-model,S1,gemma3_1b_dependency_aware_tiles,0,732,0,0,0,0,58273780,41131647,41131647,17142133,58273780,58347510,58347510,58347510,2,2,1179680,0,58273780,58347508,58347510,58365942,0,2
varp.k26.scheduler-event.v2,analytical-model,S1,gemma3_1b_dependency_aware_tiles,0,733,0,0,0,0,58365942,41131647,41131647,17234295,58365942,58439672,58439672,58439672,2,2,1179680,0,58365942,58439670,58439672,58458104,0,2
varp.k26.scheduler-event.v2,analytical-model,S1,gemma3_1b_dependency_aware_tiles,0,734,0,0,0,0,58458104,41131647,41131647,17326457,58458104,58531834,58531834,58531834,2,2,1179680,0,58458104,58531832,58531834,58550266,0,2
varp.k26.scheduler-event.v2,analytical-model,S1,gemma3_1b_dependency_aware_tiles,0,735,0,0,0,0,58550266,41131647,41131647,17418619,58550266,58623996,58623996,58623996,2,2,1179680,0,58550266,58623994,58623996,58642428,0,2
varp.k26.scheduler-event.v2,analytical-model,S1,gemma3_1b_dependency_aware_tiles,0,736,0,0,0,0,58642428,41131647,41131647,17510781,58642428,58716158,58716158,58716158,2,2,1179680,0,58642428,58716156,58716158,58734590,0,2
varp.k26.scheduler-event.v2,analytical-model,S1,gemma3_1b_dependency_aware_tiles,0,737,0,0,0,0,58734590,41131647,41131647,17602943,58734590,58808320,58808320,58808320,2,2,1179680,0,58734590,58808318,58808320,58826752,0,2
varp.k26.scheduler-event.v2,analytical-model,S1,gemma3_1b_dependency_aware_tiles,0,738,0,0,0,0,58826752,41131647,41131647,17695105,58826752,58900482,58900482,58900482,2,2,1179680,0,58826752,58900480,58900482,58918914,0,2
varp.k26.scheduler-event.v2,analytical-model,S1,gemma3_1b_dependency_aware_tiles,0,739,0,0,0,0,58918914,41131647,41131647,17787267,58918914,58992644,58992644,58992644,2,2,1179680,0,58918914,58992642,58992644,59011076,0,2
varp.k26.scheduler-event.v2,analytical-model,S1,gemma3_1b_dependency_aware_tiles,0,740,0,0,0,0,59011076,41131647,41131647,17879429,59011076,59084806,59084806,59084806,2,2,1179680,0,59011076,59084804,59084806,59103238,0,2
varp.k26.scheduler-event.v2,analytical-model,S1,gemma3_1b_dependency_aware_tiles,0,741,0,0,0,0,59103238,41131647,41131647,17971591,59103238,59176968,59176968,59176968,2,2,1179680,0,59103238,59176966,59176968,59195400,0,2
varp.k26.scheduler-event.v2,analytical-model,S1,gemma3_1b_dependency_aware_tiles,0,742,0,0,0,0,59195400,41131647,41131647,18063753,59195400,59269130,59269130,59269130,2,2,1179680,0,59195400,59269128,59269130,59287562,0,2
varp.k26.scheduler-event.v2,analytical-model,S1,gemma3_1b_dependency_aware_tiles,0,743,0,0,0,0,59287562,41131647,41131647,18155915,59287562,59361292,59361292,59361292,2,2,1179680,0,59287562,59361290,59361292,59379724,0,2
varp.k26.scheduler-event.v2,analytical-model,S1,gemma3_1b_dependency_aware_tiles,0,744,0,0,0,0,59379724,41131647,41131647,18248077,59379724,59453454,59453454,59453454,2,2,1179680,0,59379724,59453452,59453454,59471886,0,2
varp.k26.scheduler-event.v2,analytical-model,S1,gemma3_1b_dependency_aware_tiles,0,745,0,0,0,0,59471886,41131647,41131647,18340239,59471886,59545616,59545616,59545616,2,2,1179680,0,59471886,59545614,59545616,59564048,0,2
varp.k26.scheduler-event.v2,analytical-model,S1,gemma3_1b_dependency_aware_tiles,0,746,0,0,0,0,59564048,41131647,41131647,18432401,59564048,59637778,59637778,59637778,2,2,1179680,0,59564048,59637776,59637778,59656210,0,2
varp.k26.scheduler-event.v2,analytical-model,S1,gemma3_1b_dependency_aware_tiles,0,747,0,0,0,0,59656210,41131647,41131647,18524563,59656210,59729940,59729940,59729940,2,2,1179680,0,59656210,59729938,59729940,59748372,0,2
varp.k26.scheduler-event.v2,analytical-model,S1,gemma3_1b_dependency_aware_tiles,0,748,0,0,0,0,59748372,41131647,41131647,18616725,59748372,59822102,59822102,59822102,2,2,1179680,0,59748372,59822100,59822102,59840534,0,2
varp.k26.scheduler-event.v2,analytical-model,S1,gemma3_1b_dependency_aware_tiles,0,749,0,0,0,0,59840534,41131647,41131647,18708887,59840534,59914264,59914264,59914264,2,2,1179680,0,59840534,59914262,59914264,59932696,0,2
varp.k26.scheduler-event.v2,analytical-model,S1,gemma3_1b_dependency_aware_tiles,0,750,0,0,0,0,59932696,41131647,41131647,18801049,59932696,60006426,60006426,60006426,2,2,1179680,0,59932696,60006424,60006426,60024858,0,2
varp.k26.scheduler-event.v2,analytical-model,S1,gemma3_1b_dependency_aware_tiles,0,751,0,0,0,0,60024858,41131647,41131647,18893211,60024858,60098588,60098588,60098588,2,2,1179680,0,60024858,60098586,60098588,60117020,0,2
varp.k26.scheduler-event.v2,analytical-model,S1,gemma3_1b_dependency_aware_tiles,0,752,0,0,0,0,60117020,41131647,41131647,18985373,60117020,60190750,60190750,60190750,2,2,1179680,0,60117020,60190748,60190750,60209182,0,2
varp.k26.scheduler-event.v2,analytical-model,S1,gemma3_1b_dependency_aware_tiles,0,753,0,0,0,0,60209182,41131647,41131647,19077535,60209182,60282912,60282912,60282912,2,2,1179680,0,60209182,60282910,60282912,60301344,0,2
varp.k26.scheduler-event.v2,analytical-model,S1,gemma3_1b_dependency_aware_tiles,0,754,0,0,0,0,60301344,41131647,41131647,19169697,60301344,60375074,60375074,60375074,2,2,1179680,0,60301344,60375072,60375074,60393506,0,2
varp.k26.scheduler-event.v2,analytical-model,S1,gemma3_1b_dependency_aware_tiles,0,755,0,0,0,0,60393506,41131647,41131647,19261859,60393506,60467236,60467236,60467236,2,2,1179680,0,60393506,60467234,60467236,60485668,0,2
varp.k26.scheduler-event.v2,analytical-model,S1,gemma3_1b_dependency_aware_tiles,0,756,0,0,0,0,60485668,41131647,41131647,19354021,60485668,60559398,60559398,60559398,2,2,1179680,0,60485668,60559396,60559398,60577830,0,2
varp.k26.scheduler-event.v2,analytical-model,S1,gemma3_1b_dependency_aware_tiles,0,757,0,0,0,0,60577830,41131647,41131647,19446183,60577830,60651560,60651560,60651560,2,2,1179680,0,60577830,60651558,60651560,60669992,0,2
varp.k26.scheduler-event.v2,analytical-model,S1,gemma3_1b_dependency_aware_tiles,0,758,0,0,0,0,60669992,41131647,41131647,19538345,60669992,60743722,60743722,60743722,2,2,1179680,0,60669992,60743720,60743722,60762154,0,2
varp.k26.scheduler-event.v2,analytical-model,S1,gemma3_1b_dependency_aware_tiles,0,759,0,0,0,0,60762154,41131647,41131647,19630507,60762154,60835884,60835884,60835884,2,2,1179680,0,60762154,60835882,60835884,60854316,0,2
varp.k26.scheduler-event.v2,analytical-model,S1,gemma3_1b_dependency_aware_tiles,0,760,0,0,0,0,60854316,41131647,41131647,19722669,60854316,60928046,60928046,60928046,2,2,1179680,0,60854316,60928044,60928046,60946478,0,2
varp.k26.scheduler-event.v2,analytical-model,S1,gemma3_1b_dependency_aware_tiles,0,761,0,0,0,0,60946478,41131647,41131647,19814831,60946478,61020208,61020208,61020208,2,2,1179680,0,60946478,61020206,61020208,61038640,0,2
varp.k26.scheduler-event.v2,analytical-model,S1,gemma3_1b_dependency_aware_tiles,0,762,0,0,0,0,61038640,41131647,41131647,19906993,61038640,61112370,61112370,61112370,2,2,1179680,0,61038640,61112368,61112370,61130802,0,2
varp.k26.scheduler-event.v2,analytical-model,S1,gemma3_1b_dependency_aware_tiles,0,763,0,0,0,0,61130802,41131647,41131647,19999155,61130802,61204532,61204532,61204532,2,2,1179680,0,61130802,61204530,61204532,61222964,0,2
varp.k26.scheduler-event.v2,analytical-model,S1,gemma3_1b_dependency_aware_tiles,0,764,0,0,0,0,61222964,41131647,41131647,20091317,61222964,61296694,61296694,61296694,2,2,1179680,0,61222964,61296692,61296694,61315126,0,2
varp.k26.scheduler-event.v2,analytical-model,S1,gemma3_1b_dependency_aware_tiles,0,765,0,0,0,0,61315126,41131647,41131647,20183479,61315126,61388856,61388856,61388856,2,2,1179680,0,61315126,61388854,61388856,61407288,0,2
varp.k26.scheduler-event.v2,analytical-model,S1,gemma3_1b_dependency_aware_tiles,0,766,0,0,0,0,61407288,41131647,41131647,20275641,61407288,61481018,61481018,61481018,2,2,1179680,0,61407288,61481016,61481018,61499450,0,2
varp.k26.scheduler-event.v2,analytical-model,S1,gemma3_1b_dependency_aware_tiles,0,767,0,0,0,0,61499450,41131647,41131647,20367803,61499450,61573180,61573180,61573180,2,2,1179680,0,61499450,61573178,61573180,61591612,0,2
varp.k26.scheduler-event.v2,analytical-model,S1,gemma3_1b_dependency_aware_tiles,0,768,0,0,0,0,61591612,41131647,41131647,20459965,61591612,61665342,61665342,61665342,2,2,1179680,0,61591612,61665340,61665342,61683774,0,2
varp.k26.scheduler-event.v2,analytical-model,S1,gemma3_1b_dependency_aware_tiles,0,769,0,0,0,0,61683774,41131647,41131647,20552127,61683774,61757504,61757504,61757504,2,2,1179680,0,61683774,61757502,61757504,61775936,0,2
varp.k26.scheduler-event.v2,analytical-model,S1,gemma3_1b_dependency_aware_tiles,0,770,0,0,0,0,61775936,41131647,41131647,20644289,61775936,61849666,61849666,61849666,2,2,1179680,0,61775936,61849664,61849666,61868098,0,2
varp.k26.scheduler-event.v2,analytical-model,S1,gemma3_1b_dependency_aware_tiles,0,771,0,0,0,0,61868098,41131647,41131647,20736451,61868098,61941828,61941828,61941828,2,2,1179680,0,61868098,61941826,61941828,61960260,0,2
varp.k26.scheduler-event.v2,analytical-model,S1,gemma3_1b_dependency_aware_tiles,0,772,0,0,0,0,61960260,41131647,41131647,20828613,61960260,62033990,62033990,62033990,2,2,1179680,0,61960260,62033988,62033990,62052422,0,2
varp.k26.scheduler-event.v2,analytical-model,S1,gemma3_1b_dependency_aware_tiles,0,773,0,0,0,0,62052422,41131647,41131647,20920775,62052422,62126152,62126152,62126152,2,2,1179680,0,62052422,62126150,62126152,62144584,0,2
varp.k26.scheduler-event.v2,analytical-model,S1,gemma3_1b_dependency_aware_tiles,0,774,0,0,0,0,62144584,41131647,41131647,21012937,62144584,62218314,62218314,62218314,2,2,1179680,0,62144584,62218312,62218314,62236746,0,2
varp.k26.scheduler-event.v2,analytical-model,S1,gemma3_1b_dependency_aware_tiles,0,775,0,0,0,0,62236746,41131647,41131647,21105099,62236746,62310476,62310476,62310476,2,2,1179680,0,62236746,62310474,62310476,62328908,0,2
varp.k26.scheduler-event.v2,analytical-model,S1,gemma3_1b_dependency_aware_tiles,0,776,0,0,0,0,62328908,41131647,41131647,21197261,62328908,62402638,62402638,62402638,2,2,1179680,0,62328908,62402636,62402638,62421070,0,2
varp.k26.scheduler-event.v2,analytical-model,S1,gemma3_1b_dependency_aware_tiles,0,777,0,0,0,0,62421070,41131647,41131647,21289423,62421070,62494800,62494800,62494800,2,2,1179680,0,62421070,62494798,62494800,62513232,0,2
varp.k26.scheduler-event.v2,analytical-model,S1,gemma3_1b_dependency_aware_tiles,0,778,0,0,0,0,62513232,41131647,41131647,21381585,62513232,62586962,62586962,62586962,2,2,1179680,0,62513232,62586960,62586962,62605394,0,2
varp.k26.scheduler-event.v2,analytical-model,S1,gemma3_1b_dependency_aware_tiles,0,779,0,0,0,0,62605394,41131647,41131647,21473747,62605394,62679124,62679124,62679124,2,2,1179680,0,62605394,62679122,62679124,62697556,0,2
varp.k26.scheduler-event.v2,analytical-model,S1,gemma3_1b_dependency_aware_tiles,0,780,0,0,0,0,62697556,41131647,41131647,21565909,62697556,62771286,62771286,62771286,2,2,1179680,0,62697556,62771284,62771286,62789718,0,2
varp.k26.scheduler-event.v2,analytical-model,S1,gemma3_1b_dependency_aware_tiles,0,781,0,0,0,0,62789718,41131647,41131647,21658071,62789718,62863448,62863448,62863448,2,2,1179680,0,62789718,62863446,62863448,62881880,0,2
varp.k26.scheduler-event.v2,analytical-model,S1,gemma3_1b_dependency_aware_tiles,0,782,0,0,0,0,62881880,41131647,41131647,21750233,62881880,62955610,62955610,62955610,2,2,1179680,0,62881880,62955608,62955610,62974042,0,2
varp.k26.scheduler-event.v2,analytical-model,S1,gemma3_1b_dependency_aware_tiles,0,783,0,0,0,0,62974042,41131647,41131647,21842395,62974042,63047772,63047772,63047772,2,2,1179680,0,62974042,63047770,63047772,63066204,0,2
varp.k26.scheduler-event.v2,analytical-model,S1,gemma3_1b_dependency_aware_tiles,0,784,0,0,0,0,63066204,41131647,41131647,21934557,63066204,63139934,63139934,63139934,2,2,1179680,0,63066204,63139932,63139934,63158366,0,2
varp.k26.scheduler-event.v2,analytical-model,S1,gemma3_1b_dependency_aware_tiles,0,785,0,0,0,0,63158366,41131647,41131647,22026719,63158366,63232096,63232096,63232096,2,2,1179680,0,63158366,63232094,63232096,63250528,0,2
varp.k26.scheduler-event.v2,analytical-model,S1,gemma3_1b_dependency_aware_tiles,0,786,0,0,0,0,63250528,41131647,41131647,22118881,63250528,63324258,63324258,63324258,2,2,1179680,0,63250528,63324256,63324258,63342690,0,2
varp.k26.scheduler-event.v2,analytical-model,S1,gemma3_1b_dependency_aware_tiles,0,787,0,0,0,0,63342690,41131647,41131647,22211043,63342690,63416420,63416420,63416420,2,2,1179680,0,63342690,63416418,63416420,63434852,0,2
varp.k26.scheduler-event.v2,analytical-model,S1,gemma3_1b_dependency_aware_tiles,0,788,0,0,0,0,63434852,41131647,41131647,22303205,63434852,63508582,63508582,63508582,2,2,1179680,0,63434852,63508580,63508582,63527014,0,2
varp.k26.scheduler-event.v2,analytical-model,S1,gemma3_1b_dependency_aware_tiles,0,789,0,0,0,0,63527014,41131647,41131647,22395367,63527014,63600744,63600744,63600744,2,2,1179680,0,63527014,63600742,63600744,63619176,0,2
varp.k26.scheduler-event.v2,analytical-model,S1,gemma3_1b_dependency_aware_tiles,0,790,0,0,0,0,63619176,41131647,41131647,22487529,63619176,63692906,63692906,63692906,2,2,1179680,0,63619176,63692904,63692906,63711338,0,2
varp.k26.scheduler-event.v2,analytical-model,S1,gemma3_1b_dependency_aware_tiles,0,791,0,0,0,0,63711338,41131647,41131647,22579691,63711338,63785068,63785068,63785068,2,2,1179680,0,63711338,63785066,63785068,63803500,0,2
varp.k26.scheduler-event.v2,analytical-model,S1,gemma3_1b_dependency_aware_tiles,0,792,0,0,0,0,63803500,41131647,41131647,22671853,63803500,63877230,63877230,63877230,2,2,1179680,0,63803500,63877228,63877230,63895662,0,2
varp.k26.scheduler-event.v2,analytical-model,S1,gemma3_1b_dependency_aware_tiles,0,793,0,0,0,0,63895662,41131647,41131647,22764015,63895662,63969392,63969392,63969392,2,2,1179680,0,63895662,63969390,63969392,63987824,0,2
varp.k26.scheduler-event.v2,analytical-model,S1,gemma3_1b_dependency_aware_tiles,0,794,0,0,0,0,63987824,41131647,41131647,22856177,63987824,64061554,64061554,64061554,2,2,1179680,0,63987824,64061552,64061554,64079986,0,2
varp.k26.scheduler-event.v2,analytical-model,S1,gemma3_1b_dependency_aware_tiles,0,795,0,0,0,0,64079986,41131647,41131647,22948339,64079986,64153716,64153716,64153716,2,2,1179680,0,64079986,64153714,64153716,64172148,0,2
varp.k26.scheduler-event.v2,analytical-model,S1,gemma3_1b_dependency_aware_tiles,0,796,0,0,0,0,64172148,41131647,41131647,23040501,64172148,64245878,64245878,64245878,2,2,1179680,0,64172148,64245876,64245878,64264310,0,2
varp.k26.scheduler-event.v2,analytical-model,S1,gemma3_1b_dependency_aware_tiles,0,797,0,0,0,0,64264310,41131647,41131647,23132663,64264310,64338040,64338040,64338040,2,2,1179680,0,64264310,64338038,64338040,64356472,0,2
varp.k26.scheduler-event.v2,analytical-model,S1,gemma3_1b_dependency_aware_tiles,0,798,0,0,0,0,64356472,41131647,41131647,23224825,64356472,64430202,64430202,64430202,2,2,1179680,0,64356472,64430200,64430202,64448634,0,2
varp.k26.scheduler-event.v2,analytical-model,S1,gemma3_1b_dependency_aware_tiles,0,799,0,0,0,0,64448634,41131647,41131647,23316987,64448634,64522364,64522364,64522364,2,2,1179680,0,64448634,64522362,64522364,64540796,0,2
varp.k26.scheduler-event.v2,analytical-model,S1,gemma3_1b_dependency_aware_tiles,0,800,0,0,0,0,64540796,41131647,41131647,23409149,64540796,64614526,64614526,64614526,2,2,1179680,0,64540796,64614524,64614526,64632958,0,2
varp.k26.scheduler-event.v2,analytical-model,S1,gemma3_1b_dependency_aware_tiles,0,801,0,0,0,0,64632958,41131647,41131647,23501311,64632958,64706688,64706688,64706688,2,2,1179680,0,64632958,64706686,64706688,64725120,0,2
