schema_version,evidence_type,scheduler,workload,seed,job_id,home_cluster,dispatch_cluster,stolen,arrival_cycle,dispatch_cycle,release_cycle,dependency_wait_cycles,queue_wait_cycles,link_start_cycle,home_link_end_cycle,remote_copy_start_cycle,link_end_cycle,home_link_bundle,execution_link_bundle,base_link_bytes,remote_copy_bytes,memory_start_cycle,memory_end_cycle,compute_start_cycle,compute_end_cycle,preferred_channel,preferred_link_bundle
varp.k26.scheduler-event.v2,analytical-model,S3,gemma3_1b_dependency_aware_tiles,0,0,0,0,0,0,0,0,0,0,0,73730,73730,73730,0,0,1179680,0,0,73728,73730,92162,0,0
varp.k26.scheduler-event.v2,analytical-model,S3,gemma3_1b_dependency_aware_tiles,0,1,1,1,0,0,0,0,0,0,0,18434,18434,18434,2,2,294944,0,0,18432,18434,23042,1,2
varp.k26.scheduler-event.v2,analytical-model,S3,gemma3_1b_dependency_aware_tiles,0,2,2,2,0,0,0,0,0,0,73730,92164,92164,92164,0,0,294944,0,0,18432,92164,96772,3,0
varp.k26.scheduler-event.v2,analytical-model,S3,gemma3_1b_dependency_aware_tiles,0,3,3,3,0,0,96773,96772,96772,1,96773,162311,162311,162311,2,2,1048608,0,96773,162309,162311,178695,1,2
varp.k26.scheduler-event.v2,analytical-model,S3,gemma3_1b_dependency_aware_tiles,0,4,3,0,1,0,178695,96772,96772,81923,178695,186889,186889,195178,2,0,131104,132624,178695,186887,195178,197226,1,2
varp.k26.scheduler-event.v2,analytical-model,S3,gemma3_1b_dependency_aware_tiles,0,5,0,0,0,0,197227,197226,197226,1,197227,270957,270957,270957,0,0,1179680,0,197227,270955,270957,289389,3,0
varp.k26.scheduler-event.v2,analytical-model,S3,gemma3_1b_dependency_aware_tiles,0,12,1,1,0,0,197227,197226,197226,1,197227,270957,270957,270957,2,2,1179680,0,197227,270955,270957,289389,2,2
varp.k26.scheduler-event.v2,analytical-model,S3,gemma3_1b_dependency_aware_tiles,0,6,0,0,0,0,289389,197226,197226,92163,289389,363119,363119,363119,0,0,1179680,0,289389,363117,363119,381551,3,0
varp.k26.scheduler-event.v2,analytical-model,S3,gemma3_1b_dependency_aware_tiles,0,13,1,1,0,0,289389,197226,197226,92163,289389,363119,363119,363119,2,2,1179680,0,289389,363117,363119,381551,2,2
varp.k26.scheduler-event.v2,analytical-model,S3,gemma3_1b_dependency_aware_tiles,0,18,1,2,1,0,289389,197226,197226,92163,363119,418417,418417,473978,2,2,884768,888976,363117,418413,473978,487802,2,2
varp.k26.scheduler-event.v2,analytical-model,S3,gemma3_1b_dependency_aware_tiles,0,11,0,3,1,0,289389,197226,197226,92163,363119,418417,418417,473978,0,3,884768,888976,363117,418413,473978,487802,3,0
varp.k26.scheduler-event.v2,analytical-model,S3,gemma3_1b_dependency_aware_tiles,0,7,0,0,0,0,381551,197226,197226,184325,418417,492147,492147,492147,0,0,1179680,0,418413,492141,492147,510579,3,0
varp.k26.scheduler-event.v2,analytical-model,S3,gemma3_1b_dependency_aware_tiles,0,14,1,1,0,0,381551,197226,197226,184325,473978,547708,547708,547708,2,2,1179680,0,418413,492141,547708,566140,2,2
varp.k26.scheduler-event.v2,analytical-model,S3,gemma3_1b_dependency_aware_tiles,0,15,1,2,1,0,487802,197226,197226,290576,547708,621438,621438,695495,2,2,1179680,1184912,492141,565869,695495,713927,2,2
varp.k26.scheduler-event.v2,analytical-model,S3,gemma3_1b_dependency_aware_tiles,0,8,0,3,1,0,487802,197226,197226,290576,492147,565877,565877,639934,0,3,1179680,1184912,492141,565869,639934,658366,3,0
varp.k26.scheduler-event.v2,analytical-model,S3,gemma3_1b_dependency_aware_tiles,0,9,0,0,0,0,510579,197226,197226,313353,565877,639607,639607,639607,0,0,1179680,0,565869,639597,639607,658039,3,0
varp.k26.scheduler-event.v2,analytical-model,S3,gemma3_1b_dependency_aware_tiles,0,16,1,1,0,0,566140,197226,197226,368914,695495,769225,769225,769225,2,2,1179680,0,566140,639868,769225,787657,2,2
varp.k26.scheduler-event.v2,analytical-model,S3,gemma3_1b_dependency_aware_tiles,0,10,0,0,0,0,658039,197226,197226,460813,658039,731769,731769,731769,0,0,1179680,0,658039,731767,731769,750201,3,0
varp.k26.scheduler-event.v2,analytical-model,S3,gemma3_1b_dependency_aware_tiles,0,17,1,3,1,0,658366,197226,197226,461140,769225,842955,842955,917012,2,3,1179680,1184912,658366,732094,917012,935444,2,2
varp.k26.scheduler-event.v2,analytical-model,S3,gemma3_1b_dependency_aware_tiles,0,19,2,2,0,0,935445,935444,935444,1,935445,1377815,1377815,1377815,0,0,7077920,0,935445,1377813,1377815,1488407,2,0
varp.k26.scheduler-event.v2,analytical-model,S3,gemma3_1b_dependency_aware_tiles,0,20,2,0,1,0,1488407,935444,935444,552963,1488407,1543705,1543705,1599466,0,0,884768,892176,1488407,1543703,1599466,1613290,2,0
varp.k26.scheduler-event.v2,analytical-model,S3,gemma3_1b_dependency_aware_tiles,0,21,0,0,0,0,1613291,1613290,1613290,1,1613291,1687021,1687021,1687021,3,3,1179680,0,1613291,1687019,1687021,1705453,1,3
varp.k26.scheduler-event.v2,analytical-model,S3,gemma3_1b_dependency_aware_tiles,0,22,1,1,0,0,1613291,1613290,1613290,1,1613291,1631725,1631725,1631725,1,1,294944,0,1613291,1631723,1631725,1636333,2,1
varp.k26.scheduler-event.v2,analytical-model,S3,gemma3_1b_dependency_aware_tiles,0,23,2,2,0,0,1613291,1613290,1613290,1,1687021,1705455,1705455,1705455,3,3,294944,0,1687019,1705451,1705455,1710063,1,3
varp.k26.scheduler-event.v2,analytical-model,S3,gemma3_1b_dependency_aware_tiles,0,24,3,3,0,0,1710064,1710063,1710063,1,1710064,1775602,1775602,1775602,1,1,1048608,0,1710064,1775600,1775602,1791986,3,1
varp.k26.scheduler-event.v2,analytical-model,S3,gemma3_1b_dependency_aware_tiles,0,25,3,0,1,0,1791986,1710063,1710063,81923,1791986,1800180,1800180,1808469,1,0,131104,132624,1791986,1800178,1808469,1810517,3,1
varp.k26.scheduler-event.v2,analytical-model,S3,gemma3_1b_dependency_aware_tiles,0,26,0,0,0,0,1810518,1810517,1810517,1,1810518,1884248,1884248,1884248,3,3,1179680,0,1810518,1884246,1884248,1902680,0,3
varp.k26.scheduler-event.v2,analytical-model,S3,gemma3_1b_dependency_aware_tiles,0,33,1,1,0,0,1810518,1810517,1810517,1,1810518,1884248,1884248,1884248,1,1,1179680,0,1884246,1957974,1957974,1976406,0,1
varp.k26.scheduler-event.v2,analytical-model,S3,gemma3_1b_dependency_aware_tiles,0,27,0,0,0,0,1902680,1810517,1810517,92163,1902680,1976410,1976410,1976410,3,3,1179680,0,1957974,2031702,2031702,2050134,0,3
varp.k26.scheduler-event.v2,analytical-model,S3,gemma3_1b_dependency_aware_tiles,0,32,0,2,1,0,1902680,1810517,1810517,92163,1976410,2031708,2031708,2087269,3,2,884768,888976,2031702,2086998,2087269,2101093,0,3
varp.k26.scheduler-event.v2,analytical-model,S3,gemma3_1b_dependency_aware_tiles,0,39,1,3,1,0,1902680,1810517,1810517,92163,1902680,1957978,2031708,2087269,1,3,884768,888976,2086998,2142294,2142294,2156118,0,1
varp.k26.scheduler-event.v2,analytical-model,S3,gemma3_1b_dependency_aware_tiles,0,34,1,1,0,0,1976406,1810517,1810517,165889,1976406,2050136,2050136,2050136,1,1,1179680,0,2142294,2216022,2216022,2234454,0,1
varp.k26.scheduler-event.v2,analytical-model,S3,gemma3_1b_dependency_aware_tiles,0,28,0,0,0,0,2050134,1810517,1810517,239617,2087269,2160999,2160999,2160999,3,3,1179680,0,2216022,2289750,2289750,2308182,0,3
varp.k26.scheduler-event.v2,analytical-model,S3,gemma3_1b_dependency_aware_tiles,0,29,0,2,1,0,2101093,1810517,1810517,290576,2160999,2234729,2234729,2308786,3,2,1179680,1184912,2289750,2363478,2363478,2381910,0,3
varp.k26.scheduler-event.v2,analytical-model,S3,gemma3_1b_dependency_aware_tiles,0,30,0,3,1,0,2156118,1810517,1810517,345601,2234729,2308459,2308459,2382516,3,3,1179680,1184912,2363478,2437206,2437206,2455638,0,3
varp.k26.scheduler-event.v2,analytical-model,S3,gemma3_1b_dependency_aware_tiles,0,35,1,1,0,0,2234454,1810517,1810517,423937,2234454,2308184,2308184,2308184,1,1,1179680,0,2437206,2510934,2510934,2529366,0,1
varp.k26.scheduler-event.v2,analytical-model,S3,gemma3_1b_dependency_aware_tiles,0,31,0,0,0,0,2308182,1810517,1810517,497665,2382516,2456246,2456246,2456246,3,3,1179680,0,2510934,2584662,2584662,2603094,0,3
varp.k26.scheduler-event.v2,analytical-model,S3,gemma3_1b_dependency_aware_tiles,0,36,1,2,1,0,2381910,1810517,1810517,571393,2381910,2455640,2455640,2529697,1,2,1179680,1184912,2584662,2658390,2658390,2676822,0,1
varp.k26.scheduler-event.v2,analytical-model,S3,gemma3_1b_dependency_aware_tiles,0,37,1,3,1,0,2455638,1810517,1810517,645121,2455640,2529370,2529370,2603427,1,3,1179680,1184912,2658390,2732118,2732118,2750550,0,1
varp.k26.scheduler-event.v2,analytical-model,S3,gemma3_1b_dependency_aware_tiles,0,38,1,1,0,0,2529366,1810517,1810517,718849,2529370,2603100,2603100,2603100,1,1,1179680,0,2732118,2805846,2805846,2824278,0,1
varp.k26.scheduler-event.v2,analytical-model,S3,gemma3_1b_dependency_aware_tiles,0,40,2,2,0,0,2824279,2824278,2824278,1,2824279,3266649,3266649,3266649,3,3,7077920,0,2824279,3266647,3266649,3377241,3,3
varp.k26.scheduler-event.v2,analytical-model,S3,gemma3_1b_dependency_aware_tiles,0,41,2,0,1,0,3377241,2824278,2824278,552963,3377241,3432539,3432539,3488300,3,0,884768,892176,3377241,3432537,3488300,3502124,3,3
varp.k26.scheduler-event.v2,analytical-model,S3,gemma3_1b_dependency_aware_tiles,0,42,0,0,0,0,3502125,3502124,3502124,1,3502125,3575855,3575855,3575855,2,2,1179680,0,3502125,3575853,3575855,3594287,2,2
varp.k26.scheduler-event.v2,analytical-model,S3,gemma3_1b_dependency_aware_tiles,0,43,1,1,0,0,3502125,3502124,3502124,1,3502125,3520559,3520559,3520559,0,0,294944,0,3502125,3520557,3520559,3525167,0,0
varp.k26.scheduler-event.v2,analytical-model,S3,gemma3_1b_dependency_aware_tiles,0,44,2,2,0,0,3502125,3502124,3502124,1,3575855,3594289,3594289,3594289,2,2,294944,0,3575853,3594285,3594289,3598897,2,2
varp.k26.scheduler-event.v2,analytical-model,S3,gemma3_1b_dependency_aware_tiles,0,45,3,3,0,0,3598898,3598897,3598897,1,3598898,3664436,3664436,3664436,0,0,1048608,0,3598898,3664434,3664436,3680820,0,0
varp.k26.scheduler-event.v2,analytical-model,S3,gemma3_1b_dependency_aware_tiles,0,46,3,0,1,0,3680820,3598897,3598897,81923,3680820,3689014,3689014,3697303,0,0,131104,132624,3680820,3689012,3697303,3699351,0,0
varp.k26.scheduler-event.v2,analytical-model,S3,gemma3_1b_dependency_aware_tiles,0,47,0,0,0,0,3699352,3699351,3699351,1,3699352,3773082,3773082,3773082,2,2,1179680,0,3699352,3773080,3773082,3791514,2,2
varp.k26.scheduler-event.v2,analytical-model,S3,gemma3_1b_dependency_aware_tiles,0,54,1,1,0,0,3699352,3699351,3699351,1,3699352,3773082,3773082,3773082,0,0,1179680,0,3699352,3773080,3773082,3791514,1,0
varp.k26.scheduler-event.v2,analytical-model,S3,gemma3_1b_dependency_aware_tiles,0,48,0,0,0,0,3791514,3699351,3699351,92163,3791514,3865244,3865244,3865244,2,2,1179680,0,3791514,3865242,3865244,3883676,2,2
varp.k26.scheduler-event.v2,analytical-model,S3,gemma3_1b_dependency_aware_tiles,0,55,1,1,0,0,3791514,3699351,3699351,92163,3791514,3865244,3865244,3865244,0,0,1179680,0,3791514,3865242,3865244,3883676,1,0
varp.k26.scheduler-event.v2,analytical-model,S3,gemma3_1b_dependency_aware_tiles,0,53,0,2,1,0,3791514,3699351,3699351,92163,3865244,3920542,3920542,3976103,2,2,884768,888976,3865242,3920538,3976103,3989927,2,2
varp.k26.scheduler-event.v2,analytical-model,S3,gemma3_1b_dependency_aware_tiles,0,60,1,3,1,0,3791514,3699351,3699351,92163,3865244,3920542,3920542,3976103,0,3,884768,888976,3865242,3920538,3976103,3989927,1,0
varp.k26.scheduler-event.v2,analytical-model,S3,gemma3_1b_dependency_aware_tiles,0,49,0,0,0,0,3883676,3699351,3699351,184325,3976103,4049833,4049833,4049833,2,2,1179680,0,3920538,3994266,4049833,4068265,2,2
varp.k26.scheduler-event.v2,analytical-model,S3,gemma3_1b_dependency_aware_tiles,0,56,1,1,0,0,3883676,3699351,3699351,184325,3920542,3994272,3994272,3994272,0,0,1179680,0,3920538,3994266,3994272,4012704,1,0
varp.k26.scheduler-event.v2,analytical-model,S3,gemma3_1b_dependency_aware_tiles,0,50,0,2,1,0,3989927,3699351,3699351,290576,4049833,4123563,4123563,4197620,2,2,1179680,1184912,3994266,4067994,4197620,4216052,2,2
varp.k26.scheduler-event.v2,analytical-model,S3,gemma3_1b_dependency_aware_tiles,0,51,0,3,1,0,3989927,3699351,3699351,290576,4197620,4271350,4271350,4345407,2,3,1179680,1184912,4067994,4141722,4345407,4363839,2,2
varp.k26.scheduler-event.v2,analytical-model,S3,gemma3_1b_dependency_aware_tiles,0,57,1,1,0,0,4012704,3699351,3699351,313353,4012704,4086434,4086434,4086434,0,0,1179680,0,4012704,4086432,4086434,4104866,1,0
varp.k26.scheduler-event.v2,analytical-model,S3,gemma3_1b_dependency_aware_tiles,0,52,0,0,0,0,4068265,3699351,3699351,368914,4271350,4345080,4345080,4345080,2,2,1179680,0,4141722,4215450,4345080,4363512,2,2
varp.k26.scheduler-event.v2,analytical-model,S3,gemma3_1b_dependency_aware_tiles,0,58,1,1,0,0,4104866,3699351,3699351,405515,4104866,4178596,4178596,4178596,0,0,1179680,0,4104866,4178594,4178596,4197028,1,0
varp.k26.scheduler-event.v2,analytical-model,S3,gemma3_1b_dependency_aware_tiles,0,59,1,1,0,0,4197028,3699351,3699351,497677,4197028,4270758,4270758,4270758,0,0,1179680,0,4197028,4270756,4270758,4289190,1,0
varp.k26.scheduler-event.v2,analytical-model,S3,gemma3_1b_dependency_aware_tiles,0,61,2,2,0,0,4363840,4363839,4363839,1,4363840,4806210,4806210,4806210,2,2,7077920,0,4363840,4806208,4806210,4916802,0,2
varp.k26.scheduler-event.v2,analytical-model,S3,gemma3_1b_dependency_aware_tiles,0,62,2,0,1,0,4916802,4363839,4363839,552963,4916802,4972100,4972100,5027861,2,0,884768,892176,4916802,4972098,5027861,5041685,0,2
varp.k26.scheduler-event.v2,analytical-model,S3,gemma3_1b_dependency_aware_tiles,0,63,0,0,0,0,5041686,5041685,5041685,1,5041686,5115416,5115416,5115416,1,1,1179680,0,5041686,5115414,5115416,5133848,0,1
varp.k26.scheduler-event.v2,analytical-model,S3,gemma3_1b_dependency_aware_tiles,0,64,1,1,0,0,5041686,5041685,5041685,1,5041686,5060120,5060120,5060120,3,3,294944,0,5041686,5060118,5060120,5064728,1,3
varp.k26.scheduler-event.v2,analytical-model,S3,gemma3_1b_dependency_aware_tiles,0,65,2,2,0,0,5041686,5041685,5041685,1,5115416,5133850,5133850,5133850,1,1,294944,0,5041686,5060118,5133850,5138458,3,1
varp.k26.scheduler-event.v2,analytical-model,S3,gemma3_1b_dependency_aware_tiles,0,66,3,3,0,0,5138459,5138458,5138458,1,5138459,5203997,5203997,5203997,3,3,1048608,0,5138459,5203995,5203997,5220381,1,3
varp.k26.scheduler-event.v2,analytical-model,S3,gemma3_1b_dependency_aware_tiles,0,67,3,0,1,0,5220381,5138458,5138458,81923,5220381,5228575,5228575,5236864,3,0,131104,132624,5220381,5228573,5236864,5238912,1,3
varp.k26.scheduler-event.v2,analytical-model,S3,gemma3_1b_dependency_aware_tiles,0,68,0,0,0,0,5238913,5238912,5238912,1,5238913,5312643,5312643,5312643,1,1,1179680,0,5238913,5312641,5312643,5331075,3,1
varp.k26.scheduler-event.v2,analytical-model,S3,gemma3_1b_dependency_aware_tiles,0,75,1,1,0,0,5238913,5238912,5238912,1,5238913,5312643,5312643,5312643,3,3,1179680,0,5238913,5312641,5312643,5331075,2,3
varp.k26.scheduler-event.v2,analytical-model,S3,gemma3_1b_dependency_aware_tiles,0,69,0,0,0,0,5331075,5238912,5238912,92163,5331075,5404805,5404805,5404805,1,1,1179680,0,5331075,5404803,5404805,5423237,3,1
varp.k26.scheduler-event.v2,analytical-model,S3,gemma3_1b_dependency_aware_tiles,0,76,1,1,0,0,5331075,5238912,5238912,92163,5331075,5404805,5404805,5404805,3,3,1179680,0,5331075,5404803,5404805,5423237,2,3
varp.k26.scheduler-event.v2,analytical-model,S3,gemma3_1b_dependency_aware_tiles,0,74,0,2,1,0,5331075,5238912,5238912,92163,5404805,5460103,5460103,5515664,1,2,884768,888976,5404803,5460099,5515664,5529488,3,1
varp.k26.scheduler-event.v2,analytical-model,S3,gemma3_1b_dependency_aware_tiles,0,81,1,3,1,0,5331075,5238912,5238912,92163,5404805,5460103,5460103,5515664,3,3,884768,888976,5404803,5460099,5515664,5529488,2,3
varp.k26.scheduler-event.v2,analytical-model,S3,gemma3_1b_dependency_aware_tiles,0,70,0,0,0,0,5423237,5238912,5238912,184325,5460103,5533833,5533833,5533833,1,1,1179680,0,5460099,5533827,5533833,5552265,3,1
varp.k26.scheduler-event.v2,analytical-model,S3,gemma3_1b_dependency_aware_tiles,0,77,1,1,0,0,5423237,5238912,5238912,184325,5515664,5589394,5589394,5589394,3,3,1179680,0,5460099,5533827,5589394,5607826,2,3
varp.k26.scheduler-event.v2,analytical-model,S3,gemma3_1b_dependency_aware_tiles,0,71,0,2,1,0,5529488,5238912,5238912,290576,5533833,5607563,5607563,5681620,1,2,1179680,1184912,5533827,5607555,5681620,5700052,3,1
varp.k26.scheduler-event.v2,analytical-model,S3,gemma3_1b_dependency_aware_tiles,0,78,1,3,1,0,5529488,5238912,5238912,290576,5589394,5663124,5663124,5737181,3,3,1179680,1184912,5533827,5607555,5737181,5755613,2,3
varp.k26.scheduler-event.v2,analytical-model,S3,gemma3_1b_dependency_aware_tiles,0,72,0,0,0,0,5552265,5238912,5238912,313353,5607563,5681293,5681293,5681293,1,1,1179680,0,5607555,5681283,5681293,5699725,3,1
varp.k26.scheduler-event.v2,analytical-model,S3,gemma3_1b_dependency_aware_tiles,0,79,1,1,0,0,5607826,5238912,5238912,368914,5737181,5810911,5810911,5810911,3,3,1179680,0,5607826,5681554,5810911,5829343,2,3
varp.k26.scheduler-event.v2,analytical-model,S3,gemma3_1b_dependency_aware_tiles,0,73,0,0,0,0,5699725,5238912,5238912,460813,5699725,5773455,5773455,5773455,1,1,1179680,0,5699725,5773453,5773455,5791887,3,1
varp.k26.scheduler-event.v2,analytical-model,S3,gemma3_1b_dependency_aware_tiles,0,80,1,2,1,0,5700052,5238912,5238912,461140,5810911,5884641,5884641,5958698,3,2,1179680,1184912,5700052,5773780,5958698,5977130,2,3
varp.k26.scheduler-event.v2,analytical-model,S3,gemma3_1b_dependency_aware_tiles,0,82,2,2,0,0,5977131,5977130,5977130,1,5977131,6419501,6419501,6419501,1,1,7077920,0,5977131,6419499,6419501,6530093,2,1
varp.k26.scheduler-event.v2,analytical-model,S3,gemma3_1b_dependency_aware_tiles,0,83,2,0,1,0,6530093,5977130,5977130,552963,6530093,6585391,6585391,6641152,1,0,884768,892176,6530093,6585389,6641152,6654976,2,1
varp.k26.scheduler-event.v2,analytical-model,S3,gemma3_1b_dependency_aware_tiles,0,84,0,0,0,0,6654977,6654976,6654976,1,6654977,6728707,6728707,6728707,0,0,1179680,0,6654977,6728705,6728707,6747139,1,0
varp.k26.scheduler-event.v2,analytical-model,S3,gemma3_1b_dependency_aware_tiles,0,85,1,1,0,0,6654977,6654976,6654976,1,6654977,6673411,6673411,6673411,2,2,294944,0,6654977,6673409,6673411,6678019,3,2
varp.k26.scheduler-event.v2,analytical-model,S3,gemma3_1b_dependency_aware_tiles,0,86,2,2,0,0,6654977,6654976,6654976,1,6728707,6747141,6747141,6747141,0,0,294944,0,6728705,6747137,6747141,6751749,1,0
varp.k26.scheduler-event.v2,analytical-model,S3,gemma3_1b_dependency_aware_tiles,0,87,3,3,0,0,6751750,6751749,6751749,1,6751750,6817288,6817288,6817288,2,2,1048608,0,6751750,6817286,6817288,6833672,3,2
varp.k26.scheduler-event.v2,analytical-model,S3,gemma3_1b_dependency_aware_tiles,0,88,3,0,1,0,6833672,6751749,6751749,81923,6833672,6841866,6841866,6850155,2,0,131104,132624,6833672,6841864,6850155,6852203,3,2
varp.k26.scheduler-event.v2,analytical-model,S3,gemma3_1b_dependency_aware_tiles,0,89,0,0,0,0,6852204,6852203,6852203,1,6852204,6925934,6925934,6925934,0,0,1179680,0,6852204,6925932,6925934,6944366,0,0
varp.k26.scheduler-event.v2,analytical-model,S3,gemma3_1b_dependency_aware_tiles,0,96,1,1,0,0,6852204,6852203,6852203,1,6852204,6925934,6925934,6925934,2,2,1179680,0,6925932,6999660,6999660,7018092,0,2
varp.k26.scheduler-event.v2,analytical-model,S3,gemma3_1b_dependency_aware_tiles,0,90,0,0,0,0,6944366,6852203,6852203,92163,6944366,7018096,7018096,7018096,0,0,1179680,0,6999660,7073388,7073388,7091820,0,0
varp.k26.scheduler-event.v2,analytical-model,S3,gemma3_1b_dependency_aware_tiles,0,102,1,2,1,0,6944366,6852203,6852203,92163,6944366,6999664,6999664,7055225,2,2,884768,888976,7073388,7128684,7128684,7142508,0,2
varp.k26.scheduler-event.v2,analytical-model,S3,gemma3_1b_dependency_aware_tiles,0,95,0,3,1,0,6944366,6852203,6852203,92163,7018096,7073394,7073394,7128955,0,3,884768,888976,7128684,7183980,7183980,7197804,0,0
varp.k26.scheduler-event.v2,analytical-model,S3,gemma3_1b_dependency_aware_tiles,0,97,1,1,0,0,7018092,6852203,6852203,165889,7055225,7128955,7128955,7128955,2,2,1179680,0,7183980,7257708,7257708,7276140,0,2
varp.k26.scheduler-event.v2,analytical-model,S3,gemma3_1b_dependency_aware_tiles,0,91,0,0,0,0,7091820,6852203,6852203,239617,7091820,7165550,7165550,7165550,0,0,1179680,0,7257708,7331436,7331436,7349868,0,0
varp.k26.scheduler-event.v2,analytical-model,S3,gemma3_1b_dependency_aware_tiles,0,98,1,2,1,0,7142508,6852203,6852203,290305,7142508,7216238,7216238,7290295,2,2,1179680,1184912,7331436,7405164,7405164,7423596,0,2
varp.k26.scheduler-event.v2,analytical-model,S3,gemma3_1b_dependency_aware_tiles,0,92,0,3,1,0,7197804,6852203,6852203,345601,7197804,7271534,7271534,7345591,0,3,1179680,1184912,7405164,7478892,7478892,7497324,0,0
varp.k26.scheduler-event.v2,analytical-model,S3,gemma3_1b_dependency_aware_tiles,0,99,1,1,0,0,7276140,6852203,6852203,423937,7290295,7364025,7364025,7364025,2,2,1179680,0,7478892,7552620,7552620,7571052,0,2
varp.k26.scheduler-event.v2,analytical-model,S3,gemma3_1b_dependency_aware_tiles,0,93,0,0,0,0,7349868,6852203,6852203,497665,7349868,7423598,7423598,7423598,0,0,1179680,0,7552620,7626348,7626348,7644780,0,0
varp.k26.scheduler-event.v2,analytical-model,S3,gemma3_1b_dependency_aware_tiles,0,100,1,2,1,0,7423596,6852203,6852203,571393,7423596,7497326,7497326,7571383,2,2,1179680,1184912,7626348,7700076,7700076,7718508,0,2
varp.k26.scheduler-event.v2,analytical-model,S3,gemma3_1b_dependency_aware_tiles,0,94,0,3,1,0,7497324,6852203,6852203,645121,7497324,7571054,7571054,7645111,0,3,1179680,1184912,7700076,7773804,7773804,7792236,0,0
varp.k26.scheduler-event.v2,analytical-model,S3,gemma3_1b_dependency_aware_tiles,0,101,1,1,0,0,7571052,6852203,6852203,718849,7571383,7645113,7645113,7645113,2,2,1179680,0,7773804,7847532,7847532,7865964,0,2
varp.k26.scheduler-event.v2,analytical-model,S3,gemma3_1b_dependency_aware_tiles,0,103,2,2,0,0,7865965,7865964,7865964,1,7865965,8308335,8308335,8308335,0,0,7077920,0,7865965,8308333,8308335,8418927,3,0
varp.k26.scheduler-event.v2,analytical-model,S3,gemma3_1b_dependency_aware_tiles,0,104,2,0,1,0,8418927,7865964,7865964,552963,8418927,8474225,8474225,8529986,0,0,884768,892176,8418927,8474223,8529986,8543810,3,0
varp.k26.scheduler-event.v2,analytical-model,S3,gemma3_1b_dependency_aware_tiles,0,105,0,0,0,0,8543811,8543810,8543810,1,8543811,8617541,8617541,8617541,3,3,1179680,0,8543811,8617539,8617541,8635973,2,3
varp.k26.scheduler-event.v2,analytical-model,S3,gemma3_1b_dependency_aware_tiles,0,106,1,1,0,0,8543811,8543810,8543810,1,8543811,8562245,8562245,8562245,1,1,294944,0,8543811,8562243,8562245,8566853,0,1
varp.k26.scheduler-event.v2,analytical-model,S3,gemma3_1b_dependency_aware_tiles,0,107,2,2,0,0,8543811,8543810,8543810,1,8617541,8635975,8635975,8635975,3,3,294944,0,8617539,8635971,8635975,8640583,2,3
varp.k26.scheduler-event.v2,analytical-model,S3,gemma3_1b_dependency_aware_tiles,0,108,3,3,0,0,8640584,8640583,8640583,1,8640584,8706122,8706122,8706122,1,1,1048608,0,8640584,8706120,8706122,8722506,0,1
varp.k26.scheduler-event.v2,analytical-model,S3,gemma3_1b_dependency_aware_tiles,0,109,3,0,1,0,8722506,8640583,8640583,81923,8722506,8730700,8730700,8738989,1,0,131104,132624,8722506,8730698,8738989,8741037,0,1
varp.k26.scheduler-event.v2,analytical-model,S3,gemma3_1b_dependency_aware_tiles,0,110,0,0,0,0,8741038,8741037,8741037,1,8741038,8814768,8814768,8814768,3,3,1179680,0,8741038,8814766,8814768,8833200,2,3
varp.k26.scheduler-event.v2,analytical-model,S3,gemma3_1b_dependency_aware_tiles,0,117,1,1,0,0,8741038,8741037,8741037,1,8741038,8814768,8814768,8814768,1,1,1179680,0,8741038,8814766,8814768,8833200,1,1
varp.k26.scheduler-event.v2,analytical-model,S3,gemma3_1b_dependency_aware_tiles,0,111,0,0,0,0,8833200,8741037,8741037,92163,8833200,8906930,8906930,8906930,3,3,1179680,0,8833200,8906928,8906930,8925362,2,3
varp.k26.scheduler-event.v2,analytical-model,S3,gemma3_1b_dependency_aware_tiles,0,118,1,1,0,0,8833200,8741037,8741037,92163,8833200,8906930,8906930,8906930,1,1,1179680,0,8833200,8906928,8906930,8925362,1,1
varp.k26.scheduler-event.v2,analytical-model,S3,gemma3_1b_dependency_aware_tiles,0,116,0,2,1,0,8833200,8741037,8741037,92163,8906930,8962228,8962228,9017789,3,2,884768,888976,8906928,8962224,9017789,9031613,2,3
varp.k26.scheduler-event.v2,analytical-model,S3,gemma3_1b_dependency_aware_tiles,0,123,1,3,1,0,8833200,8741037,8741037,92163,8906930,8962228,8962228,9017789,1,3,884768,888976,8906928,8962224,9017789,9031613,1,1
varp.k26.scheduler-event.v2,analytical-model,S3,gemma3_1b_dependency_aware_tiles,0,112,0,0,0,0,8925362,8741037,8741037,184325,9017789,9091519,9091519,9091519,3,3,1179680,0,8962224,9035952,9091519,9109951,2,3
varp.k26.scheduler-event.v2,analytical-model,S3,gemma3_1b_dependency_aware_tiles,0,119,1,1,0,0,8925362,8741037,8741037,184325,8962228,9035958,9035958,9035958,1,1,1179680,0,8962224,9035952,9035958,9054390,1,1
varp.k26.scheduler-event.v2,analytical-model,S3,gemma3_1b_dependency_aware_tiles,0,113,0,2,1,0,9031613,8741037,8741037,290576,9091519,9165249,9165249,9239306,3,2,1179680,1184912,9035952,9109680,9239306,9257738,2,3
varp.k26.scheduler-event.v2,analytical-model,S3,gemma3_1b_dependency_aware_tiles,0,114,0,3,1,0,9031613,8741037,8741037,290576,9165249,9238979,9238979,9313036,3,3,1179680,1184912,9109680,9183408,9313036,9331468,2,3
varp.k26.scheduler-event.v2,analytical-model,S3,gemma3_1b_dependency_aware_tiles,0,120,1,1,0,0,9054390,8741037,8741037,313353,9054390,9128120,9128120,9128120,1,1,1179680,0,9054390,9128118,9128120,9146552,1,1
varp.k26.scheduler-event.v2,analytical-model,S3,gemma3_1b_dependency_aware_tiles,0,115,0,0,0,0,9109951,8741037,8741037,368914,9313036,9386766,9386766,9386766,3,3,1179680,0,9183408,9257136,9386766,9405198,2,3
varp.k26.scheduler-event.v2,analytical-model,S3,gemma3_1b_dependency_aware_tiles,0,121,1,1,0,0,9146552,8741037,8741037,405515,9146552,9220282,9220282,9220282,1,1,1179680,0,9146552,9220280,9220282,9238714,1,1
varp.k26.scheduler-event.v2,analytical-model,S3,gemma3_1b_dependency_aware_tiles,0,122,1,1,0,0,9238714,8741037,8741037,497677,9238714,9312444,9312444,9312444,1,1,1179680,0,9238714,9312442,9312444,9330876,1,1
varp.k26.scheduler-event.v2,analytical-model,S3,gemma3_1b_dependency_aware_tiles,0,124,2,2,0,0,9405199,9405198,9405198,1,9405199,9847569,9847569,9847569,3,3,7077920,0,9405199,9847567,9847569,9958161,0,3
varp.k26.scheduler-event.v2,analytical-model,S3,gemma3_1b_dependency_aware_tiles,0,125,2,0,1,0,9958161,9405198,9405198,552963,9958161,10013459,10013459,10069220,3,0,884768,892176,9958161,10013457,10069220,10083044,0,3
varp.k26.scheduler-event.v2,analytical-model,S3,gemma3_1b_dependency_aware_tiles,0,126,0,0,0,0,10083045,10083044,10083044,1,10083045,10156775,10156775,10156775,2,2,1179680,0,10083045,10156773,10156775,10175207,0,2
varp.k26.scheduler-event.v2,analytical-model,S3,gemma3_1b_dependency_aware_tiles,0,127,1,1,0,0,10083045,10083044,10083044,1,10083045,10101479,10101479,10101479,0,0,294944,0,10083045,10101477,10101479,10106087,1,0
varp.k26.scheduler-event.v2,analytical-model,S3,gemma3_1b_dependency_aware_tiles,0,128,2,2,0,0,10083045,10083044,10083044,1,10156775,10175209,10175209,10175209,2,2,294944,0,10083045,10101477,10175209,10179817,3,2
varp.k26.scheduler-event.v2,analytical-model,S3,gemma3_1b_dependency_aware_tiles,0,129,3,3,0,0,10179818,10179817,10179817,1,10179818,10245356,10245356,10245356,0,0,1048608,0,10179818,10245354,10245356,10261740,2,0
varp.k26.scheduler-event.v2,analytical-model,S3,gemma3_1b_dependency_aware_tiles,0,130,3,0,1,0,10261740,10179817,10179817,81923,10261740,10269934,10269934,10278223,0,0,131104,132624,10261740,10269932,10278223,10280271,2,0
varp.k26.scheduler-event.v2,analytical-model,S3,gemma3_1b_dependency_aware_tiles,0,131,0,0,0,0,10280272,10280271,10280271,1,10280272,10354002,10354002,10354002,2,2,1179680,0,10280272,10354000,10354002,10372434,3,2
varp.k26.scheduler-event.v2,analytical-model,S3,gemma3_1b_dependency_aware_tiles,0,138,1,1,0,0,10280272,10280271,10280271,1,10280272,10354002,10354002,10354002,0,0,1179680,0,10354000,10427728,10427728,10446160,3,0
varp.k26.scheduler-event.v2,analytical-model,S3,gemma3_1b_dependency_aware_tiles,0,132,0,0,0,0,10372434,10280271,10280271,92163,10372434,10446164,10446164,10446164,2,2,1179680,0,10427728,10501456,10501456,10519888,3,2
varp.k26.scheduler-event.v2,analytical-model,S3,gemma3_1b_dependency_aware_tiles,0,137,0,2,1,0,10372434,10280271,10280271,92163,10446164,10501462,10501462,10557023,2,2,884768,888976,10501456,10556752,10557023,10570847,3,2
varp.k26.scheduler-event.v2,analytical-model,S3,gemma3_1b_dependency_aware_tiles,0,144,1,3,1,0,10372434,10280271,10280271,92163,10372434,10427732,10427732,10483293,0,3,884768,888976,10556752,10612048,10612048,10625872,3,0
varp.k26.scheduler-event.v2,analytical-model,S3,gemma3_1b_dependency_aware_tiles,0,139,1,1,0,0,10446160,10280271,10280271,165889,10446160,10519890,10519890,10519890,0,0,1179680,0,10612048,10685776,10685776,10704208,3,0
varp.k26.scheduler-event.v2,analytical-model,S3,gemma3_1b_dependency_aware_tiles,0,133,0,0,0,0,10519888,10280271,10280271,239617,10557023,10630753,10630753,10630753,2,2,1179680,0,10685776,10759504,10759504,10777936,3,2
varp.k26.scheduler-event.v2,analytical-model,S3,gemma3_1b_dependency_aware_tiles,0,134,0,2,1,0,10570847,10280271,10280271,290576,10630753,10704483,10704483,10778540,2,2,1179680,1184912,10759504,10833232,10833232,10851664,3,2
varp.k26.scheduler-event.v2,analytical-model,S3,gemma3_1b_dependency_aware_tiles,0,135,0,3,1,0,10625872,10280271,10280271,345601,10778540,10852270,10852270,10926327,2,3,1179680,1184912,10833232,10906960,10926327,10944759,3,2
varp.k26.scheduler-event.v2,analytical-model,S3,gemma3_1b_dependency_aware_tiles,0,140,1,1,0,0,10704208,10280271,10280271,423937,10704208,10777938,10777938,10777938,0,0,1179680,0,10906960,10980688,10980688,10999120,3,0
varp.k26.scheduler-event.v2,analytical-model,S3,gemma3_1b_dependency_aware_tiles,0,136,0,0,0,0,10777936,10280271,10280271,497665,10852270,10926000,10926000,10926000,2,2,1179680,0,10980688,11054416,11054416,11072848,3,2
varp.k26.scheduler-event.v2,analytical-model,S3,gemma3_1b_dependency_aware_tiles,0,141,1,2,1,0,10851664,10280271,10280271,571393,10851664,10925394,10926000,11000057,0,2,1179680,1184912,11054416,11128144,11128144,11146576,3,0
varp.k26.scheduler-event.v2,analytical-model,S3,gemma3_1b_dependency_aware_tiles,0,142,1,3,1,0,10944759,10280271,10280271,664488,10944759,11018489,11018489,11092546,0,3,1179680,1184912,11128144,11201872,11201872,11220304,3,0
varp.k26.scheduler-event.v2,analytical-model,S3,gemma3_1b_dependency_aware_tiles,0,143,1,1,0,0,10999120,10280271,10280271,718849,11018489,11092219,11092219,11092219,0,0,1179680,0,11201872,11275600,11275600,11294032,3,0
varp.k26.scheduler-event.v2,analytical-model,S3,gemma3_1b_dependency_aware_tiles,0,145,2,2,0,0,11294033,11294032,11294032,1,11294033,11736403,11736403,11736403,2,2,7077920,0,11294033,11736401,11736403,11846995,2,2
varp.k26.scheduler-event.v2,analytical-model,S3,gemma3_1b_dependency_aware_tiles,0,146,2,0,1,0,11846995,11294032,11294032,552963,11846995,11902293,11902293,11958054,2,0,884768,892176,11846995,11902291,11958054,11971878,2,2
varp.k26.scheduler-event.v2,analytical-model,S3,gemma3_1b_dependency_aware_tiles,0,147,0,0,0,0,11971879,11971878,11971878,1,11971879,12045609,12045609,12045609,1,1,1179680,0,11971879,12045607,12045609,12064041,1,1
varp.k26.scheduler-event.v2,analytical-model,S3,gemma3_1b_dependency_aware_tiles,0,148,1,1,0,0,11971879,11971878,11971878,1,11971879,11990313,11990313,11990313,3,3,294944,0,11971879,11990311,11990313,11994921,3,3
varp.k26.scheduler-event.v2,analytical-model,S3,gemma3_1b_dependency_aware_tiles,0,149,2,2,0,0,11971879,11971878,11971878,1,12045609,12064043,12064043,12064043,1,1,294944,0,12045607,12064039,12064043,12068651,1,1
varp.k26.scheduler-event.v2,analytical-model,S3,gemma3_1b_dependency_aware_tiles,0,150,3,3,0,0,12068652,12068651,12068651,1,12068652,12134190,12134190,12134190,3,3,1048608,0,12068652,12134188,12134190,12150574,3,3
varp.k26.scheduler-event.v2,analytical-model,S3,gemma3_1b_dependency_aware_tiles,0,151,3,0,1,0,12150574,12068651,12068651,81923,12150574,12158768,12158768,12167057,3,0,131104,132624,12150574,12158766,12167057,12169105,3,3
varp.k26.scheduler-event.v2,analytical-model,S3,gemma3_1b_dependency_aware_tiles,0,152,0,0,0,0,12169106,12169105,12169105,1,12169106,12242836,12242836,12242836,1,1,1179680,0,12169106,12242834,12242836,12261268,1,1
varp.k26.scheduler-event.v2,analytical-model,S3,gemma3_1b_dependency_aware_tiles,0,159,1,1,0,0,12169106,12169105,12169105,1,12169106,12242836,12242836,12242836,3,3,1179680,0,12169106,12242834,12242836,12261268,0,3
varp.k26.scheduler-event.v2,analytical-model,S3,gemma3_1b_dependency_aware_tiles,0,153,0,0,0,0,12261268,12169105,12169105,92163,12261268,12334998,12334998,12334998,1,1,1179680,0,12261268,12334996,12334998,12353430,1,1
varp.k26.scheduler-event.v2,analytical-model,S3,gemma3_1b_dependency_aware_tiles,0,160,1,1,0,0,12261268,12169105,12169105,92163,12261268,12334998,12334998,12334998,3,3,1179680,0,12261268,12334996,12334998,12353430,0,3
varp.k26.scheduler-event.v2,analytical-model,S3,gemma3_1b_dependency_aware_tiles,0,158,0,2,1,0,12261268,12169105,12169105,92163,12334998,12390296,12390296,12445857,1,2,884768,888976,12334996,12390292,12445857,12459681,1,1
varp.k26.scheduler-event.v2,analytical-model,S3,gemma3_1b_dependency_aware_tiles,0,165,1,3,1,0,12261268,12169105,12169105,92163,12334998,12390296,12390296,12445857,3,3,884768,888976,12334996,12390292,12445857,12459681,0,3
varp.k26.scheduler-event.v2,analytical-model,S3,gemma3_1b_dependency_aware_tiles,0,154,0,0,0,0,12353430,12169105,12169105,184325,12390296,12464026,12464026,12464026,1,1,1179680,0,12390292,12464020,12464026,12482458,1,1
varp.k26.scheduler-event.v2,analytical-model,S3,gemma3_1b_dependency_aware_tiles,0,161,1,1,0,0,12353430,12169105,12169105,184325,12445857,12519587,12519587,12519587,3,3,1179680,0,12390292,12464020,12519587,12538019,0,3
varp.k26.scheduler-event.v2,analytical-model,S3,gemma3_1b_dependency_aware_tiles,0,155,0,2,1,0,12459681,12169105,12169105,290576,12464026,12537756,12537756,12611813,1,2,1179680,1184912,12464020,12537748,12611813,12630245,1,1
varp.k26.scheduler-event.v2,analytical-model,S3,gemma3_1b_dependency_aware_tiles,0,162,1,3,1,0,12459681,12169105,12169105,290576,12519587,12593317,12593317,12667374,3,3,1179680,1184912,12464020,12537748,12667374,12685806,0,3
varp.k26.scheduler-event.v2,analytical-model,S3,gemma3_1b_dependency_aware_tiles,0,156,0,0,0,0,12482458,12169105,12169105,313353,12537756,12611486,12611486,12611486,1,1,1179680,0,12537748,12611476,12611486,12629918,1,1
varp.k26.scheduler-event.v2,analytical-model,S3,gemma3_1b_dependency_aware_tiles,0,163,1,1,0,0,12538019,12169105,12169105,368914,12667374,12741104,12741104,12741104,3,3,1179680,0,12538019,12611747,12741104,12759536,0,3
varp.k26.scheduler-event.v2,analytical-model,S3,gemma3_1b_dependency_aware_tiles,0,157,0,0,0,0,12629918,12169105,12169105,460813,12629918,12703648,12703648,12703648,1,1,1179680,0,12629918,12703646,12703648,12722080,1,1
varp.k26.scheduler-event.v2,analytical-model,S3,gemma3_1b_dependency_aware_tiles,0,164,1,2,1,0,12630245,12169105,12169105,461140,12741104,12814834,12814834,12888891,3,2,1179680,1184912,12630245,12703973,12888891,12907323,0,3
varp.k26.scheduler-event.v2,analytical-model,S3,gemma3_1b_dependency_aware_tiles,0,166,2,2,0,0,12907324,12907323,12907323,1,12907324,13349694,13349694,13349694,1,1,7077920,0,12907324,13349692,13349694,13460286,3,1
varp.k26.scheduler-event.v2,analytical-model,S3,gemma3_1b_dependency_aware_tiles,0,167,2,0,1,0,13460286,12907323,12907323,552963,13460286,13515584,13515584,13571345,1,0,884768,892176,13460286,13515582,13571345,13585169,3,1
varp.k26.scheduler-event.v2,analytical-model,S3,gemma3_1b_dependency_aware_tiles,0,168,0,0,0,0,13585170,13585169,13585169,1,13585170,13658900,13658900,13658900,0,0,1179680,0,13585170,13658898,13658900,13677332,3,0
varp.k26.scheduler-event.v2,analytical-model,S3,gemma3_1b_dependency_aware_tiles,0,169,1,1,0,0,13585170,13585169,13585169,1,13585170,13603604,13603604,13603604,2,2,294944,0,13585170,13603602,13603604,13608212,0,2
varp.k26.scheduler-event.v2,analytical-model,S3,gemma3_1b_dependency_aware_tiles,0,170,2,2,0,0,13585170,13585169,13585169,1,13658900,13677334,13677334,13677334,0,0,294944,0,13585170,13603602,13677334,13681942,2,0
varp.k26.scheduler-event.v2,analytical-model,S3,gemma3_1b_dependency_aware_tiles,0,171,3,3,0,0,13681943,13681942,13681942,1,13681943,13747481,13747481,13747481,2,2,1048608,0,13681943,13747479,13747481,13763865,0,2
varp.k26.scheduler-event.v2,analytical-model,S3,gemma3_1b_dependency_aware_tiles,0,172,3,0,1,0,13763865,13681942,13681942,81923,13763865,13772059,13772059,13780348,2,0,131104,132624,13763865,13772057,13780348,13782396,0,2
varp.k26.scheduler-event.v2,analytical-model,S3,gemma3_1b_dependency_aware_tiles,0,173,0,0,0,0,13782397,13782396,13782396,1,13782397,13856127,13856127,13856127,0,0,1179680,0,13782397,13856125,13856127,13874559,2,0
varp.k26.scheduler-event.v2,analytical-model,S3,gemma3_1b_dependency_aware_tiles,0,180,1,1,0,0,13782397,13782396,13782396,1,13782397,13856127,13856127,13856127,2,2,1179680,0,13782397,13856125,13856127,13874559,1,2
varp.k26.scheduler-event.v2,analytical-model,S3,gemma3_1b_dependency_aware_tiles,0,174,0,0,0,0,13874559,13782396,13782396,92163,13874559,13948289,13948289,13948289,0,0,1179680,0,13874559,13948287,13948289,13966721,2,0
varp.k26.scheduler-event.v2,analytical-model,S3,gemma3_1b_dependency_aware_tiles,0,181,1,1,0,0,13874559,13782396,13782396,92163,13874559,13948289,13948289,13948289,2,2,1179680,0,13874559,13948287,13948289,13966721,1,2
varp.k26.scheduler-event.v2,analytical-model,S3,gemma3_1b_dependency_aware_tiles,0,186,1,2,1,0,13874559,13782396,13782396,92163,13948289,14003587,14003587,14059148,2,2,884768,888976,13948287,14003583,14059148,14072972,1,2
varp.k26.scheduler-event.v2,analytical-model,S3,gemma3_1b_dependency_aware_tiles,0,179,0,3,1,0,13874559,13782396,13782396,92163,13948289,14003587,14003587,14059148,0,3,884768,888976,13948287,14003583,14059148,14072972,2,0
varp.k26.scheduler-event.v2,analytical-model,S3,gemma3_1b_dependency_aware_tiles,0,175,0,0,0,0,13966721,13782396,13782396,184325,14003587,14077317,14077317,14077317,0,0,1179680,0,14003583,14077311,14077317,14095749,2,0
varp.k26.scheduler-event.v2,analytical-model,S3,gemma3_1b_dependency_aware_tiles,0,182,1,1,0,0,13966721,13782396,13782396,184325,14059148,14132878,14132878,14132878,2,2,1179680,0,14003583,14077311,14132878,14151310,1,2
varp.k26.scheduler-event.v2,analytical-model,S3,gemma3_1b_dependency_aware_tiles,0,183,1,2,1,0,14072972,13782396,13782396,290576,14132878,14206608,14206608,14280665,2,2,1179680,1184912,14077311,14151039,14280665,14299097,1,2
varp.k26.scheduler-event.v2,analytical-model,S3,gemma3_1b_dependency_aware_tiles,0,176,0,3,1,0,14072972,13782396,13782396,290576,14077317,14151047,14151047,14225104,0,3,1179680,1184912,14077311,14151039,14225104,14243536,2,0
varp.k26.scheduler-event.v2,analytical-model,S3,gemma3_1b_dependency_aware_tiles,0,177,0,0,0,0,14095749,13782396,13782396,313353,14151047,14224777,14224777,14224777,0,0,1179680,0,14151039,14224767,14224777,14243209,2,0
varp.k26.scheduler-event.v2,analytical-model,S3,gemma3_1b_dependency_aware_tiles,0,184,1,1,0,0,14151310,13782396,13782396,368914,14280665,14354395,14354395,14354395,2,2,1179680,0,14151310,14225038,14354395,14372827,1,2
varp.k26.scheduler-event.v2,analytical-model,S3,gemma3_1b_dependency_aware_tiles,0,178,0,0,0,0,14243209,13782396,13782396,460813,14243209,14316939,14316939,14316939,0,0,1179680,0,14243209,14316937,14316939,14335371,2,0
varp.k26.scheduler-event.v2,analytical-model,S3,gemma3_1b_dependency_aware_tiles,0,185,1,3,1,0,14243536,13782396,13782396,461140,14354395,14428125,14428125,14502182,2,3,1179680,1184912,14243536,14317264,14502182,14520614,1,2
varp.k26.scheduler-event.v2,analytical-model,S3,gemma3_1b_dependency_aware_tiles,0,187,2,2,0,0,14520615,14520614,14520614,1,14520615,14962985,14962985,14962985,0,0,7077920,0,14520615,14962983,14962985,15073577,1,0
varp.k26.scheduler-event.v2,analytical-model,S3,gemma3_1b_dependency_aware_tiles,0,188,2,0,1,0,15073577,14520614,14520614,552963,15073577,15128875,15128875,15184636,0,0,884768,892176,15073577,15128873,15184636,15198460,1,0
varp.k26.scheduler-event.v2,analytical-model,S3,gemma3_1b_dependency_aware_tiles,0,189,0,0,0,0,15198461,15198460,15198460,1,15198461,15272191,15272191,15272191,3,3,1179680,0,15198461,15272189,15272191,15290623,0,3
varp.k26.scheduler-event.v2,analytical-model,S3,gemma3_1b_dependency_aware_tiles,0,190,1,1,0,0,15198461,15198460,15198460,1,15198461,15216895,15216895,15216895,1,1,294944,0,15198461,15216893,15216895,15221503,2,1
varp.k26.scheduler-event.v2,analytical-model,S3,gemma3_1b_dependency_aware_tiles,0,191,2,2,0,0,15198461,15198460,15198460,1,15272191,15290625,15290625,15290625,3,3,294944,0,15272189,15290621,15290625,15295233,0,3
varp.k26.scheduler-event.v2,analytical-model,S3,gemma3_1b_dependency_aware_tiles,0,192,3,3,0,0,15295234,15295233,15295233,1,15295234,15360772,15360772,15360772,1,1,1048608,0,15295234,15360770,15360772,15377156,2,1
varp.k26.scheduler-event.v2,analytical-model,S3,gemma3_1b_dependency_aware_tiles,0,193,3,0,1,0,15377156,15295233,15295233,81923,15377156,15385350,15385350,15393639,1,0,131104,132624,15377156,15385348,15393639,15395687,2,1
varp.k26.scheduler-event.v2,analytical-model,S3,gemma3_1b_dependency_aware_tiles,0,194,0,0,0,0,15395688,15395687,15395687,1,15395688,15469418,15469418,15469418,3,3,1179680,0,15395688,15469416,15469418,15487850,3,3
varp.k26.scheduler-event.v2,analytical-model,S3,gemma3_1b_dependency_aware_tiles,0,201,1,1,0,0,15395688,15395687,15395687,1,15395688,15469418,15469418,15469418,1,1,1179680,0,15469416,15543144,15543144,15561576,3,1
varp.k26.scheduler-event.v2,analytical-model,S3,gemma3_1b_dependency_aware_tiles,0,195,0,0,0,0,15487850,15395687,15395687,92163,15487850,15561580,15561580,15561580,3,3,1179680,0,15543144,15616872,15616872,15635304,3,3
varp.k26.scheduler-event.v2,analytical-model,S3,gemma3_1b_dependency_aware_tiles,0,200,0,2,1,0,15487850,15395687,15395687,92163,15561580,15616878,15616878,15672439,3,2,884768,888976,15616872,15672168,15672439,15686263,3,3
varp.k26.scheduler-event.v2,analytical-model,S3,gemma3_1b_dependency_aware_tiles,0,207,1,3,1,0,15487850,15395687,15395687,92163,15487850,15543148,15616878,15672439,1,3,884768,888976,15672168,15727464,15727464,15741288,3,1
varp.k26.scheduler-event.v2,analytical-model,S3,gemma3_1b_dependency_aware_tiles,0,202,1,1,0,0,15561576,15395687,15395687,165889,15561576,15635306,15635306,15635306,1,1,1179680,0,15727464,15801192,15801192,15819624,3,1
varp.k26.scheduler-event.v2,analytical-model,S3,gemma3_1b_dependency_aware_tiles,0,196,0,0,0,0,15635304,15395687,15395687,239617,15672439,15746169,15746169,15746169,3,3,1179680,0,15801192,15874920,15874920,15893352,3,3
varp.k26.scheduler-event.v2,analytical-model,S3,gemma3_1b_dependency_aware_tiles,0,197,0,2,1,0,15686263,15395687,15395687,290576,15746169,15819899,15819899,15893956,3,2,1179680,1184912,15874920,15948648,15948648,15967080,3,3
varp.k26.scheduler-event.v2,analytical-model,S3,gemma3_1b_dependency_aware_tiles,0,198,0,3,1,0,15741288,15395687,15395687,345601,15819899,15893629,15893629,15967686,3,3,1179680,1184912,15948648,16022376,16022376,16040808,3,3
varp.k26.scheduler-event.v2,analytical-model,S3,gemma3_1b_dependency_aware_tiles,0,203,1,1,0,0,15819624,15395687,15395687,423937,15819624,15893354,15893354,15893354,1,1,1179680,0,16022376,16096104,16096104,16114536,3,1
varp.k26.scheduler-event.v2,analytical-model,S3,gemma3_1b_dependency_aware_tiles,0,199,0,0,0,0,15893352,15395687,15395687,497665,15967686,16041416,16041416,16041416,3,3,1179680,0,16096104,16169832,16169832,16188264,3,3
varp.k26.scheduler-event.v2,analytical-model,S3,gemma3_1b_dependency_aware_tiles,0,204,1,2,1,0,15967080,15395687,15395687,571393,15967080,16040810,16040810,16114867,1,2,1179680,1184912,16169832,16243560,16243560,16261992,3,1
varp.k26.scheduler-event.v2,analytical-model,S3,gemma3_1b_dependency_aware_tiles,0,205,1,3,1,0,16040808,15395687,15395687,645121,16040810,16114540,16114540,16188597,1,3,1179680,1184912,16243560,16317288,16317288,16335720,3,1
varp.k26.scheduler-event.v2,analytical-model,S3,gemma3_1b_dependency_aware_tiles,0,206,1,1,0,0,16114536,15395687,15395687,718849,16114540,16188270,16188270,16188270,1,1,1179680,0,16317288,16391016,16391016,16409448,3,1
varp.k26.scheduler-event.v2,analytical-model,S3,gemma3_1b_dependency_aware_tiles,0,208,2,2,0,0,16409449,16409448,16409448,1,16409449,16851819,16851819,16851819,3,3,7077920,0,16409449,16851817,16851819,16962411,2,3
varp.k26.scheduler-event.v2,analytical-model,S3,gemma3_1b_dependency_aware_tiles,0,209,2,0,1,0,16962411,16409448,16409448,552963,16962411,17017709,17017709,17073470,3,0,884768,892176,16962411,17017707,17073470,17087294,2,3
varp.k26.scheduler-event.v2,analytical-model,S3,gemma3_1b_dependency_aware_tiles,0,210,0,0,0,0,17087295,17087294,17087294,1,17087295,17161025,17161025,17161025,2,2,1179680,0,17087295,17161023,17161025,17179457,1,2
varp.k26.scheduler-event.v2,analytical-model,S3,gemma3_1b_dependency_aware_tiles,0,211,1,1,0,0,17087295,17087294,17087294,1,17087295,17105729,17105729,17105729,0,0,294944,0,17087295,17105727,17105729,17110337,3,0
varp.k26.scheduler-event.v2,analytical-model,S3,gemma3_1b_dependency_aware_tiles,0,212,2,2,0,0,17087295,17087294,17087294,1,17161025,17179459,17179459,17179459,2,2,294944,0,17161023,17179455,17179459,17184067,1,2
varp.k26.scheduler-event.v2,analytical-model,S3,gemma3_1b_dependency_aware_tiles,0,213,3,3,0,0,17184068,17184067,17184067,1,17184068,17249606,17249606,17249606,0,0,1048608,0,17184068,17249604,17249606,17265990,3,0
varp.k26.scheduler-event.v2,analytical-model,S3,gemma3_1b_dependency_aware_tiles,0,214,3,0,1,0,17265990,17184067,17184067,81923,17265990,17274184,17274184,17282473,0,0,131104,132624,17265990,17274182,17282473,17284521,3,0
varp.k26.scheduler-event.v2,analytical-model,S3,gemma3_1b_dependency_aware_tiles,0,215,0,0,0,0,17284522,17284521,17284521,1,17284522,17358252,17358252,17358252,2,2,1179680,0,17284522,17358250,17358252,17376684,1,2
varp.k26.scheduler-event.v2,analytical-model,S3,gemma3_1b_dependency_aware_tiles,0,222,1,1,0,0,17284522,17284521,17284521,1,17284522,17358252,17358252,17358252,0,0,1179680,0,17284522,17358250,17358252,17376684,0,0
varp.k26.scheduler-event.v2,analytical-model,S3,gemma3_1b_dependency_aware_tiles,0,216,0,0,0,0,17376684,17284521,17284521,92163,17376684,17450414,17450414,17450414,2,2,1179680,0,17376684,17450412,17450414,17468846,1,2
varp.k26.scheduler-event.v2,analytical-model,S3,gemma3_1b_dependency_aware_tiles,0,223,1,1,0,0,17376684,17284521,17284521,92163,17376684,17450414,17450414,17450414,0,0,1179680,0,17376684,17450412,17450414,17468846,0,0
varp.k26.scheduler-event.v2,analytical-model,S3,gemma3_1b_dependency_aware_tiles,0,221,0,2,1,0,17376684,17284521,17284521,92163,17450414,17505712,17505712,17561273,2,2,884768,888976,17450412,17505708,17561273,17575097,1,2
varp.k26.scheduler-event.v2,analytical-model,S3,gemma3_1b_dependency_aware_tiles,0,228,1,3,1,0,17376684,17284521,17284521,92163,17450414,17505712,17505712,17561273,0,3,884768,888976,17450412,17505708,17561273,17575097,0,0
varp.k26.scheduler-event.v2,analytical-model,S3,gemma3_1b_dependency_aware_tiles,0,217,0,0,0,0,17468846,17284521,17284521,184325,17561273,17635003,17635003,17635003,2,2,1179680,0,17505708,17579436,17635003,17653435,1,2
varp.k26.scheduler-event.v2,analytical-model,S3,gemma3_1b_dependency_aware_tiles,0,224,1,1,0,0,17468846,17284521,17284521,184325,17505712,17579442,17579442,17579442,0,0,1179680,0,17505708,17579436,17579442,17597874,0,0
varp.k26.scheduler-event.v2,analytical-model,S3,gemma3_1b_dependency_aware_tiles,0,218,0,2,1,0,17575097,17284521,17284521,290576,17635003,17708733,17708733,17782790,2,2,1179680,1184912,17579436,17653164,17782790,17801222,1,2
varp.k26.scheduler-event.v2,analytical-model,S3,gemma3_1b_dependency_aware_tiles,0,219,0,3,1,0,17575097,17284521,17284521,290576,17782790,17856520,17856520,17930577,2,3,1179680,1184912,17653164,17726892,17930577,17949009,1,2
varp.k26.scheduler-event.v2,analytical-model,S3,gemma3_1b_dependency_aware_tiles,0,225,1,1,0,0,17597874,17284521,17284521,313353,17597874,17671604,17671604,17671604,0,0,1179680,0,17597874,17671602,17671604,17690036,0,0
varp.k26.scheduler-event.v2,analytical-model,S3,gemma3_1b_dependency_aware_tiles,0,220,0,0,0,0,17653435,17284521,17284521,368914,17856520,17930250,17930250,17930250,2,2,1179680,0,17726892,17800620,17930250,17948682,1,2
varp.k26.scheduler-event.v2,analytical-model,S3,gemma3_1b_dependency_aware_tiles,0,226,1,1,0,0,17690036,17284521,17284521,405515,17690036,17763766,17763766,17763766,0,0,1179680,0,17690036,17763764,17763766,17782198,0,0
varp.k26.scheduler-event.v2,analytical-model,S3,gemma3_1b_dependency_aware_tiles,0,227,1,1,0,0,17782198,17284521,17284521,497677,17782198,17855928,17855928,17855928,0,0,1179680,0,17782198,17855926,17855928,17874360,0,0
varp.k26.scheduler-event.v2,analytical-model,S3,gemma3_1b_dependency_aware_tiles,0,229,2,2,0,0,17949010,17949009,17949009,1,17949010,18391380,18391380,18391380,2,2,7077920,0,17949010,18391378,18391380,18501972,3,2
varp.k26.scheduler-event.v2,analytical-model,S3,gemma3_1b_dependency_aware_tiles,0,230,2,0,1,0,18501972,17949009,17949009,552963,18501972,18557270,18557270,18613031,2,0,884768,892176,18501972,18557268,18613031,18626855,3,2
varp.k26.scheduler-event.v2,analytical-model,S3,gemma3_1b_dependency_aware_tiles,0,231,0,0,0,0,18626856,18626855,18626855,1,18626856,18700586,18700586,18700586,1,1,1179680,0,18626856,18700584,18700586,18719018,3,1
varp.k26.scheduler-event.v2,analytical-model,S3,gemma3_1b_dependency_aware_tiles,0,232,1,1,0,0,18626856,18626855,18626855,1,18626856,18645290,18645290,18645290,3,3,294944,0,18626856,18645288,18645290,18649898,0,3
varp.k26.scheduler-event.v2,analytical-model,S3,gemma3_1b_dependency_aware_tiles,0,233,2,2,0,0,18626856,18626855,18626855,1,18700586,18719020,18719020,18719020,1,1,294944,0,18626856,18645288,18719020,18723628,2,1
varp.k26.scheduler-event.v2,analytical-model,S3,gemma3_1b_dependency_aware_tiles,0,234,3,3,0,0,18723629,18723628,18723628,1,18723629,18789167,18789167,18789167,3,3,1048608,0,18723629,18789165,18789167,18805551,1,3
varp.k26.scheduler-event.v2,analytical-model,S3,gemma3_1b_dependency_aware_tiles,0,235,3,0,1,0,18805551,18723628,18723628,81923,18805551,18813745,18813745,18822034,3,0,131104,132624,18805551,18813743,18822034,18824082,1,3
varp.k26.scheduler-event.v2,analytical-model,S3,gemma3_1b_dependency_aware_tiles,0,236,0,0,0,0,18824083,18824082,18824082,1,18824083,18897813,18897813,18897813,1,1,1179680,0,18824083,18897811,18897813,18916245,2,1
varp.k26.scheduler-event.v2,analytical-model,S3,gemma3_1b_dependency_aware_tiles,0,243,1,1,0,0,18824083,18824082,18824082,1,18824083,18897813,18897813,18897813,3,3,1179680,0,18824083,18897811,18897813,18916245,1,3
varp.k26.scheduler-event.v2,analytical-model,S3,gemma3_1b_dependency_aware_tiles,0,237,0,0,0,0,18916245,18824082,18824082,92163,18916245,18989975,18989975,18989975,1,1,1179680,0,18916245,18989973,18989975,19008407,2,1
varp.k26.scheduler-event.v2,analytical-model,S3,gemma3_1b_dependency_aware_tiles,0,244,1,1,0,0,18916245,18824082,18824082,92163,18916245,18989975,18989975,18989975,3,3,1179680,0,18916245,18989973,18989975,19008407,1,3
varp.k26.scheduler-event.v2,analytical-model,S3,gemma3_1b_dependency_aware_tiles,0,242,0,2,1,0,18916245,18824082,18824082,92163,18989975,19045273,19045273,19100834,1,2,884768,888976,18989973,19045269,19100834,19114658,2,1
varp.k26.scheduler-event.v2,analytical-model,S3,gemma3_1b_dependency_aware_tiles,0,249,1,3,1,0,18916245,18824082,18824082,92163,18989975,19045273,19045273,19100834,3,3,884768,888976,18989973,19045269,19100834,19114658,1,3
varp.k26.scheduler-event.v2,analytical-model,S3,gemma3_1b_dependency_aware_tiles,0,238,0,0,0,0,19008407,18824082,18824082,184325,19045273,19119003,19119003,19119003,1,1,1179680,0,19045269,19118997,19119003,19137435,2,1
varp.k26.scheduler-event.v2,analytical-model,S3,gemma3_1b_dependency_aware_tiles,0,245,1,1,0,0,19008407,18824082,18824082,184325,19100834,19174564,19174564,19174564,3,3,1179680,0,19045269,19118997,19174564,19192996,1,3
varp.k26.scheduler-event.v2,analytical-model,S3,gemma3_1b_dependency_aware_tiles,0,239,0,2,1,0,19114658,18824082,18824082,290576,19119003,19192733,19192733,19266790,1,2,1179680,1184912,19118997,19192725,19266790,19285222,2,1
varp.k26.scheduler-event.v2,analytical-model,S3,gemma3_1b_dependency_aware_tiles,0,246,1,3,1,0,19114658,18824082,18824082,290576,19174564,19248294,19248294,19322351,3,3,1179680,1184912,19118997,19192725,19322351,19340783,1,3
varp.k26.scheduler-event.v2,analytical-model,S3,gemma3_1b_dependency_aware_tiles,0,240,0,0,0,0,19137435,18824082,18824082,313353,19192733,19266463,19266463,19266463,1,1,1179680,0,19192725,19266453,19266463,19284895,2,1
varp.k26.scheduler-event.v2,analytical-model,S3,gemma3_1b_dependency_aware_tiles,0,247,1,1,0,0,19192996,18824082,18824082,368914,19322351,19396081,19396081,19396081,3,3,1179680,0,19192996,19266724,19396081,19414513,1,3
varp.k26.scheduler-event.v2,analytical-model,S3,gemma3_1b_dependency_aware_tiles,0,241,0,0,0,0,19284895,18824082,18824082,460813,19284895,19358625,19358625,19358625,1,1,1179680,0,19284895,19358623,19358625,19377057,2,1
varp.k26.scheduler-event.v2,analytical-model,S3,gemma3_1b_dependency_aware_tiles,0,248,1,2,1,0,19285222,18824082,18824082,461140,19396081,19469811,19469811,19543868,3,2,1179680,1184912,19285222,19358950,19543868,19562300,1,3
varp.k26.scheduler-event.v2,analytical-model,S3,gemma3_1b_dependency_aware_tiles,0,250,2,2,0,0,19562301,19562300,19562300,1,19562301,20004671,20004671,20004671,1,1,7077920,0,19562301,20004669,20004671,20115263,1,1
varp.k26.scheduler-event.v2,analytical-model,S3,gemma3_1b_dependency_aware_tiles,0,251,2,0,1,0,20115263,19562300,19562300,552963,20115263,20170561,20170561,20226322,1,0,884768,892176,20115263,20170559,20226322,20240146,1,1
varp.k26.scheduler-event.v2,analytical-model,S3,gemma3_1b_dependency_aware_tiles,0,252,0,0,0,0,20240147,20240146,20240146,1,20240147,20313877,20313877,20313877,0,0,1179680,0,20240147,20313875,20313877,20332309,0,0
varp.k26.scheduler-event.v2,analytical-model,S3,gemma3_1b_dependency_aware_tiles,0,253,1,1,0,0,20240147,20240146,20240146,1,20240147,20258581,20258581,20258581,2,2,294944,0,20240147,20258579,20258581,20263189,2,2
varp.k26.scheduler-event.v2,analytical-model,S3,gemma3_1b_dependency_aware_tiles,0,254,2,2,0,0,20240147,20240146,20240146,1,20313877,20332311,20332311,20332311,0,0,294944,0,20313875,20332307,20332311,20336919,0,0
varp.k26.scheduler-event.v2,analytical-model,S3,gemma3_1b_dependency_aware_tiles,0,255,3,3,0,0,20336920,20336919,20336919,1,20336920,20402458,20402458,20402458,2,2,1048608,0,20336920,20402456,20402458,20418842,2,2
varp.k26.scheduler-event.v2,analytical-model,S3,gemma3_1b_dependency_aware_tiles,0,256,3,0,1,0,20418842,20336919,20336919,81923,20418842,20427036,20427036,20435325,2,0,131104,132624,20418842,20427034,20435325,20437373,2,2
varp.k26.scheduler-event.v2,analytical-model,S3,gemma3_1b_dependency_aware_tiles,0,257,0,0,0,0,20437374,20437373,20437373,1,20437374,20511104,20511104,20511104,0,0,1179680,0,20437374,20511102,20511104,20529536,3,0
varp.k26.scheduler-event.v2,analytical-model,S3,gemma3_1b_dependency_aware_tiles,0,264,1,1,0,0,20437374,20437373,20437373,1,20437374,20511104,20511104,20511104,2,2,1179680,0,20511102,20584830,20584830,20603262,3,2
varp.k26.scheduler-event.v2,analytical-model,S3,gemma3_1b_dependency_aware_tiles,0,258,0,0,0,0,20529536,20437373,20437373,92163,20529536,20603266,20603266,20603266,0,0,1179680,0,20584830,20658558,20658558,20676990,3,0
varp.k26.scheduler-event.v2,analytical-model,S3,gemma3_1b_dependency_aware_tiles,0,270,1,2,1,0,20529536,20437373,20437373,92163,20529536,20584834,20584834,20640395,2,2,884768,888976,20658558,20713854,20713854,20727678,3,2
varp.k26.scheduler-event.v2,analytical-model,S3,gemma3_1b_dependency_aware_tiles,0,263,0,3,1,0,20529536,20437373,20437373,92163,20603266,20658564,20658564,20714125,0,3,884768,888976,20713854,20769150,20769150,20782974,3,0
varp.k26.scheduler-event.v2,analytical-model,S3,gemma3_1b_dependency_aware_tiles,0,265,1,1,0,0,20603262,20437373,20437373,165889,20640395,20714125,20714125,20714125,2,2,1179680,0,20769150,20842878,20842878,20861310,3,2
varp.k26.scheduler-event.v2,analytical-model,S3,gemma3_1b_dependency_aware_tiles,0,259,0,0,0,0,20676990,20437373,20437373,239617,20676990,20750720,20750720,20750720,0,0,1179680,0,20842878,20916606,20916606,20935038,3,0
varp.k26.scheduler-event.v2,analytical-model,S3,gemma3_1b_dependency_aware_tiles,0,266,1,2,1,0,20727678,20437373,20437373,290305,20727678,20801408,20801408,20875465,2,2,1179680,1184912,20916606,20990334,20990334,21008766,3,2
varp.k26.scheduler-event.v2,analytical-model,S3,gemma3_1b_dependency_aware_tiles,0,260,0,3,1,0,20782974,20437373,20437373,345601,20782974,20856704,20856704,20930761,0,3,1179680,1184912,20990334,21064062,21064062,21082494,3,0
varp.k26.scheduler-event.v2,analytical-model,S3,gemma3_1b_dependency_aware_tiles,0,267,1,1,0,0,20861310,20437373,20437373,423937,20875465,20949195,20949195,20949195,2,2,1179680,0,21064062,21137790,21137790,21156222,3,2
varp.k26.scheduler-event.v2,analytical-model,S3,gemma3_1b_dependency_aware_tiles,0,261,0,0,0,0,20935038,20437373,20437373,497665,20935038,21008768,21008768,21008768,0,0,1179680,0,21137790,21211518,21211518,21229950,3,0
varp.k26.scheduler-event.v2,analytical-model,S3,gemma3_1b_dependency_aware_tiles,0,268,1,2,1,0,21008766,20437373,20437373,571393,21008766,21082496,21082496,21156553,2,2,1179680,1184912,21211518,21285246,21285246,21303678,3,2
varp.k26.scheduler-event.v2,analytical-model,S3,gemma3_1b_dependency_aware_tiles,0,262,0,3,1,0,21082494,20437373,20437373,645121,21082494,21156224,21156224,21230281,0,3,1179680,1184912,21285246,21358974,21358974,21377406,3,0
varp.k26.scheduler-event.v2,analytical-model,S3,gemma3_1b_dependency_aware_tiles,0,269,1,1,0,0,21156222,20437373,20437373,718849,21156553,21230283,21230283,21230283,2,2,1179680,0,21358974,21432702,21432702,21451134,3,2
varp.k26.scheduler-event.v2,analytical-model,S3,gemma3_1b_dependency_aware_tiles,0,271,2,2,0,0,21451135,21451134,21451134,1,21451135,21893505,21893505,21893505,0,0,7077920,0,21451135,21893503,21893505,22004097,2,0
varp.k26.scheduler-event.v2,analytical-model,S3,gemma3_1b_dependency_aware_tiles,0,272,2,0,1,0,22004097,21451134,21451134,552963,22004097,22059395,22059395,22115156,0,0,884768,892176,22004097,22059393,22115156,22128980,2,0
varp.k26.scheduler-event.v2,analytical-model,S3,gemma3_1b_dependency_aware_tiles,0,273,0,0,0,0,22128981,22128980,22128980,1,22128981,22202711,22202711,22202711,3,3,1179680,0,22128981,22202709,22202711,22221143,2,3
varp.k26.scheduler-event.v2,analytical-model,S3,gemma3_1b_dependency_aware_tiles,0,274,1,1,0,0,22128981,22128980,22128980,1,22128981,22147415,22147415,22147415,1,1,294944,0,22128981,22147413,22147415,22152023,3,1
varp.k26.scheduler-event.v2,analytical-model,S3,gemma3_1b_dependency_aware_tiles,0,275,2,2,0,0,22128981,22128980,22128980,1,22202711,22221145,22221145,22221145,3,3,294944,0,22128981,22147413,22221145,22225753,1,3
varp.k26.scheduler-event.v2,analytical-model,S3,gemma3_1b_dependency_aware_tiles,0,276,3,3,0,0,22225754,22225753,22225753,1,22225754,22291292,22291292,22291292,1,1,1048608,0,22225754,22291290,22291292,22307676,3,1
varp.k26.scheduler-event.v2,analytical-model,S3,gemma3_1b_dependency_aware_tiles,0,277,3,0,1,0,22307676,22225753,22225753,81923,22307676,22315870,22315870,22324159,1,0,131104,132624,22307676,22315868,22324159,22326207,3,1
varp.k26.scheduler-event.v2,analytical-model,S3,gemma3_1b_dependency_aware_tiles,0,278,0,0,0,0,22326208,22326207,22326207,1,22326208,22399938,22399938,22399938,3,3,1179680,0,22326208,22399936,22399938,22418370,1,3
varp.k26.scheduler-event.v2,analytical-model,S3,gemma3_1b_dependency_aware_tiles,0,285,1,1,0,0,22326208,22326207,22326207,1,22326208,22399938,22399938,22399938,1,1,1179680,0,22326208,22399936,22399938,22418370,0,1
varp.k26.scheduler-event.v2,analytical-model,S3,gemma3_1b_dependency_aware_tiles,0,279,0,0,0,0,22418370,22326207,22326207,92163,22418370,22492100,22492100,22492100,3,3,1179680,0,22418370,22492098,22492100,22510532,1,3
varp.k26.scheduler-event.v2,analytical-model,S3,gemma3_1b_dependency_aware_tiles,0,286,1,1,0,0,22418370,22326207,22326207,92163,22418370,22492100,22492100,22492100,1,1,1179680,0,22418370,22492098,22492100,22510532,0,1
varp.k26.scheduler-event.v2,analytical-model,S3,gemma3_1b_dependency_aware_tiles,0,284,0,2,1,0,22418370,22326207,22326207,92163,22492100,22547398,22547398,22602959,3,2,884768,888976,22492098,22547394,22602959,22616783,1,3
varp.k26.scheduler-event.v2,analytical-model,S3,gemma3_1b_dependency_aware_tiles,0,291,1,3,1,0,22418370,22326207,22326207,92163,22492100,22547398,22547398,22602959,1,3,884768,888976,22492098,22547394,22602959,22616783,0,1
varp.k26.scheduler-event.v2,analytical-model,S3,gemma3_1b_dependency_aware_tiles,0,280,0,0,0,0,22510532,22326207,22326207,184325,22602959,22676689,22676689,22676689,3,3,1179680,0,22547394,22621122,22676689,22695121,1,3
varp.k26.scheduler-event.v2,analytical-model,S3,gemma3_1b_dependency_aware_tiles,0,287,1,1,0,0,22510532,22326207,22326207,184325,22547398,22621128,22621128,22621128,1,1,1179680,0,22547394,22621122,22621128,22639560,0,1
varp.k26.scheduler-event.v2,analytical-model,S3,gemma3_1b_dependency_aware_tiles,0,281,0,2,1,0,22616783,22326207,22326207,290576,22676689,22750419,22750419,22824476,3,2,1179680,1184912,22621122,22694850,22824476,22842908,1,3
varp.k26.scheduler-event.v2,analytical-model,S3,gemma3_1b_dependency_aware_tiles,0,282,0,3,1,0,22616783,22326207,22326207,290576,22750419,22824149,22824149,22898206,3,3,1179680,1184912,22694850,22768578,22898206,22916638,1,3
varp.k26.scheduler-event.v2,analytical-model,S3,gemma3_1b_dependency_aware_tiles,0,288,1,1,0,0,22639560,22326207,22326207,313353,22639560,22713290,22713290,22713290,1,1,1179680,0,22639560,22713288,22713290,22731722,0,1
varp.k26.scheduler-event.v2,analytical-model,S3,gemma3_1b_dependency_aware_tiles,0,283,0,0,0,0,22695121,22326207,22326207,368914,22898206,22971936,22971936,22971936,3,3,1179680,0,22768578,22842306,22971936,22990368,1,3
varp.k26.scheduler-event.v2,analytical-model,S3,gemma3_1b_dependency_aware_tiles,0,289,1,1,0,0,22731722,22326207,22326207,405515,22731722,22805452,22805452,22805452,1,1,1179680,0,22731722,22805450,22805452,22823884,0,1
varp.k26.scheduler-event.v2,analytical-model,S3,gemma3_1b_dependency_aware_tiles,0,290,1,1,0,0,22823884,22326207,22326207,497677,22823884,22897614,22897614,22897614,1,1,1179680,0,22823884,22897612,22897614,22916046,0,1
varp.k26.scheduler-event.v2,analytical-model,S3,gemma3_1b_dependency_aware_tiles,0,292,2,2,0,0,22990369,22990368,22990368,1,22990369,23432739,23432739,23432739,3,3,7077920,0,22990369,23432737,23432739,23543331,0,3
varp.k26.scheduler-event.v2,analytical-model,S3,gemma3_1b_dependency_aware_tiles,0,293,2,0,1,0,23543331,22990368,22990368,552963,23543331,23598629,23598629,23654390,3,0,884768,892176,23543331,23598627,23654390,23668214,0,3
varp.k26.scheduler-event.v2,analytical-model,S3,gemma3_1b_dependency_aware_tiles,0,294,0,0,0,0,23668215,23668214,23668214,1,23668215,23741945,23741945,23741945,2,2,1179680,0,23668215,23741943,23741945,23760377,3,2
varp.k26.scheduler-event.v2,analytical-model,S3,gemma3_1b_dependency_aware_tiles,0,295,1,1,0,0,23668215,23668214,23668214,1,23668215,23686649,23686649,23686649,0,0,294944,0,23668215,23686647,23686649,23691257,1,0
varp.k26.scheduler-event.v2,analytical-model,S3,gemma3_1b_dependency_aware_tiles,0,296,2,2,0,0,23668215,23668214,23668214,1,23741945,23760379,23760379,23760379,2,2,294944,0,23741943,23760375,23760379,23764987,3,2
varp.k26.scheduler-event.v2,analytical-model,S3,gemma3_1b_dependency_aware_tiles,0,297,3,3,0,0,23764988,23764987,23764987,1,23764988,23830526,23830526,23830526,0,0,1048608,0,23764988,23830524,23830526,23846910,1,0
varp.k26.scheduler-event.v2,analytical-model,S3,gemma3_1b_dependency_aware_tiles,0,298,3,0,1,0,23846910,23764987,23764987,81923,23846910,23855104,23855104,23863393,0,0,131104,132624,23846910,23855102,23863393,23865441,1,0
varp.k26.scheduler-event.v2,analytical-model,S3,gemma3_1b_dependency_aware_tiles,0,299,0,0,0,0,23865442,23865441,23865441,1,23865442,23939172,23939172,23939172,2,2,1179680,0,23865442,23939170,23939172,23957604,2,2
varp.k26.scheduler-event.v2,analytical-model,S3,gemma3_1b_dependency_aware_tiles,0,306,1,1,0,0,23865442,23865441,23865441,1,23865442,23939172,23939172,23939172,0,0,1179680,0,23939170,24012898,24012898,24031330,2,0
varp.k26.scheduler-event.v2,analytical-model,S3,gemma3_1b_dependency_aware_tiles,0,300,0,0,0,0,23957604,23865441,23865441,92163,23957604,24031334,24031334,24031334,2,2,1179680,0,24012898,24086626,24086626,24105058,2,2
varp.k26.scheduler-event.v2,analytical-model,S3,gemma3_1b_dependency_aware_tiles,0,305,0,2,1,0,23957604,23865441,23865441,92163,24031334,24086632,24086632,24142193,2,2,884768,888976,24086626,24141922,24142193,24156017,2,2
varp.k26.scheduler-event.v2,analytical-model,S3,gemma3_1b_dependency_aware_tiles,0,312,1,3,1,0,23957604,23865441,23865441,92163,23957604,24012902,24012902,24068463,0,3,884768,888976,24141922,24197218,24197218,24211042,2,0
varp.k26.scheduler-event.v2,analytical-model,S3,gemma3_1b_dependency_aware_tiles,0,307,1,1,0,0,24031330,23865441,23865441,165889,24031330,24105060,24105060,24105060,0,0,1179680,0,24197218,24270946,24270946,24289378,2,0
varp.k26.scheduler-event.v2,analytical-model,S3,gemma3_1b_dependency_aware_tiles,0,301,0,0,0,0,24105058,23865441,23865441,239617,24142193,24215923,24215923,24215923,2,2,1179680,0,24270946,24344674,24344674,24363106,2,2
varp.k26.scheduler-event.v2,analytical-model,S3,gemma3_1b_dependency_aware_tiles,0,302,0,2,1,0,24156017,23865441,23865441,290576,24215923,24289653,24289653,24363710,2,2,1179680,1184912,24344674,24418402,24418402,24436834,2,2
varp.k26.scheduler-event.v2,analytical-model,S3,gemma3_1b_dependency_aware_tiles,0,303,0,3,1,0,24211042,23865441,23865441,345601,24363710,24437440,24437440,24511497,2,3,1179680,1184912,24418402,24492130,24511497,24529929,2,2
varp.k26.scheduler-event.v2,analytical-model,S3,gemma3_1b_dependency_aware_tiles,0,308,1,1,0,0,24289378,23865441,23865441,423937,24289378,24363108,24363108,24363108,0,0,1179680,0,24492130,24565858,24565858,24584290,2,0
varp.k26.scheduler-event.v2,analytical-model,S3,gemma3_1b_dependency_aware_tiles,0,304,0,0,0,0,24363106,23865441,23865441,497665,24437440,24511170,24511170,24511170,2,2,1179680,0,24565858,24639586,24639586,24658018,2,2
varp.k26.scheduler-event.v2,analytical-model,S3,gemma3_1b_dependency_aware_tiles,0,309,1,2,1,0,24436834,23865441,23865441,571393,24436834,24510564,24511170,24585227,0,2,1179680,1184912,24639586,24713314,24713314,24731746,2,0
varp.k26.scheduler-event.v2,analytical-model,S3,gemma3_1b_dependency_aware_tiles,0,310,1,3,1,0,24529929,23865441,23865441,664488,24529929,24603659,24603659,24677716,0,3,1179680,1184912,24713314,24787042,24787042,24805474,2,0
varp.k26.scheduler-event.v2,analytical-model,S3,gemma3_1b_dependency_aware_tiles,0,311,1,1,0,0,24584290,23865441,23865441,718849,24603659,24677389,24677389,24677389,0,0,1179680,0,24787042,24860770,24860770,24879202,2,0
varp.k26.scheduler-event.v2,analytical-model,S3,gemma3_1b_dependency_aware_tiles,0,313,2,2,0,0,24879203,24879202,24879202,1,24879203,25321573,25321573,25321573,2,2,7077920,0,24879203,25321571,25321573,25432165,1,2
varp.k26.scheduler-event.v2,analytical-model,S3,gemma3_1b_dependency_aware_tiles,0,314,2,0,1,0,25432165,24879202,24879202,552963,25432165,25487463,25487463,25543224,2,0,884768,892176,25432165,25487461,25543224,25557048,1,2
varp.k26.scheduler-event.v2,analytical-model,S3,gemma3_1b_dependency_aware_tiles,0,315,0,0,0,0,25557049,25557048,25557048,1,25557049,25630779,25630779,25630779,1,1,1179680,0,25557049,25630777,25630779,25649211,0,1
varp.k26.scheduler-event.v2,analytical-model,S3,gemma3_1b_dependency_aware_tiles,0,316,1,1,0,0,25557049,25557048,25557048,1,25557049,25575483,25575483,25575483,3,3,294944,0,25557049,25575481,25575483,25580091,2,3
varp.k26.scheduler-event.v2,analytical-model,S3,gemma3_1b_dependency_aware_tiles,0,317,2,2,0,0,25557049,25557048,25557048,1,25630779,25649213,25649213,25649213,1,1,294944,0,25630777,25649209,25649213,25653821,0,1
varp.k26.scheduler-event.v2,analytical-model,S3,gemma3_1b_dependency_aware_tiles,0,318,3,3,0,0,25653822,25653821,25653821,1,25653822,25719360,25719360,25719360,3,3,1048608,0,25653822,25719358,25719360,25735744,2,3
varp.k26.scheduler-event.v2,analytical-model,S3,gemma3_1b_dependency_aware_tiles,0,319,3,0,1,0,25735744,25653821,25653821,81923,25735744,25743938,25743938,25752227,3,0,131104,132624,25735744,25743936,25752227,25754275,2,3
varp.k26.scheduler-event.v2,analytical-model,S3,gemma3_1b_dependency_aware_tiles,0,320,0,0,0,0,25754276,25754275,25754275,1,25754276,25828006,25828006,25828006,1,1,1179680,0,25754276,25828004,25828006,25846438,0,1
varp.k26.scheduler-event.v2,analytical-model,S3,gemma3_1b_dependency_aware_tiles,0,327,1,1,0,0,25754276,25754275,25754275,1,25754276,25828006,25828006,25828006,3,3,1179680,0,25754276,25828004,25828006,25846438,3,3
varp.k26.scheduler-event.v2,analytical-model,S3,gemma3_1b_dependency_aware_tiles,0,321,0,0,0,0,25846438,25754275,25754275,92163,25846438,25920168,25920168,25920168,1,1,1179680,0,25846438,25920166,25920168,25938600,0,1
varp.k26.scheduler-event.v2,analytical-model,S3,gemma3_1b_dependency_aware_tiles,0,328,1,1,0,0,25846438,25754275,25754275,92163,25846438,25920168,25920168,25920168,3,3,1179680,0,25846438,25920166,25920168,25938600,3,3
varp.k26.scheduler-event.v2,analytical-model,S3,gemma3_1b_dependency_aware_tiles,0,326,0,2,1,0,25846438,25754275,25754275,92163,25920168,25975466,25975466,26031027,1,2,884768,888976,25920166,25975462,26031027,26044851,0,1
varp.k26.scheduler-event.v2,analytical-model,S3,gemma3_1b_dependency_aware_tiles,0,333,1,3,1,0,25846438,25754275,25754275,92163,25920168,25975466,25975466,26031027,3,3,884768,888976,25920166,25975462,26031027,26044851,3,3
varp.k26.scheduler-event.v2,analytical-model,S3,gemma3_1b_dependency_aware_tiles,0,322,0,0,0,0,25938600,25754275,25754275,184325,25975466,26049196,26049196,26049196,1,1,1179680,0,25975462,26049190,26049196,26067628,0,1
varp.k26.scheduler-event.v2,analytical-model,S3,gemma3_1b_dependency_aware_tiles,0,329,1,1,0,0,25938600,25754275,25754275,184325,26031027,26104757,26104757,26104757,3,3,1179680,0,25975462,26049190,26104757,26123189,3,3
varp.k26.scheduler-event.v2,analytical-model,S3,gemma3_1b_dependency_aware_tiles,0,323,0,2,1,0,26044851,25754275,25754275,290576,26049196,26122926,26122926,26196983,1,2,1179680,1184912,26049190,26122918,26196983,26215415,0,1
varp.k26.scheduler-event.v2,analytical-model,S3,gemma3_1b_dependency_aware_tiles,0,330,1,3,1,0,26044851,25754275,25754275,290576,26104757,26178487,26178487,26252544,3,3,1179680,1184912,26049190,26122918,26252544,26270976,3,3
varp.k26.scheduler-event.v2,analytical-model,S3,gemma3_1b_dependency_aware_tiles,0,324,0,0,0,0,26067628,25754275,25754275,313353,26122926,26196656,26196656,26196656,1,1,1179680,0,26122918,26196646,26196656,26215088,0,1
varp.k26.scheduler-event.v2,analytical-model,S3,gemma3_1b_dependency_aware_tiles,0,331,1,1,0,0,26123189,25754275,25754275,368914,26252544,26326274,26326274,26326274,3,3,1179680,0,26123189,26196917,26326274,26344706,3,3
varp.k26.scheduler-event.v2,analytical-model,S3,gemma3_1b_dependency_aware_tiles,0,325,0,0,0,0,26215088,25754275,25754275,460813,26215088,26288818,26288818,26288818,1,1,1179680,0,26215088,26288816,26288818,26307250,0,1
varp.k26.scheduler-event.v2,analytical-model,S3,gemma3_1b_dependency_aware_tiles,0,332,1,2,1,0,26215415,25754275,25754275,461140,26326274,26400004,26400004,26474061,3,2,1179680,1184912,26215415,26289143,26474061,26492493,3,3
varp.k26.scheduler-event.v2,analytical-model,S3,gemma3_1b_dependency_aware_tiles,0,334,2,2,0,0,26492494,26492493,26492493,1,26492494,26934864,26934864,26934864,1,1,7077920,0,26492494,26934862,26934864,27045456,2,1
varp.k26.scheduler-event.v2,analytical-model,S3,gemma3_1b_dependency_aware_tiles,0,335,2,0,1,0,27045456,26492493,26492493,552963,27045456,27100754,27100754,27156515,1,0,884768,892176,27045456,27100752,27156515,27170339,2,1
varp.k26.scheduler-event.v2,analytical-model,S3,gemma3_1b_dependency_aware_tiles,0,336,0,0,0,0,27170340,27170339,27170339,1,27170340,27244070,27244070,27244070,0,0,1179680,0,27170340,27244068,27244070,27262502,2,0
varp.k26.scheduler-event.v2,analytical-model,S3,gemma3_1b_dependency_aware_tiles,0,337,1,1,0,0,27170340,27170339,27170339,1,27170340,27188774,27188774,27188774,2,2,294944,0,27170340,27188772,27188774,27193382,3,2
varp.k26.scheduler-event.v2,analytical-model,S3,gemma3_1b_dependency_aware_tiles,0,338,2,2,0,0,27170340,27170339,27170339,1,27244070,27262504,27262504,27262504,0,0,294944,0,27170340,27188772,27262504,27267112,1,0
varp.k26.scheduler-event.v2,analytical-model,S3,gemma3_1b_dependency_aware_tiles,0,339,3,3,0,0,27267113,27267112,27267112,1,27267113,27332651,27332651,27332651,2,2,1048608,0,27267113,27332649,27332651,27349035,0,2
varp.k26.scheduler-event.v2,analytical-model,S3,gemma3_1b_dependency_aware_tiles,0,340,3,0,1,0,27349035,27267112,27267112,81923,27349035,27357229,27357229,27365518,2,0,131104,132624,27349035,27357227,27365518,27367566,0,2
varp.k26.scheduler-event.v2,analytical-model,S3,gemma3_1b_dependency_aware_tiles,0,341,0,0,0,0,27367567,27367566,27367566,1,27367567,27441297,27441297,27441297,0,0,1179680,0,27367567,27441295,27441297,27459729,1,0
varp.k26.scheduler-event.v2,analytical-model,S3,gemma3_1b_dependency_aware_tiles,0,348,1,1,0,0,27367567,27367566,27367566,1,27367567,27441297,27441297,27441297,2,2,1179680,0,27367567,27441295,27441297,27459729,0,2
varp.k26.scheduler-event.v2,analytical-model,S3,gemma3_1b_dependency_aware_tiles,0,342,0,0,0,0,27459729,27367566,27367566,92163,27459729,27533459,27533459,27533459,0,0,1179680,0,27459729,27533457,27533459,27551891,1,0
varp.k26.scheduler-event.v2,analytical-model,S3,gemma3_1b_dependency_aware_tiles,0,349,1,1,0,0,27459729,27367566,27367566,92163,27459729,27533459,27533459,27533459,2,2,1179680,0,27459729,27533457,27533459,27551891,0,2
varp.k26.scheduler-event.v2,analytical-model,S3,gemma3_1b_dependency_aware_tiles,0,354,1,2,1,0,27459729,27367566,27367566,92163,27533459,27588757,27588757,27644318,2,2,884768,888976,27533457,27588753,27644318,27658142,0,2
varp.k26.scheduler-event.v2,analytical-model,S3,gemma3_1b_dependency_aware_tiles,0,347,0,3,1,0,27459729,27367566,27367566,92163,27533459,27588757,27588757,27644318,0,3,884768,888976,27533457,27588753,27644318,27658142,1,0
varp.k26.scheduler-event.v2,analytical-model,S3,gemma3_1b_dependency_aware_tiles,0,343,0,0,0,0,27551891,27367566,27367566,184325,27588757,27662487,27662487,27662487,0,0,1179680,0,27588753,27662481,27662487,27680919,1,0
varp.k26.scheduler-event.v2,analytical-model,S3,gemma3_1b_dependency_aware_tiles,0,350,1,1,0,0,27551891,27367566,27367566,184325,27644318,27718048,27718048,27718048,2,2,1179680,0,27588753,27662481,27718048,27736480,0,2
varp.k26.scheduler-event.v2,analytical-model,S3,gemma3_1b_dependency_aware_tiles,0,351,1,2,1,0,27658142,27367566,27367566,290576,27718048,27791778,27791778,27865835,2,2,1179680,1184912,27662481,27736209,27865835,27884267,0,2
varp.k26.scheduler-event.v2,analytical-model,S3,gemma3_1b_dependency_aware_tiles,0,344,0,3,1,0,27658142,27367566,27367566,290576,27662487,27736217,27736217,27810274,0,3,1179680,1184912,27662481,27736209,27810274,27828706,1,0
varp.k26.scheduler-event.v2,analytical-model,S3,gemma3_1b_dependency_aware_tiles,0,345,0,0,0,0,27680919,27367566,27367566,313353,27736217,27809947,27809947,27809947,0,0,1179680,0,27736209,27809937,27809947,27828379,1,0
varp.k26.scheduler-event.v2,analytical-model,S3,gemma3_1b_dependency_aware_tiles,0,352,1,1,0,0,27736480,27367566,27367566,368914,27865835,27939565,27939565,27939565,2,2,1179680,0,27736480,27810208,27939565,27957997,0,2
varp.k26.scheduler-event.v2,analytical-model,S3,gemma3_1b_dependency_aware_tiles,0,346,0,0,0,0,27828379,27367566,27367566,460813,27828379,27902109,27902109,27902109,0,0,1179680,0,27828379,27902107,27902109,27920541,1,0
varp.k26.scheduler-event.v2,analytical-model,S3,gemma3_1b_dependency_aware_tiles,0,353,1,3,1,0,27828706,27367566,27367566,461140,27939565,28013295,28013295,28087352,2,3,1179680,1184912,27828706,27902434,28087352,28105784,0,2
varp.k26.scheduler-event.v2,analytical-model,S3,gemma3_1b_dependency_aware_tiles,0,355,2,2,0,0,28105785,28105784,28105784,1,28105785,28548155,28548155,28548155,0,0,7077920,0,28105785,28548153,28548155,28658747,0,0
varp.k26.scheduler-event.v2,analytical-model,S3,gemma3_1b_dependency_aware_tiles,0,356,2,0,1,0,28658747,28105784,28105784,552963,28658747,28714045,28714045,28769806,0,0,884768,892176,28658747,28714043,28769806,28783630,0,0
varp.k26.scheduler-event.v2,analytical-model,S3,gemma3_1b_dependency_aware_tiles,0,357,0,0,0,0,28783631,28783630,28783630,1,28783631,28857361,28857361,28857361,3,3,1179680,0,28783631,28857359,28857361,28875793,3,3
varp.k26.scheduler-event.v2,analytical-model,S3,gemma3_1b_dependency_aware_tiles,0,358,1,1,0,0,28783631,28783630,28783630,1,28783631,28802065,28802065,28802065,1,1,294944,0,28783631,28802063,28802065,28806673,1,1
varp.k26.scheduler-event.v2,analytical-model,S3,gemma3_1b_dependency_aware_tiles,0,359,2,2,0,0,28783631,28783630,28783630,1,28857361,28875795,28875795,28875795,3,3,294944,0,28857359,28875791,28875795,28880403,3,3
varp.k26.scheduler-event.v2,analytical-model,S3,gemma3_1b_dependency_aware_tiles,0,360,3,3,0,0,28880404,28880403,28880403,1,28880404,28945942,28945942,28945942,1,1,1048608,0,28880404,28945940,28945942,28962326,1,1
varp.k26.scheduler-event.v2,analytical-model,S3,gemma3_1b_dependency_aware_tiles,0,361,3,0,1,0,28962326,28880403,28880403,81923,28962326,28970520,28970520,28978809,1,0,131104,132624,28962326,28970518,28978809,28980857,1,1
varp.k26.scheduler-event.v2,analytical-model,S3,gemma3_1b_dependency_aware_tiles,0,362,0,0,0,0,28980858,28980857,28980857,1,28980858,29054588,29054588,29054588,3,3,1179680,0,28980858,29054586,29054588,29073020,2,3
varp.k26.scheduler-event.v2,analytical-model,S3,gemma3_1b_dependency_aware_tiles,0,369,1,1,0,0,28980858,28980857,28980857,1,28980858,29054588,29054588,29054588,1,1,1179680,0,29054586,29128314,29128314,29146746,2,1
varp.k26.scheduler-event.v2,analytical-model,S3,gemma3_1b_dependency_aware_tiles,0,363,0,0,0,0,29073020,28980857,28980857,92163,29073020,29146750,29146750,29146750,3,3,1179680,0,29128314,29202042,29202042,29220474,2,3
varp.k26.scheduler-event.v2,analytical-model,S3,gemma3_1b_dependency_aware_tiles,0,368,0,2,1,0,29073020,28980857,28980857,92163,29146750,29202048,29202048,29257609,3,2,884768,888976,29202042,29257338,29257609,29271433,2,3
varp.k26.scheduler-event.v2,analytical-model,S3,gemma3_1b_dependency_aware_tiles,0,375,1,3,1,0,29073020,28980857,28980857,92163,29073020,29128318,29202048,29257609,1,3,884768,888976,29257338,29312634,29312634,29326458,2,1
varp.k26.scheduler-event.v2,analytical-model,S3,gemma3_1b_dependency_aware_tiles,0,370,1,1,0,0,29146746,28980857,28980857,165889,29146746,29220476,29220476,29220476,1,1,1179680,0,29312634,29386362,29386362,29404794,2,1
varp.k26.scheduler-event.v2,analytical-model,S3,gemma3_1b_dependency_aware_tiles,0,364,0,0,0,0,29220474,28980857,28980857,239617,29257609,29331339,29331339,29331339,3,3,1179680,0,29386362,29460090,29460090,29478522,2,3
varp.k26.scheduler-event.v2,analytical-model,S3,gemma3_1b_dependency_aware_tiles,0,365,0,2,1,0,29271433,28980857,28980857,290576,29331339,29405069,29405069,29479126,3,2,1179680,1184912,29460090,29533818,29533818,29552250,2,3
varp.k26.scheduler-event.v2,analytical-model,S3,gemma3_1b_dependency_aware_tiles,0,366,0,3,1,0,29326458,28980857,28980857,345601,29405069,29478799,29478799,29552856,3,3,1179680,1184912,29533818,29607546,29607546,29625978,2,3
varp.k26.scheduler-event.v2,analytical-model,S3,gemma3_1b_dependency_aware_tiles,0,371,1,1,0,0,29404794,28980857,28980857,423937,29404794,29478524,29478524,29478524,1,1,1179680,0,29607546,29681274,29681274,29699706,2,1
varp.k26.scheduler-event.v2,analytical-model,S3,gemma3_1b_dependency_aware_tiles,0,367,0,0,0,0,29478522,28980857,28980857,497665,29552856,29626586,29626586,29626586,3,3,1179680,0,29681274,29755002,29755002,29773434,2,3
varp.k26.scheduler-event.v2,analytical-model,S3,gemma3_1b_dependency_aware_tiles,0,372,1,2,1,0,29552250,28980857,28980857,571393,29552250,29625980,29625980,29700037,1,2,1179680,1184912,29755002,29828730,29828730,29847162,2,1
varp.k26.scheduler-event.v2,analytical-model,S3,gemma3_1b_dependency_aware_tiles,0,373,1,3,1,0,29625978,28980857,28980857,645121,29625980,29699710,29699710,29773767,1,3,1179680,1184912,29828730,29902458,29902458,29920890,2,1
varp.k26.scheduler-event.v2,analytical-model,S3,gemma3_1b_dependency_aware_tiles,0,374,1,1,0,0,29699706,28980857,28980857,718849,29699710,29773440,29773440,29773440,1,1,1179680,0,29902458,29976186,29976186,29994618,2,1
varp.k26.scheduler-event.v2,analytical-model,S3,gemma3_1b_dependency_aware_tiles,0,376,2,2,0,0,29994619,29994618,29994618,1,29994619,30436989,30436989,30436989,3,3,7077920,0,29994619,30436987,30436989,30547581,1,3
varp.k26.scheduler-event.v2,analytical-model,S3,gemma3_1b_dependency_aware_tiles,0,377,2,0,1,0,30547581,29994618,29994618,552963,30547581,30602879,30602879,30658640,3,0,884768,892176,30547581,30602877,30658640,30672464,1,3
varp.k26.scheduler-event.v2,analytical-model,S3,gemma3_1b_dependency_aware_tiles,0,378,0,0,0,0,30672465,30672464,30672464,1,30672465,30746195,30746195,30746195,2,2,1179680,0,30672465,30746193,30746195,30764627,1,2
varp.k26.scheduler-event.v2,analytical-model,S3,gemma3_1b_dependency_aware_tiles,0,379,1,1,0,0,30672465,30672464,30672464,1,30672465,30690899,30690899,30690899,0,0,294944,0,30672465,30690897,30690899,30695507,2,0
varp.k26.scheduler-event.v2,analytical-model,S3,gemma3_1b_dependency_aware_tiles,0,380,2,2,0,0,30672465,30672464,30672464,1,30746195,30764629,30764629,30764629,2,2,294944,0,30672465,30690897,30764629,30769237,0,2
varp.k26.scheduler-event.v2,analytical-model,S3,gemma3_1b_dependency_aware_tiles,0,381,3,3,0,0,30769238,30769237,30769237,1,30769238,30834776,30834776,30834776,0,0,1048608,0,30769238,30834774,30834776,30851160,2,0
varp.k26.scheduler-event.v2,analytical-model,S3,gemma3_1b_dependency_aware_tiles,0,382,3,0,1,0,30851160,30769237,30769237,81923,30851160,30859354,30859354,30867643,0,0,131104,132624,30851160,30859352,30867643,30869691,2,0
varp.k26.scheduler-event.v2,analytical-model,S3,gemma3_1b_dependency_aware_tiles,0,383,0,0,0,0,30869692,30869691,30869691,1,30869692,30943422,30943422,30943422,2,2,1179680,0,30869692,30943420,30943422,30961854,0,2
varp.k26.scheduler-event.v2,analytical-model,S3,gemma3_1b_dependency_aware_tiles,0,390,1,1,0,0,30869692,30869691,30869691,1,30869692,30943422,30943422,30943422,0,0,1179680,0,30869692,30943420,30943422,30961854,3,0
varp.k26.scheduler-event.v2,analytical-model,S3,gemma3_1b_dependency_aware_tiles,0,384,0,0,0,0,30961854,30869691,30869691,92163,30961854,31035584,31035584,31035584,2,2,1179680,0,30961854,31035582,31035584,31054016,0,2
varp.k26.scheduler-event.v2,analytical-model,S3,gemma3_1b_dependency_aware_tiles,0,391,1,1,0,0,30961854,30869691,30869691,92163,30961854,31035584,31035584,31035584,0,0,1179680,0,30961854,31035582,31035584,31054016,3,0
varp.k26.scheduler-event.v2,analytical-model,S3,gemma3_1b_dependency_aware_tiles,0,389,0,2,1,0,30961854,30869691,30869691,92163,31035584,31090882,31090882,31146443,2,2,884768,888976,31035582,31090878,31146443,31160267,0,2
varp.k26.scheduler-event.v2,analytical-model,S3,gemma3_1b_dependency_aware_tiles,0,396,1,3,1,0,30961854,30869691,30869691,92163,31035584,31090882,31090882,31146443,0,3,884768,888976,31035582,31090878,31146443,31160267,3,0
varp.k26.scheduler-event.v2,analytical-model,S3,gemma3_1b_dependency_aware_tiles,0,385,0,0,0,0,31054016,30869691,30869691,184325,31146443,31220173,31220173,31220173,2,2,1179680,0,31090878,31164606,31220173,31238605,0,2
varp.k26.scheduler-event.v2,analytical-model,S3,gemma3_1b_dependency_aware_tiles,0,392,1,1,0,0,31054016,30869691,30869691,184325,31090882,31164612,31164612,31164612,0,0,1179680,0,31090878,31164606,31164612,31183044,3,0
varp.k26.scheduler-event.v2,analytical-model,S3,gemma3_1b_dependency_aware_tiles,0,386,0,2,1,0,31160267,30869691,30869691,290576,31220173,31293903,31293903,31367960,2,2,1179680,1184912,31164606,31238334,31367960,31386392,0,2
varp.k26.scheduler-event.v2,analytical-model,S3,gemma3_1b_dependency_aware_tiles,0,387,0,3,1,0,31160267,30869691,30869691,290576,31367960,31441690,31441690,31515747,2,3,1179680,1184912,31238334,31312062,31515747,31534179,0,2
varp.k26.scheduler-event.v2,analytical-model,S3,gemma3_1b_dependency_aware_tiles,0,393,1,1,0,0,31183044,30869691,30869691,313353,31183044,31256774,31256774,31256774,0,0,1179680,0,31183044,31256772,31256774,31275206,3,0
varp.k26.scheduler-event.v2,analytical-model,S3,gemma3_1b_dependency_aware_tiles,0,388,0,0,0,0,31238605,30869691,30869691,368914,31441690,31515420,31515420,31515420,2,2,1179680,0,31312062,31385790,31515420,31533852,0,2
varp.k26.scheduler-event.v2,analytical-model,S3,gemma3_1b_dependency_aware_tiles,0,394,1,1,0,0,31275206,30869691,30869691,405515,31275206,31348936,31348936,31348936,0,0,1179680,0,31275206,31348934,31348936,31367368,3,0
varp.k26.scheduler-event.v2,analytical-model,S3,gemma3_1b_dependency_aware_tiles,0,395,1,1,0,0,31367368,30869691,30869691,497677,31367368,31441098,31441098,31441098,0,0,1179680,0,31367368,31441096,31441098,31459530,3,0
varp.k26.scheduler-event.v2,analytical-model,S3,gemma3_1b_dependency_aware_tiles,0,397,2,2,0,0,31534180,31534179,31534179,1,31534180,31976550,31976550,31976550,2,2,7077920,0,31534180,31976548,31976550,32087142,3,2
varp.k26.scheduler-event.v2,analytical-model,S3,gemma3_1b_dependency_aware_tiles,0,398,2,0,1,0,32087142,31534179,31534179,552963,32087142,32142440,32142440,32198201,2,0,884768,892176,32087142,32142438,32198201,32212025,3,2
varp.k26.scheduler-event.v2,analytical-model,S3,gemma3_1b_dependency_aware_tiles,0,399,0,0,0,0,32212026,32212025,32212025,1,32212026,32285756,32285756,32285756,1,1,1179680,0,32212026,32285754,32285756,32304188,2,1
varp.k26.scheduler-event.v2,analytical-model,S3,gemma3_1b_dependency_aware_tiles,0,400,1,1,0,0,32212026,32212025,32212025,1,32212026,32230460,32230460,32230460,3,3,294944,0,32212026,32230458,32230460,32235068,0,3
varp.k26.scheduler-event.v2,analytical-model,S3,gemma3_1b_dependency_aware_tiles,0,401,2,2,0,0,32212026,32212025,32212025,1,32285756,32304190,32304190,32304190,1,1,294944,0,32285754,32304186,32304190,32308798,2,1
varp.k26.scheduler-event.v2,analytical-model,S3,gemma3_1b_dependency_aware_tiles,0,402,3,3,0,0,32308799,32308798,32308798,1,32308799,32374337,32374337,32374337,3,3,1048608,0,32308799,32374335,32374337,32390721,0,3
varp.k26.scheduler-event.v2,analytical-model,S3,gemma3_1b_dependency_aware_tiles,0,403,3,0,1,0,32390721,32308798,32308798,81923,32390721,32398915,32398915,32407204,3,0,131104,132624,32390721,32398913,32407204,32409252,0,3
varp.k26.scheduler-event.v2,analytical-model,S3,gemma3_1b_dependency_aware_tiles,0,404,0,0,0,0,32409253,32409252,32409252,1,32409253,32482983,32482983,32482983,1,1,1179680,0,32409253,32482981,32482983,32501415,1,1
varp.k26.scheduler-event.v2,analytical-model,S3,gemma3_1b_dependency_aware_tiles,0,411,1,1,0,0,32409253,32409252,32409252,1,32409253,32482983,32482983,32482983,3,3,1179680,0,32482981,32556709,32556709,32575141,1,3
varp.k26.scheduler-event.v2,analytical-model,S3,gemma3_1b_dependency_aware_tiles,0,405,0,0,0,0,32501415,32409252,32409252,92163,32501415,32575145,32575145,32575145,1,1,1179680,0,32556709,32630437,32630437,32648869,1,1
varp.k26.scheduler-event.v2,analytical-model,S3,gemma3_1b_dependency_aware_tiles,0,410,0,2,1,0,32501415,32409252,32409252,92163,32575145,32630443,32630443,32686004,1,2,884768,888976,32630437,32685733,32686004,32699828,1,1
varp.k26.scheduler-event.v2,analytical-model,S3,gemma3_1b_dependency_aware_tiles,0,417,1,3,1,0,32501415,32409252,32409252,92163,32501415,32556713,32556713,32612274,3,3,884768,888976,32685733,32741029,32741029,32754853,1,3
varp.k26.scheduler-event.v2,analytical-model,S3,gemma3_1b_dependency_aware_tiles,0,412,1,1,0,0,32575141,32409252,32409252,165889,32612274,32686004,32686004,32686004,3,3,1179680,0,32741029,32814757,32814757,32833189,1,3
varp.k26.scheduler-event.v2,analytical-model,S3,gemma3_1b_dependency_aware_tiles,0,406,0,0,0,0,32648869,32409252,32409252,239617,32648869,32722599,32722599,32722599,1,1,1179680,0,32814757,32888485,32888485,32906917,1,1
varp.k26.scheduler-event.v2,analytical-model,S3,gemma3_1b_dependency_aware_tiles,0,407,0,2,1,0,32699828,32409252,32409252,290576,32722599,32796329,32796329,32870386,1,2,1179680,1184912,32888485,32962213,32962213,32980645,1,1
varp.k26.scheduler-event.v2,analytical-model,S3,gemma3_1b_dependency_aware_tiles,0,413,1,3,1,0,32754853,32409252,32409252,345601,32754853,32828583,32828583,32902640,3,3,1179680,1184912,32962213,33035941,33035941,33054373,1,3
varp.k26.scheduler-event.v2,analytical-model,S3,gemma3_1b_dependency_aware_tiles,0,414,1,1,0,0,32833189,32409252,32409252,423937,32902640,32976370,32976370,32976370,3,3,1179680,0,33035941,33109669,33109669,33128101,1,3
varp.k26.scheduler-event.v2,analytical-model,S3,gemma3_1b_dependency_aware_tiles,0,408,0,0,0,0,32906917,32409252,32409252,497665,32906917,32980647,32980647,32980647,1,1,1179680,0,33109669,33183397,33183397,33201829,1,1
varp.k26.scheduler-event.v2,analytical-model,S3,gemma3_1b_dependency_aware_tiles,0,409,0,2,1,0,32980645,32409252,32409252,571393,32980647,33054377,33054377,33128434,1,2,1179680,1184912,33183397,33257125,33257125,33275557,1,1
varp.k26.scheduler-event.v2,analytical-model,S3,gemma3_1b_dependency_aware_tiles,0,415,1,3,1,0,33054373,32409252,32409252,645121,33054373,33128103,33128103,33202160,3,3,1179680,1184912,33257125,33330853,33330853,33349285,1,3
varp.k26.scheduler-event.v2,analytical-model,S3,gemma3_1b_dependency_aware_tiles,0,416,1,1,0,0,33128101,32409252,32409252,718849,33202160,33275890,33275890,33275890,3,3,1179680,0,33330853,33404581,33404581,33423013,1,3
varp.k26.scheduler-event.v2,analytical-model,S3,gemma3_1b_dependency_aware_tiles,0,418,2,2,0,0,33423014,33423013,33423013,1,33423014,33865384,33865384,33865384,1,1,7077920,0,33423014,33865382,33865384,33975976,0,1
varp.k26.scheduler-event.v2,analytical-model,S3,gemma3_1b_dependency_aware_tiles,0,419,2,0,1,0,33975976,33423013,33423013,552963,33975976,34031274,34031274,34087035,1,0,884768,892176,33975976,34031272,34087035,34100859,0,1
varp.k26.scheduler-event.v2,analytical-model,S3,gemma3_1b_dependency_aware_tiles,0,420,0,0,0,0,34100860,34100859,34100859,1,34100860,34174590,34174590,34174590,0,0,1179680,0,34100860,34174588,34174590,34193022,3,0
varp.k26.scheduler-event.v2,analytical-model,S3,gemma3_1b_dependency_aware_tiles,0,421,1,1,0,0,34100860,34100859,34100859,1,34100860,34119294,34119294,34119294,2,2,294944,0,34100860,34119292,34119294,34123902,1,2
varp.k26.scheduler-event.v2,analytical-model,S3,gemma3_1b_dependency_aware_tiles,0,422,2,2,0,0,34100860,34100859,34100859,1,34174590,34193024,34193024,34193024,0,0,294944,0,34174588,34193020,34193024,34197632,3,0
varp.k26.scheduler-event.v2,analytical-model,S3,gemma3_1b_dependency_aware_tiles,0,423,3,3,0,0,34197633,34197632,34197632,1,34197633,34263171,34263171,34263171,2,2,1048608,0,34197633,34263169,34263171,34279555,1,2
varp.k26.scheduler-event.v2,analytical-model,S3,gemma3_1b_dependency_aware_tiles,0,424,3,0,1,0,34279555,34197632,34197632,81923,34279555,34287749,34287749,34296038,2,0,131104,132624,34279555,34287747,34296038,34298086,1,2
varp.k26.scheduler-event.v2,analytical-model,S3,gemma3_1b_dependency_aware_tiles,0,425,0,0,0,0,34298087,34298086,34298086,1,34298087,34371817,34371817,34371817,0,0,1179680,0,34298087,34371815,34371817,34390249,3,0
varp.k26.scheduler-event.v2,analytical-model,S3,gemma3_1b_dependency_aware_tiles,0,432,1,1,0,0,34298087,34298086,34298086,1,34298087,34371817,34371817,34371817,2,2,1179680,0,34298087,34371815,34371817,34390249,2,2
varp.k26.scheduler-event.v2,analytical-model,S3,gemma3_1b_dependency_aware_tiles,0,426,0,0,0,0,34390249,34298086,34298086,92163,34390249,34463979,34463979,34463979,0,0,1179680,0,34390249,34463977,34463979,34482411,3,0
varp.k26.scheduler-event.v2,analytical-model,S3,gemma3_1b_dependency_aware_tiles,0,433,1,1,0,0,34390249,34298086,34298086,92163,34390249,34463979,34463979,34463979,2,2,1179680,0,34390249,34463977,34463979,34482411,2,2
varp.k26.scheduler-event.v2,analytical-model,S3,gemma3_1b_dependency_aware_tiles,0,438,1,2,1,0,34390249,34298086,34298086,92163,34463979,34519277,34519277,34574838,2,2,884768,888976,34463977,34519273,34574838,34588662,2,2
varp.k26.scheduler-event.v2,analytical-model,S3,gemma3_1b_dependency_aware_tiles,0,431,0,3,1,0,34390249,34298086,34298086,92163,34463979,34519277,34519277,34574838,0,3,884768,888976,34463977,34519273,34574838,34588662,3,0
varp.k26.scheduler-event.v2,analytical-model,S3,gemma3_1b_dependency_aware_tiles,0,427,0,0,0,0,34482411,34298086,34298086,184325,34519277,34593007,34593007,34593007,0,0,1179680,0,34519273,34593001,34593007,34611439,3,0
varp.k26.scheduler-event.v2,analytical-model,S3,gemma3_1b_dependency_aware_tiles,0,434,1,1,0,0,34482411,34298086,34298086,184325,34574838,34648568,34648568,34648568,2,2,1179680,0,34519273,34593001,34648568,34667000,2,2
varp.k26.scheduler-event.v2,analytical-model,S3,gemma3_1b_dependency_aware_tiles,0,435,1,2,1,0,34588662,34298086,34298086,290576,34648568,34722298,34722298,34796355,2,2,1179680,1184912,34593001,34666729,34796355,34814787,2,2
varp.k26.scheduler-event.v2,analytical-model,S3,gemma3_1b_dependency_aware_tiles,0,428,0,3,1,0,34588662,34298086,34298086,290576,34593007,34666737,34666737,34740794,0,3,1179680,1184912,34593001,34666729,34740794,34759226,3,0
varp.k26.scheduler-event.v2,analytical-model,S3,gemma3_1b_dependency_aware_tiles,0,429,0,0,0,0,34611439,34298086,34298086,313353,34666737,34740467,34740467,34740467,0,0,1179680,0,34666729,34740457,34740467,34758899,3,0
varp.k26.scheduler-event.v2,analytical-model,S3,gemma3_1b_dependency_aware_tiles,0,436,1,1,0,0,34667000,34298086,34298086,368914,34796355,34870085,34870085,34870085,2,2,1179680,0,34667000,34740728,34870085,34888517,2,2
varp.k26.scheduler-event.v2,analytical-model,S3,gemma3_1b_dependency_aware_tiles,0,430,0,0,0,0,34758899,34298086,34298086,460813,34758899,34832629,34832629,34832629,0,0,1179680,0,34758899,34832627,34832629,34851061,3,0
varp.k26.scheduler-event.v2,analytical-model,S3,gemma3_1b_dependency_aware_tiles,0,437,1,3,1,0,34759226,34298086,34298086,461140,34870085,34943815,34943815,35017872,2,3,1179680,1184912,34759226,34832954,35017872,35036304,2,2
varp.k26.scheduler-event.v2,analytical-model,S3,gemma3_1b_dependency_aware_tiles,0,439,2,2,0,0,35036305,35036304,35036304,1,35036305,35478675,35478675,35478675,0,0,7077920,0,35036305,35478673,35478675,35589267,1,0
varp.k26.scheduler-event.v2,analytical-model,S3,gemma3_1b_dependency_aware_tiles,0,440,2,0,1,0,35589267,35036304,35036304,552963,35589267,35644565,35644565,35700326,0,0,884768,892176,35589267,35644563,35700326,35714150,1,0
varp.k26.scheduler-event.v2,analytical-model,S3,gemma3_1b_dependency_aware_tiles,0,441,0,0,0,0,35714151,35714150,35714150,1,35714151,35787881,35787881,35787881,3,3,1179680,0,35714151,35787879,35787881,35806313,1,3
varp.k26.scheduler-event.v2,analytical-model,S3,gemma3_1b_dependency_aware_tiles,0,442,1,1,0,0,35714151,35714150,35714150,1,35714151,35732585,35732585,35732585,1,1,294944,0,35714151,35732583,35732585,35737193,2,1
varp.k26.scheduler-event.v2,analytical-model,S3,gemma3_1b_dependency_aware_tiles,0,443,2,2,0,0,35714151,35714150,35714150,1,35787881,35806315,35806315,35806315,3,3,294944,0,35714151,35732583,35806315,35810923,0,3
varp.k26.scheduler-event.v2,analytical-model,S3,gemma3_1b_dependency_aware_tiles,0,444,3,3,0,0,35810924,35810923,35810923,1,35810924,35876462,35876462,35876462,1,1,1048608,0,35810924,35876460,35876462,35892846,3,1
varp.k26.scheduler-event.v2,analytical-model,S3,gemma3_1b_dependency_aware_tiles,0,445,3,0,1,0,35892846,35810923,35810923,81923,35892846,35901040,35901040,35909329,1,0,131104,132624,35892846,35901038,35909329,35911377,3,1
varp.k26.scheduler-event.v2,analytical-model,S3,gemma3_1b_dependency_aware_tiles,0,446,0,0,0,0,35911378,35911377,35911377,1,35911378,35985108,35985108,35985108,3,3,1179680,0,35911378,35985106,35985108,36003540,0,3
varp.k26.scheduler-event.v2,analytical-model,S3,gemma3_1b_dependency_aware_tiles,0,453,1,1,0,0,35911378,35911377,35911377,1,35911378,35985108,35985108,35985108,1,1,1179680,0,35911378,35985106,35985108,36003540,3,1
varp.k26.scheduler-event.v2,analytical-model,S3,gemma3_1b_dependency_aware_tiles,0,447,0,0,0,0,36003540,35911377,35911377,92163,36003540,36077270,36077270,36077270,3,3,1179680,0,36003540,36077268,36077270,36095702,0,3
varp.k26.scheduler-event.v2,analytical-model,S3,gemma3_1b_dependency_aware_tiles,0,454,1,1,0,0,36003540,35911377,35911377,92163,36003540,36077270,36077270,36077270,1,1,1179680,0,36003540,36077268,36077270,36095702,3,1
varp.k26.scheduler-event.v2,analytical-model,S3,gemma3_1b_dependency_aware_tiles,0,452,0,2,1,0,36003540,35911377,35911377,92163,36077270,36132568,36132568,36188129,3,2,884768,888976,36077268,36132564,36188129,36201953,0,3
varp.k26.scheduler-event.v2,analytical-model,S3,gemma3_1b_dependency_aware_tiles,0,459,1,3,1,0,36003540,35911377,35911377,92163,36077270,36132568,36132568,36188129,1,3,884768,888976,36077268,36132564,36188129,36201953,3,1
varp.k26.scheduler-event.v2,analytical-model,S3,gemma3_1b_dependency_aware_tiles,0,448,0,0,0,0,36095702,35911377,35911377,184325,36188129,36261859,36261859,36261859,3,3,1179680,0,36132564,36206292,36261859,36280291,0,3
varp.k26.scheduler-event.v2,analytical-model,S3,gemma3_1b_dependency_aware_tiles,0,455,1,1,0,0,36095702,35911377,35911377,184325,36132568,36206298,36206298,36206298,1,1,1179680,0,36132564,36206292,36206298,36224730,3,1
varp.k26.scheduler-event.v2,analytical-model,S3,gemma3_1b_dependency_aware_tiles,0,449,0,2,1,0,36201953,35911377,35911377,290576,36261859,36335589,36335589,36409646,3,2,1179680,1184912,36206292,36280020,36409646,36428078,0,3
varp.k26.scheduler-event.v2,analytical-model,S3,gemma3_1b_dependency_aware_tiles,0,450,0,3,1,0,36201953,35911377,35911377,290576,36335589,36409319,36409319,36483376,3,3,1179680,1184912,36280020,36353748,36483376,36501808,0,3
varp.k26.scheduler-event.v2,analytical-model,S3,gemma3_1b_dependency_aware_tiles,0,456,1,1,0,0,36224730,35911377,35911377,313353,36224730,36298460,36298460,36298460,1,1,1179680,0,36224730,36298458,36298460,36316892,3,1
varp.k26.scheduler-event.v2,analytical-model,S3,gemma3_1b_dependency_aware_tiles,0,451,0,0,0,0,36280291,35911377,35911377,368914,36483376,36557106,36557106,36557106,3,3,1179680,0,36353748,36427476,36557106,36575538,0,3
varp.k26.scheduler-event.v2,analytical-model,S3,gemma3_1b_dependency_aware_tiles,0,457,1,1,0,0,36316892,35911377,35911377,405515,36316892,36390622,36390622,36390622,1,1,1179680,0,36316892,36390620,36390622,36409054,3,1
varp.k26.scheduler-event.v2,analytical-model,S3,gemma3_1b_dependency_aware_tiles,0,458,1,1,0,0,36409054,35911377,35911377,497677,36409054,36482784,36482784,36482784,1,1,1179680,0,36409054,36482782,36482784,36501216,3,1
varp.k26.scheduler-event.v2,analytical-model,S3,gemma3_1b_dependency_aware_tiles,0,460,2,2,0,0,36575539,36575538,36575538,1,36575539,37017909,37017909,37017909,3,3,7077920,0,36575539,37017907,37017909,37128501,3,3
varp.k26.scheduler-event.v2,analytical-model,S3,gemma3_1b_dependency_aware_tiles,0,461,2,0,1,0,37128501,36575538,36575538,552963,37128501,37183799,37183799,37239560,3,0,884768,892176,37128501,37183797,37239560,37253384,3,3
varp.k26.scheduler-event.v2,analytical-model,S3,gemma3_1b_dependency_aware_tiles,0,462,0,0,0,0,37253385,37253384,37253384,1,37253385,37327115,37327115,37327115,2,2,1179680,0,37253385,37327113,37327115,37345547,2,2
varp.k26.scheduler-event.v2,analytical-model,S3,gemma3_1b_dependency_aware_tiles,0,463,1,1,0,0,37253385,37253384,37253384,1,37253385,37271819,37271819,37271819,0,0,294944,0,37253385,37271817,37271819,37276427,0,0
varp.k26.scheduler-event.v2,analytical-model,S3,gemma3_1b_dependency_aware_tiles,0,464,2,2,0,0,37253385,37253384,37253384,1,37327115,37345549,37345549,37345549,2,2,294944,0,37327113,37345545,37345549,37350157,2,2
varp.k26.scheduler-event.v2,analytical-model,S3,gemma3_1b_dependency_aware_tiles,0,465,3,3,0,0,37350158,37350157,37350157,1,37350158,37415696,37415696,37415696,0,0,1048608,0,37350158,37415694,37415696,37432080,0,0
varp.k26.scheduler-event.v2,analytical-model,S3,gemma3_1b_dependency_aware_tiles,0,466,3,0,1,0,37432080,37350157,37350157,81923,37432080,37440274,37440274,37448563,0,0,131104,132624,37432080,37440272,37448563,37450611,0,0
varp.k26.scheduler-event.v2,analytical-model,S3,gemma3_1b_dependency_aware_tiles,0,467,0,0,0,0,37450612,37450611,37450611,1,37450612,37524342,37524342,37524342,2,2,1179680,0,37450612,37524340,37524342,37542774,1,2
varp.k26.scheduler-event.v2,analytical-model,S3,gemma3_1b_dependency_aware_tiles,0,474,1,1,0,0,37450612,37450611,37450611,1,37450612,37524342,37524342,37524342,0,0,1179680,0,37524340,37598068,37598068,37616500,1,0
varp.k26.scheduler-event.v2,analytical-model,S3,gemma3_1b_dependency_aware_tiles,0,468,0,0,0,0,37542774,37450611,37450611,92163,37542774,37616504,37616504,37616504,2,2,1179680,0,37598068,37671796,37671796,37690228,1,2
varp.k26.scheduler-event.v2,analytical-model,S3,gemma3_1b_dependency_aware_tiles,0,473,0,2,1,0,37542774,37450611,37450611,92163,37616504,37671802,37671802,37727363,2,2,884768,888976,37671796,37727092,37727363,37741187,1,2
varp.k26.scheduler-event.v2,analytical-model,S3,gemma3_1b_dependency_aware_tiles,0,480,1,3,1,0,37542774,37450611,37450611,92163,37542774,37598072,37598072,37653633,0,3,884768,888976,37727092,37782388,37782388,37796212,1,0
varp.k26.scheduler-event.v2,analytical-model,S3,gemma3_1b_dependency_aware_tiles,0,475,1,1,0,0,37616500,37450611,37450611,165889,37616500,37690230,37690230,37690230,0,0,1179680,0,37782388,37856116,37856116,37874548,1,0
varp.k26.scheduler-event.v2,analytical-model,S3,gemma3_1b_dependency_aware_tiles,0,469,0,0,0,0,37690228,37450611,37450611,239617,37727363,37801093,37801093,37801093,2,2,1179680,0,37856116,37929844,37929844,37948276,1,2
varp.k26.scheduler-event.v2,analytical-model,S3,gemma3_1b_dependency_aware_tiles,0,470,0,2,1,0,37741187,37450611,37450611,290576,37801093,37874823,37874823,37948880,2,2,1179680,1184912,37929844,38003572,38003572,38022004,1,2
varp.k26.scheduler-event.v2,analytical-model,S3,gemma3_1b_dependency_aware_tiles,0,471,0,3,1,0,37796212,37450611,37450611,345601,37948880,38022610,38022610,38096667,2,3,1179680,1184912,38003572,38077300,38096667,38115099,1,2
varp.k26.scheduler-event.v2,analytical-model,S3,gemma3_1b_dependency_aware_tiles,0,476,1,1,0,0,37874548,37450611,37450611,423937,37874548,37948278,37948278,37948278,0,0,1179680,0,38077300,38151028,38151028,38169460,1,0
varp.k26.scheduler-event.v2,analytical-model,S3,gemma3_1b_dependency_aware_tiles,0,472,0,0,0,0,37948276,37450611,37450611,497665,38022610,38096340,38096340,38096340,2,2,1179680,0,38151028,38224756,38224756,38243188,1,2
varp.k26.scheduler-event.v2,analytical-model,S3,gemma3_1b_dependency_aware_tiles,0,477,1,2,1,0,38022004,37450611,37450611,571393,38022004,38095734,38096340,38170397,0,2,1179680,1184912,38224756,38298484,38298484,38316916,1,0
varp.k26.scheduler-event.v2,analytical-model,S3,gemma3_1b_dependency_aware_tiles,0,478,1,3,1,0,38115099,37450611,37450611,664488,38115099,38188829,38188829,38262886,0,3,1179680,1184912,38298484,38372212,38372212,38390644,1,0
varp.k26.scheduler-event.v2,analytical-model,S3,gemma3_1b_dependency_aware_tiles,0,479,1,1,0,0,38169460,37450611,37450611,718849,38188829,38262559,38262559,38262559,0,0,1179680,0,38372212,38445940,38445940,38464372,1,0
varp.k26.scheduler-event.v2,analytical-model,S3,gemma3_1b_dependency_aware_tiles,0,481,2,2,0,0,38464373,38464372,38464372,1,38464373,38906743,38906743,38906743,2,2,7077920,0,38464373,38906741,38906743,39017335,0,2
varp.k26.scheduler-event.v2,analytical-model,S3,gemma3_1b_dependency_aware_tiles,0,482,2,0,1,0,39017335,38464372,38464372,552963,39017335,39072633,39072633,39128394,2,0,884768,892176,39017335,39072631,39128394,39142218,0,2
varp.k26.scheduler-event.v2,analytical-model,S3,gemma3_1b_dependency_aware_tiles,0,483,0,0,0,0,39142219,39142218,39142218,1,39142219,39215949,39215949,39215949,1,1,1179680,0,39142219,39215947,39215949,39234381,0,1
varp.k26.scheduler-event.v2,analytical-model,S3,gemma3_1b_dependency_aware_tiles,0,484,1,1,0,0,39142219,39142218,39142218,1,39142219,39160653,39160653,39160653,3,3,294944,0,39142219,39160651,39160653,39165261,1,3
varp.k26.scheduler-event.v2,analytical-model,S3,gemma3_1b_dependency_aware_tiles,0,485,2,2,0,0,39142219,39142218,39142218,1,39215949,39234383,39234383,39234383,1,1,294944,0,39142219,39160651,39234383,39238991,3,1
varp.k26.scheduler-event.v2,analytical-model,S3,gemma3_1b_dependency_aware_tiles,0,486,3,3,0,0,39238992,39238991,39238991,1,39238992,39304530,39304530,39304530,3,3,1048608,0,39238992,39304528,39304530,39320914,1,3
varp.k26.scheduler-event.v2,analytical-model,S3,gemma3_1b_dependency_aware_tiles,0,487,3,0,1,0,39320914,39238991,39238991,81923,39320914,39329108,39329108,39337397,3,0,131104,132624,39320914,39329106,39337397,39339445,1,3
varp.k26.scheduler-event.v2,analytical-model,S3,gemma3_1b_dependency_aware_tiles,0,488,0,0,0,0,39339446,39339445,39339445,1,39339446,39413176,39413176,39413176,1,1,1179680,0,39339446,39413174,39413176,39431608,3,1
varp.k26.scheduler-event.v2,analytical-model,S3,gemma3_1b_dependency_aware_tiles,0,495,1,1,0,0,39339446,39339445,39339445,1,39339446,39413176,39413176,39413176,3,3,1179680,0,39339446,39413174,39413176,39431608,2,3
varp.k26.scheduler-event.v2,analytical-model,S3,gemma3_1b_dependency_aware_tiles,0,489,0,0,0,0,39431608,39339445,39339445,92163,39431608,39505338,39505338,39505338,1,1,1179680,0,39431608,39505336,39505338,39523770,3,1
varp.k26.scheduler-event.v2,analytical-model,S3,gemma3_1b_dependency_aware_tiles,0,496,1,1,0,0,39431608,39339445,39339445,92163,39431608,39505338,39505338,39505338,3,3,1179680,0,39431608,39505336,39505338,39523770,2,3
varp.k26.scheduler-event.v2,analytical-model,S3,gemma3_1b_dependency_aware_tiles,0,494,0,2,1,0,39431608,39339445,39339445,92163,39505338,39560636,39560636,39616197,1,2,884768,888976,39505336,39560632,39616197,39630021,3,1
varp.k26.scheduler-event.v2,analytical-model,S3,gemma3_1b_dependency_aware_tiles,0,501,1,3,1,0,39431608,39339445,39339445,92163,39505338,39560636,39560636,39616197,3,3,884768,888976,39505336,39560632,39616197,39630021,2,3
varp.k26.scheduler-event.v2,analytical-model,S3,gemma3_1b_dependency_aware_tiles,0,490,0,0,0,0,39523770,39339445,39339445,184325,39560636,39634366,39634366,39634366,1,1,1179680,0,39560632,39634360,39634366,39652798,3,1
varp.k26.scheduler-event.v2,analytical-model,S3,gemma3_1b_dependency_aware_tiles,0,497,1,1,0,0,39523770,39339445,39339445,184325,39616197,39689927,39689927,39689927,3,3,1179680,0,39560632,39634360,39689927,39708359,2,3
varp.k26.scheduler-event.v2,analytical-model,S3,gemma3_1b_dependency_aware_tiles,0,491,0,2,1,0,39630021,39339445,39339445,290576,39634366,39708096,39708096,39782153,1,2,1179680,1184912,39634360,39708088,39782153,39800585,3,1
varp.k26.scheduler-event.v2,analytical-model,S3,gemma3_1b_dependency_aware_tiles,0,498,1,3,1,0,39630021,39339445,39339445,290576,39689927,39763657,39763657,39837714,3,3,1179680,1184912,39634360,39708088,39837714,39856146,2,3
varp.k26.scheduler-event.v2,analytical-model,S3,gemma3_1b_dependency_aware_tiles,0,492,0,0,0,0,39652798,39339445,39339445,313353,39708096,39781826,39781826,39781826,1,1,1179680,0,39708088,39781816,39781826,39800258,3,1
varp.k26.scheduler-event.v2,analytical-model,S3,gemma3_1b_dependency_aware_tiles,0,499,1,1,0,0,39708359,39339445,39339445,368914,39837714,39911444,39911444,39911444,3,3,1179680,0,39708359,39782087,39911444,39929876,2,3
varp.k26.scheduler-event.v2,analytical-model,S3,gemma3_1b_dependency_aware_tiles,0,493,0,0,0,0,39800258,39339445,39339445,460813,39800258,39873988,39873988,39873988,1,1,1179680,0,39800258,39873986,39873988,39892420,3,1
varp.k26.scheduler-event.v2,analytical-model,S3,gemma3_1b_dependency_aware_tiles,0,500,1,2,1,0,39800585,39339445,39339445,461140,39911444,39985174,39985174,40059231,3,2,1179680,1184912,39800585,39874313,40059231,40077663,2,3
varp.k26.scheduler-event.v2,analytical-model,S3,gemma3_1b_dependency_aware_tiles,0,502,2,2,0,0,40077664,40077663,40077663,1,40077664,40520034,40520034,40520034,1,1,7077920,0,40077664,40520032,40520034,40630626,2,1
varp.k26.scheduler-event.v2,analytical-model,S3,gemma3_1b_dependency_aware_tiles,0,503,2,0,1,0,40630626,40077663,40077663,552963,40630626,40685924,40685924,40741685,1,0,884768,892176,40630626,40685922,40741685,40755509,2,1
varp.k26.scheduler-event.v2,analytical-model,S3,gemma3_1b_dependency_aware_tiles,0,504,0,0,0,0,40755510,40755509,40755509,1,40755510,40829240,40829240,40829240,0,0,1179680,0,40755510,40829238,40829240,40847672,1,0
varp.k26.scheduler-event.v2,analytical-model,S3,gemma3_1b_dependency_aware_tiles,0,505,1,1,0,0,40755510,40755509,40755509,1,40755510,40773944,40773944,40773944,2,2,294944,0,40755510,40773942,40773944,40778552,2,2
varp.k26.scheduler-event.v2,analytical-model,S3,gemma3_1b_dependency_aware_tiles,0,506,2,2,0,0,40755510,40755509,40755509,1,40829240,40847674,40847674,40847674,0,0,294944,0,40829238,40847670,40847674,40852282,1,0
varp.k26.scheduler-event.v2,analytical-model,S3,gemma3_1b_dependency_aware_tiles,0,507,3,3,0,0,40852283,40852282,40852282,1,40852283,40917821,40917821,40917821,2,2,1048608,0,40852283,40917819,40917821,40934205,3,2
varp.k26.scheduler-event.v2,analytical-model,S3,gemma3_1b_dependency_aware_tiles,0,508,3,0,1,0,40934205,40852282,40852282,81923,40934205,40942399,40942399,40950688,2,0,131104,132624,40934205,40942397,40950688,40952736,3,2
varp.k26.scheduler-event.v2,analytical-model,S3,gemma3_1b_dependency_aware_tiles,0,509,0,0,0,0,40952737,40952736,40952736,1,40952737,41026467,41026467,41026467,0,0,1179680,0,40952737,41026465,41026467,41044899,0,0
varp.k26.scheduler-event.v2,analytical-model,S3,gemma3_1b_dependency_aware_tiles,0,516,1,1,0,0,40952737,40952736,40952736,1,40952737,41026467,41026467,41026467,2,2,1179680,0,41026465,41100193,41100193,41118625,0,2
varp.k26.scheduler-event.v2,analytical-model,S3,gemma3_1b_dependency_aware_tiles,0,510,0,0,0,0,41044899,40952736,40952736,92163,41044899,41118629,41118629,41118629,0,0,1179680,0,41100193,41173921,41173921,41192353,0,0
varp.k26.scheduler-event.v2,analytical-model,S3,gemma3_1b_dependency_aware_tiles,0,522,1,2,1,0,41044899,40952736,40952736,92163,41044899,41100197,41100197,41155758,2,2,884768,888976,41173921,41229217,41229217,41243041,0,2
varp.k26.scheduler-event.v2,analytical-model,S3,gemma3_1b_dependency_aware_tiles,0,515,0,3,1,0,41044899,40952736,40952736,92163,41118629,41173927,41173927,41229488,0,3,884768,888976,41229217,41284513,41284513,41298337,0,0
varp.k26.scheduler-event.v2,analytical-model,S3,gemma3_1b_dependency_aware_tiles,0,517,1,1,0,0,41118625,40952736,40952736,165889,41155758,41229488,41229488,41229488,2,2,1179680,0,41284513,41358241,41358241,41376673,0,2
varp.k26.scheduler-event.v2,analytical-model,S3,gemma3_1b_dependency_aware_tiles,0,511,0,0,0,0,41192353,40952736,40952736,239617,41192353,41266083,41266083,41266083,0,0,1179680,0,41358241,41431969,41431969,41450401,0,0
varp.k26.scheduler-event.v2,analytical-model,S3,gemma3_1b_dependency_aware_tiles,0,518,1,2,1,0,41243041,40952736,40952736,290305,41243041,41316771,41316771,41390828,2,2,1179680,1184912,41431969,41505697,41505697,41524129,0,2
varp.k26.scheduler-event.v2,analytical-model,S3,gemma3_1b_dependency_aware_tiles,0,512,0,3,1,0,41298337,40952736,40952736,345601,41298337,41372067,41372067,41446124,0,3,1179680,1184912,41505697,41579425,41579425,41597857,0,0
varp.k26.scheduler-event.v2,analytical-model,S3,gemma3_1b_dependency_aware_tiles,0,519,1,1,0,0,41376673,40952736,40952736,423937,41390828,41464558,41464558,41464558,2,2,1179680,0,41579425,41653153,41653153,41671585,0,2
varp.k26.scheduler-event.v2,analytical-model,S3,gemma3_1b_dependency_aware_tiles,0,513,0,0,0,0,41450401,40952736,40952736,497665,41450401,41524131,41524131,41524131,0,0,1179680,0,41653153,41726881,41726881,41745313,0,0
varp.k26.scheduler-event.v2,analytical-model,S3,gemma3_1b_dependency_aware_tiles,0,520,1,2,1,0,41524129,40952736,40952736,571393,41524129,41597859,41597859,41671916,2,2,1179680,1184912,41726881,41800609,41800609,41819041,0,2
varp.k26.scheduler-event.v2,analytical-model,S3,gemma3_1b_dependency_aware_tiles,0,514,0,3,1,0,41597857,40952736,40952736,645121,41597857,41671587,41671587,41745644,0,3,1179680,1184912,41800609,41874337,41874337,41892769,0,0
varp.k26.scheduler-event.v2,analytical-model,S3,gemma3_1b_dependency_aware_tiles,0,521,1,1,0,0,41671585,40952736,40952736,718849,41671916,41745646,41745646,41745646,2,2,1179680,0,41874337,41948065,41948065,41966497,0,2
varp.k26.scheduler-event.v2,analytical-model,S3,gemma3_1b_dependency_aware_tiles,0,523,2,2,0,0,41966498,41966497,41966497,1,41966498,42408868,42408868,42408868,0,0,7077920,0,41966498,42408866,42408868,42519460,3,0
varp.k26.scheduler-event.v2,analytical-model,S3,gemma3_1b_dependency_aware_tiles,0,524,2,0,1,0,42519460,41966497,41966497,552963,42519460,42574758,42574758,42630519,0,0,884768,892176,42519460,42574756,42630519,42644343,3,0
varp.k26.scheduler-event.v2,analytical-model,S3,gemma3_1b_dependency_aware_tiles,0,525,0,0,0,0,42644344,42644343,42644343,1,42644344,42718074,42718074,42718074,3,3,1179680,0,42644344,42718072,42718074,42736506,2,3
varp.k26.scheduler-event.v2,analytical-model,S3,gemma3_1b_dependency_aware_tiles,0,526,1,1,0,0,42644344,42644343,42644343,1,42644344,42662778,42662778,42662778,1,1,294944,0,42644344,42662776,42662778,42667386,0,1
varp.k26.scheduler-event.v2,analytical-model,S3,gemma3_1b_dependency_aware_tiles,0,527,2,2,0,0,42644344,42644343,42644343,1,42718074,42736508,42736508,42736508,3,3,294944,0,42718072,42736504,42736508,42741116,2,3
varp.k26.scheduler-event.v2,analytical-model,S3,gemma3_1b_dependency_aware_tiles,0,528,3,3,0,0,42741117,42741116,42741116,1,42741117,42806655,42806655,42806655,1,1,1048608,0,42741117,42806653,42806655,42823039,0,1
varp.k26.scheduler-event.v2,analytical-model,S3,gemma3_1b_dependency_aware_tiles,0,529,3,0,1,0,42823039,42741116,42741116,81923,42823039,42831233,42831233,42839522,1,0,131104,132624,42823039,42831231,42839522,42841570,0,1
varp.k26.scheduler-event.v2,analytical-model,S3,gemma3_1b_dependency_aware_tiles,0,530,0,0,0,0,42841571,42841570,42841570,1,42841571,42915301,42915301,42915301,3,3,1179680,0,42841571,42915299,42915301,42933733,2,3
varp.k26.scheduler-event.v2,analytical-model,S3,gemma3_1b_dependency_aware_tiles,0,537,1,1,0,0,42841571,42841570,42841570,1,42841571,42915301,42915301,42915301,1,1,1179680,0,42841571,42915299,42915301,42933733,1,1
varp.k26.scheduler-event.v2,analytical-model,S3,gemma3_1b_dependency_aware_tiles,0,531,0,0,0,0,42933733,42841570,42841570,92163,42933733,43007463,43007463,43007463,3,3,1179680,0,42933733,43007461,43007463,43025895,2,3
varp.k26.scheduler-event.v2,analytical-model,S3,gemma3_1b_dependency_aware_tiles,0,538,1,1,0,0,42933733,42841570,42841570,92163,42933733,43007463,43007463,43007463,1,1,1179680,0,42933733,43007461,43007463,43025895,1,1
varp.k26.scheduler-event.v2,analytical-model,S3,gemma3_1b_dependency_aware_tiles,0,536,0,2,1,0,42933733,42841570,42841570,92163,43007463,43062761,43062761,43118322,3,2,884768,888976,43007461,43062757,43118322,43132146,2,3
varp.k26.scheduler-event.v2,analytical-model,S3,gemma3_1b_dependency_aware_tiles,0,543,1,3,1,0,42933733,42841570,42841570,92163,43007463,43062761,43062761,43118322,1,3,884768,888976,43007461,43062757,43118322,43132146,1,1
varp.k26.scheduler-event.v2,analytical-model,S3,gemma3_1b_dependency_aware_tiles,0,532,0,0,0,0,43025895,42841570,42841570,184325,43118322,43192052,43192052,43192052,3,3,1179680,0,43062757,43136485,43192052,43210484,2,3
varp.k26.scheduler-event.v2,analytical-model,S3,gemma3_1b_dependency_aware_tiles,0,539,1,1,0,0,43025895,42841570,42841570,184325,43062761,43136491,43136491,43136491,1,1,1179680,0,43062757,43136485,43136491,43154923,1,1
varp.k26.scheduler-event.v2,analytical-model,S3,gemma3_1b_dependency_aware_tiles,0,533,0,2,1,0,43132146,42841570,42841570,290576,43192052,43265782,43265782,43339839,3,2,1179680,1184912,43136485,43210213,43339839,43358271,2,3
varp.k26.scheduler-event.v2,analytical-model,S3,gemma3_1b_dependency_aware_tiles,0,534,0,3,1,0,43132146,42841570,42841570,290576,43265782,43339512,43339512,43413569,3,3,1179680,1184912,43210213,43283941,43413569,43432001,2,3
varp.k26.scheduler-event.v2,analytical-model,S3,gemma3_1b_dependency_aware_tiles,0,540,1,1,0,0,43154923,42841570,42841570,313353,43154923,43228653,43228653,43228653,1,1,1179680,0,43154923,43228651,43228653,43247085,1,1
varp.k26.scheduler-event.v2,analytical-model,S3,gemma3_1b_dependency_aware_tiles,0,535,0,0,0,0,43210484,42841570,42841570,368914,43413569,43487299,43487299,43487299,3,3,1179680,0,43283941,43357669,43487299,43505731,2,3
varp.k26.scheduler-event.v2,analytical-model,S3,gemma3_1b_dependency_aware_tiles,0,541,1,1,0,0,43247085,42841570,42841570,405515,43247085,43320815,43320815,43320815,1,1,1179680,0,43247085,43320813,43320815,43339247,1,1
varp.k26.scheduler-event.v2,analytical-model,S3,gemma3_1b_dependency_aware_tiles,0,542,1,1,0,0,43339247,42841570,42841570,497677,43339247,43412977,43412977,43412977,1,1,1179680,0,43339247,43412975,43412977,43431409,1,1
varp.k26.scheduler-event.v2,analytical-model,S3,gemma3_1b_dependency_aware_tiles,0,544,2,2,0,0,43505732,43505731,43505731,1,43505732,43948102,43948102,43948102,3,3,7077920,0,43505732,43948100,43948102,44058694,0,3
varp.k26.scheduler-event.v2,analytical-model,S3,gemma3_1b_dependency_aware_tiles,0,545,2,0,1,0,44058694,43505731,43505731,552963,44058694,44113992,44113992,44169753,3,0,884768,892176,44058694,44113990,44169753,44183577,0,3
varp.k26.scheduler-event.v2,analytical-model,S3,gemma3_1b_dependency_aware_tiles,0,546,0,0,0,0,44183578,44183577,44183577,1,44183578,44257308,44257308,44257308,2,2,1179680,0,44183578,44257306,44257308,44275740,0,2
varp.k26.scheduler-event.v2,analytical-model,S3,gemma3_1b_dependency_aware_tiles,0,547,0,0,0,0,44275740,44183577,44183577,92163,44275740,44349470,44349470,44349470,2,2,1179680,0,44275740,44349468,44349470,44367902,0,2
varp.k26.scheduler-event.v2,analytical-model,S3,gemma3_1b_dependency_aware_tiles,0,548,0,1,1,0,44275740,44183577,44183577,92163,44349470,44423200,44423200,44497257,2,1,1179680,1184912,44349468,44423196,44497257,44515689,0,2
varp.k26.scheduler-event.v2,analytical-model,S3,gemma3_1b_dependency_aware_tiles,0,549,0,2,1,0,44275740,44183577,44183577,92163,44423200,44496930,44496930,44570987,2,2,1179680,1184912,44423196,44496924,44570987,44589419,0,2
varp.k26.scheduler-event.v2,analytical-model,S3,gemma3_1b_dependency_aware_tiles,0,550,0,3,1,0,44275740,44183577,44183577,92163,44570987,44644717,44644717,44718774,2,3,1179680,1184912,44496924,44570652,44718774,44737206,0,2
varp.k26.scheduler-event.v2,analytical-model,S3,gemma3_1b_dependency_aware_tiles,0,551,0,0,0,0,44367902,44183577,44183577,184325,44644717,44718447,44718447,44718447,2,2,1179680,0,44570652,44644380,44718447,44736879,0,2
varp.k26.scheduler-event.v2,analytical-model,S3,gemma3_1b_dependency_aware_tiles,0,552,0,1,1,0,44515689,44183577,44183577,332112,44718447,44792177,44792177,44866234,2,1,1179680,1184912,44644380,44718108,44866234,44884666,0,2
varp.k26.scheduler-event.v2,analytical-model,S3,gemma3_1b_dependency_aware_tiles,0,553,0,2,1,0,44589419,44183577,44183577,405842,44792177,44865907,44865907,44939964,2,2,1179680,1184912,44718108,44791836,44939964,44958396,0,2
varp.k26.scheduler-event.v2,analytical-model,S3,gemma3_1b_dependency_aware_tiles,0,554,0,0,0,0,44736879,44183577,44183577,553302,44939964,45013694,45013694,45013694,2,2,1179680,0,44791836,44865564,45013694,45032126,0,2
varp.k26.scheduler-event.v2,analytical-model,S3,gemma3_1b_dependency_aware_tiles,0,555,0,3,1,0,44737206,44183577,44183577,553629,45013694,45087424,45087424,45161481,2,3,1179680,1184912,44865564,44939292,45161481,45179913,0,2
varp.k26.scheduler-event.v2,analytical-model,S3,gemma3_1b_dependency_aware_tiles,0,556,0,1,1,0,44884666,44183577,44183577,701089,45087424,45161154,45161154,45235211,2,1,1179680,1184912,44939292,45013020,45235211,45253643,0,2
varp.k26.scheduler-event.v2,analytical-model,S3,gemma3_1b_dependency_aware_tiles,0,557,0,2,1,0,44958396,44183577,44183577,774819,45161154,45234884,45234884,45308941,2,2,1179680,1184912,45013020,45086748,45308941,45327373,0,2
varp.k26.scheduler-event.v2,analytical-model,S3,gemma3_1b_dependency_aware_tiles,0,558,0,0,0,0,45032126,44183577,44183577,848549,45308941,45382671,45382671,45382671,2,2,1179680,0,45086748,45160476,45382671,45401103,0,2
varp.k26.scheduler-event.v2,analytical-model,S3,gemma3_1b_dependency_aware_tiles,0,559,0,3,1,0,45179913,44183577,44183577,996336,45382671,45456401,45456401,45530458,2,3,1179680,1184912,45179913,45253641,45530458,45548890,0,2
varp.k26.scheduler-event.v2,analytical-model,S3,gemma3_1b_dependency_aware_tiles,0,560,0,1,1,0,45253643,44183577,44183577,1070066,45456401,45530131,45530131,45604188,2,1,1179680,1184912,45253643,45327371,45604188,45622620,0,2
varp.k26.scheduler-event.v2,analytical-model,S3,gemma3_1b_dependency_aware_tiles,0,561,0,2,1,0,45327373,44183577,44183577,1143796,45530131,45603861,45603861,45677918,2,2,1179680,1184912,45327373,45401101,45677918,45696350,0,2
varp.k26.scheduler-event.v2,analytical-model,S3,gemma3_1b_dependency_aware_tiles,0,562,0,0,0,0,45401103,44183577,44183577,1217526,45677918,45751648,45751648,45751648,2,2,1179680,0,45401103,45474831,45751648,45770080,0,2
varp.k26.scheduler-event.v2,analytical-model,S3,gemma3_1b_dependency_aware_tiles,0,563,0,3,1,0,45548890,44183577,44183577,1365313,45751648,45825378,45825378,45899435,2,3,1179680,1184912,45548890,45622618,45899435,45917867,0,2
varp.k26.scheduler-event.v2,analytical-model,S3,gemma3_1b_dependency_aware_tiles,0,564,0,1,1,0,45622620,44183577,44183577,1439043,45825378,45899108,45899108,45973165,2,1,1179680,1184912,45622620,45696348,45973165,45991597,0,2
varp.k26.scheduler-event.v2,analytical-model,S3,gemma3_1b_dependency_aware_tiles,0,565,0,2,1,0,45696350,44183577,44183577,1512773,45899108,45972838,45972838,46046895,2,2,1179680,1184912,45696350,45770078,46046895,46065327,0,2
varp.k26.scheduler-event.v2,analytical-model,S3,gemma3_1b_dependency_aware_tiles,0,566,0,0,0,0,45770080,44183577,44183577,1586503,46046895,46120625,46120625,46120625,2,2,1179680,0,45770080,45843808,46120625,46139057,0,2
varp.k26.scheduler-event.v2,analytical-model,S3,gemma3_1b_dependency_aware_tiles,0,567,0,3,1,0,45917867,44183577,44183577,1734290,46120625,46194355,46194355,46268412,2,3,1179680,1184912,45917867,45991595,46268412,46286844,0,2
varp.k26.scheduler-event.v2,analytical-model,S3,gemma3_1b_dependency_aware_tiles,0,568,0,1,1,0,45991597,44183577,44183577,1808020,46194355,46268085,46268085,46342142,2,1,1179680,1184912,45991597,46065325,46342142,46360574,0,2
varp.k26.scheduler-event.v2,analytical-model,S3,gemma3_1b_dependency_aware_tiles,0,569,0,2,1,0,46065327,44183577,44183577,1881750,46268085,46341815,46341815,46415872,2,2,1179680,1184912,46065327,46139055,46415872,46434304,0,2
varp.k26.scheduler-event.v2,analytical-model,S3,gemma3_1b_dependency_aware_tiles,0,570,0,0,0,0,46139057,44183577,44183577,1955480,46415872,46489602,46489602,46489602,2,2,1179680,0,46139057,46212785,46489602,46508034,0,2
varp.k26.scheduler-event.v2,analytical-model,S3,gemma3_1b_dependency_aware_tiles,0,571,0,3,1,0,46286844,44183577,44183577,2103267,46489602,46563332,46563332,46637389,2,3,1179680,1184912,46286844,46360572,46637389,46655821,0,2
varp.k26.scheduler-event.v2,analytical-model,S3,gemma3_1b_dependency_aware_tiles,0,572,0,1,1,0,46360574,44183577,44183577,2176997,46563332,46637062,46637062,46711119,2,1,1179680,1184912,46360574,46434302,46711119,46729551,0,2
varp.k26.scheduler-event.v2,analytical-model,S3,gemma3_1b_dependency_aware_tiles,0,573,0,2,1,0,46434304,44183577,44183577,2250727,46637062,46710792,46710792,46784849,2,2,1179680,1184912,46434304,46508032,46784849,46803281,0,2
varp.k26.scheduler-event.v2,analytical-model,S3,gemma3_1b_dependency_aware_tiles,0,574,0,0,0,0,46508034,44183577,44183577,2324457,46784849,46858579,46858579,46858579,2,2,1179680,0,46508034,46581762,46858579,46877011,0,2
varp.k26.scheduler-event.v2,analytical-model,S3,gemma3_1b_dependency_aware_tiles,0,575,0,3,1,0,46655821,44183577,44183577,2472244,46858579,46932309,46932309,47006366,2,3,1179680,1184912,46655821,46729549,47006366,47024798,0,2
varp.k26.scheduler-event.v2,analytical-model,S3,gemma3_1b_dependency_aware_tiles,0,576,0,1,1,0,46729551,44183577,44183577,2545974,46932309,47006039,47006039,47080096,2,1,1179680,1184912,46729551,46803279,47080096,47098528,0,2
varp.k26.scheduler-event.v2,analytical-model,S3,gemma3_1b_dependency_aware_tiles,0,577,0,2,1,0,46803281,44183577,44183577,2619704,47006039,47079769,47079769,47153826,2,2,1179680,1184912,46803281,46877009,47153826,47172258,0,2
varp.k26.scheduler-event.v2,analytical-model,S3,gemma3_1b_dependency_aware_tiles,0,578,0,0,0,0,46877011,44183577,44183577,2693434,47153826,47227556,47227556,47227556,2,2,1179680,0,46877011,46950739,47227556,47245988,0,2
varp.k26.scheduler-event.v2,analytical-model,S3,gemma3_1b_dependency_aware_tiles,0,579,0,3,1,0,47024798,44183577,44183577,2841221,47227556,47301286,47301286,47375343,2,3,1179680,1184912,47024798,47098526,47375343,47393775,0,2
varp.k26.scheduler-event.v2,analytical-model,S3,gemma3_1b_dependency_aware_tiles,0,580,0,1,1,0,47098528,44183577,44183577,2914951,47301286,47375016,47375016,47449073,2,1,1179680,1184912,47098528,47172256,47449073,47467505,0,2
varp.k26.scheduler-event.v2,analytical-model,S3,gemma3_1b_dependency_aware_tiles,0,581,0,2,1,0,47172258,44183577,44183577,2988681,47375016,47448746,47448746,47522803,2,2,1179680,1184912,47172258,47245986,47522803,47541235,0,2
varp.k26.scheduler-event.v2,analytical-model,S3,gemma3_1b_dependency_aware_tiles,0,582,0,0,0,0,47245988,44183577,44183577,3062411,47522803,47596533,47596533,47596533,2,2,1179680,0,47245988,47319716,47596533,47614965,0,2
varp.k26.scheduler-event.v2,analytical-model,S3,gemma3_1b_dependency_aware_tiles,0,583,0,3,1,0,47393775,44183577,44183577,3210198,47596533,47670263,47670263,47744320,2,3,1179680,1184912,47393775,47467503,47744320,47762752,0,2
varp.k26.scheduler-event.v2,analytical-model,S3,gemma3_1b_dependency_aware_tiles,0,584,0,1,1,0,47467505,44183577,44183577,3283928,47670263,47743993,47743993,47818050,2,1,1179680,1184912,47467505,47541233,47818050,47836482,0,2
varp.k26.scheduler-event.v2,analytical-model,S3,gemma3_1b_dependency_aware_tiles,0,585,0,2,1,0,47541235,44183577,44183577,3357658,47743993,47817723,47817723,47891780,2,2,1179680,1184912,47541235,47614963,47891780,47910212,0,2
varp.k26.scheduler-event.v2,analytical-model,S3,gemma3_1b_dependency_aware_tiles,0,586,0,0,0,0,47614965,44183577,44183577,3431388,47891780,47965510,47965510,47965510,2,2,1179680,0,47614965,47688693,47965510,47983942,0,2
varp.k26.scheduler-event.v2,analytical-model,S3,gemma3_1b_dependency_aware_tiles,0,587,0,3,1,0,47762752,44183577,44183577,3579175,47965510,48039240,48039240,48113297,2,3,1179680,1184912,47762752,47836480,48113297,48131729,0,2
varp.k26.scheduler-event.v2,analytical-model,S3,gemma3_1b_dependency_aware_tiles,0,588,0,1,1,0,47836482,44183577,44183577,3652905,48039240,48112970,48112970,48187027,2,1,1179680,1184912,47836482,47910210,48187027,48205459,0,2
varp.k26.scheduler-event.v2,analytical-model,S3,gemma3_1b_dependency_aware_tiles,0,589,0,2,1,0,47910212,44183577,44183577,3726635,48112970,48186700,48186700,48260757,2,2,1179680,1184912,47910212,47983940,48260757,48279189,0,2
varp.k26.scheduler-event.v2,analytical-model,S3,gemma3_1b_dependency_aware_tiles,0,590,0,0,0,0,47983942,44183577,44183577,3800365,48260757,48334487,48334487,48334487,2,2,1179680,0,47983942,48057670,48334487,48352919,0,2
varp.k26.scheduler-event.v2,analytical-model,S3,gemma3_1b_dependency_aware_tiles,0,591,0,3,1,0,48131729,44183577,44183577,3948152,48334487,48408217,48408217,48482274,2,3,1179680,1184912,48131729,48205457,48482274,48500706,0,2
varp.k26.scheduler-event.v2,analytical-model,S3,gemma3_1b_dependency_aware_tiles,0,592,0,1,1,0,48205459,44183577,44183577,4021882,48408217,48481947,48481947,48556004,2,1,1179680,1184912,48205459,48279187,48556004,48574436,0,2
varp.k26.scheduler-event.v2,analytical-model,S3,gemma3_1b_dependency_aware_tiles,0,593,0,2,1,0,48279189,44183577,44183577,4095612,48481947,48555677,48555677,48629734,2,2,1179680,1184912,48279189,48352917,48629734,48648166,0,2
varp.k26.scheduler-event.v2,analytical-model,S3,gemma3_1b_dependency_aware_tiles,0,594,0,0,0,0,48352919,44183577,44183577,4169342,48629734,48703464,48703464,48703464,2,2,1179680,0,48352919,48426647,48703464,48721896,0,2
varp.k26.scheduler-event.v2,analytical-model,S3,gemma3_1b_dependency_aware_tiles,0,595,0,3,1,0,48500706,44183577,44183577,4317129,48703464,48777194,48777194,48851251,2,3,1179680,1184912,48500706,48574434,48851251,48869683,0,2
varp.k26.scheduler-event.v2,analytical-model,S3,gemma3_1b_dependency_aware_tiles,0,596,0,1,1,0,48574436,44183577,44183577,4390859,48777194,48850924,48850924,48924981,2,1,1179680,1184912,48574436,48648164,48924981,48943413,0,2
varp.k26.scheduler-event.v2,analytical-model,S3,gemma3_1b_dependency_aware_tiles,0,597,0,2,1,0,48648166,44183577,44183577,4464589,48850924,48924654,48924654,48998711,2,2,1179680,1184912,48648166,48721894,48998711,49017143,0,2
varp.k26.scheduler-event.v2,analytical-model,S3,gemma3_1b_dependency_aware_tiles,0,598,0,0,0,0,48721896,44183577,44183577,4538319,48998711,49072441,49072441,49072441,2,2,1179680,0,48721896,48795624,49072441,49090873,0,2
varp.k26.scheduler-event.v2,analytical-model,S3,gemma3_1b_dependency_aware_tiles,0,599,0,3,1,0,48869683,44183577,44183577,4686106,49072441,49146171,49146171,49220228,2,3,1179680,1184912,48869683,48943411,49220228,49238660,0,2
varp.k26.scheduler-event.v2,analytical-model,S3,gemma3_1b_dependency_aware_tiles,0,600,0,1,1,0,48943413,44183577,44183577,4759836,49146171,49219901,49219901,49293958,2,1,1179680,1184912,48943413,49017141,49293958,49312390,0,2
varp.k26.scheduler-event.v2,analytical-model,S3,gemma3_1b_dependency_aware_tiles,0,601,0,2,1,0,49017143,44183577,44183577,4833566,49219901,49293631,49293631,49367688,2,2,1179680,1184912,49017143,49090871,49367688,49386120,0,2
varp.k26.scheduler-event.v2,analytical-model,S3,gemma3_1b_dependency_aware_tiles,0,602,0,0,0,0,49090873,44183577,44183577,4907296,49367688,49441418,49441418,49441418,2,2,1179680,0,49090873,49164601,49441418,49459850,0,2
varp.k26.scheduler-event.v2,analytical-model,S3,gemma3_1b_dependency_aware_tiles,0,603,0,3,1,0,49238660,44183577,44183577,5055083,49441418,49515148,49515148,49589205,2,3,1179680,1184912,49238660,49312388,49589205,49607637,0,2
varp.k26.scheduler-event.v2,analytical-model,S3,gemma3_1b_dependency_aware_tiles,0,604,0,1,1,0,49312390,44183577,44183577,5128813,49515148,49588878,49588878,49662935,2,1,1179680,1184912,49312390,49386118,49662935,49681367,0,2
varp.k26.scheduler-event.v2,analytical-model,S3,gemma3_1b_dependency_aware_tiles,0,605,0,2,1,0,49386120,44183577,44183577,5202543,49588878,49662608,49662608,49736665,2,2,1179680,1184912,49386120,49459848,49736665,49755097,0,2
varp.k26.scheduler-event.v2,analytical-model,S3,gemma3_1b_dependency_aware_tiles,0,606,0,0,0,0,49459850,44183577,44183577,5276273,49736665,49810395,49810395,49810395,2,2,1179680,0,49459850,49533578,49810395,49828827,0,2
varp.k26.scheduler-event.v2,analytical-model,S3,gemma3_1b_dependency_aware_tiles,0,607,0,3,1,0,49607637,44183577,44183577,5424060,49810395,49884125,49884125,49958182,2,3,1179680,1184912,49607637,49681365,49958182,49976614,0,2
varp.k26.scheduler-event.v2,analytical-model,S3,gemma3_1b_dependency_aware_tiles,0,608,0,1,1,0,49681367,44183577,44183577,5497790,49884125,49957855,49957855,50031912,2,1,1179680,1184912,49681367,49755095,50031912,50050344,0,2
varp.k26.scheduler-event.v2,analytical-model,S3,gemma3_1b_dependency_aware_tiles,0,609,0,2,1,0,49755097,44183577,44183577,5571520,49957855,50031585,50031585,50105642,2,2,1179680,1184912,49755097,49828825,50105642,50124074,0,2
varp.k26.scheduler-event.v2,analytical-model,S3,gemma3_1b_dependency_aware_tiles,0,610,0,0,0,0,49828827,44183577,44183577,5645250,50105642,50179372,50179372,50179372,2,2,1179680,0,49828827,49902555,50179372,50197804,0,2
varp.k26.scheduler-event.v2,analytical-model,S3,gemma3_1b_dependency_aware_tiles,0,611,0,3,1,0,49976614,44183577,44183577,5793037,50179372,50253102,50253102,50327159,2,3,1179680,1184912,49976614,50050342,50327159,50345591,0,2
varp.k26.scheduler-event.v2,analytical-model,S3,gemma3_1b_dependency_aware_tiles,0,612,0,1,1,0,50050344,44183577,44183577,5866767,50253102,50326832,50326832,50400889,2,1,1179680,1184912,50050344,50124072,50400889,50419321,0,2
varp.k26.scheduler-event.v2,analytical-model,S3,gemma3_1b_dependency_aware_tiles,0,613,0,2,1,0,50124074,44183577,44183577,5940497,50326832,50400562,50400562,50474619,2,2,1179680,1184912,50124074,50197802,50474619,50493051,0,2
varp.k26.scheduler-event.v2,analytical-model,S3,gemma3_1b_dependency_aware_tiles,0,614,0,0,0,0,50197804,44183577,44183577,6014227,50474619,50548349,50548349,50548349,2,2,1179680,0,50197804,50271532,50548349,50566781,0,2
varp.k26.scheduler-event.v2,analytical-model,S3,gemma3_1b_dependency_aware_tiles,0,615,0,3,1,0,50345591,44183577,44183577,6162014,50548349,50622079,50622079,50696136,2,3,1179680,1184912,50345591,50419319,50696136,50714568,0,2
varp.k26.scheduler-event.v2,analytical-model,S3,gemma3_1b_dependency_aware_tiles,0,616,0,1,1,0,50419321,44183577,44183577,6235744,50622079,50695809,50695809,50769866,2,1,1179680,1184912,50419321,50493049,50769866,50788298,0,2
varp.k26.scheduler-event.v2,analytical-model,S3,gemma3_1b_dependency_aware_tiles,0,617,0,2,1,0,50493051,44183577,44183577,6309474,50695809,50769539,50769539,50843596,2,2,1179680,1184912,50493051,50566779,50843596,50862028,0,2
varp.k26.scheduler-event.v2,analytical-model,S3,gemma3_1b_dependency_aware_tiles,0,618,0,0,0,0,50566781,44183577,44183577,6383204,50843596,50917326,50917326,50917326,2,2,1179680,0,50566781,50640509,50917326,50935758,0,2
varp.k26.scheduler-event.v2,analytical-model,S3,gemma3_1b_dependency_aware_tiles,0,619,0,3,1,0,50714568,44183577,44183577,6530991,50917326,50991056,50991056,51065113,2,3,1179680,1184912,50714568,50788296,51065113,51083545,0,2
varp.k26.scheduler-event.v2,analytical-model,S3,gemma3_1b_dependency_aware_tiles,0,620,0,1,1,0,50788298,44183577,44183577,6604721,50991056,51064786,51064786,51138843,2,1,1179680,1184912,50788298,50862026,51138843,51157275,0,2
varp.k26.scheduler-event.v2,analytical-model,S3,gemma3_1b_dependency_aware_tiles,0,621,0,2,1,0,50862028,44183577,44183577,6678451,51064786,51138516,51138516,51212573,2,2,1179680,1184912,50862028,50935756,51212573,51231005,0,2
varp.k26.scheduler-event.v2,analytical-model,S3,gemma3_1b_dependency_aware_tiles,0,622,0,0,0,0,50935758,44183577,44183577,6752181,51212573,51286303,51286303,51286303,2,2,1179680,0,50935758,51009486,51286303,51304735,0,2
varp.k26.scheduler-event.v2,analytical-model,S3,gemma3_1b_dependency_aware_tiles,0,623,0,3,1,0,51083545,44183577,44183577,6899968,51286303,51360033,51360033,51434090,2,3,1179680,1184912,51083545,51157273,51434090,51452522,0,2
varp.k26.scheduler-event.v2,analytical-model,S3,gemma3_1b_dependency_aware_tiles,0,624,0,1,1,0,51157275,44183577,44183577,6973698,51360033,51433763,51433763,51507820,2,1,1179680,1184912,51157275,51231003,51507820,51526252,0,2
varp.k26.scheduler-event.v2,analytical-model,S3,gemma3_1b_dependency_aware_tiles,0,625,0,2,1,0,51231005,44183577,44183577,7047428,51433763,51507493,51507493,51581550,2,2,1179680,1184912,51231005,51304733,51581550,51599982,0,2
varp.k26.scheduler-event.v2,analytical-model,S3,gemma3_1b_dependency_aware_tiles,0,626,0,0,0,0,51304735,44183577,44183577,7121158,51581550,51655280,51655280,51655280,2,2,1179680,0,51304735,51378463,51655280,51673712,0,2
varp.k26.scheduler-event.v2,analytical-model,S3,gemma3_1b_dependency_aware_tiles,0,627,0,3,1,0,51452522,44183577,44183577,7268945,51655280,51729010,51729010,51803067,2,3,1179680,1184912,51452522,51526250,51803067,51821499,0,2
varp.k26.scheduler-event.v2,analytical-model,S3,gemma3_1b_dependency_aware_tiles,0,628,0,1,1,0,51526252,44183577,44183577,7342675,51729010,51802740,51802740,51876797,2,1,1179680,1184912,51526252,51599980,51876797,51895229,0,2
varp.k26.scheduler-event.v2,analytical-model,S3,gemma3_1b_dependency_aware_tiles,0,629,0,2,1,0,51599982,44183577,44183577,7416405,51802740,51876470,51876470,51950527,2,2,1179680,1184912,51599982,51673710,51950527,51968959,0,2
varp.k26.scheduler-event.v2,analytical-model,S3,gemma3_1b_dependency_aware_tiles,0,630,0,0,0,0,51673712,44183577,44183577,7490135,51950527,52024257,52024257,52024257,2,2,1179680,0,51673712,51747440,52024257,52042689,0,2
varp.k26.scheduler-event.v2,analytical-model,S3,gemma3_1b_dependency_aware_tiles,0,631,0,3,1,0,51821499,44183577,44183577,7637922,52024257,52097987,52097987,52172044,2,3,1179680,1184912,51821499,51895227,52172044,52190476,0,2
varp.k26.scheduler-event.v2,analytical-model,S3,gemma3_1b_dependency_aware_tiles,0,632,0,1,1,0,51895229,44183577,44183577,7711652,52097987,52171717,52171717,52245774,2,1,1179680,1184912,51895229,51968957,52245774,52264206,0,2
varp.k26.scheduler-event.v2,analytical-model,S3,gemma3_1b_dependency_aware_tiles,0,633,0,2,1,0,51968959,44183577,44183577,7785382,52171717,52245447,52245447,52319504,2,2,1179680,1184912,51968959,52042687,52319504,52337936,0,2
varp.k26.scheduler-event.v2,analytical-model,S3,gemma3_1b_dependency_aware_tiles,0,634,0,0,0,0,52042689,44183577,44183577,7859112,52319504,52393234,52393234,52393234,2,2,1179680,0,52042689,52116417,52393234,52411666,0,2
varp.k26.scheduler-event.v2,analytical-model,S3,gemma3_1b_dependency_aware_tiles,0,635,0,3,1,0,52190476,44183577,44183577,8006899,52393234,52466964,52466964,52541021,2,3,1179680,1184912,52190476,52264204,52541021,52559453,0,2
varp.k26.scheduler-event.v2,analytical-model,S3,gemma3_1b_dependency_aware_tiles,0,636,0,1,1,0,52264206,44183577,44183577,8080629,52466964,52540694,52540694,52614751,2,1,1179680,1184912,52264206,52337934,52614751,52633183,0,2
varp.k26.scheduler-event.v2,analytical-model,S3,gemma3_1b_dependency_aware_tiles,0,637,0,2,1,0,52337936,44183577,44183577,8154359,52540694,52614424,52614424,52688481,2,2,1179680,1184912,52337936,52411664,52688481,52706913,0,2
varp.k26.scheduler-event.v2,analytical-model,S3,gemma3_1b_dependency_aware_tiles,0,638,0,0,0,0,52411666,44183577,44183577,8228089,52688481,52762211,52762211,52762211,2,2,1179680,0,52411666,52485394,52762211,52780643,0,2
varp.k26.scheduler-event.v2,analytical-model,S3,gemma3_1b_dependency_aware_tiles,0,639,0,3,1,0,52559453,44183577,44183577,8375876,52762211,52835941,52835941,52909998,2,3,1179680,1184912,52559453,52633181,52909998,52928430,0,2
varp.k26.scheduler-event.v2,analytical-model,S3,gemma3_1b_dependency_aware_tiles,0,640,0,1,1,0,52633183,44183577,44183577,8449606,52835941,52909671,52909671,52983728,2,1,1179680,1184912,52633183,52706911,52983728,53002160,0,2
varp.k26.scheduler-event.v2,analytical-model,S3,gemma3_1b_dependency_aware_tiles,0,641,0,2,1,0,52706913,44183577,44183577,8523336,52909671,52983401,52983401,53057458,2,2,1179680,1184912,52706913,52780641,53057458,53075890,0,2
varp.k26.scheduler-event.v2,analytical-model,S3,gemma3_1b_dependency_aware_tiles,0,642,0,0,0,0,52780643,44183577,44183577,8597066,53057458,53131188,53131188,53131188,2,2,1179680,0,52780643,52854371,53131188,53149620,0,2
varp.k26.scheduler-event.v2,analytical-model,S3,gemma3_1b_dependency_aware_tiles,0,643,0,3,1,0,52928430,44183577,44183577,8744853,53131188,53204918,53204918,53278975,2,3,1179680,1184912,52928430,53002158,53278975,53297407,0,2
varp.k26.scheduler-event.v2,analytical-model,S3,gemma3_1b_dependency_aware_tiles,0,644,0,1,1,0,53002160,44183577,44183577,8818583,53204918,53278648,53278648,53352705,2,1,1179680,1184912,53002160,53075888,53352705,53371137,0,2
varp.k26.scheduler-event.v2,analytical-model,S3,gemma3_1b_dependency_aware_tiles,0,645,0,2,1,0,53075890,44183577,44183577,8892313,53278648,53352378,53352378,53426435,2,2,1179680,1184912,53075890,53149618,53426435,53444867,0,2
varp.k26.scheduler-event.v2,analytical-model,S3,gemma3_1b_dependency_aware_tiles,0,646,0,0,0,0,53149620,44183577,44183577,8966043,53426435,53500165,53500165,53500165,2,2,1179680,0,53149620,53223348,53500165,53518597,0,2
varp.k26.scheduler-event.v2,analytical-model,S3,gemma3_1b_dependency_aware_tiles,0,647,0,3,1,0,53297407,44183577,44183577,9113830,53500165,53573895,53573895,53647952,2,3,1179680,1184912,53297407,53371135,53647952,53666384,0,2
varp.k26.scheduler-event.v2,analytical-model,S3,gemma3_1b_dependency_aware_tiles,0,648,0,1,1,0,53371137,44183577,44183577,9187560,53573895,53647625,53647625,53721682,2,1,1179680,1184912,53371137,53444865,53721682,53740114,0,2
varp.k26.scheduler-event.v2,analytical-model,S3,gemma3_1b_dependency_aware_tiles,0,649,0,2,1,0,53444867,44183577,44183577,9261290,53647625,53721355,53721355,53795412,2,2,1179680,1184912,53444867,53518595,53795412,53813844,0,2
varp.k26.scheduler-event.v2,analytical-model,S3,gemma3_1b_dependency_aware_tiles,0,650,0,0,0,0,53518597,44183577,44183577,9335020,53795412,53869142,53869142,53869142,2,2,1179680,0,53518597,53592325,53869142,53887574,0,2
varp.k26.scheduler-event.v2,analytical-model,S3,gemma3_1b_dependency_aware_tiles,0,651,0,3,1,0,53666384,44183577,44183577,9482807,53869142,53942872,53942872,54016929,2,3,1179680,1184912,53666384,53740112,54016929,54035361,0,2
varp.k26.scheduler-event.v2,analytical-model,S3,gemma3_1b_dependency_aware_tiles,0,652,0,1,1,0,53740114,44183577,44183577,9556537,53942872,54016602,54016602,54090659,2,1,1179680,1184912,53740114,53813842,54090659,54109091,0,2
varp.k26.scheduler-event.v2,analytical-model,S3,gemma3_1b_dependency_aware_tiles,0,653,0,2,1,0,53813844,44183577,44183577,9630267,54016602,54090332,54090332,54164389,2,2,1179680,1184912,53813844,53887572,54164389,54182821,0,2
varp.k26.scheduler-event.v2,analytical-model,S3,gemma3_1b_dependency_aware_tiles,0,654,0,0,0,0,53887574,44183577,44183577,9703997,54164389,54238119,54238119,54238119,2,2,1179680,0,53887574,53961302,54238119,54256551,0,2
varp.k26.scheduler-event.v2,analytical-model,S3,gemma3_1b_dependency_aware_tiles,0,655,0,3,1,0,54035361,44183577,44183577,9851784,54238119,54311849,54311849,54385906,2,3,1179680,1184912,54035361,54109089,54385906,54404338,0,2
varp.k26.scheduler-event.v2,analytical-model,S3,gemma3_1b_dependency_aware_tiles,0,656,0,1,1,0,54109091,44183577,44183577,9925514,54311849,54385579,54385579,54459636,2,1,1179680,1184912,54109091,54182819,54459636,54478068,0,2
varp.k26.scheduler-event.v2,analytical-model,S3,gemma3_1b_dependency_aware_tiles,0,657,0,2,1,0,54182821,44183577,44183577,9999244,54385579,54459309,54459309,54533366,2,2,1179680,1184912,54182821,54256549,54533366,54551798,0,2
varp.k26.scheduler-event.v2,analytical-model,S3,gemma3_1b_dependency_aware_tiles,0,658,0,0,0,0,54256551,44183577,44183577,10072974,54533366,54607096,54607096,54607096,2,2,1179680,0,54256551,54330279,54607096,54625528,0,2
varp.k26.scheduler-event.v2,analytical-model,S3,gemma3_1b_dependency_aware_tiles,0,659,0,3,1,0,54404338,44183577,44183577,10220761,54607096,54680826,54680826,54754883,2,3,1179680,1184912,54404338,54478066,54754883,54773315,0,2
varp.k26.scheduler-event.v2,analytical-model,S3,gemma3_1b_dependency_aware_tiles,0,660,0,1,1,0,54478068,44183577,44183577,10294491,54680826,54754556,54754556,54828613,2,1,1179680,1184912,54478068,54551796,54828613,54847045,0,2
varp.k26.scheduler-event.v2,analytical-model,S3,gemma3_1b_dependency_aware_tiles,0,661,0,2,1,0,54551798,44183577,44183577,10368221,54754556,54828286,54828286,54902343,2,2,1179680,1184912,54551798,54625526,54902343,54920775,0,2
varp.k26.scheduler-event.v2,analytical-model,S3,gemma3_1b_dependency_aware_tiles,0,662,0,0,0,0,54625528,44183577,44183577,10441951,54902343,54976073,54976073,54976073,2,2,1179680,0,54625528,54699256,54976073,54994505,0,2
varp.k26.scheduler-event.v2,analytical-model,S3,gemma3_1b_dependency_aware_tiles,0,663,0,3,1,0,54773315,44183577,44183577,10589738,54976073,55049803,55049803,55123860,2,3,1179680,1184912,54773315,54847043,55123860,55142292,0,2
varp.k26.scheduler-event.v2,analytical-model,S3,gemma3_1b_dependency_aware_tiles,0,664,0,1,1,0,54847045,44183577,44183577,10663468,55049803,55123533,55123533,55197590,2,1,1179680,1184912,54847045,54920773,55197590,55216022,0,2
varp.k26.scheduler-event.v2,analytical-model,S3,gemma3_1b_dependency_aware_tiles,0,665,0,2,1,0,54920775,44183577,44183577,10737198,55123533,55197263,55197263,55271320,2,2,1179680,1184912,54920775,54994503,55271320,55289752,0,2
varp.k26.scheduler-event.v2,analytical-model,S3,gemma3_1b_dependency_aware_tiles,0,666,0,0,0,0,54994505,44183577,44183577,10810928,55271320,55345050,55345050,55345050,2,2,1179680,0,54994505,55068233,55345050,55363482,0,2
varp.k26.scheduler-event.v2,analytical-model,S3,gemma3_1b_dependency_aware_tiles,0,667,0,3,1,0,55142292,44183577,44183577,10958715,55345050,55418780,55418780,55492837,2,3,1179680,1184912,55142292,55216020,55492837,55511269,0,2
varp.k26.scheduler-event.v2,analytical-model,S3,gemma3_1b_dependency_aware_tiles,0,668,0,1,1,0,55216022,44183577,44183577,11032445,55418780,55492510,55492510,55566567,2,1,1179680,1184912,55216022,55289750,55566567,55584999,0,2
varp.k26.scheduler-event.v2,analytical-model,S3,gemma3_1b_dependency_aware_tiles,0,669,0,2,1,0,55289752,44183577,44183577,11106175,55492510,55566240,55566240,55640297,2,2,1179680,1184912,55289752,55363480,55640297,55658729,0,2
varp.k26.scheduler-event.v2,analytical-model,S3,gemma3_1b_dependency_aware_tiles,0,670,0,0,0,0,55363482,44183577,44183577,11179905,55640297,55714027,55714027,55714027,2,2,1179680,0,55363482,55437210,55714027,55732459,0,2
varp.k26.scheduler-event.v2,analytical-model,S3,gemma3_1b_dependency_aware_tiles,0,671,0,3,1,0,55511269,44183577,44183577,11327692,55714027,55787757,55787757,55861814,2,3,1179680,1184912,55511269,55584997,55861814,55880246,0,2
varp.k26.scheduler-event.v2,analytical-model,S3,gemma3_1b_dependency_aware_tiles,0,672,0,1,1,0,55584999,44183577,44183577,11401422,55787757,55861487,55861487,55935544,2,1,1179680,1184912,55584999,55658727,55935544,55953976,0,2
varp.k26.scheduler-event.v2,analytical-model,S3,gemma3_1b_dependency_aware_tiles,0,673,0,2,1,0,55658729,44183577,44183577,11475152,55861487,55935217,55935217,56009274,2,2,1179680,1184912,55658729,55732457,56009274,56027706,0,2
varp.k26.scheduler-event.v2,analytical-model,S3,gemma3_1b_dependency_aware_tiles,0,674,0,0,0,0,55732459,44183577,44183577,11548882,56009274,56083004,56083004,56083004,2,2,1179680,0,55732459,55806187,56083004,56101436,0,2
varp.k26.scheduler-event.v2,analytical-model,S3,gemma3_1b_dependency_aware_tiles,0,675,0,3,1,0,55880246,44183577,44183577,11696669,56083004,56156734,56156734,56230791,2,3,1179680,1184912,55880246,55953974,56230791,56249223,0,2
varp.k26.scheduler-event.v2,analytical-model,S3,gemma3_1b_dependency_aware_tiles,0,676,0,1,1,0,55953976,44183577,44183577,11770399,56156734,56230464,56230464,56304521,2,1,1179680,1184912,55953976,56027704,56304521,56322953,0,2
varp.k26.scheduler-event.v2,analytical-model,S3,gemma3_1b_dependency_aware_tiles,0,677,0,2,1,0,56027706,44183577,44183577,11844129,56230464,56304194,56304194,56378251,2,2,1179680,1184912,56027706,56101434,56378251,56396683,0,2
varp.k26.scheduler-event.v2,analytical-model,S3,gemma3_1b_dependency_aware_tiles,0,678,0,0,0,0,56101436,44183577,44183577,11917859,56378251,56451981,56451981,56451981,2,2,1179680,0,56101436,56175164,56451981,56470413,0,2
varp.k26.scheduler-event.v2,analytical-model,S3,gemma3_1b_dependency_aware_tiles,0,679,0,3,1,0,56249223,44183577,44183577,12065646,56451981,56525711,56525711,56599768,2,3,1179680,1184912,56249223,56322951,56599768,56618200,0,2
varp.k26.scheduler-event.v2,analytical-model,S3,gemma3_1b_dependency_aware_tiles,0,680,0,1,1,0,56322953,44183577,44183577,12139376,56525711,56599441,56599441,56673498,2,1,1179680,1184912,56322953,56396681,56673498,56691930,0,2
varp.k26.scheduler-event.v2,analytical-model,S3,gemma3_1b_dependency_aware_tiles,0,681,0,2,1,0,56396683,44183577,44183577,12213106,56599441,56673171,56673171,56747228,2,2,1179680,1184912,56396683,56470411,56747228,56765660,0,2
varp.k26.scheduler-event.v2,analytical-model,S3,gemma3_1b_dependency_aware_tiles,0,682,0,0,0,0,56470413,44183577,44183577,12286836,56747228,56820958,56820958,56820958,2,2,1179680,0,56470413,56544141,56820958,56839390,0,2
varp.k26.scheduler-event.v2,analytical-model,S3,gemma3_1b_dependency_aware_tiles,0,683,0,3,1,0,56618200,44183577,44183577,12434623,56820958,56894688,56894688,56968745,2,3,1179680,1184912,56618200,56691928,56968745,56987177,0,2
varp.k26.scheduler-event.v2,analytical-model,S3,gemma3_1b_dependency_aware_tiles,0,684,0,1,1,0,56691930,44183577,44183577,12508353,56894688,56968418,56968418,57042475,2,1,1179680,1184912,56691930,56765658,57042475,57060907,0,2
varp.k26.scheduler-event.v2,analytical-model,S3,gemma3_1b_dependency_aware_tiles,0,685,0,2,1,0,56765660,44183577,44183577,12582083,56968418,57042148,57042148,57116205,2,2,1179680,1184912,56765660,56839388,57116205,57134637,0,2
varp.k26.scheduler-event.v2,analytical-model,S3,gemma3_1b_dependency_aware_tiles,0,686,0,0,0,0,56839390,44183577,44183577,12655813,57116205,57189935,57189935,57189935,2,2,1179680,0,56839390,56913118,57189935,57208367,0,2
varp.k26.scheduler-event.v2,analytical-model,S3,gemma3_1b_dependency_aware_tiles,0,687,0,3,1,0,56987177,44183577,44183577,12803600,57189935,57263665,57263665,57337722,2,3,1179680,1184912,56987177,57060905,57337722,57356154,0,2
varp.k26.scheduler-event.v2,analytical-model,S3,gemma3_1b_dependency_aware_tiles,0,688,0,1,1,0,57060907,44183577,44183577,12877330,57263665,57337395,57337395,57411452,2,1,1179680,1184912,57060907,57134635,57411452,57429884,0,2
varp.k26.scheduler-event.v2,analytical-model,S3,gemma3_1b_dependency_aware_tiles,0,689,0,2,1,0,57134637,44183577,44183577,12951060,57337395,57411125,57411125,57485182,2,2,1179680,1184912,57134637,57208365,57485182,57503614,0,2
varp.k26.scheduler-event.v2,analytical-model,S3,gemma3_1b_dependency_aware_tiles,0,690,0,0,0,0,57208367,44183577,44183577,13024790,57485182,57558912,57558912,57558912,2,2,1179680,0,57208367,57282095,57558912,57577344,0,2
varp.k26.scheduler-event.v2,analytical-model,S3,gemma3_1b_dependency_aware_tiles,0,691,0,3,1,0,57356154,44183577,44183577,13172577,57558912,57632642,57632642,57706699,2,3,1179680,1184912,57356154,57429882,57706699,57725131,0,2
varp.k26.scheduler-event.v2,analytical-model,S3,gemma3_1b_dependency_aware_tiles,0,692,0,1,1,0,57429884,44183577,44183577,13246307,57632642,57706372,57706372,57780429,2,1,1179680,1184912,57429884,57503612,57780429,57798861,0,2
varp.k26.scheduler-event.v2,analytical-model,S3,gemma3_1b_dependency_aware_tiles,0,693,0,2,1,0,57503614,44183577,44183577,13320037,57706372,57780102,57780102,57854159,2,2,1179680,1184912,57503614,57577342,57854159,57872591,0,2
varp.k26.scheduler-event.v2,analytical-model,S3,gemma3_1b_dependency_aware_tiles,0,694,0,0,0,0,57577344,44183577,44183577,13393767,57854159,57927889,57927889,57927889,2,2,1179680,0,57577344,57651072,57927889,57946321,0,2
varp.k26.scheduler-event.v2,analytical-model,S3,gemma3_1b_dependency_aware_tiles,0,695,0,3,1,0,57725131,44183577,44183577,13541554,57927889,58001619,58001619,58075676,2,3,1179680,1184912,57725131,57798859,58075676,58094108,0,2
varp.k26.scheduler-event.v2,analytical-model,S3,gemma3_1b_dependency_aware_tiles,0,696,0,1,1,0,57798861,44183577,44183577,13615284,58001619,58075349,58075349,58149406,2,1,1179680,1184912,57798861,57872589,58149406,58167838,0,2
varp.k26.scheduler-event.v2,analytical-model,S3,gemma3_1b_dependency_aware_tiles,0,697,0,2,1,0,57872591,44183577,44183577,13689014,58075349,58149079,58149079,58223136,2,2,1179680,1184912,57872591,57946319,58223136,58241568,0,2
varp.k26.scheduler-event.v2,analytical-model,S3,gemma3_1b_dependency_aware_tiles,0,698,0,0,0,0,57946321,44183577,44183577,13762744,58223136,58296866,58296866,58296866,2,2,1179680,0,57946321,58020049,58296866,58315298,0,2
varp.k26.scheduler-event.v2,analytical-model,S3,gemma3_1b_dependency_aware_tiles,0,699,0,3,1,0,58094108,44183577,44183577,13910531,58296866,58370596,58370596,58444653,2,3,1179680,1184912,58094108,58167836,58444653,58463085,0,2
varp.k26.scheduler-event.v2,analytical-model,S3,gemma3_1b_dependency_aware_tiles,0,700,0,1,1,0,58167838,44183577,44183577,13984261,58370596,58444326,58444326,58518383,2,1,1179680,1184912,58167838,58241566,58518383,58536815,0,2
varp.k26.scheduler-event.v2,analytical-model,S3,gemma3_1b_dependency_aware_tiles,0,701,0,2,1,0,58241568,44183577,44183577,14057991,58444326,58518056,58518056,58592113,2,2,1179680,1184912,58241568,58315296,58592113,58610545,0,2
varp.k26.scheduler-event.v2,analytical-model,S3,gemma3_1b_dependency_aware_tiles,0,702,0,0,0,0,58315298,44183577,44183577,14131721,58592113,58665843,58665843,58665843,2,2,1179680,0,58315298,58389026,58665843,58684275,0,2
varp.k26.scheduler-event.v2,analytical-model,S3,gemma3_1b_dependency_aware_tiles,0,703,0,3,1,0,58463085,44183577,44183577,14279508,58665843,58739573,58739573,58813630,2,3,1179680,1184912,58463085,58536813,58813630,58832062,0,2
varp.k26.scheduler-event.v2,analytical-model,S3,gemma3_1b_dependency_aware_tiles,0,704,0,1,1,0,58536815,44183577,44183577,14353238,58739573,58813303,58813303,58887360,2,1,1179680,1184912,58536815,58610543,58887360,58905792,0,2
varp.k26.scheduler-event.v2,analytical-model,S3,gemma3_1b_dependency_aware_tiles,0,705,0,2,1,0,58610545,44183577,44183577,14426968,58813303,58887033,58887033,58961090,2,2,1179680,1184912,58610545,58684273,58961090,58979522,0,2
varp.k26.scheduler-event.v2,analytical-model,S3,gemma3_1b_dependency_aware_tiles,0,706,0,0,0,0,58684275,44183577,44183577,14500698,58961090,59034820,59034820,59034820,2,2,1179680,0,58684275,58758003,59034820,59053252,0,2
varp.k26.scheduler-event.v2,analytical-model,S3,gemma3_1b_dependency_aware_tiles,0,707,0,3,1,0,58832062,44183577,44183577,14648485,59034820,59108550,59108550,59182607,2,3,1179680,1184912,58832062,58905790,59182607,59201039,0,2
varp.k26.scheduler-event.v2,analytical-model,S3,gemma3_1b_dependency_aware_tiles,0,708,0,1,1,0,58905792,44183577,44183577,14722215,59108550,59182280,59182280,59256337,2,1,1179680,1184912,58905792,58979520,59256337,59274769,0,2
varp.k26.scheduler-event.v2,analytical-model,S3,gemma3_1b_dependency_aware_tiles,0,709,0,2,1,0,58979522,44183577,44183577,14795945,59182280,59256010,59256010,59330067,2,2,1179680,1184912,58979522,59053250,59330067,59348499,0,2
varp.k26.scheduler-event.v2,analytical-model,S3,gemma3_1b_dependency_aware_tiles,0,710,0,0,0,0,59053252,44183577,44183577,14869675,59330067,59403797,59403797,59403797,2,2,1179680,0,59053252,59126980,59403797,59422229,0,2
varp.k26.scheduler-event.v2,analytical-model,S3,gemma3_1b_dependency_aware_tiles,0,711,0,3,1,0,59201039,44183577,44183577,15017462,59403797,59477527,59477527,59551584,2,3,1179680,1184912,59201039,59274767,59551584,59570016,0,2
varp.k26.scheduler-event.v2,analytical-model,S3,gemma3_1b_dependency_aware_tiles,0,712,0,1,1,0,59274769,44183577,44183577,15091192,59477527,59551257,59551257,59625314,2,1,1179680,1184912,59274769,59348497,59625314,59643746,0,2
varp.k26.scheduler-event.v2,analytical-model,S3,gemma3_1b_dependency_aware_tiles,0,713,0,2,1,0,59348499,44183577,44183577,15164922,59551257,59624987,59624987,59699044,2,2,1179680,1184912,59348499,59422227,59699044,59717476,0,2
varp.k26.scheduler-event.v2,analytical-model,S3,gemma3_1b_dependency_aware_tiles,0,714,0,0,0,0,59422229,44183577,44183577,15238652,59699044,59772774,59772774,59772774,2,2,1179680,0,59422229,59495957,59772774,59791206,0,2
varp.k26.scheduler-event.v2,analytical-model,S3,gemma3_1b_dependency_aware_tiles,0,715,0,3,1,0,59570016,44183577,44183577,15386439,59772774,59846504,59846504,59920561,2,3,1179680,1184912,59570016,59643744,59920561,59938993,0,2
varp.k26.scheduler-event.v2,analytical-model,S3,gemma3_1b_dependency_aware_tiles,0,716,0,1,1,0,59643746,44183577,44183577,15460169,59846504,59920234,59920234,59994291,2,1,1179680,1184912,59643746,59717474,59994291,60012723,0,2
varp.k26.scheduler-event.v2,analytical-model,S3,gemma3_1b_dependency_aware_tiles,0,717,0,2,1,0,59717476,44183577,44183577,15533899,59920234,59993964,59993964,60068021,2,2,1179680,1184912,59717476,59791204,60068021,60086453,0,2
varp.k26.scheduler-event.v2,analytical-model,S3,gemma3_1b_dependency_aware_tiles,0,718,0,0,0,0,59791206,44183577,44183577,15607629,60068021,60141751,60141751,60141751,2,2,1179680,0,59791206,59864934,60141751,60160183,0,2
varp.k26.scheduler-event.v2,analytical-model,S3,gemma3_1b_dependency_aware_tiles,0,719,0,3,1,0,59938993,44183577,44183577,15755416,60141751,60215481,60215481,60289538,2,3,1179680,1184912,59938993,60012721,60289538,60307970,0,2
varp.k26.scheduler-event.v2,analytical-model,S3,gemma3_1b_dependency_aware_tiles,0,720,0,1,1,0,60012723,44183577,44183577,15829146,60215481,60289211,60289211,60363268,2,1,1179680,1184912,60012723,60086451,60363268,60381700,0,2
varp.k26.scheduler-event.v2,analytical-model,S3,gemma3_1b_dependency_aware_tiles,0,721,0,2,1,0,60086453,44183577,44183577,15902876,60289211,60362941,60362941,60436998,2,2,1179680,1184912,60086453,60160181,60436998,60455430,0,2
varp.k26.scheduler-event.v2,analytical-model,S3,gemma3_1b_dependency_aware_tiles,0,722,0,0,0,0,60160183,44183577,44183577,15976606,60436998,60510728,60510728,60510728,2,2,1179680,0,60160183,60233911,60510728,60529160,0,2
varp.k26.scheduler-event.v2,analytical-model,S3,gemma3_1b_dependency_aware_tiles,0,723,0,3,1,0,60307970,44183577,44183577,16124393,60510728,60584458,60584458,60658515,2,3,1179680,1184912,60307970,60381698,60658515,60676947,0,2
varp.k26.scheduler-event.v2,analytical-model,S3,gemma3_1b_dependency_aware_tiles,0,724,0,1,1,0,60381700,44183577,44183577,16198123,60584458,60658188,60658188,60732245,2,1,1179680,1184912,60381700,60455428,60732245,60750677,0,2
varp.k26.scheduler-event.v2,analytical-model,S3,gemma3_1b_dependency_aware_tiles,0,725,0,2,1,0,60455430,44183577,44183577,16271853,60658188,60731918,60731918,60805975,2,2,1179680,1184912,60455430,60529158,60805975,60824407,0,2
varp.k26.scheduler-event.v2,analytical-model,S3,gemma3_1b_dependency_aware_tiles,0,726,0,0,0,0,60529160,44183577,44183577,16345583,60805975,60879705,60879705,60879705,2,2,1179680,0,60529160,60602888,60879705,60898137,0,2
varp.k26.scheduler-event.v2,analytical-model,S3,gemma3_1b_dependency_aware_tiles,0,727,0,3,1,0,60676947,44183577,44183577,16493370,60879705,60953435,60953435,61027492,2,3,1179680,1184912,60676947,60750675,61027492,61045924,0,2
varp.k26.scheduler-event.v2,analytical-model,S3,gemma3_1b_dependency_aware_tiles,0,728,0,1,1,0,60750677,44183577,44183577,16567100,60953435,61027165,61027165,61101222,2,1,1179680,1184912,60750677,60824405,61101222,61119654,0,2
varp.k26.scheduler-event.v2,analytical-model,S3,gemma3_1b_dependency_aware_tiles,0,729,0,2,1,0,60824407,44183577,44183577,16640830,61027165,61100895,61100895,61174952,2,2,1179680,1184912,60824407,60898135,61174952,61193384,0,2
varp.k26.scheduler-event.v2,analytical-model,S3,gemma3_1b_dependency_aware_tiles,0,730,0,0,0,0,60898137,44183577,44183577,16714560,61174952,61248682,61248682,61248682,2,2,1179680,0,60898137,60971865,61248682,61267114,0,2
varp.k26.scheduler-event.v2,analytical-model,S3,gemma3_1b_dependency_aware_tiles,0,731,0,3,1,0,61045924,44183577,44183577,16862347,61248682,61322412,61322412,61396469,2,3,1179680,1184912,61045924,61119652,61396469,61414901,0,2
varp.k26.scheduler-event.v2,analytical-model,S3,gemma3_1b_dependency_aware_tiles,0,732,0,1,1,0,61119654,44183577,44183577,16936077,61322412,61396142,61396142,61470199,2,1,1179680,1184912,61119654,61193382,61470199,61488631,0,2
varp.k26.scheduler-event.v2,analytical-model,S3,gemma3_1b_dependency_aware_tiles,0,733,0,2,1,0,61193384,44183577,44183577,17009807,61396142,61469872,61469872,61543929,2,2,1179680,1184912,61193384,61267112,61543929,61562361,0,2
varp.k26.scheduler-event.v2,analytical-model,S3,gemma3_1b_dependency_aware_tiles,0,734,0,0,0,0,61267114,44183577,44183577,17083537,61543929,61617659,61617659,61617659,2,2,1179680,0,61267114,61340842,61617659,61636091,0,2
varp.k26.scheduler-event.v2,analytical-model,S3,gemma3_1b_dependency_aware_tiles,0,735,0,3,1,0,61414901,44183577,44183577,17231324,61617659,61691389,61691389,61765446,2,3,1179680,1184912,61414901,61488629,61765446,61783878,0,2
varp.k26.scheduler-event.v2,analytical-model,S3,gemma3_1b_dependency_aware_tiles,0,736,0,1,1,0,61488631,44183577,44183577,17305054,61691389,61765119,61765119,61839176,2,1,1179680,1184912,61488631,61562359,61839176,61857608,0,2
varp.k26.scheduler-event.v2,analytical-model,S3,gemma3_1b_dependency_aware_tiles,0,737,0,2,1,0,61562361,44183577,44183577,17378784,61765119,61838849,61838849,61912906,2,2,1179680,1184912,61562361,61636089,61912906,61931338,0,2
varp.k26.scheduler-event.v2,analytical-model,S3,gemma3_1b_dependency_aware_tiles,0,738,0,0,0,0,61636091,44183577,44183577,17452514,61912906,61986636,61986636,61986636,2,2,1179680,0,61636091,61709819,61986636,62005068,0,2
varp.k26.scheduler-event.v2,analytical-model,S3,gemma3_1b_dependency_aware_tiles,0,739,0,3,1,0,61783878,44183577,44183577,17600301,61986636,62060366,62060366,62134423,2,3,1179680,1184912,61783878,61857606,62134423,62152855,0,2
varp.k26.scheduler-event.v2,analytical-model,S3,gemma3_1b_dependency_aware_tiles,0,740,0,1,1,0,61857608,44183577,44183577,17674031,62060366,62134096,62134096,62208153,2,1,1179680,1184912,61857608,61931336,62208153,62226585,0,2
varp.k26.scheduler-event.v2,analytical-model,S3,gemma3_1b_dependency_aware_tiles,0,741,0,2,1,0,61931338,44183577,44183577,17747761,62134096,62207826,62207826,62281883,2,2,1179680,1184912,61931338,62005066,62281883,62300315,0,2
varp.k26.scheduler-event.v2,analytical-model,S3,gemma3_1b_dependency_aware_tiles,0,742,0,0,0,0,62005068,44183577,44183577,17821491,62281883,62355613,62355613,62355613,2,2,1179680,0,62005068,62078796,62355613,62374045,0,2
varp.k26.scheduler-event.v2,analytical-model,S3,gemma3_1b_dependency_aware_tiles,0,743,0,3,1,0,62152855,44183577,44183577,17969278,62355613,62429343,62429343,62503400,2,3,1179680,1184912,62152855,62226583,62503400,62521832,0,2
varp.k26.scheduler-event.v2,analytical-model,S3,gemma3_1b_dependency_aware_tiles,0,744,0,1,1,0,62226585,44183577,44183577,18043008,62429343,62503073,62503073,62577130,2,1,1179680,1184912,62226585,62300313,62577130,62595562,0,2
varp.k26.scheduler-event.v2,analytical-model,S3,gemma3_1b_dependency_aware_tiles,0,745,0,2,1,0,62300315,44183577,44183577,18116738,62503073,62576803,62576803,62650860,2,2,1179680,1184912,62300315,62374043,62650860,62669292,0,2
varp.k26.scheduler-event.v2,analytical-model,S3,gemma3_1b_dependency_aware_tiles,0,746,0,0,0,0,62374045,44183577,44183577,18190468,62650860,62724590,62724590,62724590,2,2,1179680,0,62374045,62447773,62724590,62743022,0,2
varp.k26.scheduler-event.v2,analytical-model,S3,gemma3_1b_dependency_aware_tiles,0,747,0,3,1,0,62521832,44183577,44183577,18338255,62724590,62798320,62798320,62872377,2,3,1179680,1184912,62521832,62595560,62872377,62890809,0,2
varp.k26.scheduler-event.v2,analytical-model,S3,gemma3_1b_dependency_aware_tiles,0,748,0,1,1,0,62595562,44183577,44183577,18411985,62798320,62872050,62872050,62946107,2,1,1179680,1184912,62595562,62669290,62946107,62964539,0,2
varp.k26.scheduler-event.v2,analytical-model,S3,gemma3_1b_dependency_aware_tiles,0,749,0,2,1,0,62669292,44183577,44183577,18485715,62872050,62945780,62945780,63019837,2,2,1179680,1184912,62669292,62743020,63019837,63038269,0,2
varp.k26.scheduler-event.v2,analytical-model,S3,gemma3_1b_dependency_aware_tiles,0,750,0,0,0,0,62743022,44183577,44183577,18559445,63019837,63093567,63093567,63093567,2,2,1179680,0,62743022,62816750,63093567,63111999,0,2
varp.k26.scheduler-event.v2,analytical-model,S3,gemma3_1b_dependency_aware_tiles,0,751,0,3,1,0,62890809,44183577,44183577,18707232,63093567,63167297,63167297,63241354,2,3,1179680,1184912,62890809,62964537,63241354,63259786,0,2
varp.k26.scheduler-event.v2,analytical-model,S3,gemma3_1b_dependency_aware_tiles,0,752,0,1,1,0,62964539,44183577,44183577,18780962,63167297,63241027,63241027,63315084,2,1,1179680,1184912,62964539,63038267,63315084,63333516,0,2
varp.k26.scheduler-event.v2,analytical-model,S3,gemma3_1b_dependency_aware_tiles,0,753,0,2,1,0,63038269,44183577,44183577,18854692,63241027,63314757,63314757,63388814,2,2,1179680,1184912,63038269,63111997,63388814,63407246,0,2
varp.k26.scheduler-event.v2,analytical-model,S3,gemma3_1b_dependency_aware_tiles,0,754,0,0,0,0,63111999,44183577,44183577,18928422,63388814,63462544,63462544,63462544,2,2,1179680,0,63111999,63185727,63462544,63480976,0,2
varp.k26.scheduler-event.v2,analytical-model,S3,gemma3_1b_dependency_aware_tiles,0,755,0,3,1,0,63259786,44183577,44183577,19076209,63462544,63536274,63536274,63610331,2,3,1179680,1184912,63259786,63333514,63610331,63628763,0,2
varp.k26.scheduler-event.v2,analytical-model,S3,gemma3_1b_dependency_aware_tiles,0,756,0,1,1,0,63333516,44183577,44183577,19149939,63536274,63610004,63610004,63684061,2,1,1179680,1184912,63333516,63407244,63684061,63702493,0,2
varp.k26.scheduler-event.v2,analytical-model,S3,gemma3_1b_dependency_aware_tiles,0,757,0,2,1,0,63407246,44183577,44183577,19223669,63610004,63683734,63683734,63757791,2,2,1179680,1184912,63407246,63480974,63757791,63776223,0,2
varp.k26.scheduler-event.v2,analytical-model,S3,gemma3_1b_dependency_aware_tiles,0,758,0,0,0,0,63480976,44183577,44183577,19297399,63757791,63831521,63831521,63831521,2,2,1179680,0,63480976,63554704,63831521,63849953,0,2
varp.k26.scheduler-event.v2,analytical-model,S3,gemma3_1b_dependency_aware_tiles,0,759,0,3,1,0,63628763,44183577,44183577,19445186,63831521,63905251,63905251,63979308,2,3,1179680,1184912,63628763,63702491,63979308,63997740,0,2
varp.k26.scheduler-event.v2,analytical-model,S3,gemma3_1b_dependency_aware_tiles,0,760,0,1,1,0,63702493,44183577,44183577,19518916,63905251,63978981,63978981,64053038,2,1,1179680,1184912,63702493,63776221,64053038,64071470,0,2
varp.k26.scheduler-event.v2,analytical-model,S3,gemma3_1b_dependency_aware_tiles,0,761,0,2,1,0,63776223,44183577,44183577,19592646,63978981,64052711,64052711,64126768,2,2,1179680,1184912,63776223,63849951,64126768,64145200,0,2
varp.k26.scheduler-event.v2,analytical-model,S3,gemma3_1b_dependency_aware_tiles,0,762,0,0,0,0,63849953,44183577,44183577,19666376,64126768,64200498,64200498,64200498,2,2,1179680,0,63849953,63923681,64200498,64218930,0,2
varp.k26.scheduler-event.v2,analytical-model,S3,gemma3_1b_dependency_aware_tiles,0,763,0,3,1,0,63997740,44183577,44183577,19814163,64200498,64274228,64274228,64348285,2,3,1179680,1184912,63997740,64071468,64348285,64366717,0,2
varp.k26.scheduler-event.v2,analytical-model,S3,gemma3_1b_dependency_aware_tiles,0,764,0,1,1,0,64071470,44183577,44183577,19887893,64274228,64347958,64347958,64422015,2,1,1179680,1184912,64071470,64145198,64422015,64440447,0,2
varp.k26.scheduler-event.v2,analytical-model,S3,gemma3_1b_dependency_aware_tiles,0,765,0,2,1,0,64145200,44183577,44183577,19961623,64347958,64421688,64421688,64495745,2,2,1179680,1184912,64145200,64218928,64495745,64514177,0,2
varp.k26.scheduler-event.v2,analytical-model,S3,gemma3_1b_dependency_aware_tiles,0,766,0,0,0,0,64218930,44183577,44183577,20035353,64495745,64569475,64569475,64569475,2,2,1179680,0,64218930,64292658,64569475,64587907,0,2
varp.k26.scheduler-event.v2,analytical-model,S3,gemma3_1b_dependency_aware_tiles,0,767,0,3,1,0,64366717,44183577,44183577,20183140,64569475,64643205,64643205,64717262,2,3,1179680,1184912,64366717,64440445,64717262,64735694,0,2
varp.k26.scheduler-event.v2,analytical-model,S3,gemma3_1b_dependency_aware_tiles,0,768,0,1,1,0,64440447,44183577,44183577,20256870,64643205,64716935,64716935,64790992,2,1,1179680,1184912,64440447,64514175,64790992,64809424,0,2
varp.k26.scheduler-event.v2,analytical-model,S3,gemma3_1b_dependency_aware_tiles,0,769,0,2,1,0,64514177,44183577,44183577,20330600,64716935,64790665,64790665,64864722,2,2,1179680,1184912,64514177,64587905,64864722,64883154,0,2
varp.k26.scheduler-event.v2,analytical-model,S3,gemma3_1b_dependency_aware_tiles,0,770,0,0,0,0,64587907,44183577,44183577,20404330,64864722,64938452,64938452,64938452,2,2,1179680,0,64587907,64661635,64938452,64956884,0,2
varp.k26.scheduler-event.v2,analytical-model,S3,gemma3_1b_dependency_aware_tiles,0,771,0,3,1,0,64735694,44183577,44183577,20552117,64938452,65012182,65012182,65086239,2,3,1179680,1184912,64735694,64809422,65086239,65104671,0,2
varp.k26.scheduler-event.v2,analytical-model,S3,gemma3_1b_dependency_aware_tiles,0,772,0,1,1,0,64809424,44183577,44183577,20625847,65012182,65085912,65085912,65159969,2,1,1179680,1184912,64809424,64883152,65159969,65178401,0,2
varp.k26.scheduler-event.v2,analytical-model,S3,gemma3_1b_dependency_aware_tiles,0,773,0,2,1,0,64883154,44183577,44183577,20699577,65085912,65159642,65159642,65233699,2,2,1179680,1184912,64883154,64956882,65233699,65252131,0,2
varp.k26.scheduler-event.v2,analytical-model,S3,gemma3_1b_dependency_aware_tiles,0,774,0,0,0,0,64956884,44183577,44183577,20773307,65233699,65307429,65307429,65307429,2,2,1179680,0,64956884,65030612,65307429,65325861,0,2
varp.k26.scheduler-event.v2,analytical-model,S3,gemma3_1b_dependency_aware_tiles,0,775,0,3,1,0,65104671,44183577,44183577,20921094,65307429,65381159,65381159,65455216,2,3,1179680,1184912,65104671,65178399,65455216,65473648,0,2
varp.k26.scheduler-event.v2,analytical-model,S3,gemma3_1b_dependency_aware_tiles,0,776,0,1,1,0,65178401,44183577,44183577,20994824,65381159,65454889,65454889,65528946,2,1,1179680,1184912,65178401,65252129,65528946,65547378,0,2
varp.k26.scheduler-event.v2,analytical-model,S3,gemma3_1b_dependency_aware_tiles,0,777,0,2,1,0,65252131,44183577,44183577,21068554,65454889,65528619,65528619,65602676,2,2,1179680,1184912,65252131,65325859,65602676,65621108,0,2
varp.k26.scheduler-event.v2,analytical-model,S3,gemma3_1b_dependency_aware_tiles,0,778,0,0,0,0,65325861,44183577,44183577,21142284,65602676,65676406,65676406,65676406,2,2,1179680,0,65325861,65399589,65676406,65694838,0,2
varp.k26.scheduler-event.v2,analytical-model,S3,gemma3_1b_dependency_aware_tiles,0,779,0,3,1,0,65473648,44183577,44183577,21290071,65676406,65750136,65750136,65824193,2,3,1179680,1184912,65473648,65547376,65824193,65842625,0,2
varp.k26.scheduler-event.v2,analytical-model,S3,gemma3_1b_dependency_aware_tiles,0,780,0,1,1,0,65547378,44183577,44183577,21363801,65750136,65823866,65823866,65897923,2,1,1179680,1184912,65547378,65621106,65897923,65916355,0,2
varp.k26.scheduler-event.v2,analytical-model,S3,gemma3_1b_dependency_aware_tiles,0,781,0,2,1,0,65621108,44183577,44183577,21437531,65823866,65897596,65897596,65971653,2,2,1179680,1184912,65621108,65694836,65971653,65990085,0,2
varp.k26.scheduler-event.v2,analytical-model,S3,gemma3_1b_dependency_aware_tiles,0,782,0,0,0,0,65694838,44183577,44183577,21511261,65971653,66045383,66045383,66045383,2,2,1179680,0,65694838,65768566,66045383,66063815,0,2
varp.k26.scheduler-event.v2,analytical-model,S3,gemma3_1b_dependency_aware_tiles,0,783,0,3,1,0,65842625,44183577,44183577,21659048,66045383,66119113,66119113,66193170,2,3,1179680,1184912,65842625,65916353,66193170,66211602,0,2
varp.k26.scheduler-event.v2,analytical-model,S3,gemma3_1b_dependency_aware_tiles,0,784,0,1,1,0,65916355,44183577,44183577,21732778,66119113,66192843,66192843,66266900,2,1,1179680,1184912,65916355,65990083,66266900,66285332,0,2
varp.k26.scheduler-event.v2,analytical-model,S3,gemma3_1b_dependency_aware_tiles,0,785,0,2,1,0,65990085,44183577,44183577,21806508,66192843,66266573,66266573,66340630,2,2,1179680,1184912,65990085,66063813,66340630,66359062,0,2
varp.k26.scheduler-event.v2,analytical-model,S3,gemma3_1b_dependency_aware_tiles,0,786,0,0,0,0,66063815,44183577,44183577,21880238,66340630,66414360,66414360,66414360,2,2,1179680,0,66063815,66137543,66414360,66432792,0,2
varp.k26.scheduler-event.v2,analytical-model,S3,gemma3_1b_dependency_aware_tiles,0,787,0,3,1,0,66211602,44183577,44183577,22028025,66414360,66488090,66488090,66562147,2,3,1179680,1184912,66211602,66285330,66562147,66580579,0,2
varp.k26.scheduler-event.v2,analytical-model,S3,gemma3_1b_dependency_aware_tiles,0,788,0,1,1,0,66285332,44183577,44183577,22101755,66488090,66561820,66561820,66635877,2,1,1179680,1184912,66285332,66359060,66635877,66654309,0,2
varp.k26.scheduler-event.v2,analytical-model,S3,gemma3_1b_dependency_aware_tiles,0,789,0,2,1,0,66359062,44183577,44183577,22175485,66561820,66635550,66635550,66709607,2,2,1179680,1184912,66359062,66432790,66709607,66728039,0,2
varp.k26.scheduler-event.v2,analytical-model,S3,gemma3_1b_dependency_aware_tiles,0,790,0,0,0,0,66432792,44183577,44183577,22249215,66709607,66783337,66783337,66783337,2,2,1179680,0,66432792,66506520,66783337,66801769,0,2
varp.k26.scheduler-event.v2,analytical-model,S3,gemma3_1b_dependency_aware_tiles,0,791,0,3,1,0,66580579,44183577,44183577,22397002,66783337,66857067,66857067,66931124,2,3,1179680,1184912,66580579,66654307,66931124,66949556,0,2
varp.k26.scheduler-event.v2,analytical-model,S3,gemma3_1b_dependency_aware_tiles,0,792,0,1,1,0,66654309,44183577,44183577,22470732,66857067,66930797,66930797,67004854,2,1,1179680,1184912,66654309,66728037,67004854,67023286,0,2
varp.k26.scheduler-event.v2,analytical-model,S3,gemma3_1b_dependency_aware_tiles,0,793,0,2,1,0,66728039,44183577,44183577,22544462,66930797,67004527,67004527,67078584,2,2,1179680,1184912,66728039,66801767,67078584,67097016,0,2
varp.k26.scheduler-event.v2,analytical-model,S3,gemma3_1b_dependency_aware_tiles,0,794,0,0,0,0,66801769,44183577,44183577,22618192,67078584,67152314,67152314,67152314,2,2,1179680,0,66801769,66875497,67152314,67170746,0,2
varp.k26.scheduler-event.v2,analytical-model,S3,gemma3_1b_dependency_aware_tiles,0,795,0,3,1,0,66949556,44183577,44183577,22765979,67152314,67226044,67226044,67300101,2,3,1179680,1184912,66949556,67023284,67300101,67318533,0,2
varp.k26.scheduler-event.v2,analytical-model,S3,gemma3_1b_dependency_aware_tiles,0,796,0,1,1,0,67023286,44183577,44183577,22839709,67226044,67299774,67299774,67373831,2,1,1179680,1184912,67023286,67097014,67373831,67392263,0,2
varp.k26.scheduler-event.v2,analytical-model,S3,gemma3_1b_dependency_aware_tiles,0,797,0,2,1,0,67097016,44183577,44183577,22913439,67299774,67373504,67373504,67447561,2,2,1179680,1184912,67097016,67170744,67447561,67465993,0,2
varp.k26.scheduler-event.v2,analytical-model,S3,gemma3_1b_dependency_aware_tiles,0,798,0,0,0,0,67170746,44183577,44183577,22987169,67447561,67521291,67521291,67521291,2,2,1179680,0,67170746,67244474,67521291,67539723,0,2
varp.k26.scheduler-event.v2,analytical-model,S3,gemma3_1b_dependency_aware_tiles,0,799,0,3,1,0,67318533,44183577,44183577,23134956,67521291,67595021,67595021,67669078,2,3,1179680,1184912,67318533,67392261,67669078,67687510,0,2
varp.k26.scheduler-event.v2,analytical-model,S3,gemma3_1b_dependency_aware_tiles,0,800,0,1,1,0,67392263,44183577,44183577,23208686,67595021,67668751,67668751,67742808,2,1,1179680,1184912,67392263,67465991,67742808,67761240,0,2
varp.k26.scheduler-event.v2,analytical-model,S3,gemma3_1b_dependency_aware_tiles,0,801,0,2,1,0,67465993,44183577,44183577,23282416,67668751,67742481,67742481,67816538,2,2,1179680,1184912,67465993,67539721,67816538,67834970,0,2
