node_index,node_name,domain,op_type,layer,operator_category,projection_class,K,N,dtype,weight_initializer,source_weight_bytes,activation_bytes,output_bytes,reuse,external_data_file,external_data_offset,estimated_memory_address,candidate_cluster,candidate_channel,candidate_bundle,evidence_type
0,/model/embed_tokens/Gather,,Gather,,other,,,,,,,,,,,,,,,,graph-derived
1,/model/embed_tokens/Constant,,Constant,,other,,,,,,,,,,,,,,,,graph-derived
2,/model/embed_tokens/Mul,,Mul,,other,,,,,,,,,,,,,,,,graph-derived
3,/model/Shape,,Shape,,other,,,,,,,,,,,,,,,,graph-derived
4,/model/Constant,,Constant,,other,,,,,,,,,,,,,,,,graph-derived
5,/model/Gather,,Gather,,other,,,,,,,,,,,,,,,,graph-derived
6,/model/Shape_1,,Shape,,other,,,,,,,,,,,,,,,,graph-derived
7,/model/Constant_1,,Constant,,other,,,,,,,,,,,,,,,,graph-derived
8,/model/Gather_1,,Gather,,other,,,,,,,,,,,,,,,,graph-derived
9,/model/Add,,Add,,other,,,,,,,,,,,,,,,,graph-derived
10,/model/Cast,,Cast,,other,,,,,,,,,,,,,,,,graph-derived
11,/model/Cast_1,,Cast,,other,,,,,,,,,,,,,,,,graph-derived
12,/model/Constant_2,,Constant,,other,,,,,,,,,,,,,,,,graph-derived
13,/model/Range,,Range,,other,,,,,,,,,,,,,,,,graph-derived
14,/model/Constant_3,,Constant,,other,,,,,,,,,,,,,,,,graph-derived
15,/model/Unsqueeze,,Unsqueeze,,other,,,,,,,,,,,,,,,,graph-derived
16,/model/Cast_2,,Cast,,other,,,,,,,,,,,,,,,,graph-derived
17,/model/Shape_2,,Shape,,other,,,,,,,,,,,,,,,,graph-derived
18,/model/Constant_4,,Constant,,other,,,,,,,,,,,,,,,,graph-derived
19,/model/Gather_2,,Gather,,other,,,,,,,,,,,,,,,,graph-derived
20,/model/Add_1,,Add,,other,,,,,,,,,,,,,,,,graph-derived
21,/model/Shape_3,,Shape,,other,,,,,,,,,,,,,,,,graph-derived
22,/model/Constant_5,,Constant,,other,,,,,,,,,,,,,,,,graph-derived
23,/model/Gather_3,,Gather,,other,,,,,,,,,,,,,,,,graph-derived
24,/model/Constant_6,,Constant,,other,,,,,,,,,,,,,,,,graph-derived
25,/model/Unsqueeze_1,,Unsqueeze,,other,,,,,,,,,,,,,,,,graph-derived
26,/model/Constant_7,,Constant,,other,,,,,,,,,,,,,,,,graph-derived
27,/model/Unsqueeze_2,,Unsqueeze,,other,,,,,,,,,,,,,,,,graph-derived
28,/model/Cast_3,,Cast,,other,,,,,,,,,,,,,,,,graph-derived
29,/model/Constant_8,,Constant,,other,,,,,,,,,,,,,,,,graph-derived
30,/model/Constant_9,,Constant,,other,,,,,,,,,,,,,,,,graph-derived
31,/model/Range_1,,Range,,other,,,,,,,,,,,,,,,,graph-derived
32,/model/Constant_10,,Constant,,other,,,,,,,,,,,,,,,,graph-derived
33,/model/Unsqueeze_3,,Unsqueeze,,other,,,,,,,,,,,,,,,,graph-derived
34,/model/Constant_11,,Constant,,other,,,,,,,,,,,,,,,,graph-derived
35,/model/Unsqueeze_4,,Unsqueeze,,other,,,,,,,,,,,,,,,,graph-derived
36,/model/Constant_12,,Constant,,other,,,,,,,,,,,,,,,,graph-derived
37,/model/Unsqueeze_5,,Unsqueeze,,other,,,,,,,,,,,,,,,,graph-derived
38,/model/Cast_4,,Cast,,other,,,,,,,,,,,,,,,,graph-derived
39,/model/Constant_13,,Constant,,other,,,,,,,,,,,,,,,,graph-derived
40,/model/Constant_14,,Constant,,other,,,,,,,,,,,,,,,,graph-derived
41,/model/Range_2,,Range,,other,,,,,,,,,,,,,,,,graph-derived
42,/model/Constant_15,,Constant,,other,,,,,,,,,,,,,,,,graph-derived
43,/model/Unsqueeze_6,,Unsqueeze,,other,,,,,,,,,,,,,,,,graph-derived
44,/model/Constant_16,,Constant,,other,,,,,,,,,,,,,,,,graph-derived
45,/model/Unsqueeze_7,,Unsqueeze,,other,,,,,,,,,,,,,,,,graph-derived
46,/model/Constant_17,,Constant,,other,,,,,,,,,,,,,,,,graph-derived
47,/model/Unsqueeze_8,,Unsqueeze,,other,,,,,,,,,,,,,,,,graph-derived
48,/model/Constant_18,,Constant,,other,,,,,,,,,,,,,,,,graph-derived
49,/model/ConstantOfShape,,ConstantOfShape,,other,,,,,,,,,,,,,,,,graph-derived
50,/model/LessOrEqual,,LessOrEqual,,other,,,,,,,,,,,,,,,,graph-derived
51,/model/Cast_5,,Cast,,other,,,,,,,,,,,,,,,,graph-derived
52,/model/And,,And,,other,,,,,,,,,,,,,,,,graph-derived
53,/model/Shape_4,,Shape,,other,,,,,,,,,,,,,,,,graph-derived
54,/model/Constant_19,,Constant,,other,,,,,,,,,,,,,,,,graph-derived
55,/model/Gather_4,,Gather,,other,,,,,,,,,,,,,,,,graph-derived
56,/model/Flatten,,Flatten,,other,,,,,,,,,,,,,,,,graph-derived
57,/model/Mul,,Mul,,other,,,,,,,,,,,,,,,,graph-derived
58,/model/Add_2,,Add,,other,,,,,,,,,,,,,,,,graph-derived
59,/model/Gather_5,,Gather,,other,,,,,,,,,,,,,,,,graph-derived
60,/model/Shape_5,,Shape,,other,,,,,,,,,,,,,,,,graph-derived
61,/model/Constant_20,,Constant,,other,,,,,,,,,,,,,,,,graph-derived
62,/model/Reshape,,Reshape,,other,,,,,,,,,,,,,,,,graph-derived
63,/model/Concat,,Concat,,other,,,,,,,,,,,,,,,,graph-derived
64,/model/Reshape_1,,Reshape,,other,,,,,,,,,,,,,,,,graph-derived
65,/model/Cast_6,,Cast,,other,,,,,,,,,,,,,,,,graph-derived
66,/model/And_1,,And,,other,,,,,,,,,,,,,,,,graph-derived
67,/model/Constant_21,,Constant,,other,,,,,,,,,,,,,,,,graph-derived
68,/model/Unsqueeze_9,,Unsqueeze,,other,,,,,,,,,,,,,,,,graph-derived
69,/model/Constant_22,,Constant,,other,,,,,,,,,,,,,,,,graph-derived
70,/model/Constant_23,,Constant,,other,,,,,,,,,,,,,,,,graph-derived
71,/model/Unsqueeze_10,,Unsqueeze,,other,,,,,,,,,,,,,,,,graph-derived
72,/model/Constant_24,,Constant,,other,,,,,,,,,,,,,,,,graph-derived
73,/model/Unsqueeze_11,,Unsqueeze,,other,,,,,,,,,,,,,,,,graph-derived
74,/model/Concat_1,,Concat,,other,,,,,,,,,,,,,,,,graph-derived
75,/model/Constant_25,,Constant,,other,,,,,,,,,,,,,,,,graph-derived
76,/model/Reshape_2,,Reshape,,other,,,,,,,,,,,,,,,,graph-derived
77,/model/Shape_6,,Shape,,other,,,,,,,,,,,,,,,,graph-derived
78,/model/ConstantOfShape_1,,ConstantOfShape,,other,,,,,,,,,,,,,,,,graph-derived
79,/model/Constant_26,,Constant,,other,,,,,,,,,,,,,,,,graph-derived
80,/model/Mul_1,,Mul,,other,,,,,,,,,,,,,,,,graph-derived
81,/model/Equal,,Equal,,other,,,,,,,,,,,,,,,,graph-derived
82,/model/Where,,Where,,other,,,,,,,,,,,,,,,,graph-derived
83,/model/Expand,,Expand,,other,,,,,,,,,,,,,,,,graph-derived
84,/model/Constant_27,,Constant,,other,,,,,,,,,,,,,,,,graph-derived
85,/model/Sub,,Sub,,other,,,,,,,,,,,,,,,,graph-derived
86,/model/Greater,,Greater,,other,,,,,,,,,,,,,,,,graph-derived
87,/model/Cast_7,,Cast,,other,,,,,,,,,,,,,,,,graph-derived
88,/model/And_2,,And,,other,,,,,,,,,,,,,,,,graph-derived
89,/model/And_3,,And,,other,,,,,,,,,,,,,,,,graph-derived
90,/model/Cast_8,,Cast,,other,,,,,,,,,,,,,,,,graph-derived
91,/model/And_4,,And,,other,,,,,,,,,,,,,,,,graph-derived
92,/model/And_5,,And,,other,,,,,,,,,,,,,,,,graph-derived
93,/model/Constant_28,,Constant,,other,,,,,,,,,,,,,,,,graph-derived
94,/model/Unsqueeze_12,,Unsqueeze,,other,,,,,,,,,,,,,,,,graph-derived
95,/model/Constant_29,,Constant,,other,,,,,,,,,,,,,,,,graph-derived
96,/model/Constant_30,,Constant,,other,,,,,,,,,,,,,,,,graph-derived
97,/model/Unsqueeze_13,,Unsqueeze,,other,,,,,,,,,,,,,,,,graph-derived
98,/model/Constant_31,,Constant,,other,,,,,,,,,,,,,,,,graph-derived
99,/model/Unsqueeze_14,,Unsqueeze,,other,,,,,,,,,,,,,,,,graph-derived
100,/model/Concat_2,,Concat,,other,,,,,,,,,,,,,,,,graph-derived
101,/model/Constant_32,,Constant,,other,,,,,,,,,,,,,,,,graph-derived
102,/model/Reshape_3,,Reshape,,other,,,,,,,,,,,,,,,,graph-derived
103,/model/Shape_7,,Shape,,other,,,,,,,,,,,,,,,,graph-derived
104,/model/ConstantOfShape_2,,ConstantOfShape,,other,,,,,,,,,,,,,,,,graph-derived
105,/model/Constant_33,,Constant,,other,,,,,,,,,,,,,,,,graph-derived
106,/model/Mul_2,,Mul,,other,,,,,,,,,,,,,,,,graph-derived
107,/model/Equal_1,,Equal,,other,,,,,,,,,,,,,,,,graph-derived
108,/model/Where_1,,Where,,other,,,,,,,,,,,,,,,,graph-derived
109,/model/Expand_1,,Expand,,other,,,,,,,,,,,,,,,,graph-derived
110,Constant_2848,,Constant,,other,,,,,,,,,,,,,,,,graph-derived
111,/model/rotary_emb/Shape,,Shape,,other,,,,,,,,,,,,,,,,graph-derived
112,/model/rotary_emb/Constant,,Constant,,other,,,,,,,,,,,,,,,,graph-derived
113,/model/rotary_emb/Gather,,Gather,,other,,,,,,,,,,,,,,,,graph-derived
114,/model/rotary_emb/Constant_1,,Constant,,other,,,,,,,,,,,,,,,,graph-derived
115,/model/rotary_emb/Unsqueeze,,Unsqueeze,,other,,,,,,,,,,,,,,,,graph-derived
116,/model/rotary_emb/Constant_2,,Constant,,other,,,,,,,,,,,,,,,,graph-derived
117,/model/rotary_emb/Constant_3,,Constant,,other,,,,,,,,,,,,,,,,graph-derived
118,/model/rotary_emb/Concat,,Concat,,other,,,,,,,,,,,,,,,,graph-derived
119,/model/rotary_emb/Constant_4,,Constant,,other,,,,,,,,,,,,,,,,graph-derived
120,/model/rotary_emb/Reshape,,Reshape,,other,,,,,,,,,,,,,,,,graph-derived
121,/model/rotary_emb/Shape_1,,Shape,,other,,,,,,,,,,,,,,,,graph-derived
122,/model/rotary_emb/ConstantOfShape,,ConstantOfShape,,other,,,,,,,,,,,,,,,,graph-derived
123,/model/rotary_emb/Constant_5,,Constant,,other,,,,,,,,,,,,,,,,graph-derived
124,/model/rotary_emb/Mul,,Mul,,other,,,,,,,,,,,,,,,,graph-derived
125,/model/rotary_emb/Equal,,Equal,,other,,,,,,,,,,,,,,,,graph-derived
126,/model/rotary_emb/Where,,Where,,other,,,,,,,,,,,,,,,,graph-derived
127,/model/rotary_emb/Expand,,Expand,,other,,,,,,,,,,,,,,,,graph-derived
128,/model/rotary_emb/Cast,,Cast,,other,,,,,,,,,,,,,,,,graph-derived
129,/model/rotary_emb/Constant_6,,Constant,,other,,,,,,,,,,,,,,,,graph-derived
130,/model/rotary_emb/Unsqueeze_1,,Unsqueeze,,other,,,,,,,,,,,,,,,,graph-derived
131,/model/rotary_emb/Cast_1,,Cast,,other,,,,,,,,,,,,,,,,graph-derived
132,/model/rotary_emb/Cast_2,,Cast,,other,,,,,,,,,,,,,,,,graph-derived
133,/model/rotary_emb/Cast_3,,Cast,,other,,,,,,,,,,,,,,,,graph-derived
134,/model/rotary_emb/MatMul,,MatMul,,other,,,,,,,,,,,,,,,,graph-derived
135,/model/rotary_emb/Transpose,,Transpose,,other,,,,,,,,,,,,,,,,graph-derived
136,/model/rotary_emb/Concat_1,,Concat,,other,,,,,,,,,,,,,,,,graph-derived
137,/model/rotary_emb/Cos,,Cos,,other,,,,,,,,,,,,,,,,graph-derived
138,/model/rotary_emb/Constant_7,,Constant,,other,,,,,,,,,,,,,,,,graph-derived
139,/model/rotary_emb/Mul_1,,Mul,,other,,,,,,,,,,,,,,,,graph-derived
140,/model/rotary_emb/Sin,,Sin,,other,,,,,,,,,,,,,,,,graph-derived
141,/model/rotary_emb/Constant_8,,Constant,,other,,,,,,,,,,,,,,,,graph-derived
142,/model/rotary_emb/Mul_2,,Mul,,other,,,,,,,,,,,,,,,,graph-derived
143,/model/rotary_emb/Cast_4,,Cast,,other,,,,,,,,,,,,,,,,graph-derived
144,/model/rotary_emb/Cast_5,,Cast,,other,,,,,,,,,,,,,,,,graph-derived
145,Constant_2883,,Constant,,other,,,,,,,,,,,,,,,,graph-derived
146,/model/rotary_emb_local/Constant,,Constant,,other,,,,,,,,,,,,,,,,graph-derived
147,/model/rotary_emb_local/Unsqueeze,,Unsqueeze,,other,,,,,,,,,,,,,,,,graph-derived
148,/model/rotary_emb_local/Constant_1,,Constant,,other,,,,,,,,,,,,,,,,graph-derived
149,/model/rotary_emb_local/Constant_2,,Constant,,other,,,,,,,,,,,,,,,,graph-derived
150,/model/rotary_emb_local/Concat,,Concat,,other,,,,,,,,,,,,,,,,graph-derived
151,/model/rotary_emb_local/Constant_3,,Constant,,other,,,,,,,,,,,,,,,,graph-derived
152,/model/rotary_emb_local/Reshape,,Reshape,,other,,,,,,,,,,,,,,,,graph-derived
153,/model/rotary_emb_local/Shape,,Shape,,other,,,,,,,,,,,,,,,,graph-derived
154,/model/rotary_emb_local/ConstantOfShape,,ConstantOfShape,,other,,,,,,,,,,,,,,,,graph-derived
155,/model/rotary_emb_local/Constant_4,,Constant,,other,,,,,,,,,,,,,,,,graph-derived
156,/model/rotary_emb_local/Mul,,Mul,,other,,,,,,,,,,,,,,,,graph-derived
157,/model/rotary_emb_local/Equal,,Equal,,other,,,,,,,,,,,,,,,,graph-derived
158,/model/rotary_emb_local/Where,,Where,,other,,,,,,,,,,,,,,,,graph-derived
159,/model/rotary_emb_local/Expand,,Expand,,other,,,,,,,,,,,,,,,,graph-derived
160,/model/rotary_emb_local/Cast,,Cast,,other,,,,,,,,,,,,,,,,graph-derived
161,/model/rotary_emb_local/Cast_1,,Cast,,other,,,,,,,,,,,,,,,,graph-derived
162,/model/rotary_emb_local/MatMul,,MatMul,,other,,,,,,,,,,,,,,,,graph-derived
163,/model/rotary_emb_local/Transpose,,Transpose,,other,,,,,,,,,,,,,,,,graph-derived
164,/model/rotary_emb_local/Concat_1,,Concat,,other,,,,,,,,,,,,,,,,graph-derived
165,/model/rotary_emb_local/Cos,,Cos,,other,,,,,,,,,,,,,,,,graph-derived
166,/model/rotary_emb_local/Constant_5,,Constant,,other,,,,,,,,,,,,,,,,graph-derived
167,/model/rotary_emb_local/Mul_1,,Mul,,other,,,,,,,,,,,,,,,,graph-derived
168,/model/rotary_emb_local/Sin,,Sin,,other,,,,,,,,,,,,,,,,graph-derived
169,/model/rotary_emb_local/Constant_6,,Constant,,other,,,,,,,,,,,,,,,,graph-derived
170,/model/rotary_emb_local/Mul_2,,Mul,,other,,,,,,,,,,,,,,,,graph-derived
171,/model/rotary_emb_local/Cast_2,,Cast,,other,,,,,,,,,,,,,,,,graph-derived
172,/model/rotary_emb_local/Cast_3,,Cast,,other,,,,,,,,,,,,,,,,graph-derived
173,/model/layers.0/input_layernorm/Cast,,Cast,0,other,,,,,,,,,,,,,,,,graph-derived
174,/model/layers.0/input_layernorm/Constant,,Constant,0,other,,,,,,,,,,,,,,,,graph-derived
175,/model/layers.0/input_layernorm/Pow,,Pow,0,other,,,,,,,,,,,,,,,,graph-derived
176,/model/layers.0/input_layernorm/ReduceMean,,ReduceMean,0,other,,,,,,,,,,,,,,,,graph-derived
177,/model/layers.0/input_layernorm/Constant_1,,Constant,0,other,,,,,,,,,,,,,,,,graph-derived
178,/model/layers.0/input_layernorm/Add,,Add,0,other,,,,,,,,,,,,,,,,graph-derived
179,/model/layers.0/input_layernorm/Sqrt,,Sqrt,0,other,,,,,,,,,,,,,,,,graph-derived
180,/model/layers.0/input_layernorm/Constant_2,,Constant,0,other,,,,,,,,,,,,,,,,graph-derived
181,/model/layers.0/input_layernorm/Div,,Div,0,other,,,,,,,,,,,,,,,,graph-derived
182,/model/layers.0/input_layernorm/Mul,,Mul,0,other,,,,,,,,,,,,,,,,graph-derived
183,/model/layers.0/input_layernorm/Mul_1,,Mul,0,other,,,,,,,,,,,,,,,,graph-derived
184,/model/layers.0/self_attn/Shape,,Shape,0,attention_non_projection,,,,,,,,,,,,,,,,graph-derived
185,/model/layers.0/self_attn/Constant,,Constant,0,attention_non_projection,,,,,,,,,,,,,,,,graph-derived
186,/model/layers.0/self_attn/Gather,,Gather,0,attention_non_projection,,,,,,,,,,,,,,,,graph-derived
187,/model/layers.0/self_attn/Shape_1,,Shape,0,attention_non_projection,,,,,,,,,,,,,,,,graph-derived
188,/model/layers.0/self_attn/Constant_1,,Constant,0,attention_non_projection,,,,,,,,,,,,,,,,graph-derived
189,/model/layers.0/self_attn/Gather_1,,Gather,0,attention_non_projection,,,,,,,,,,,,,,,,graph-derived
190,/model/layers.0/self_attn/q_proj/MatMul,,MatMul,0,attention_projection,q_proj,1152,1024,float,onnx::MatMul_9586,4718592,4608,4096,once_per_decode_token,model.onnx_data,1207964160,1207964160,0,0,0,graph-derived
191,Constant_2929,,Constant,,other,,,,,,,,,,,,,,,,graph-derived
192,/model/layers.0/self_attn/Unsqueeze,,Unsqueeze,0,attention_non_projection,,,,,,,,,,,,,,,,graph-derived
193,Constant_2931,,Constant,,other,,,,,,,,,,,,,,,,graph-derived
194,/model/layers.0/self_attn/Unsqueeze_1,,Unsqueeze,0,attention_non_projection,,,,,,,,,,,,,,,,graph-derived
195,/model/layers.0/self_attn/Constant_2,,Constant,0,attention_non_projection,,,,,,,,,,,,,,,,graph-derived
196,/model/layers.0/self_attn/Constant_3,,Constant,0,attention_non_projection,,,,,,,,,,,,,,,,graph-derived
197,/model/layers.0/self_attn/Concat,,Concat,0,attention_non_projection,,,,,,,,,,,,,,,,graph-derived
198,Constant_2936,,Constant,,other,,,,,,,,,,,,,,,,graph-derived
199,/model/layers.0/self_attn/Unsqueeze_2,,Unsqueeze,0,attention_non_projection,,,,,,,,,,,,,,,,graph-derived
200,Constant_2938,,Constant,,other,,,,,,,,,,,,,,,,graph-derived
201,/model/layers.0/self_attn/Unsqueeze_3,,Unsqueeze,0,attention_non_projection,,,,,,,,,,,,,,,,graph-derived
202,/model/layers.0/self_attn/Constant_4,,Constant,0,attention_non_projection,,,,,,,,,,,,,,,,graph-derived
203,/model/layers.0/self_attn/Constant_5,,Constant,0,attention_non_projection,,,,,,,,,,,,,,,,graph-derived
204,/model/layers.0/self_attn/Concat_1,,Concat,0,attention_non_projection,,,,,,,,,,,,,,,,graph-derived
205,Constant_2943,,Constant,,other,,,,,,,,,,,,,,,,graph-derived
206,/model/layers.0/self_attn/Unsqueeze_4,,Unsqueeze,0,attention_non_projection,,,,,,,,,,,,,,,,graph-derived
207,Constant_2945,,Constant,,other,,,,,,,,,,,,,,,,graph-derived
208,/model/layers.0/self_attn/Unsqueeze_5,,Unsqueeze,0,attention_non_projection,,,,,,,,,,,,,,,,graph-derived
209,/model/layers.0/self_attn/Constant_6,,Constant,0,attention_non_projection,,,,,,,,,,,,,,,,graph-derived
210,/model/layers.0/self_attn/Constant_7,,Constant,0,attention_non_projection,,,,,,,,,,,,,,,,graph-derived
211,/model/layers.0/self_attn/Concat_2,,Concat,0,attention_non_projection,,,,,,,,,,,,,,,,graph-derived
212,/model/layers.0/self_attn/Reshape,,Reshape,0,attention_non_projection,,,,,,,,,,,,,,,,graph-derived
213,/model/layers.0/self_attn/Transpose,,Transpose,0,attention_non_projection,,,,,,,,,,,,,,,,graph-derived
214,/model/layers.0/self_attn/k_proj/MatMul,,MatMul,0,attention_projection,k_proj,1152,256,float,onnx::MatMul_9593,1179648,4608,1024,once_per_decode_token,model.onnx_data,1212682752,1212682752,1,1,2,graph-derived
215,/model/layers.0/self_attn/Reshape_1,,Reshape,0,attention_non_projection,,,,,,,,,,,,,,,,graph-derived
216,/model/layers.0/self_attn/Transpose_1,,Transpose,0,attention_non_projection,,,,,,,,,,,,,,,,graph-derived
217,/model/layers.0/self_attn/v_proj/MatMul,,MatMul,0,attention_projection,v_proj,1152,256,float,onnx::MatMul_9594,1179648,4608,1024,once_per_decode_token,model.onnx_data,1213862400,1213862400,2,3,0,graph-derived
218,/model/layers.0/self_attn/Reshape_2,,Reshape,0,attention_non_projection,,,,,,,,,,,,,,,,graph-derived
219,/model/layers.0/self_attn/Transpose_2,,Transpose,0,attention_non_projection,,,,,,,,,,,,,,,,graph-derived
220,/model/layers.0/self_attn/q_norm/Cast,,Cast,0,attention_non_projection,,,,,,,,,,,,,,,,graph-derived
221,/model/layers.0/self_attn/q_norm/Constant,,Constant,0,attention_non_projection,,,,,,,,,,,,,,,,graph-derived
222,/model/layers.0/self_attn/q_norm/Pow,,Pow,0,attention_non_projection,,,,,,,,,,,,,,,,graph-derived
223,/model/layers.0/self_attn/q_norm/ReduceMean,,ReduceMean,0,attention_non_projection,,,,,,,,,,,,,,,,graph-derived
224,/model/layers.0/self_attn/q_norm/Constant_1,,Constant,0,attention_non_projection,,,,,,,,,,,,,,,,graph-derived
225,/model/layers.0/self_attn/q_norm/Add,,Add,0,attention_non_projection,,,,,,,,,,,,,,,,graph-derived
226,/model/layers.0/self_attn/q_norm/Sqrt,,Sqrt,0,attention_non_projection,,,,,,,,,,,,,,,,graph-derived
227,/model/layers.0/self_attn/q_norm/Constant_2,,Constant,0,attention_non_projection,,,,,,,,,,,,,,,,graph-derived
228,/model/layers.0/self_attn/q_norm/Div,,Div,0,attention_non_projection,,,,,,,,,,,,,,,,graph-derived
229,/model/layers.0/self_attn/q_norm/Mul,,Mul,0,attention_non_projection,,,,,,,,,,,,,,,,graph-derived
230,/model/layers.0/self_attn/q_norm/Mul_1,,Mul,0,attention_non_projection,,,,,,,,,,,,,,,,graph-derived
231,/model/layers.0/self_attn/k_norm/Cast,,Cast,0,attention_non_projection,,,,,,,,,,,,,,,,graph-derived
232,/model/layers.0/self_attn/k_norm/Constant,,Constant,0,attention_non_projection,,,,,,,,,,,,,,,,graph-derived
233,/model/layers.0/self_attn/k_norm/Pow,,Pow,0,attention_non_projection,,,,,,,,,,,,,,,,graph-derived
234,/model/layers.0/self_attn/k_norm/ReduceMean,,ReduceMean,0,attention_non_projection,,,,,,,,,,,,,,,,graph-derived
235,/model/layers.0/self_attn/k_norm/Constant_1,,Constant,0,attention_non_projection,,,,,,,,,,,,,,,,graph-derived
236,/model/layers.0/self_attn/k_norm/Add,,Add,0,attention_non_projection,,,,,,,,,,,,,,,,graph-derived
237,/model/layers.0/self_attn/k_norm/Sqrt,,Sqrt,0,attention_non_projection,,,,,,,,,,,,,,,,graph-derived
238,/model/layers.0/self_attn/k_norm/Constant_2,,Constant,0,attention_non_projection,,,,,,,,,,,,,,,,graph-derived
239,/model/layers.0/self_attn/k_norm/Div,,Div,0,attention_non_projection,,,,,,,,,,,,,,,,graph-derived
240,/model/layers.0/self_attn/k_norm/Mul,,Mul,0,attention_non_projection,,,,,,,,,,,,,,,,graph-derived
241,/model/layers.0/self_attn/k_norm/Mul_1,,Mul,0,attention_non_projection,,,,,,,,,,,,,,,,graph-derived
242,/model/layers.0/self_attn/Constant_8,,Constant,0,attention_non_projection,,,,,,,,,,,,,,,,graph-derived
243,/model/layers.0/self_attn/Unsqueeze_6,,Unsqueeze,0,attention_non_projection,,,,,,,,,,,,,,,,graph-derived
244,/model/layers.0/self_attn/Constant_9,,Constant,0,attention_non_projection,,,,,,,,,,,,,,,,graph-derived
245,/model/layers.0/self_attn/Unsqueeze_7,,Unsqueeze,0,attention_non_projection,,,,,,,,,,,,,,,,graph-derived
246,/model/layers.0/self_attn/Mul,,Mul,0,attention_non_projection,,,,,,,,,,,,,,,,graph-derived
247,/model/layers.0/self_attn/Shape_2,,Shape,0,attention_non_projection,,,,,,,,,,,,,,,,graph-derived
248,/model/layers.0/self_attn/Constant_10,,Constant,0,attention_non_projection,,,,,,,,,,,,,,,,graph-derived
249,/model/layers.0/self_attn/Gather_2,,Gather,0,attention_non_projection,,,,,,,,,,,,,,,,graph-derived
250,/model/layers.0/self_attn/Constant_11,,Constant,0,attention_non_projection,,,,,,,,,,,,,,,,graph-derived
251,/model/layers.0/self_attn/Div,,Div,0,attention_non_projection,,,,,,,,,,,,,,,,graph-derived
252,/model/layers.0/self_attn/Cast,,Cast,0,attention_non_projection,,,,,,,,,,,,,,,,graph-derived
253,/model/layers.0/self_attn/Cast_1,,Cast,0,attention_non_projection,,,,,,,,,,,,,,,,graph-derived
254,/model/layers.0/self_attn/Constant_12,,Constant,0,attention_non_projection,,,,,,,,,,,,,,,,graph-derived
255,/model/layers.0/self_attn/Constant_13,,Constant,0,attention_non_projection,,,,,,,,,,,,,,,,graph-derived
256,/model/layers.0/self_attn/Constant_14,,Constant,0,attention_non_projection,,,,,,,,,,,,,,,,graph-derived
257,/model/layers.0/self_attn/Unsqueeze_8,,Unsqueeze,0,attention_non_projection,,,,,,,,,,,,,,,,graph-derived
258,/model/layers.0/self_attn/Constant_15,,Constant,0,attention_non_projection,,,,,,,,,,,,,,,,graph-derived
259,/model/layers.0/self_attn/Slice,,Slice,0,attention_non_projection,,,,,,,,,,,,,,,,graph-derived
260,/model/layers.0/self_attn/Constant_16,,Constant,0,attention_non_projection,,,,,,,,,,,,,,,,graph-derived
261,/model/layers.0/self_attn/Constant_17,,Constant,0,attention_non_projection,,,,,,,,,,,,,,,,graph-derived
262,/model/layers.0/self_attn/Unsqueeze_9,,Unsqueeze,0,attention_non_projection,,,,,,,,,,,,,,,,graph-derived
263,/model/layers.0/self_attn/Constant_18,,Constant,0,attention_non_projection,,,,,,,,,,,,,,,,graph-derived
264,/model/layers.0/self_attn/Constant_19,,Constant,0,attention_non_projection,,,,,,,,,,,,,,,,graph-derived
265,/model/layers.0/self_attn/Slice_1,,Slice,0,attention_non_projection,,,,,,,,,,,,,,,,graph-derived
266,/model/layers.0/self_attn/Neg,,Neg,0,attention_non_projection,,,,,,,,,,,,,,,,graph-derived
267,/model/layers.0/self_attn/Concat_3,,Concat,0,attention_non_projection,,,,,,,,,,,,,,,,graph-derived
268,/model/layers.0/self_attn/Mul_1,,Mul,0,attention_non_projection,,,,,,,,,,,,,,,,graph-derived
269,/model/layers.0/self_attn/Add,,Add,0,attention_non_projection,,,,,,,,,,,,,,,,graph-derived
270,/model/layers.0/self_attn/Mul_2,,Mul,0,attention_non_projection,,,,,,,,,,,,,,,,graph-derived
271,/model/layers.0/self_attn/Shape_3,,Shape,0,attention_non_projection,,,,,,,,,,,,,,,,graph-derived
272,/model/layers.0/self_attn/Constant_20,,Constant,0,attention_non_projection,,,,,,,,,,,,,,,,graph-derived
273,/model/layers.0/self_attn/Gather_3,,Gather,0,attention_non_projection,,,,,,,,,,,,,,,,graph-derived
274,/model/layers.0/self_attn/Constant_21,,Constant,0,attention_non_projection,,,,,,,,,,,,,,,,graph-derived
275,/model/layers.0/self_attn/Div_1,,Div,0,attention_non_projection,,,,,,,,,,,,,,,,graph-derived
276,/model/layers.0/self_attn/Cast_2,,Cast,0,attention_non_projection,,,,,,,,,,,,,,,,graph-derived
277,/model/layers.0/self_attn/Cast_3,,Cast,0,attention_non_projection,,,,,,,,,,,,,,,,graph-derived
278,/model/layers.0/self_attn/Constant_22,,Constant,0,attention_non_projection,,,,,,,,,,,,,,,,graph-derived
279,/model/layers.0/self_attn/Constant_23,,Constant,0,attention_non_projection,,,,,,,,,,,,,,,,graph-derived
280,/model/layers.0/self_attn/Constant_24,,Constant,0,attention_non_projection,,,,,,,,,,,,,,,,graph-derived
281,/model/layers.0/self_attn/Unsqueeze_10,,Unsqueeze,0,attention_non_projection,,,,,,,,,,,,,,,,graph-derived
282,/model/layers.0/self_attn/Constant_25,,Constant,0,attention_non_projection,,,,,,,,,,,,,,,,graph-derived
283,/model/layers.0/self_attn/Slice_2,,Slice,0,attention_non_projection,,,,,,,,,,,,,,,,graph-derived
284,/model/layers.0/self_attn/Constant_26,,Constant,0,attention_non_projection,,,,,,,,,,,,,,,,graph-derived
285,/model/layers.0/self_attn/Constant_27,,Constant,0,attention_non_projection,,,,,,,,,,,,,,,,graph-derived
286,/model/layers.0/self_attn/Unsqueeze_11,,Unsqueeze,0,attention_non_projection,,,,,,,,,,,,,,,,graph-derived
287,/model/layers.0/self_attn/Constant_28,,Constant,0,attention_non_projection,,,,,,,,,,,,,,,,graph-derived
288,/model/layers.0/self_attn/Constant_29,,Constant,0,attention_non_projection,,,,,,,,,,,,,,,,graph-derived
289,/model/layers.0/self_attn/Slice_3,,Slice,0,attention_non_projection,,,,,,,,,,,,,,,,graph-derived
290,/model/layers.0/self_attn/Neg_1,,Neg,0,attention_non_projection,,,,,,,,,,,,,,,,graph-derived
291,/model/layers.0/self_attn/Concat_4,,Concat,0,attention_non_projection,,,,,,,,,,,,,,,,graph-derived
292,/model/layers.0/self_attn/Mul_3,,Mul,0,attention_non_projection,,,,,,,,,,,,,,,,graph-derived
293,/model/layers.0/self_attn/Add_1,,Add,0,attention_non_projection,,,,,,,,,,,,,,,,graph-derived
294,/model/layers.0/self_attn/Concat_5,,Concat,0,attention_non_projection,,,,,,,,,,,,,,,,graph-derived
295,/model/layers.0/self_attn/Concat_6,,Concat,0,attention_non_projection,,,,,,,,,,,,,,,,graph-derived
296,/model/layers.0/self_attn/Shape_4,,Shape,0,attention_non_projection,,,,,,,,,,,,,,,,graph-derived
297,/model/layers.0/self_attn/Constant_30,,Constant,0,attention_non_projection,,,,,,,,,,,,,,,,graph-derived
298,/model/layers.0/self_attn/Gather_4,,Gather,0,attention_non_projection,,,,,,,,,,,,,,,,graph-derived
299,/model/layers.0/self_attn/Shape_5,,Shape,0,attention_non_projection,,,,,,,,,,,,,,,,graph-derived
300,/model/layers.0/self_attn/Constant_31,,Constant,0,attention_non_projection,,,,,,,,,,,,,,,,graph-derived
301,/model/layers.0/self_attn/Gather_5,,Gather,0,attention_non_projection,,,,,,,,,,,,,,,,graph-derived
302,/model/layers.0/self_attn/Shape_6,,Shape,0,attention_non_projection,,,,,,,,,,,,,,,,graph-derived
303,/model/layers.0/self_attn/Constant_32,,Constant,0,attention_non_projection,,,,,,,,,,,,,,,,graph-derived
304,/model/layers.0/self_attn/Gather_6,,Gather,0,attention_non_projection,,,,,,,,,,,,,,,,graph-derived
305,/model/layers.0/self_attn/Shape_7,,Shape,0,attention_non_projection,,,,,,,,,,,,,,,,graph-derived
306,/model/layers.0/self_attn/Constant_33,,Constant,0,attention_non_projection,,,,,,,,,,,,,,,,graph-derived
307,/model/layers.0/self_attn/Gather_7,,Gather,0,attention_non_projection,,,,,,,,,,,,,,,,graph-derived
308,/model/layers.0/self_attn/Constant_34,,Constant,0,attention_non_projection,,,,,,,,,,,,,,,,graph-derived
309,/model/layers.0/self_attn/Unsqueeze_12,,Unsqueeze,0,attention_non_projection,,,,,,,,,,,,,,,,graph-derived
310,/model/layers.0/self_attn/Constant_35,,Constant,0,attention_non_projection,,,,,,,,,,,,,,,,graph-derived
311,/model/layers.0/self_attn/Unsqueeze_13,,Unsqueeze,0,attention_non_projection,,,,,,,,,,,,,,,,graph-derived
312,/model/layers.0/self_attn/Constant_36,,Constant,0,attention_non_projection,,,,,,,,,,,,,,,,graph-derived
313,/model/layers.0/self_attn/Unsqueeze_14,,Unsqueeze,0,attention_non_projection,,,,,,,,,,,,,,,,graph-derived
314,/model/layers.0/self_attn/Constant_37,,Constant,0,attention_non_projection,,,,,,,,,,,,,,,,graph-derived
315,/model/layers.0/self_attn/Constant_38,,Constant,0,attention_non_projection,,,,,,,,,,,,,,,,graph-derived
316,/model/layers.0/self_attn/Unsqueeze_15,,Unsqueeze,0,attention_non_projection,,,,,,,,,,,,,,,,graph-derived
317,/model/layers.0/self_attn/Constant_39,,Constant,0,attention_non_projection,,,,,,,,,,,,,,,,graph-derived
318,/model/layers.0/self_attn/Unsqueeze_16,,Unsqueeze,0,attention_non_projection,,,,,,,,,,,,,,,,graph-derived
319,/model/layers.0/self_attn/Concat_7,,Concat,0,attention_non_projection,,,,,,,,,,,,,,,,graph-derived
320,/model/layers.0/self_attn/Constant_40,,Constant,0,attention_non_projection,,,,,,,,,,,,,,,,graph-derived
321,/model/layers.0/self_attn/Reshape_3,,Reshape,0,attention_non_projection,,,,,,,,,,,,,,,,graph-derived
322,/model/layers.0/self_attn/Shape_8,,Shape,0,attention_non_projection,,,,,,,,,,,,,,,,graph-derived
323,/model/layers.0/self_attn/ConstantOfShape,,ConstantOfShape,0,attention_non_projection,,,,,,,,,,,,,,,,graph-derived
324,/model/layers.0/self_attn/Constant_41,,Constant,0,attention_non_projection,,,,,,,,,,,,,,,,graph-derived
325,/model/layers.0/self_attn/Mul_4,,Mul,0,attention_non_projection,,,,,,,,,,,,,,,,graph-derived
326,/model/layers.0/self_attn/Equal,,Equal,0,attention_non_projection,,,,,,,,,,,,,,,,graph-derived
327,/model/layers.0/self_attn/Where,,Where,0,attention_non_projection,,,,,,,,,,,,,,,,graph-derived
328,/model/layers.0/self_attn/Expand,,Expand,0,attention_non_projection,,,,,,,,,,,,,,,,graph-derived
329,/model/layers.0/self_attn/Constant_42,,Constant,0,attention_non_projection,,,,,,,,,,,,,,,,graph-derived
330,/model/layers.0/self_attn/Mul_5,,Mul,0,attention_non_projection,,,,,,,,,,,,,,,,graph-derived
331,Constant_3069,,Constant,,other,,,,,,,,,,,,,,,,graph-derived
332,/model/layers.0/self_attn/Unsqueeze_17,,Unsqueeze,0,attention_non_projection,,,,,,,,,,,,,,,,graph-derived
333,Constant_3071,,Constant,,other,,,,,,,,,,,,,,,,graph-derived
334,/model/layers.0/self_attn/Unsqueeze_18,,Unsqueeze,0,attention_non_projection,,,,,,,,,,,,,,,,graph-derived
335,Constant_3073,,Constant,,other,,,,,,,,,,,,,,,,graph-derived
336,/model/layers.0/self_attn/Unsqueeze_19,,Unsqueeze,0,attention_non_projection,,,,,,,,,,,,,,,,graph-derived
337,Constant_3075,,Constant,,other,,,,,,,,,,,,,,,,graph-derived
338,/model/layers.0/self_attn/Unsqueeze_20,,Unsqueeze,0,attention_non_projection,,,,,,,,,,,,,,,,graph-derived
339,/model/layers.0/self_attn/Concat_8,,Concat,0,attention_non_projection,,,,,,,,,,,,,,,,graph-derived
340,/model/layers.0/self_attn/Reshape_4,,Reshape,0,attention_non_projection,,,,,,,,,,,,,,,,graph-derived
341,/model/layers.0/self_attn/Shape_9,,Shape,0,attention_non_projection,,,,,,,,,,,,,,,,graph-derived
342,/model/layers.0/self_attn/Constant_43,,Constant,0,attention_non_projection,,,,,,,,,,,,,,,,graph-derived
343,/model/layers.0/self_attn/Gather_8,,Gather,0,attention_non_projection,,,,,,,,,,,,,,,,graph-derived
344,/model/layers.0/self_attn/Shape_10,,Shape,0,attention_non_projection,,,,,,,,,,,,,,,,graph-derived
345,/model/layers.0/self_attn/Constant_44,,Constant,0,attention_non_projection,,,,,,,,,,,,,,,,graph-derived
346,/model/layers.0/self_attn/Gather_9,,Gather,0,attention_non_projection,,,,,,,,,,,,,,,,graph-derived
347,/model/layers.0/self_attn/Shape_11,,Shape,0,attention_non_projection,,,,,,,,,,,,,,,,graph-derived
348,/model/layers.0/self_attn/Constant_45,,Constant,0,attention_non_projection,,,,,,,,,,,,,,,,graph-derived
349,/model/layers.0/self_attn/Gather_10,,Gather,0,attention_non_projection,,,,,,,,,,,,,,,,graph-derived
350,/model/layers.0/self_attn/Shape_12,,Shape,0,attention_non_projection,,,,,,,,,,,,,,,,graph-derived
351,/model/layers.0/self_attn/Constant_46,,Constant,0,attention_non_projection,,,,,,,,,,,,,,,,graph-derived
352,/model/layers.0/self_attn/Gather_11,,Gather,0,attention_non_projection,,,,,,,,,,,,,,,,graph-derived
353,/model/layers.0/self_attn/Constant_47,,Constant,0,attention_non_projection,,,,,,,,,,,,,,,,graph-derived
354,/model/layers.0/self_attn/Unsqueeze_21,,Unsqueeze,0,attention_non_projection,,,,,,,,,,,,,,,,graph-derived
355,/model/layers.0/self_attn/Constant_48,,Constant,0,attention_non_projection,,,,,,,,,,,,,,,,graph-derived
356,/model/layers.0/self_attn/Unsqueeze_22,,Unsqueeze,0,attention_non_projection,,,,,,,,,,,,,,,,graph-derived
357,/model/layers.0/self_attn/Constant_49,,Constant,0,attention_non_projection,,,,,,,,,,,,,,,,graph-derived
358,/model/layers.0/self_attn/Unsqueeze_23,,Unsqueeze,0,attention_non_projection,,,,,,,,,,,,,,,,graph-derived
359,/model/layers.0/self_attn/Constant_50,,Constant,0,attention_non_projection,,,,,,,,,,,,,,,,graph-derived
360,/model/layers.0/self_attn/Constant_51,,Constant,0,attention_non_projection,,,,,,,,,,,,,,,,graph-derived
361,/model/layers.0/self_attn/Unsqueeze_24,,Unsqueeze,0,attention_non_projection,,,,,,,,,,,,,,,,graph-derived
362,/model/layers.0/self_attn/Constant_52,,Constant,0,attention_non_projection,,,,,,,,,,,,,,,,graph-derived
363,/model/layers.0/self_attn/Unsqueeze_25,,Unsqueeze,0,attention_non_projection,,,,,,,,,,,,,,,,graph-derived
364,/model/layers.0/self_attn/Concat_9,,Concat,0,attention_non_projection,,,,,,,,,,,,,,,,graph-derived
365,/model/layers.0/self_attn/Constant_53,,Constant,0,attention_non_projection,,,,,,,,,,,,,,,,graph-derived
366,/model/layers.0/self_attn/Reshape_5,,Reshape,0,attention_non_projection,,,,,,,,,,,,,,,,graph-derived
367,/model/layers.0/self_attn/Shape_13,,Shape,0,attention_non_projection,,,,,,,,,,,,,,,,graph-derived
368,/model/layers.0/self_attn/ConstantOfShape_1,,ConstantOfShape,0,attention_non_projection,,,,,,,,,,,,,,,,graph-derived
369,/model/layers.0/self_attn/Constant_54,,Constant,0,attention_non_projection,,,,,,,,,,,,,,,,graph-derived
370,/model/layers.0/self_attn/Mul_6,,Mul,0,attention_non_projection,,,,,,,,,,,,,,,,graph-derived
371,/model/layers.0/self_attn/Equal_1,,Equal,0,attention_non_projection,,,,,,,,,,,,,,,,graph-derived
372,/model/layers.0/self_attn/Where_1,,Where,0,attention_non_projection,,,,,,,,,,,,,,,,graph-derived
373,/model/layers.0/self_attn/Expand_1,,Expand,0,attention_non_projection,,,,,,,,,,,,,,,,graph-derived
374,/model/layers.0/self_attn/Constant_55,,Constant,0,attention_non_projection,,,,,,,,,,,,,,,,graph-derived
375,/model/layers.0/self_attn/Mul_7,,Mul,0,attention_non_projection,,,,,,,,,,,,,,,,graph-derived
376,Constant_3114,,Constant,,other,,,,,,,,,,,,,,,,graph-derived
377,/model/layers.0/self_attn/Unsqueeze_26,,Unsqueeze,0,attention_non_projection,,,,,,,,,,,,,,,,graph-derived
378,Constant_3116,,Constant,,other,,,,,,,,,,,,,,,,graph-derived
379,/model/layers.0/self_attn/Unsqueeze_27,,Unsqueeze,0,attention_non_projection,,,,,,,,,,,,,,,,graph-derived
380,Constant_3118,,Constant,,other,,,,,,,,,,,,,,,,graph-derived
381,/model/layers.0/self_attn/Unsqueeze_28,,Unsqueeze,0,attention_non_projection,,,,,,,,,,,,,,,,graph-derived
382,Constant_3120,,Constant,,other,,,,,,,,,,,,,,,,graph-derived
383,/model/layers.0/self_attn/Unsqueeze_29,,Unsqueeze,0,attention_non_projection,,,,,,,,,,,,,,,,graph-derived
384,/model/layers.0/self_attn/Concat_10,,Concat,0,attention_non_projection,,,,,,,,,,,,,,,,graph-derived
385,/model/layers.0/self_attn/Reshape_6,,Reshape,0,attention_non_projection,,,,,,,,,,,,,,,,graph-derived
386,/model/layers.0/self_attn/Shape_14,,Shape,0,attention_non_projection,,,,,,,,,,,,,,,,graph-derived
387,/model/layers.0/self_attn/Constant_56,,Constant,0,attention_non_projection,,,,,,,,,,,,,,,,graph-derived
388,/model/layers.0/self_attn/Gather_12,,Gather,0,attention_non_projection,,,,,,,,,,,,,,,,graph-derived
389,/model/layers.0/self_attn/Constant_57,,Constant,0,attention_non_projection,,,,,,,,,,,,,,,,graph-derived
390,/model/layers.0/self_attn/Constant_58,,Constant,0,attention_non_projection,,,,,,,,,,,,,,,,graph-derived
391,/model/layers.0/self_attn/Constant_59,,Constant,0,attention_non_projection,,,,,,,,,,,,,,,,graph-derived
392,/model/layers.0/self_attn/Unsqueeze_30,,Unsqueeze,0,attention_non_projection,,,,,,,,,,,,,,,,graph-derived
393,/model/layers.0/self_attn/Constant_60,,Constant,0,attention_non_projection,,,,,,,,,,,,,,,,graph-derived
394,/model/layers.0/self_attn/Slice_4,,Slice,0,attention_non_projection,,,,,,,,,,,,,,,,graph-derived
395,/model/layers.0/self_attn/Transpose_3,,Transpose,0,attention_non_projection,,,,,,,,,,,,,,,,graph-derived
396,/model/layers.0/self_attn/Constant_61,,Constant,0,attention_non_projection,,,,,,,,,,,,,,,,graph-derived
397,/model/layers.0/self_attn/Mul_8,,Mul,0,attention_non_projection,,,,,,,,,,,,,,,,graph-derived
398,/model/layers.0/self_attn/Constant_62,,Constant,0,attention_non_projection,,,,,,,,,,,,,,,,graph-derived
399,/model/layers.0/self_attn/Mul_9,,Mul,0,attention_non_projection,,,,,,,,,,,,,,,,graph-derived
400,/model/layers.0/self_attn/MatMul,,MatMul,0,attention_non_projection,,,,,,,,,,,,,,,,graph-derived
401,/model/layers.0/self_attn/Constant_63,,Constant,0,attention_non_projection,,,,,,,,,,,,,,,,graph-derived
402,/model/layers.0/self_attn/Constant_64,,Constant,0,attention_non_projection,,,,,,,,,,,,,,,,graph-derived
403,/model/layers.0/self_attn/Where_2,,Where,0,attention_non_projection,,,,,,,,,,,,,,,,graph-derived
404,/model/layers.0/self_attn/Add_2,,Add,0,attention_non_projection,,,,,,,,,,,,,,,,graph-derived
405,/model/layers.0/self_attn/Softmax,,Softmax,0,attention_non_projection,,,,,,,,,,,,,,,,graph-derived
406,/model/layers.0/self_attn/IsNaN,,IsNaN,0,attention_non_projection,,,,,,,,,,,,,,,,graph-derived
407,/model/layers.0/self_attn/Constant_65,,Constant,0,attention_non_projection,,,,,,,,,,,,,,,,graph-derived
408,/model/layers.0/self_attn/Where_3,,Where,0,attention_non_projection,,,,,,,,,,,,,,,,graph-derived
409,/model/layers.0/self_attn/MatMul_1,,MatMul,0,attention_non_projection,,,,,,,,,,,,,,,,graph-derived
410,/model/layers.0/self_attn/Transpose_4,,Transpose,0,attention_non_projection,,,,,,,,,,,,,,,,graph-derived
411,Constant_3149,,Constant,,other,,,,,,,,,,,,,,,,graph-derived
412,/model/layers.0/self_attn/Unsqueeze_31,,Unsqueeze,0,attention_non_projection,,,,,,,,,,,,,,,,graph-derived
413,Constant_3151,,Constant,,other,,,,,,,,,,,,,,,,graph-derived
414,/model/layers.0/self_attn/Unsqueeze_32,,Unsqueeze,0,attention_non_projection,,,,,,,,,,,,,,,,graph-derived
415,/model/layers.0/self_attn/Constant_66,,Constant,0,attention_non_projection,,,,,,,,,,,,,,,,graph-derived
416,/model/layers.0/self_attn/Concat_11,,Concat,0,attention_non_projection,,,,,,,,,,,,,,,,graph-derived
417,/model/layers.0/self_attn/Reshape_7,,Reshape,0,attention_non_projection,,,,,,,,,,,,,,,,graph-derived
418,/model/layers.0/self_attn/o_proj/MatMul,,MatMul,0,attention_projection,o_proj,1024,1152,float,onnx::MatMul_9621,4718592,4096,4608,once_per_decode_token,model.onnx_data,1215044096,1215044096,3,1,2,graph-derived
419,/model/layers.0/post_attention_layernorm/Cast,,Cast,0,other,,,,,,,,,,,,,,,,graph-derived
420,/model/layers.0/post_attention_layernorm/Constant,,Constant,0,other,,,,,,,,,,,,,,,,graph-derived
421,/model/layers.0/post_attention_layernorm/Pow,,Pow,0,other,,,,,,,,,,,,,,,,graph-derived
422,/model/layers.0/post_attention_layernorm/ReduceMean,,ReduceMean,0,other,,,,,,,,,,,,,,,,graph-derived
423,/model/layers.0/post_attention_layernorm/Constant_1,,Constant,0,other,,,,,,,,,,,,,,,,graph-derived
424,/model/layers.0/post_attention_layernorm/Add,,Add,0,other,,,,,,,,,,,,,,,,graph-derived
425,/model/layers.0/post_attention_layernorm/Sqrt,,Sqrt,0,other,,,,,,,,,,,,,,,,graph-derived
426,/model/layers.0/post_attention_layernorm/Constant_2,,Constant,0,other,,,,,,,,,,,,,,,,graph-derived
427,/model/layers.0/post_attention_layernorm/Div,,Div,0,other,,,,,,,,,,,,,,,,graph-derived
428,/model/layers.0/post_attention_layernorm/Mul,,Mul,0,other,,,,,,,,,,,,,,,,graph-derived
429,/model/layers.0/post_attention_layernorm/Mul_1,,Mul,0,other,,,,,,,,,,,,,,,,graph-derived
430,/model/layers.0/Add,,Add,0,other,,,,,,,,,,,,,,,,graph-derived
431,/model/layers.0/pre_feedforward_layernorm/Cast,,Cast,0,other,,,,,,,,,,,,,,,,graph-derived
432,/model/layers.0/pre_feedforward_layernorm/Constant,,Constant,0,other,,,,,,,,,,,,,,,,graph-derived
433,/model/layers.0/pre_feedforward_layernorm/Pow,,Pow,0,other,,,,,,,,,,,,,,,,graph-derived
434,/model/layers.0/pre_feedforward_layernorm/ReduceMean,,ReduceMean,0,other,,,,,,,,,,,,,,,,graph-derived
435,/model/layers.0/pre_feedforward_layernorm/Constant_1,,Constant,0,other,,,,,,,,,,,,,,,,graph-derived
436,/model/layers.0/pre_feedforward_layernorm/Add,,Add,0,other,,,,,,,,,,,,,,,,graph-derived
437,/model/layers.0/pre_feedforward_layernorm/Sqrt,,Sqrt,0,other,,,,,,,,,,,,,,,,graph-derived
438,/model/layers.0/pre_feedforward_layernorm/Constant_2,,Constant,0,other,,,,,,,,,,,,,,,,graph-derived
439,/model/layers.0/pre_feedforward_layernorm/Div,,Div,0,other,,,,,,,,,,,,,,,,graph-derived
440,/model/layers.0/pre_feedforward_layernorm/Mul,,Mul,0,other,,,,,,,,,,,,,,,,graph-derived
441,/model/layers.0/pre_feedforward_layernorm/Mul_1,,Mul,0,other,,,,,,,,,,,,,,,,graph-derived
442,/model/layers.0/mlp/gate_proj/MatMul,,MatMul,0,mlp_projection,gate_proj,1152,6912,float,onnx::MatMul_9626,31850496,4608,27648,once_per_decode_token,model.onnx_data,1219771904,1219771904,0,3,0,graph-derived
443,/model/layers.0/mlp/act_fn/Mul,,Mul,0,mlp_non_projection,,,,,,,,,,,,,,,,graph-derived
444,/model/layers.0/mlp/act_fn/Mul_1,,Mul,0,mlp_non_projection,,,,,,,,,,,,,,,,graph-derived
445,/model/layers.0/mlp/act_fn/Constant,,Constant,0,mlp_non_projection,,,,,,,,,,,,,,,,graph-derived
446,/model/layers.0/mlp/act_fn/Mul_2,,Mul,0,mlp_non_projection,,,,,,,,,,,,,,,,graph-derived
447,/model/layers.0/mlp/act_fn/Add,,Add,0,mlp_non_projection,,,,,,,,,,,,,,,,graph-derived
448,/model/layers.0/mlp/act_fn/Constant_1,,Constant,0,mlp_non_projection,,,,,,,,,,,,,,,,graph-derived
449,/model/layers.0/mlp/act_fn/Mul_3,,Mul,0,mlp_non_projection,,,,,,,,,,,,,,,,graph-derived
450,/model/layers.0/mlp/act_fn/Tanh,,Tanh,0,mlp_non_projection,,,,,,,,,,,,,,,,graph-derived
451,/model/layers.0/mlp/act_fn/Constant_2,,Constant,0,mlp_non_projection,,,,,,,,,,,,,,,,graph-derived
452,/model/layers.0/mlp/act_fn/Add_1,,Add,0,mlp_non_projection,,,,,,,,,,,,,,,,graph-derived
453,/model/layers.0/mlp/act_fn/Mul_4,,Mul,0,mlp_non_projection,,,,,,,,,,,,,,,,graph-derived
454,/model/layers.0/mlp/act_fn/Constant_3,,Constant,0,mlp_non_projection,,,,,,,,,,,,,,,,graph-derived
455,/model/layers.0/mlp/act_fn/Mul_5,,Mul,0,mlp_non_projection,,,,,,,,,,,,,,,,graph-derived
456,/model/layers.0/mlp/up_proj/MatMul,,MatMul,0,mlp_projection,up_proj,1152,6912,float,onnx::MatMul_9627,31850496,4608,27648,once_per_decode_token,model.onnx_data,1251622400,1251622400,1,2,2,graph-derived
457,/model/layers.0/mlp/Mul,,Mul,0,mlp_non_projection,,,,,,,,,,,,,,,,graph-derived
458,/model/layers.0/mlp/down_proj/MatMul,,MatMul,0,mlp_projection,down_proj,6912,1152,float,onnx::MatMul_9628,31850496,27648,4608,once_per_decode_token,model.onnx_data,1283472896,1283472896,2,2,0,graph-derived
459,/model/layers.0/post_feedforward_layernorm/Cast,,Cast,0,other,,,,,,,,,,,,,,,,graph-derived
460,/model/layers.0/post_feedforward_layernorm/Constant,,Constant,0,other,,,,,,,,,,,,,,,,graph-derived
461,/model/layers.0/post_feedforward_layernorm/Pow,,Pow,0,other,,,,,,,,,,,,,,,,graph-derived
462,/model/layers.0/post_feedforward_layernorm/ReduceMean,,ReduceMean,0,other,,,,,,,,,,,,,,,,graph-derived
463,/model/layers.0/post_feedforward_layernorm/Constant_1,,Constant,0,other,,,,,,,,,,,,,,,,graph-derived
464,/model/layers.0/post_feedforward_layernorm/Add,,Add,0,other,,,,,,,,,,,,,,,,graph-derived
465,/model/layers.0/post_feedforward_layernorm/Sqrt,,Sqrt,0,other,,,,,,,,,,,,,,,,graph-derived
466,/model/layers.0/post_feedforward_layernorm/Constant_2,,Constant,0,other,,,,,,,,,,,,,,,,graph-derived
467,/model/layers.0/post_feedforward_layernorm/Div,,Div,0,other,,,,,,,,,,,,,,,,graph-derived
468,/model/layers.0/post_feedforward_layernorm/Mul,,Mul,0,other,,,,,,,,,,,,,,,,graph-derived
469,/model/layers.0/post_feedforward_layernorm/Mul_1,,Mul,0,other,,,,,,,,,,,,,,,,graph-derived
470,/model/layers.0/Add_1,,Add,0,other,,,,,,,,,,,,,,,,graph-derived
471,/model/layers.1/input_layernorm/Cast,,Cast,1,other,,,,,,,,,,,,,,,,graph-derived
472,/model/layers.1/input_layernorm/Constant,,Constant,1,other,,,,,,,,,,,,,,,,graph-derived
473,/model/layers.1/input_layernorm/Pow,,Pow,1,other,,,,,,,,,,,,,,,,graph-derived
474,/model/layers.1/input_layernorm/ReduceMean,,ReduceMean,1,other,,,,,,,,,,,,,,,,graph-derived
475,/model/layers.1/input_layernorm/Constant_1,,Constant,1,other,,,,,,,,,,,,,,,,graph-derived
476,/model/layers.1/input_layernorm/Add,,Add,1,other,,,,,,,,,,,,,,,,graph-derived
477,/model/layers.1/input_layernorm/Sqrt,,Sqrt,1,other,,,,,,,,,,,,,,,,graph-derived
478,/model/layers.1/input_layernorm/Constant_2,,Constant,1,other,,,,,,,,,,,,,,,,graph-derived
479,/model/layers.1/input_layernorm/Div,,Div,1,other,,,,,,,,,,,,,,,,graph-derived
480,/model/layers.1/input_layernorm/Mul,,Mul,1,other,,,,,,,,,,,,,,,,graph-derived
481,/model/layers.1/input_layernorm/Mul_1,,Mul,1,other,,,,,,,,,,,,,,,,graph-derived
482,/model/layers.1/self_attn/Shape,,Shape,1,attention_non_projection,,,,,,,,,,,,,,,,graph-derived
483,/model/layers.1/self_attn/Constant,,Constant,1,attention_non_projection,,,,,,,,,,,,,,,,graph-derived
484,/model/layers.1/self_attn/Gather,,Gather,1,attention_non_projection,,,,,,,,,,,,,,,,graph-derived
485,/model/layers.1/self_attn/Shape_1,,Shape,1,attention_non_projection,,,,,,,,,,,,,,,,graph-derived
486,/model/layers.1/self_attn/Constant_1,,Constant,1,attention_non_projection,,,,,,,,,,,,,,,,graph-derived
487,/model/layers.1/self_attn/Gather_1,,Gather,1,attention_non_projection,,,,,,,,,,,,,,,,graph-derived
488,/model/layers.1/self_attn/q_proj/MatMul,,MatMul,1,attention_projection,q_proj,1152,1024,float,onnx::MatMul_9633,4718592,4608,4096,once_per_decode_token,model.onnx_data,1315332608,1315332608,0,1,3,graph-derived
489,Constant_3227,,Constant,,other,,,,,,,,,,,,,,,,graph-derived
490,/model/layers.1/self_attn/Unsqueeze,,Unsqueeze,1,attention_non_projection,,,,,,,,,,,,,,,,graph-derived
491,Constant_3229,,Constant,,other,,,,,,,,,,,,,,,,graph-derived
492,/model/layers.1/self_attn/Unsqueeze_1,,Unsqueeze,1,attention_non_projection,,,,,,,,,,,,,,,,graph-derived
493,/model/layers.1/self_attn/Constant_2,,Constant,1,attention_non_projection,,,,,,,,,,,,,,,,graph-derived
494,/model/layers.1/self_attn/Constant_3,,Constant,1,attention_non_projection,,,,,,,,,,,,,,,,graph-derived
495,/model/layers.1/self_attn/Concat,,Concat,1,attention_non_projection,,,,,,,,,,,,,,,,graph-derived
496,Constant_3234,,Constant,,other,,,,,,,,,,,,,,,,graph-derived
497,/model/layers.1/self_attn/Unsqueeze_2,,Unsqueeze,1,attention_non_projection,,,,,,,,,,,,,,,,graph-derived
498,Constant_3236,,Constant,,other,,,,,,,,,,,,,,,,graph-derived
499,/model/layers.1/self_attn/Unsqueeze_3,,Unsqueeze,1,attention_non_projection,,,,,,,,,,,,,,,,graph-derived
500,/model/layers.1/self_attn/Constant_4,,Constant,1,attention_non_projection,,,,,,,,,,,,,,,,graph-derived
501,/model/layers.1/self_attn/Constant_5,,Constant,1,attention_non_projection,,,,,,,,,,,,,,,,graph-derived
502,/model/layers.1/self_attn/Concat_1,,Concat,1,attention_non_projection,,,,,,,,,,,,,,,,graph-derived
503,Constant_3241,,Constant,,other,,,,,,,,,,,,,,,,graph-derived
504,/model/layers.1/self_attn/Unsqueeze_4,,Unsqueeze,1,attention_non_projection,,,,,,,,,,,,,,,,graph-derived
505,Constant_3243,,Constant,,other,,,,,,,,,,,,,,,,graph-derived
506,/model/layers.1/self_attn/Unsqueeze_5,,Unsqueeze,1,attention_non_projection,,,,,,,,,,,,,,,,graph-derived
507,/model/layers.1/self_attn/Constant_6,,Constant,1,attention_non_projection,,,,,,,,,,,,,,,,graph-derived
508,/model/layers.1/self_attn/Constant_7,,Constant,1,attention_non_projection,,,,,,,,,,,,,,,,graph-derived
509,/model/layers.1/self_attn/Concat_2,,Concat,1,attention_non_projection,,,,,,,,,,,,,,,,graph-derived
510,/model/layers.1/self_attn/Reshape,,Reshape,1,attention_non_projection,,,,,,,,,,,,,,,,graph-derived
511,/model/layers.1/self_attn/Transpose,,Transpose,1,attention_non_projection,,,,,,,,,,,,,,,,graph-derived
512,/model/layers.1/self_attn/k_proj/MatMul,,MatMul,1,attention_projection,k_proj,1152,256,float,onnx::MatMul_9640,1179648,4608,1024,once_per_decode_token,model.onnx_data,1320051200,1320051200,1,2,1,graph-derived
513,/model/layers.1/self_attn/Reshape_1,,Reshape,1,attention_non_projection,,,,,,,,,,,,,,,,graph-derived
514,/model/layers.1/self_attn/Transpose_1,,Transpose,1,attention_non_projection,,,,,,,,,,,,,,,,graph-derived
515,/model/layers.1/self_attn/v_proj/MatMul,,MatMul,1,attention_projection,v_proj,1152,256,float,onnx::MatMul_9641,1179648,4608,1024,once_per_decode_token,model.onnx_data,1321230848,1321230848,2,1,3,graph-derived
516,/model/layers.1/self_attn/Reshape_2,,Reshape,1,attention_non_projection,,,,,,,,,,,,,,,,graph-derived
517,/model/layers.1/self_attn/Transpose_2,,Transpose,1,attention_non_projection,,,,,,,,,,,,,,,,graph-derived
518,/model/layers.1/self_attn/q_norm/Cast,,Cast,1,attention_non_projection,,,,,,,,,,,,,,,,graph-derived
519,/model/layers.1/self_attn/q_norm/Constant,,Constant,1,attention_non_projection,,,,,,,,,,,,,,,,graph-derived
520,/model/layers.1/self_attn/q_norm/Pow,,Pow,1,attention_non_projection,,,,,,,,,,,,,,,,graph-derived
521,/model/layers.1/self_attn/q_norm/ReduceMean,,ReduceMean,1,attention_non_projection,,,,,,,,,,,,,,,,graph-derived
522,/model/layers.1/self_attn/q_norm/Constant_1,,Constant,1,attention_non_projection,,,,,,,,,,,,,,,,graph-derived
523,/model/layers.1/self_attn/q_norm/Add,,Add,1,attention_non_projection,,,,,,,,,,,,,,,,graph-derived
524,/model/layers.1/self_attn/q_norm/Sqrt,,Sqrt,1,attention_non_projection,,,,,,,,,,,,,,,,graph-derived
525,/model/layers.1/self_attn/q_norm/Constant_2,,Constant,1,attention_non_projection,,,,,,,,,,,,,,,,graph-derived
526,/model/layers.1/self_attn/q_norm/Div,,Div,1,attention_non_projection,,,,,,,,,,,,,,,,graph-derived
527,/model/layers.1/self_attn/q_norm/Mul,,Mul,1,attention_non_projection,,,,,,,,,,,,,,,,graph-derived
528,/model/layers.1/self_attn/q_norm/Mul_1,,Mul,1,attention_non_projection,,,,,,,,,,,,,,,,graph-derived
529,/model/layers.1/self_attn/k_norm/Cast,,Cast,1,attention_non_projection,,,,,,,,,,,,,,,,graph-derived
530,/model/layers.1/self_attn/k_norm/Constant,,Constant,1,attention_non_projection,,,,,,,,,,,,,,,,graph-derived
531,/model/layers.1/self_attn/k_norm/Pow,,Pow,1,attention_non_projection,,,,,,,,,,,,,,,,graph-derived
532,/model/layers.1/self_attn/k_norm/ReduceMean,,ReduceMean,1,attention_non_projection,,,,,,,,,,,,,,,,graph-derived
533,/model/layers.1/self_attn/k_norm/Constant_1,,Constant,1,attention_non_projection,,,,,,,,,,,,,,,,graph-derived
534,/model/layers.1/self_attn/k_norm/Add,,Add,1,attention_non_projection,,,,,,,,,,,,,,,,graph-derived
535,/model/layers.1/self_attn/k_norm/Sqrt,,Sqrt,1,attention_non_projection,,,,,,,,,,,,,,,,graph-derived
536,/model/layers.1/self_attn/k_norm/Constant_2,,Constant,1,attention_non_projection,,,,,,,,,,,,,,,,graph-derived
537,/model/layers.1/self_attn/k_norm/Div,,Div,1,attention_non_projection,,,,,,,,,,,,,,,,graph-derived
538,/model/layers.1/self_attn/k_norm/Mul,,Mul,1,attention_non_projection,,,,,,,,,,,,,,,,graph-derived
539,/model/layers.1/self_attn/k_norm/Mul_1,,Mul,1,attention_non_projection,,,,,,,,,,,,,,,,graph-derived
540,/model/layers.1/self_attn/Mul,,Mul,1,attention_non_projection,,,,,,,,,,,,,,,,graph-derived
541,/model/layers.1/self_attn/Shape_2,,Shape,1,attention_non_projection,,,,,,,,,,,,,,,,graph-derived
542,/model/layers.1/self_attn/Constant_8,,Constant,1,attention_non_projection,,,,,,,,,,,,,,,,graph-derived
543,/model/layers.1/self_attn/Gather_2,,Gather,1,attention_non_projection,,,,,,,,,,,,,,,,graph-derived
544,/model/layers.1/self_attn/Constant_9,,Constant,1,attention_non_projection,,,,,,,,,,,,,,,,graph-derived
545,/model/layers.1/self_attn/Div,,Div,1,attention_non_projection,,,,,,,,,,,,,,,,graph-derived
546,/model/layers.1/self_attn/Cast,,Cast,1,attention_non_projection,,,,,,,,,,,,,,,,graph-derived
547,/model/layers.1/self_attn/Cast_1,,Cast,1,attention_non_projection,,,,,,,,,,,,,,,,graph-derived
548,/model/layers.1/self_attn/Constant_10,,Constant,1,attention_non_projection,,,,,,,,,,,,,,,,graph-derived
549,/model/layers.1/self_attn/Constant_11,,Constant,1,attention_non_projection,,,,,,,,,,,,,,,,graph-derived
550,/model/layers.1/self_attn/Constant_12,,Constant,1,attention_non_projection,,,,,,,,,,,,,,,,graph-derived
551,/model/layers.1/self_attn/Unsqueeze_6,,Unsqueeze,1,attention_non_projection,,,,,,,,,,,,,,,,graph-derived
552,/model/layers.1/self_attn/Constant_13,,Constant,1,attention_non_projection,,,,,,,,,,,,,,,,graph-derived
553,/model/layers.1/self_attn/Slice,,Slice,1,attention_non_projection,,,,,,,,,,,,,,,,graph-derived
554,/model/layers.1/self_attn/Constant_14,,Constant,1,attention_non_projection,,,,,,,,,,,,,,,,graph-derived
555,/model/layers.1/self_attn/Constant_15,,Constant,1,attention_non_projection,,,,,,,,,,,,,,,,graph-derived
556,/model/layers.1/self_attn/Unsqueeze_7,,Unsqueeze,1,attention_non_projection,,,,,,,,,,,,,,,,graph-derived
557,/model/layers.1/self_attn/Constant_16,,Constant,1,attention_non_projection,,,,,,,,,,,,,,,,graph-derived
558,/model/layers.1/self_attn/Constant_17,,Constant,1,attention_non_projection,,,,,,,,,,,,,,,,graph-derived
559,/model/layers.1/self_attn/Slice_1,,Slice,1,attention_non_projection,,,,,,,,,,,,,,,,graph-derived
560,/model/layers.1/self_attn/Neg,,Neg,1,attention_non_projection,,,,,,,,,,,,,,,,graph-derived
561,/model/layers.1/self_attn/Concat_3,,Concat,1,attention_non_projection,,,,,,,,,,,,,,,,graph-derived
562,/model/layers.1/self_attn/Mul_1,,Mul,1,attention_non_projection,,,,,,,,,,,,,,,,graph-derived
563,/model/layers.1/self_attn/Add,,Add,1,attention_non_projection,,,,,,,,,,,,,,,,graph-derived
564,/model/layers.1/self_attn/Mul_2,,Mul,1,attention_non_projection,,,,,,,,,,,,,,,,graph-derived
565,/model/layers.1/self_attn/Shape_3,,Shape,1,attention_non_projection,,,,,,,,,,,,,,,,graph-derived
566,/model/layers.1/self_attn/Constant_18,,Constant,1,attention_non_projection,,,,,,,,,,,,,,,,graph-derived
567,/model/layers.1/self_attn/Gather_3,,Gather,1,attention_non_projection,,,,,,,,,,,,,,,,graph-derived
568,/model/layers.1/self_attn/Constant_19,,Constant,1,attention_non_projection,,,,,,,,,,,,,,,,graph-derived
569,/model/layers.1/self_attn/Div_1,,Div,1,attention_non_projection,,,,,,,,,,,,,,,,graph-derived
570,/model/layers.1/self_attn/Cast_2,,Cast,1,attention_non_projection,,,,,,,,,,,,,,,,graph-derived
571,/model/layers.1/self_attn/Cast_3,,Cast,1,attention_non_projection,,,,,,,,,,,,,,,,graph-derived
572,/model/layers.1/self_attn/Constant_20,,Constant,1,attention_non_projection,,,,,,,,,,,,,,,,graph-derived
573,/model/layers.1/self_attn/Constant_21,,Constant,1,attention_non_projection,,,,,,,,,,,,,,,,graph-derived
574,/model/layers.1/self_attn/Constant_22,,Constant,1,attention_non_projection,,,,,,,,,,,,,,,,graph-derived
575,/model/layers.1/self_attn/Unsqueeze_8,,Unsqueeze,1,attention_non_projection,,,,,,,,,,,,,,,,graph-derived
576,/model/layers.1/self_attn/Constant_23,,Constant,1,attention_non_projection,,,,,,,,,,,,,,,,graph-derived
577,/model/layers.1/self_attn/Slice_2,,Slice,1,attention_non_projection,,,,,,,,,,,,,,,,graph-derived
578,/model/layers.1/self_attn/Constant_24,,Constant,1,attention_non_projection,,,,,,,,,,,,,,,,graph-derived
579,/model/layers.1/self_attn/Constant_25,,Constant,1,attention_non_projection,,,,,,,,,,,,,,,,graph-derived
580,/model/layers.1/self_attn/Unsqueeze_9,,Unsqueeze,1,attention_non_projection,,,,,,,,,,,,,,,,graph-derived
581,/model/layers.1/self_attn/Constant_26,,Constant,1,attention_non_projection,,,,,,,,,,,,,,,,graph-derived
582,/model/layers.1/self_attn/Constant_27,,Constant,1,attention_non_projection,,,,,,,,,,,,,,,,graph-derived
583,/model/layers.1/self_attn/Slice_3,,Slice,1,attention_non_projection,,,,,,,,,,,,,,,,graph-derived
584,/model/layers.1/self_attn/Neg_1,,Neg,1,attention_non_projection,,,,,,,,,,,,,,,,graph-derived
585,/model/layers.1/self_attn/Concat_4,,Concat,1,attention_non_projection,,,,,,,,,,,,,,,,graph-derived
586,/model/layers.1/self_attn/Mul_3,,Mul,1,attention_non_projection,,,,,,,,,,,,,,,,graph-derived
587,/model/layers.1/self_attn/Add_1,,Add,1,attention_non_projection,,,,,,,,,,,,,,,,graph-derived
588,/model/layers.1/self_attn/Concat_5,,Concat,1,attention_non_projection,,,,,,,,,,,,,,,,graph-derived
589,/model/layers.1/self_attn/Concat_6,,Concat,1,attention_non_projection,,,,,,,,,,,,,,,,graph-derived
590,/model/layers.1/self_attn/Shape_4,,Shape,1,attention_non_projection,,,,,,,,,,,,,,,,graph-derived
591,/model/layers.1/self_attn/Constant_28,,Constant,1,attention_non_projection,,,,,,,,,,,,,,,,graph-derived
592,/model/layers.1/self_attn/Gather_4,,Gather,1,attention_non_projection,,,,,,,,,,,,,,,,graph-derived
593,/model/layers.1/self_attn/Shape_5,,Shape,1,attention_non_projection,,,,,,,,,,,,,,,,graph-derived
594,/model/layers.1/self_attn/Constant_29,,Constant,1,attention_non_projection,,,,,,,,,,,,,,,,graph-derived
595,/model/layers.1/self_attn/Gather_5,,Gather,1,attention_non_projection,,,,,,,,,,,,,,,,graph-derived
596,/model/layers.1/self_attn/Shape_6,,Shape,1,attention_non_projection,,,,,,,,,,,,,,,,graph-derived
597,/model/layers.1/self_attn/Constant_30,,Constant,1,attention_non_projection,,,,,,,,,,,,,,,,graph-derived
598,/model/layers.1/self_attn/Gather_6,,Gather,1,attention_non_projection,,,,,,,,,,,,,,,,graph-derived
599,/model/layers.1/self_attn/Shape_7,,Shape,1,attention_non_projection,,,,,,,,,,,,,,,,graph-derived
600,/model/layers.1/self_attn/Constant_31,,Constant,1,attention_non_projection,,,,,,,,,,,,,,,,graph-derived
601,/model/layers.1/self_attn/Gather_7,,Gather,1,attention_non_projection,,,,,,,,,,,,,,,,graph-derived
602,/model/layers.1/self_attn/Constant_32,,Constant,1,attention_non_projection,,,,,,,,,,,,,,,,graph-derived
603,/model/layers.1/self_attn/Unsqueeze_10,,Unsqueeze,1,attention_non_projection,,,,,,,,,,,,,,,,graph-derived
604,/model/layers.1/self_attn/Constant_33,,Constant,1,attention_non_projection,,,,,,,,,,,,,,,,graph-derived
605,/model/layers.1/self_attn/Unsqueeze_11,,Unsqueeze,1,attention_non_projection,,,,,,,,,,,,,,,,graph-derived
606,/model/layers.1/self_attn/Constant_34,,Constant,1,attention_non_projection,,,,,,,,,,,,,,,,graph-derived
607,/model/layers.1/self_attn/Unsqueeze_12,,Unsqueeze,1,attention_non_projection,,,,,,,,,,,,,,,,graph-derived
608,/model/layers.1/self_attn/Constant_35,,Constant,1,attention_non_projection,,,,,,,,,,,,,,,,graph-derived
609,/model/layers.1/self_attn/Constant_36,,Constant,1,attention_non_projection,,,,,,,,,,,,,,,,graph-derived
610,/model/layers.1/self_attn/Unsqueeze_13,,Unsqueeze,1,attention_non_projection,,,,,,,,,,,,,,,,graph-derived
611,/model/layers.1/self_attn/Constant_37,,Constant,1,attention_non_projection,,,,,,,,,,,,,,,,graph-derived
612,/model/layers.1/self_attn/Unsqueeze_14,,Unsqueeze,1,attention_non_projection,,,,,,,,,,,,,,,,graph-derived
613,/model/layers.1/self_attn/Concat_7,,Concat,1,attention_non_projection,,,,,,,,,,,,,,,,graph-derived
614,/model/layers.1/self_attn/Constant_38,,Constant,1,attention_non_projection,,,,,,,,,,,,,,,,graph-derived
615,/model/layers.1/self_attn/Reshape_3,,Reshape,1,attention_non_projection,,,,,,,,,,,,,,,,graph-derived
616,/model/layers.1/self_attn/Shape_8,,Shape,1,attention_non_projection,,,,,,,,,,,,,,,,graph-derived
617,/model/layers.1/self_attn/ConstantOfShape,,ConstantOfShape,1,attention_non_projection,,,,,,,,,,,,,,,,graph-derived
618,/model/layers.1/self_attn/Constant_39,,Constant,1,attention_non_projection,,,,,,,,,,,,,,,,graph-derived
619,/model/layers.1/self_attn/Mul_4,,Mul,1,attention_non_projection,,,,,,,,,,,,,,,,graph-derived
620,/model/layers.1/self_attn/Equal,,Equal,1,attention_non_projection,,,,,,,,,,,,,,,,graph-derived
621,/model/layers.1/self_attn/Where,,Where,1,attention_non_projection,,,,,,,,,,,,,,,,graph-derived
622,/model/layers.1/self_attn/Expand,,Expand,1,attention_non_projection,,,,,,,,,,,,,,,,graph-derived
623,/model/layers.1/self_attn/Constant_40,,Constant,1,attention_non_projection,,,,,,,,,,,,,,,,graph-derived
624,/model/layers.1/self_attn/Mul_5,,Mul,1,attention_non_projection,,,,,,,,,,,,,,,,graph-derived
625,Constant_3363,,Constant,,other,,,,,,,,,,,,,,,,graph-derived
626,/model/layers.1/self_attn/Unsqueeze_15,,Unsqueeze,1,attention_non_projection,,,,,,,,,,,,,,,,graph-derived
627,Constant_3365,,Constant,,other,,,,,,,,,,,,,,,,graph-derived
628,/model/layers.1/self_attn/Unsqueeze_16,,Unsqueeze,1,attention_non_projection,,,,,,,,,,,,,,,,graph-derived
629,Constant_3367,,Constant,,other,,,,,,,,,,,,,,,,graph-derived
630,/model/layers.1/self_attn/Unsqueeze_17,,Unsqueeze,1,attention_non_projection,,,,,,,,,,,,,,,,graph-derived
631,Constant_3369,,Constant,,other,,,,,,,,,,,,,,,,graph-derived
632,/model/layers.1/self_attn/Unsqueeze_18,,Unsqueeze,1,attention_non_projection,,,,,,,,,,,,,,,,graph-derived
633,/model/layers.1/self_attn/Concat_8,,Concat,1,attention_non_projection,,,,,,,,,,,,,,,,graph-derived
634,/model/layers.1/self_attn/Reshape_4,,Reshape,1,attention_non_projection,,,,,,,,,,,,,,,,graph-derived
635,/model/layers.1/self_attn/Shape_9,,Shape,1,attention_non_projection,,,,,,,,,,,,,,,,graph-derived
636,/model/layers.1/self_attn/Constant_41,,Constant,1,attention_non_projection,,,,,,,,,,,,,,,,graph-derived
637,/model/layers.1/self_attn/Gather_8,,Gather,1,attention_non_projection,,,,,,,,,,,,,,,,graph-derived
638,/model/layers.1/self_attn/Shape_10,,Shape,1,attention_non_projection,,,,,,,,,,,,,,,,graph-derived
639,/model/layers.1/self_attn/Constant_42,,Constant,1,attention_non_projection,,,,,,,,,,,,,,,,graph-derived
640,/model/layers.1/self_attn/Gather_9,,Gather,1,attention_non_projection,,,,,,,,,,,,,,,,graph-derived
641,/model/layers.1/self_attn/Shape_11,,Shape,1,attention_non_projection,,,,,,,,,,,,,,,,graph-derived
642,/model/layers.1/self_attn/Constant_43,,Constant,1,attention_non_projection,,,,,,,,,,,,,,,,graph-derived
643,/model/layers.1/self_attn/Gather_10,,Gather,1,attention_non_projection,,,,,,,,,,,,,,,,graph-derived
644,/model/layers.1/self_attn/Shape_12,,Shape,1,attention_non_projection,,,,,,,,,,,,,,,,graph-derived
645,/model/layers.1/self_attn/Constant_44,,Constant,1,attention_non_projection,,,,,,,,,,,,,,,,graph-derived
646,/model/layers.1/self_attn/Gather_11,,Gather,1,attention_non_projection,,,,,,,,,,,,,,,,graph-derived
647,/model/layers.1/self_attn/Constant_45,,Constant,1,attention_non_projection,,,,,,,,,,,,,,,,graph-derived
648,/model/layers.1/self_attn/Unsqueeze_19,,Unsqueeze,1,attention_non_projection,,,,,,,,,,,,,,,,graph-derived
649,/model/layers.1/self_attn/Constant_46,,Constant,1,attention_non_projection,,,,,,,,,,,,,,,,graph-derived
650,/model/layers.1/self_attn/Unsqueeze_20,,Unsqueeze,1,attention_non_projection,,,,,,,,,,,,,,,,graph-derived
651,/model/layers.1/self_attn/Constant_47,,Constant,1,attention_non_projection,,,,,,,,,,,,,,,,graph-derived
652,/model/layers.1/self_attn/Unsqueeze_21,,Unsqueeze,1,attention_non_projection,,,,,,,,,,,,,,,,graph-derived
653,/model/layers.1/self_attn/Constant_48,,Constant,1,attention_non_projection,,,,,,,,,,,,,,,,graph-derived
654,/model/layers.1/self_attn/Constant_49,,Constant,1,attention_non_projection,,,,,,,,,,,,,,,,graph-derived
655,/model/layers.1/self_attn/Unsqueeze_22,,Unsqueeze,1,attention_non_projection,,,,,,,,,,,,,,,,graph-derived
656,/model/layers.1/self_attn/Constant_50,,Constant,1,attention_non_projection,,,,,,,,,,,,,,,,graph-derived
657,/model/layers.1/self_attn/Unsqueeze_23,,Unsqueeze,1,attention_non_projection,,,,,,,,,,,,,,,,graph-derived
658,/model/layers.1/self_attn/Concat_9,,Concat,1,attention_non_projection,,,,,,,,,,,,,,,,graph-derived
659,/model/layers.1/self_attn/Constant_51,,Constant,1,attention_non_projection,,,,,,,,,,,,,,,,graph-derived
660,/model/layers.1/self_attn/Reshape_5,,Reshape,1,attention_non_projection,,,,,,,,,,,,,,,,graph-derived
661,/model/layers.1/self_attn/Shape_13,,Shape,1,attention_non_projection,,,,,,,,,,,,,,,,graph-derived
662,/model/layers.1/self_attn/ConstantOfShape_1,,ConstantOfShape,1,attention_non_projection,,,,,,,,,,,,,,,,graph-derived
663,/model/layers.1/self_attn/Constant_52,,Constant,1,attention_non_projection,,,,,,,,,,,,,,,,graph-derived
664,/model/layers.1/self_attn/Mul_6,,Mul,1,attention_non_projection,,,,,,,,,,,,,,,,graph-derived
665,/model/layers.1/self_attn/Equal_1,,Equal,1,attention_non_projection,,,,,,,,,,,,,,,,graph-derived
666,/model/layers.1/self_attn/Where_1,,Where,1,attention_non_projection,,,,,,,,,,,,,,,,graph-derived
667,/model/layers.1/self_attn/Expand_1,,Expand,1,attention_non_projection,,,,,,,,,,,,,,,,graph-derived
668,/model/layers.1/self_attn/Constant_53,,Constant,1,attention_non_projection,,,,,,,,,,,,,,,,graph-derived
669,/model/layers.1/self_attn/Mul_7,,Mul,1,attention_non_projection,,,,,,,,,,,,,,,,graph-derived
670,Constant_3408,,Constant,,other,,,,,,,,,,,,,,,,graph-derived
671,/model/layers.1/self_attn/Unsqueeze_24,,Unsqueeze,1,attention_non_projection,,,,,,,,,,,,,,,,graph-derived
672,Constant_3410,,Constant,,other,,,,,,,,,,,,,,,,graph-derived
673,/model/layers.1/self_attn/Unsqueeze_25,,Unsqueeze,1,attention_non_projection,,,,,,,,,,,,,,,,graph-derived
674,Constant_3412,,Constant,,other,,,,,,,,,,,,,,,,graph-derived
675,/model/layers.1/self_attn/Unsqueeze_26,,Unsqueeze,1,attention_non_projection,,,,,,,,,,,,,,,,graph-derived
676,Constant_3414,,Constant,,other,,,,,,,,,,,,,,,,graph-derived
677,/model/layers.1/self_attn/Unsqueeze_27,,Unsqueeze,1,attention_non_projection,,,,,,,,,,,,,,,,graph-derived
678,/model/layers.1/self_attn/Concat_10,,Concat,1,attention_non_projection,,,,,,,,,,,,,,,,graph-derived
679,/model/layers.1/self_attn/Reshape_6,,Reshape,1,attention_non_projection,,,,,,,,,,,,,,,,graph-derived
680,/model/layers.1/self_attn/Shape_14,,Shape,1,attention_non_projection,,,,,,,,,,,,,,,,graph-derived
681,/model/layers.1/self_attn/Constant_54,,Constant,1,attention_non_projection,,,,,,,,,,,,,,,,graph-derived
682,/model/layers.1/self_attn/Gather_12,,Gather,1,attention_non_projection,,,,,,,,,,,,,,,,graph-derived
683,/model/layers.1/self_attn/Constant_55,,Constant,1,attention_non_projection,,,,,,,,,,,,,,,,graph-derived
684,/model/layers.1/self_attn/Constant_56,,Constant,1,attention_non_projection,,,,,,,,,,,,,,,,graph-derived
685,/model/layers.1/self_attn/Constant_57,,Constant,1,attention_non_projection,,,,,,,,,,,,,,,,graph-derived
686,/model/layers.1/self_attn/Unsqueeze_28,,Unsqueeze,1,attention_non_projection,,,,,,,,,,,,,,,,graph-derived
687,/model/layers.1/self_attn/Constant_58,,Constant,1,attention_non_projection,,,,,,,,,,,,,,,,graph-derived
688,/model/layers.1/self_attn/Slice_4,,Slice,1,attention_non_projection,,,,,,,,,,,,,,,,graph-derived
689,/model/layers.1/self_attn/Transpose_3,,Transpose,1,attention_non_projection,,,,,,,,,,,,,,,,graph-derived
690,/model/layers.1/self_attn/Constant_59,,Constant,1,attention_non_projection,,,,,,,,,,,,,,,,graph-derived
691,/model/layers.1/self_attn/Mul_8,,Mul,1,attention_non_projection,,,,,,,,,,,,,,,,graph-derived
692,/model/layers.1/self_attn/Constant_60,,Constant,1,attention_non_projection,,,,,,,,,,,,,,,,graph-derived
693,/model/layers.1/self_attn/Mul_9,,Mul,1,attention_non_projection,,,,,,,,,,,,,,,,graph-derived
694,/model/layers.1/self_attn/MatMul,,MatMul,1,attention_non_projection,,,,,,,,,,,,,,,,graph-derived
695,/model/layers.1/self_attn/Constant_61,,Constant,1,attention_non_projection,,,,,,,,,,,,,,,,graph-derived
696,/model/layers.1/self_attn/Constant_62,,Constant,1,attention_non_projection,,,,,,,,,,,,,,,,graph-derived
697,/model/layers.1/self_attn/Where_2,,Where,1,attention_non_projection,,,,,,,,,,,,,,,,graph-derived
698,/model/layers.1/self_attn/Add_2,,Add,1,attention_non_projection,,,,,,,,,,,,,,,,graph-derived
699,/model/layers.1/self_attn/Softmax,,Softmax,1,attention_non_projection,,,,,,,,,,,,,,,,graph-derived
700,/model/layers.1/self_attn/IsNaN,,IsNaN,1,attention_non_projection,,,,,,,,,,,,,,,,graph-derived
701,/model/layers.1/self_attn/Constant_63,,Constant,1,attention_non_projection,,,,,,,,,,,,,,,,graph-derived
702,/model/layers.1/self_attn/Where_3,,Where,1,attention_non_projection,,,,,,,,,,,,,,,,graph-derived
703,/model/layers.1/self_attn/MatMul_1,,MatMul,1,attention_non_projection,,,,,,,,,,,,,,,,graph-derived
704,/model/layers.1/self_attn/Transpose_4,,Transpose,1,attention_non_projection,,,,,,,,,,,,,,,,graph-derived
705,Constant_3443,,Constant,,other,,,,,,,,,,,,,,,,graph-derived
706,/model/layers.1/self_attn/Unsqueeze_29,,Unsqueeze,1,attention_non_projection,,,,,,,,,,,,,,,,graph-derived
707,Constant_3445,,Constant,,other,,,,,,,,,,,,,,,,graph-derived
708,/model/layers.1/self_attn/Unsqueeze_30,,Unsqueeze,1,attention_non_projection,,,,,,,,,,,,,,,,graph-derived
709,/model/layers.1/self_attn/Constant_64,,Constant,1,attention_non_projection,,,,,,,,,,,,,,,,graph-derived
710,/model/layers.1/self_attn/Concat_11,,Concat,1,attention_non_projection,,,,,,,,,,,,,,,,graph-derived
711,/model/layers.1/self_attn/Reshape_7,,Reshape,1,attention_non_projection,,,,,,,,,,,,,,,,graph-derived
712,/model/layers.1/self_attn/o_proj/MatMul,,MatMul,1,attention_projection,o_proj,1024,1152,float,onnx::MatMul_9668,4718592,4096,4608,once_per_decode_token,model.onnx_data,1322412544,1322412544,3,3,1,graph-derived
713,/model/layers.1/post_attention_layernorm/Cast,,Cast,1,other,,,,,,,,,,,,,,,,graph-derived
714,/model/layers.1/post_attention_layernorm/Constant,,Constant,1,other,,,,,,,,,,,,,,,,graph-derived
715,/model/layers.1/post_attention_layernorm/Pow,,Pow,1,other,,,,,,,,,,,,,,,,graph-derived
716,/model/layers.1/post_attention_layernorm/ReduceMean,,ReduceMean,1,other,,,,,,,,,,,,,,,,graph-derived
717,/model/layers.1/post_attention_layernorm/Constant_1,,Constant,1,other,,,,,,,,,,,,,,,,graph-derived
718,/model/layers.1/post_attention_layernorm/Add,,Add,1,other,,,,,,,,,,,,,,,,graph-derived
719,/model/layers.1/post_attention_layernorm/Sqrt,,Sqrt,1,other,,,,,,,,,,,,,,,,graph-derived
720,/model/layers.1/post_attention_layernorm/Constant_2,,Constant,1,other,,,,,,,,,,,,,,,,graph-derived
721,/model/layers.1/post_attention_layernorm/Div,,Div,1,other,,,,,,,,,,,,,,,,graph-derived
722,/model/layers.1/post_attention_layernorm/Mul,,Mul,1,other,,,,,,,,,,,,,,,,graph-derived
723,/model/layers.1/post_attention_layernorm/Mul_1,,Mul,1,other,,,,,,,,,,,,,,,,graph-derived
724,/model/layers.1/Add,,Add,1,other,,,,,,,,,,,,,,,,graph-derived
725,/model/layers.1/pre_feedforward_layernorm/Cast,,Cast,1,other,,,,,,,,,,,,,,,,graph-derived
726,/model/layers.1/pre_feedforward_layernorm/Constant,,Constant,1,other,,,,,,,,,,,,,,,,graph-derived
727,/model/layers.1/pre_feedforward_layernorm/Pow,,Pow,1,other,,,,,,,,,,,,,,,,graph-derived
728,/model/layers.1/pre_feedforward_layernorm/ReduceMean,,ReduceMean,1,other,,,,,,,,,,,,,,,,graph-derived
729,/model/layers.1/pre_feedforward_layernorm/Constant_1,,Constant,1,other,,,,,,,,,,,,,,,,graph-derived
730,/model/layers.1/pre_feedforward_layernorm/Add,,Add,1,other,,,,,,,,,,,,,,,,graph-derived
731,/model/layers.1/pre_feedforward_layernorm/Sqrt,,Sqrt,1,other,,,,,,,,,,,,,,,,graph-derived
732,/model/layers.1/pre_feedforward_layernorm/Constant_2,,Constant,1,other,,,,,,,,,,,,,,,,graph-derived
733,/model/layers.1/pre_feedforward_layernorm/Div,,Div,1,other,,,,,,,,,,,,,,,,graph-derived
734,/model/layers.1/pre_feedforward_layernorm/Mul,,Mul,1,other,,,,,,,,,,,,,,,,graph-derived
735,/model/layers.1/pre_feedforward_layernorm/Mul_1,,Mul,1,other,,,,,,,,,,,,,,,,graph-derived
736,/model/layers.1/mlp/gate_proj/MatMul,,MatMul,1,mlp_projection,gate_proj,1152,6912,float,onnx::MatMul_9673,31850496,4608,27648,once_per_decode_token,model.onnx_data,1327140352,1327140352,0,0,3,graph-derived
737,/model/layers.1/mlp/act_fn/Mul,,Mul,1,mlp_non_projection,,,,,,,,,,,,,,,,graph-derived
738,/model/layers.1/mlp/act_fn/Mul_1,,Mul,1,mlp_non_projection,,,,,,,,,,,,,,,,graph-derived
739,/model/layers.1/mlp/act_fn/Constant,,Constant,1,mlp_non_projection,,,,,,,,,,,,,,,,graph-derived
740,/model/layers.1/mlp/act_fn/Mul_2,,Mul,1,mlp_non_projection,,,,,,,,,,,,,,,,graph-derived
741,/model/layers.1/mlp/act_fn/Add,,Add,1,mlp_non_projection,,,,,,,,,,,,,,,,graph-derived
742,/model/layers.1/mlp/act_fn/Constant_1,,Constant,1,mlp_non_projection,,,,,,,,,,,,,,,,graph-derived
743,/model/layers.1/mlp/act_fn/Mul_3,,Mul,1,mlp_non_projection,,,,,,,,,,,,,,,,graph-derived
744,/model/layers.1/mlp/act_fn/Tanh,,Tanh,1,mlp_non_projection,,,,,,,,,,,,,,,,graph-derived
745,/model/layers.1/mlp/act_fn/Constant_2,,Constant,1,mlp_non_projection,,,,,,,,,,,,,,,,graph-derived
746,/model/layers.1/mlp/act_fn/Add_1,,Add,1,mlp_non_projection,,,,,,,,,,,,,,,,graph-derived
747,/model/layers.1/mlp/act_fn/Mul_4,,Mul,1,mlp_non_projection,,,,,,,,,,,,,,,,graph-derived
748,/model/layers.1/mlp/act_fn/Constant_3,,Constant,1,mlp_non_projection,,,,,,,,,,,,,,,,graph-derived
749,/model/layers.1/mlp/act_fn/Mul_5,,Mul,1,mlp_non_projection,,,,,,,,,,,,,,,,graph-derived
750,/model/layers.1/mlp/up_proj/MatMul,,MatMul,1,mlp_projection,up_proj,1152,6912,float,onnx::MatMul_9674,31850496,4608,27648,once_per_decode_token,model.onnx_data,1358990848,1358990848,1,0,1,graph-derived
751,/model/layers.1/mlp/Mul,,Mul,1,mlp_non_projection,,,,,,,,,,,,,,,,graph-derived
752,/model/layers.1/mlp/down_proj/MatMul,,MatMul,1,mlp_projection,down_proj,6912,1152,float,onnx::MatMul_9675,31850496,27648,4608,once_per_decode_token,model.onnx_data,1390841344,1390841344,2,3,3,graph-derived
753,/model/layers.1/post_feedforward_layernorm/Cast,,Cast,1,other,,,,,,,,,,,,,,,,graph-derived
754,/model/layers.1/post_feedforward_layernorm/Constant,,Constant,1,other,,,,,,,,,,,,,,,,graph-derived
755,/model/layers.1/post_feedforward_layernorm/Pow,,Pow,1,other,,,,,,,,,,,,,,,,graph-derived
756,/model/layers.1/post_feedforward_layernorm/ReduceMean,,ReduceMean,1,other,,,,,,,,,,,,,,,,graph-derived
757,/model/layers.1/post_feedforward_layernorm/Constant_1,,Constant,1,other,,,,,,,,,,,,,,,,graph-derived
758,/model/layers.1/post_feedforward_layernorm/Add,,Add,1,other,,,,,,,,,,,,,,,,graph-derived
759,/model/layers.1/post_feedforward_layernorm/Sqrt,,Sqrt,1,other,,,,,,,,,,,,,,,,graph-derived
760,/model/layers.1/post_feedforward_layernorm/Constant_2,,Constant,1,other,,,,,,,,,,,,,,,,graph-derived
761,/model/layers.1/post_feedforward_layernorm/Div,,Div,1,other,,,,,,,,,,,,,,,,graph-derived
762,/model/layers.1/post_feedforward_layernorm/Mul,,Mul,1,other,,,,,,,,,,,,,,,,graph-derived
763,/model/layers.1/post_feedforward_layernorm/Mul_1,,Mul,1,other,,,,,,,,,,,,,,,,graph-derived
764,/model/layers.1/Add_1,,Add,1,other,,,,,,,,,,,,,,,,graph-derived
765,/model/layers.2/input_layernorm/Cast,,Cast,2,other,,,,,,,,,,,,,,,,graph-derived
766,/model/layers.2/input_layernorm/Constant,,Constant,2,other,,,,,,,,,,,,,,,,graph-derived
767,/model/layers.2/input_layernorm/Pow,,Pow,2,other,,,,,,,,,,,,,,,,graph-derived
768,/model/layers.2/input_layernorm/ReduceMean,,ReduceMean,2,other,,,,,,,,,,,,,,,,graph-derived
769,/model/layers.2/input_layernorm/Constant_1,,Constant,2,other,,,,,,,,,,,,,,,,graph-derived
770,/model/layers.2/input_layernorm/Add,,Add,2,other,,,,,,,,,,,,,,,,graph-derived
771,/model/layers.2/input_layernorm/Sqrt,,Sqrt,2,other,,,,,,,,,,,,,,,,graph-derived
772,/model/layers.2/input_layernorm/Constant_2,,Constant,2,other,,,,,,,,,,,,,,,,graph-derived
773,/model/layers.2/input_layernorm/Div,,Div,2,other,,,,,,,,,,,,,,,,graph-derived
774,/model/layers.2/input_layernorm/Mul,,Mul,2,other,,,,,,,,,,,,,,,,graph-derived
775,/model/layers.2/input_layernorm/Mul_1,,Mul,2,other,,,,,,,,,,,,,,,,graph-derived
776,/model/layers.2/self_attn/Shape,,Shape,2,attention_non_projection,,,,,,,,,,,,,,,,graph-derived
777,/model/layers.2/self_attn/Constant,,Constant,2,attention_non_projection,,,,,,,,,,,,,,,,graph-derived
778,/model/layers.2/self_attn/Gather,,Gather,2,attention_non_projection,,,,,,,,,,,,,,,,graph-derived
779,/model/layers.2/self_attn/Shape_1,,Shape,2,attention_non_projection,,,,,,,,,,,,,,,,graph-derived
780,/model/layers.2/self_attn/Constant_1,,Constant,2,attention_non_projection,,,,,,,,,,,,,,,,graph-derived
781,/model/layers.2/self_attn/Gather_1,,Gather,2,attention_non_projection,,,,,,,,,,,,,,,,graph-derived
782,/model/layers.2/self_attn/q_proj/MatMul,,MatMul,2,attention_projection,q_proj,1152,1024,float,onnx::MatMul_9680,4718592,4608,4096,once_per_decode_token,model.onnx_data,1422701056,1422701056,0,2,2,graph-derived
783,Constant_3521,,Constant,,other,,,,,,,,,,,,,,,,graph-derived
784,/model/layers.2/self_attn/Unsqueeze,,Unsqueeze,2,attention_non_projection,,,,,,,,,,,,,,,,graph-derived
785,Constant_3523,,Constant,,other,,,,,,,,,,,,,,,,graph-derived
786,/model/layers.2/self_attn/Unsqueeze_1,,Unsqueeze,2,attention_non_projection,,,,,,,,,,,,,,,,graph-derived
787,/model/layers.2/self_attn/Constant_2,,Constant,2,attention_non_projection,,,,,,,,,,,,,,,,graph-derived
788,/model/layers.2/self_attn/Constant_3,,Constant,2,attention_non_projection,,,,,,,,,,,,,,,,graph-derived
789,/model/layers.2/self_attn/Concat,,Concat,2,attention_non_projection,,,,,,,,,,,,,,,,graph-derived
790,Constant_3528,,Constant,,other,,,,,,,,,,,,,,,,graph-derived
791,/model/layers.2/self_attn/Unsqueeze_2,,Unsqueeze,2,attention_non_projection,,,,,,,,,,,,,,,,graph-derived
792,Constant_3530,,Constant,,other,,,,,,,,,,,,,,,,graph-derived
793,/model/layers.2/self_attn/Unsqueeze_3,,Unsqueeze,2,attention_non_projection,,,,,,,,,,,,,,,,graph-derived
794,/model/layers.2/self_attn/Constant_4,,Constant,2,attention_non_projection,,,,,,,,,,,,,,,,graph-derived
795,/model/layers.2/self_attn/Constant_5,,Constant,2,attention_non_projection,,,,,,,,,,,,,,,,graph-derived
796,/model/layers.2/self_attn/Concat_1,,Concat,2,attention_non_projection,,,,,,,,,,,,,,,,graph-derived
797,Constant_3535,,Constant,,other,,,,,,,,,,,,,,,,graph-derived
798,/model/layers.2/self_attn/Unsqueeze_4,,Unsqueeze,2,attention_non_projection,,,,,,,,,,,,,,,,graph-derived
799,Constant_3537,,Constant,,other,,,,,,,,,,,,,,,,graph-derived
800,/model/layers.2/self_attn/Unsqueeze_5,,Unsqueeze,2,attention_non_projection,,,,,,,,,,,,,,,,graph-derived
801,/model/layers.2/self_attn/Constant_6,,Constant,2,attention_non_projection,,,,,,,,,,,,,,,,graph-derived
802,/model/layers.2/self_attn/Constant_7,,Constant,2,attention_non_projection,,,,,,,,,,,,,,,,graph-derived
803,/model/layers.2/self_attn/Concat_2,,Concat,2,attention_non_projection,,,,,,,,,,,,,,,,graph-derived
804,/model/layers.2/self_attn/Reshape,,Reshape,2,attention_non_projection,,,,,,,,,,,,,,,,graph-derived
805,/model/layers.2/self_attn/Transpose,,Transpose,2,attention_non_projection,,,,,,,,,,,,,,,,graph-derived
806,/model/layers.2/self_attn/k_proj/MatMul,,MatMul,2,attention_projection,k_proj,1152,256,float,onnx::MatMul_9687,1179648,4608,1024,once_per_decode_token,model.onnx_data,1427419648,1427419648,1,0,0,graph-derived
807,/model/layers.2/self_attn/Reshape_1,,Reshape,2,attention_non_projection,,,,,,,,,,,,,,,,graph-derived
808,/model/layers.2/self_attn/Transpose_1,,Transpose,2,attention_non_projection,,,,,,,,,,,,,,,,graph-derived
809,/model/layers.2/self_attn/v_proj/MatMul,,MatMul,2,attention_projection,v_proj,1152,256,float,onnx::MatMul_9688,1179648,4608,1024,once_per_decode_token,model.onnx_data,1428599296,1428599296,2,2,2,graph-derived
810,/model/layers.2/self_attn/Reshape_2,,Reshape,2,attention_non_projection,,,,,,,,,,,,,,,,graph-derived
811,/model/layers.2/self_attn/Transpose_2,,Transpose,2,attention_non_projection,,,,,,,,,,,,,,,,graph-derived
812,/model/layers.2/self_attn/q_norm/Cast,,Cast,2,attention_non_projection,,,,,,,,,,,,,,,,graph-derived
813,/model/layers.2/self_attn/q_norm/Constant,,Constant,2,attention_non_projection,,,,,,,,,,,,,,,,graph-derived
814,/model/layers.2/self_attn/q_norm/Pow,,Pow,2,attention_non_projection,,,,,,,,,,,,,,,,graph-derived
815,/model/layers.2/self_attn/q_norm/ReduceMean,,ReduceMean,2,attention_non_projection,,,,,,,,,,,,,,,,graph-derived
816,/model/layers.2/self_attn/q_norm/Constant_1,,Constant,2,attention_non_projection,,,,,,,,,,,,,,,,graph-derived
817,/model/layers.2/self_attn/q_norm/Add,,Add,2,attention_non_projection,,,,,,,,,,,,,,,,graph-derived
818,/model/layers.2/self_attn/q_norm/Sqrt,,Sqrt,2,attention_non_projection,,,,,,,,,,,,,,,,graph-derived
819,/model/layers.2/self_attn/q_norm/Constant_2,,Constant,2,attention_non_projection,,,,,,,,,,,,,,,,graph-derived
820,/model/layers.2/self_attn/q_norm/Div,,Div,2,attention_non_projection,,,,,,,,,,,,,,,,graph-derived
821,/model/layers.2/self_attn/q_norm/Mul,,Mul,2,attention_non_projection,,,,,,,,,,,,,,,,graph-derived
822,/model/layers.2/self_attn/q_norm/Mul_1,,Mul,2,attention_non_projection,,,,,,,,,,,,,,,,graph-derived
823,/model/layers.2/self_attn/k_norm/Cast,,Cast,2,attention_non_projection,,,,,,,,,,,,,,,,graph-derived
824,/model/layers.2/self_attn/k_norm/Constant,,Constant,2,attention_non_projection,,,,,,,,,,,,,,,,graph-derived
825,/model/layers.2/self_attn/k_norm/Pow,,Pow,2,attention_non_projection,,,,,,,,,,,,,,,,graph-derived
826,/model/layers.2/self_attn/k_norm/ReduceMean,,ReduceMean,2,attention_non_projection,,,,,,,,,,,,,,,,graph-derived
827,/model/layers.2/self_attn/k_norm/Constant_1,,Constant,2,attention_non_projection,,,,,,,,,,,,,,,,graph-derived
828,/model/layers.2/self_attn/k_norm/Add,,Add,2,attention_non_projection,,,,,,,,,,,,,,,,graph-derived
829,/model/layers.2/self_attn/k_norm/Sqrt,,Sqrt,2,attention_non_projection,,,,,,,,,,,,,,,,graph-derived
830,/model/layers.2/self_attn/k_norm/Constant_2,,Constant,2,attention_non_projection,,,,,,,,,,,,,,,,graph-derived
831,/model/layers.2/self_attn/k_norm/Div,,Div,2,attention_non_projection,,,,,,,,,,,,,,,,graph-derived
832,/model/layers.2/self_attn/k_norm/Mul,,Mul,2,attention_non_projection,,,,,,,,,,,,,,,,graph-derived
833,/model/layers.2/self_attn/k_norm/Mul_1,,Mul,2,attention_non_projection,,,,,,,,,,,,,,,,graph-derived
834,/model/layers.2/self_attn/Mul,,Mul,2,attention_non_projection,,,,,,,,,,,,,,,,graph-derived
835,/model/layers.2/self_attn/Shape_2,,Shape,2,attention_non_projection,,,,,,,,,,,,,,,,graph-derived
836,/model/layers.2/self_attn/Constant_8,,Constant,2,attention_non_projection,,,,,,,,,,,,,,,,graph-derived
837,/model/layers.2/self_attn/Gather_2,,Gather,2,attention_non_projection,,,,,,,,,,,,,,,,graph-derived
838,/model/layers.2/self_attn/Constant_9,,Constant,2,attention_non_projection,,,,,,,,,,,,,,,,graph-derived
839,/model/layers.2/self_attn/Div,,Div,2,attention_non_projection,,,,,,,,,,,,,,,,graph-derived
840,/model/layers.2/self_attn/Cast,,Cast,2,attention_non_projection,,,,,,,,,,,,,,,,graph-derived
841,/model/layers.2/self_attn/Cast_1,,Cast,2,attention_non_projection,,,,,,,,,,,,,,,,graph-derived
842,/model/layers.2/self_attn/Constant_10,,Constant,2,attention_non_projection,,,,,,,,,,,,,,,,graph-derived
843,/model/layers.2/self_attn/Constant_11,,Constant,2,attention_non_projection,,,,,,,,,,,,,,,,graph-derived
844,/model/layers.2/self_attn/Constant_12,,Constant,2,attention_non_projection,,,,,,,,,,,,,,,,graph-derived
845,/model/layers.2/self_attn/Unsqueeze_6,,Unsqueeze,2,attention_non_projection,,,,,,,,,,,,,,,,graph-derived
846,/model/layers.2/self_attn/Constant_13,,Constant,2,attention_non_projection,,,,,,,,,,,,,,,,graph-derived
847,/model/layers.2/self_attn/Slice,,Slice,2,attention_non_projection,,,,,,,,,,,,,,,,graph-derived
848,/model/layers.2/self_attn/Constant_14,,Constant,2,attention_non_projection,,,,,,,,,,,,,,,,graph-derived
849,/model/layers.2/self_attn/Constant_15,,Constant,2,attention_non_projection,,,,,,,,,,,,,,,,graph-derived
850,/model/layers.2/self_attn/Unsqueeze_7,,Unsqueeze,2,attention_non_projection,,,,,,,,,,,,,,,,graph-derived
851,/model/layers.2/self_attn/Constant_16,,Constant,2,attention_non_projection,,,,,,,,,,,,,,,,graph-derived
852,/model/layers.2/self_attn/Constant_17,,Constant,2,attention_non_projection,,,,,,,,,,,,,,,,graph-derived
853,/model/layers.2/self_attn/Slice_1,,Slice,2,attention_non_projection,,,,,,,,,,,,,,,,graph-derived
854,/model/layers.2/self_attn/Neg,,Neg,2,attention_non_projection,,,,,,,,,,,,,,,,graph-derived
855,/model/layers.2/self_attn/Concat_3,,Concat,2,attention_non_projection,,,,,,,,,,,,,,,,graph-derived
856,/model/layers.2/self_attn/Mul_1,,Mul,2,attention_non_projection,,,,,,,,,,,,,,,,graph-derived
857,/model/layers.2/self_attn/Add,,Add,2,attention_non_projection,,,,,,,,,,,,,,,,graph-derived
858,/model/layers.2/self_attn/Mul_2,,Mul,2,attention_non_projection,,,,,,,,,,,,,,,,graph-derived
859,/model/layers.2/self_attn/Shape_3,,Shape,2,attention_non_projection,,,,,,,,,,,,,,,,graph-derived
860,/model/layers.2/self_attn/Constant_18,,Constant,2,attention_non_projection,,,,,,,,,,,,,,,,graph-derived
861,/model/layers.2/self_attn/Gather_3,,Gather,2,attention_non_projection,,,,,,,,,,,,,,,,graph-derived
862,/model/layers.2/self_attn/Constant_19,,Constant,2,attention_non_projection,,,,,,,,,,,,,,,,graph-derived
863,/model/layers.2/self_attn/Div_1,,Div,2,attention_non_projection,,,,,,,,,,,,,,,,graph-derived
864,/model/layers.2/self_attn/Cast_2,,Cast,2,attention_non_projection,,,,,,,,,,,,,,,,graph-derived
865,/model/layers.2/self_attn/Cast_3,,Cast,2,attention_non_projection,,,,,,,,,,,,,,,,graph-derived
866,/model/layers.2/self_attn/Constant_20,,Constant,2,attention_non_projection,,,,,,,,,,,,,,,,graph-derived
867,/model/layers.2/self_attn/Constant_21,,Constant,2,attention_non_projection,,,,,,,,,,,,,,,,graph-derived
868,/model/layers.2/self_attn/Constant_22,,Constant,2,attention_non_projection,,,,,,,,,,,,,,,,graph-derived
869,/model/layers.2/self_attn/Unsqueeze_8,,Unsqueeze,2,attention_non_projection,,,,,,,,,,,,,,,,graph-derived
870,/model/layers.2/self_attn/Constant_23,,Constant,2,attention_non_projection,,,,,,,,,,,,,,,,graph-derived
871,/model/layers.2/self_attn/Slice_2,,Slice,2,attention_non_projection,,,,,,,,,,,,,,,,graph-derived
872,/model/layers.2/self_attn/Constant_24,,Constant,2,attention_non_projection,,,,,,,,,,,,,,,,graph-derived
873,/model/layers.2/self_attn/Constant_25,,Constant,2,attention_non_projection,,,,,,,,,,,,,,,,graph-derived
874,/model/layers.2/self_attn/Unsqueeze_9,,Unsqueeze,2,attention_non_projection,,,,,,,,,,,,,,,,graph-derived
875,/model/layers.2/self_attn/Constant_26,,Constant,2,attention_non_projection,,,,,,,,,,,,,,,,graph-derived
876,/model/layers.2/self_attn/Constant_27,,Constant,2,attention_non_projection,,,,,,,,,,,,,,,,graph-derived
877,/model/layers.2/self_attn/Slice_3,,Slice,2,attention_non_projection,,,,,,,,,,,,,,,,graph-derived
878,/model/layers.2/self_attn/Neg_1,,Neg,2,attention_non_projection,,,,,,,,,,,,,,,,graph-derived
879,/model/layers.2/self_attn/Concat_4,,Concat,2,attention_non_projection,,,,,,,,,,,,,,,,graph-derived
880,/model/layers.2/self_attn/Mul_3,,Mul,2,attention_non_projection,,,,,,,,,,,,,,,,graph-derived
881,/model/layers.2/self_attn/Add_1,,Add,2,attention_non_projection,,,,,,,,,,,,,,,,graph-derived
882,/model/layers.2/self_attn/Concat_5,,Concat,2,attention_non_projection,,,,,,,,,,,,,,,,graph-derived
883,/model/layers.2/self_attn/Concat_6,,Concat,2,attention_non_projection,,,,,,,,,,,,,,,,graph-derived
884,/model/layers.2/self_attn/Shape_4,,Shape,2,attention_non_projection,,,,,,,,,,,,,,,,graph-derived
885,/model/layers.2/self_attn/Constant_28,,Constant,2,attention_non_projection,,,,,,,,,,,,,,,,graph-derived
886,/model/layers.2/self_attn/Gather_4,,Gather,2,attention_non_projection,,,,,,,,,,,,,,,,graph-derived
887,/model/layers.2/self_attn/Shape_5,,Shape,2,attention_non_projection,,,,,,,,,,,,,,,,graph-derived
888,/model/layers.2/self_attn/Constant_29,,Constant,2,attention_non_projection,,,,,,,,,,,,,,,,graph-derived
889,/model/layers.2/self_attn/Gather_5,,Gather,2,attention_non_projection,,,,,,,,,,,,,,,,graph-derived
890,/model/layers.2/self_attn/Shape_6,,Shape,2,attention_non_projection,,,,,,,,,,,,,,,,graph-derived
891,/model/layers.2/self_attn/Constant_30,,Constant,2,attention_non_projection,,,,,,,,,,,,,,,,graph-derived
892,/model/layers.2/self_attn/Gather_6,,Gather,2,attention_non_projection,,,,,,,,,,,,,,,,graph-derived
893,/model/layers.2/self_attn/Shape_7,,Shape,2,attention_non_projection,,,,,,,,,,,,,,,,graph-derived
894,/model/layers.2/self_attn/Constant_31,,Constant,2,attention_non_projection,,,,,,,,,,,,,,,,graph-derived
895,/model/layers.2/self_attn/Gather_7,,Gather,2,attention_non_projection,,,,,,,,,,,,,,,,graph-derived
896,/model/layers.2/self_attn/Constant_32,,Constant,2,attention_non_projection,,,,,,,,,,,,,,,,graph-derived
897,/model/layers.2/self_attn/Unsqueeze_10,,Unsqueeze,2,attention_non_projection,,,,,,,,,,,,,,,,graph-derived
898,/model/layers.2/self_attn/Constant_33,,Constant,2,attention_non_projection,,,,,,,,,,,,,,,,graph-derived
899,/model/layers.2/self_attn/Unsqueeze_11,,Unsqueeze,2,attention_non_projection,,,,,,,,,,,,,,,,graph-derived
900,/model/layers.2/self_attn/Constant_34,,Constant,2,attention_non_projection,,,,,,,,,,,,,,,,graph-derived
901,/model/layers.2/self_attn/Unsqueeze_12,,Unsqueeze,2,attention_non_projection,,,,,,,,,,,,,,,,graph-derived
902,/model/layers.2/self_attn/Constant_35,,Constant,2,attention_non_projection,,,,,,,,,,,,,,,,graph-derived
903,/model/layers.2/self_attn/Constant_36,,Constant,2,attention_non_projection,,,,,,,,,,,,,,,,graph-derived
904,/model/layers.2/self_attn/Unsqueeze_13,,Unsqueeze,2,attention_non_projection,,,,,,,,,,,,,,,,graph-derived
905,/model/layers.2/self_attn/Constant_37,,Constant,2,attention_non_projection,,,,,,,,,,,,,,,,graph-derived
906,/model/layers.2/self_attn/Unsqueeze_14,,Unsqueeze,2,attention_non_projection,,,,,,,,,,,,,,,,graph-derived
907,/model/layers.2/self_attn/Concat_7,,Concat,2,attention_non_projection,,,,,,,,,,,,,,,,graph-derived
908,/model/layers.2/self_attn/Constant_38,,Constant,2,attention_non_projection,,,,,,,,,,,,,,,,graph-derived
909,/model/layers.2/self_attn/Reshape_3,,Reshape,2,attention_non_projection,,,,,,,,,,,,,,,,graph-derived
910,/model/layers.2/self_attn/Shape_8,,Shape,2,attention_non_projection,,,,,,,,,,,,,,,,graph-derived
911,/model/layers.2/self_attn/ConstantOfShape,,ConstantOfShape,2,attention_non_projection,,,,,,,,,,,,,,,,graph-derived
912,/model/layers.2/self_attn/Constant_39,,Constant,2,attention_non_projection,,,,,,,,,,,,,,,,graph-derived
913,/model/layers.2/self_attn/Mul_4,,Mul,2,attention_non_projection,,,,,,,,,,,,,,,,graph-derived
914,/model/layers.2/self_attn/Equal,,Equal,2,attention_non_projection,,,,,,,,,,,,,,,,graph-derived
915,/model/layers.2/self_attn/Where,,Where,2,attention_non_projection,,,,,,,,,,,,,,,,graph-derived
916,/model/layers.2/self_attn/Expand,,Expand,2,attention_non_projection,,,,,,,,,,,,,,,,graph-derived
917,/model/layers.2/self_attn/Constant_40,,Constant,2,attention_non_projection,,,,,,,,,,,,,,,,graph-derived
918,/model/layers.2/self_attn/Mul_5,,Mul,2,attention_non_projection,,,,,,,,,,,,,,,,graph-derived
919,Constant_3657,,Constant,,other,,,,,,,,,,,,,,,,graph-derived
920,/model/layers.2/self_attn/Unsqueeze_15,,Unsqueeze,2,attention_non_projection,,,,,,,,,,,,,,,,graph-derived
921,Constant_3659,,Constant,,other,,,,,,,,,,,,,,,,graph-derived
922,/model/layers.2/self_attn/Unsqueeze_16,,Unsqueeze,2,attention_non_projection,,,,,,,,,,,,,,,,graph-derived
923,Constant_3661,,Constant,,other,,,,,,,,,,,,,,,,graph-derived
924,/model/layers.2/self_attn/Unsqueeze_17,,Unsqueeze,2,attention_non_projection,,,,,,,,,,,,,,,,graph-derived
925,Constant_3663,,Constant,,other,,,,,,,,,,,,,,,,graph-derived
926,/model/layers.2/self_attn/Unsqueeze_18,,Unsqueeze,2,attention_non_projection,,,,,,,,,,,,,,,,graph-derived
927,/model/layers.2/self_attn/Concat_8,,Concat,2,attention_non_projection,,,,,,,,,,,,,,,,graph-derived
928,/model/layers.2/self_attn/Reshape_4,,Reshape,2,attention_non_projection,,,,,,,,,,,,,,,,graph-derived
929,/model/layers.2/self_attn/Shape_9,,Shape,2,attention_non_projection,,,,,,,,,,,,,,,,graph-derived
930,/model/layers.2/self_attn/Constant_41,,Constant,2,attention_non_projection,,,,,,,,,,,,,,,,graph-derived
931,/model/layers.2/self_attn/Gather_8,,Gather,2,attention_non_projection,,,,,,,,,,,,,,,,graph-derived
932,/model/layers.2/self_attn/Shape_10,,Shape,2,attention_non_projection,,,,,,,,,,,,,,,,graph-derived
933,/model/layers.2/self_attn/Constant_42,,Constant,2,attention_non_projection,,,,,,,,,,,,,,,,graph-derived
934,/model/layers.2/self_attn/Gather_9,,Gather,2,attention_non_projection,,,,,,,,,,,,,,,,graph-derived
935,/model/layers.2/self_attn/Shape_11,,Shape,2,attention_non_projection,,,,,,,,,,,,,,,,graph-derived
936,/model/layers.2/self_attn/Constant_43,,Constant,2,attention_non_projection,,,,,,,,,,,,,,,,graph-derived
937,/model/layers.2/self_attn/Gather_10,,Gather,2,attention_non_projection,,,,,,,,,,,,,,,,graph-derived
938,/model/layers.2/self_attn/Shape_12,,Shape,2,attention_non_projection,,,,,,,,,,,,,,,,graph-derived
939,/model/layers.2/self_attn/Constant_44,,Constant,2,attention_non_projection,,,,,,,,,,,,,,,,graph-derived
940,/model/layers.2/self_attn/Gather_11,,Gather,2,attention_non_projection,,,,,,,,,,,,,,,,graph-derived
941,/model/layers.2/self_attn/Constant_45,,Constant,2,attention_non_projection,,,,,,,,,,,,,,,,graph-derived
942,/model/layers.2/self_attn/Unsqueeze_19,,Unsqueeze,2,attention_non_projection,,,,,,,,,,,,,,,,graph-derived
943,/model/layers.2/self_attn/Constant_46,,Constant,2,attention_non_projection,,,,,,,,,,,,,,,,graph-derived
944,/model/layers.2/self_attn/Unsqueeze_20,,Unsqueeze,2,attention_non_projection,,,,,,,,,,,,,,,,graph-derived
945,/model/layers.2/self_attn/Constant_47,,Constant,2,attention_non_projection,,,,,,,,,,,,,,,,graph-derived
946,/model/layers.2/self_attn/Unsqueeze_21,,Unsqueeze,2,attention_non_projection,,,,,,,,,,,,,,,,graph-derived
947,/model/layers.2/self_attn/Constant_48,,Constant,2,attention_non_projection,,,,,,,,,,,,,,,,graph-derived
948,/model/layers.2/self_attn/Constant_49,,Constant,2,attention_non_projection,,,,,,,,,,,,,,,,graph-derived
949,/model/layers.2/self_attn/Unsqueeze_22,,Unsqueeze,2,attention_non_projection,,,,,,,,,,,,,,,,graph-derived
950,/model/layers.2/self_attn/Constant_50,,Constant,2,attention_non_projection,,,,,,,,,,,,,,,,graph-derived
951,/model/layers.2/self_attn/Unsqueeze_23,,Unsqueeze,2,attention_non_projection,,,,,,,,,,,,,,,,graph-derived
952,/model/layers.2/self_attn/Concat_9,,Concat,2,attention_non_projection,,,,,,,,,,,,,,,,graph-derived
953,/model/layers.2/self_attn/Constant_51,,Constant,2,attention_non_projection,,,,,,,,,,,,,,,,graph-derived
954,/model/layers.2/self_attn/Reshape_5,,Reshape,2,attention_non_projection,,,,,,,,,,,,,,,,graph-derived
955,/model/layers.2/self_attn/Shape_13,,Shape,2,attention_non_projection,,,,,,,,,,,,,,,,graph-derived
956,/model/layers.2/self_attn/ConstantOfShape_1,,ConstantOfShape,2,attention_non_projection,,,,,,,,,,,,,,,,graph-derived
957,/model/layers.2/self_attn/Constant_52,,Constant,2,attention_non_projection,,,,,,,,,,,,,,,,graph-derived
958,/model/layers.2/self_attn/Mul_6,,Mul,2,attention_non_projection,,,,,,,,,,,,,,,,graph-derived
959,/model/layers.2/self_attn/Equal_1,,Equal,2,attention_non_projection,,,,,,,,,,,,,,,,graph-derived
960,/model/layers.2/self_attn/Where_1,,Where,2,attention_non_projection,,,,,,,,,,,,,,,,graph-derived
961,/model/layers.2/self_attn/Expand_1,,Expand,2,attention_non_projection,,,,,,,,,,,,,,,,graph-derived
962,/model/layers.2/self_attn/Constant_53,,Constant,2,attention_non_projection,,,,,,,,,,,,,,,,graph-derived
963,/model/layers.2/self_attn/Mul_7,,Mul,2,attention_non_projection,,,,,,,,,,,,,,,,graph-derived
964,Constant_3702,,Constant,,other,,,,,,,,,,,,,,,,graph-derived
965,/model/layers.2/self_attn/Unsqueeze_24,,Unsqueeze,2,attention_non_projection,,,,,,,,,,,,,,,,graph-derived
966,Constant_3704,,Constant,,other,,,,,,,,,,,,,,,,graph-derived
967,/model/layers.2/self_attn/Unsqueeze_25,,Unsqueeze,2,attention_non_projection,,,,,,,,,,,,,,,,graph-derived
968,Constant_3706,,Constant,,other,,,,,,,,,,,,,,,,graph-derived
969,/model/layers.2/self_attn/Unsqueeze_26,,Unsqueeze,2,attention_non_projection,,,,,,,,,,,,,,,,graph-derived
970,Constant_3708,,Constant,,other,,,,,,,,,,,,,,,,graph-derived
971,/model/layers.2/self_attn/Unsqueeze_27,,Unsqueeze,2,attention_non_projection,,,,,,,,,,,,,,,,graph-derived
972,/model/layers.2/self_attn/Concat_10,,Concat,2,attention_non_projection,,,,,,,,,,,,,,,,graph-derived
973,/model/layers.2/self_attn/Reshape_6,,Reshape,2,attention_non_projection,,,,,,,,,,,,,,,,graph-derived
974,/model/layers.2/self_attn/Shape_14,,Shape,2,attention_non_projection,,,,,,,,,,,,,,,,graph-derived
975,/model/layers.2/self_attn/Constant_54,,Constant,2,attention_non_projection,,,,,,,,,,,,,,,,graph-derived
976,/model/layers.2/self_attn/Gather_12,,Gather,2,attention_non_projection,,,,,,,,,,,,,,,,graph-derived
977,/model/layers.2/self_attn/Constant_55,,Constant,2,attention_non_projection,,,,,,,,,,,,,,,,graph-derived
978,/model/layers.2/self_attn/Constant_56,,Constant,2,attention_non_projection,,,,,,,,,,,,,,,,graph-derived
979,/model/layers.2/self_attn/Constant_57,,Constant,2,attention_non_projection,,,,,,,,,,,,,,,,graph-derived
980,/model/layers.2/self_attn/Unsqueeze_28,,Unsqueeze,2,attention_non_projection,,,,,,,,,,,,,,,,graph-derived
981,/model/layers.2/self_attn/Constant_58,,Constant,2,attention_non_projection,,,,,,,,,,,,,,,,graph-derived
982,/model/layers.2/self_attn/Slice_4,,Slice,2,attention_non_projection,,,,,,,,,,,,,,,,graph-derived
983,/model/layers.2/self_attn/Transpose_3,,Transpose,2,attention_non_projection,,,,,,,,,,,,,,,,graph-derived
984,/model/layers.2/self_attn/Constant_59,,Constant,2,attention_non_projection,,,,,,,,,,,,,,,,graph-derived
985,/model/layers.2/self_attn/Mul_8,,Mul,2,attention_non_projection,,,,,,,,,,,,,,,,graph-derived
986,/model/layers.2/self_attn/Constant_60,,Constant,2,attention_non_projection,,,,,,,,,,,,,,,,graph-derived
987,/model/layers.2/self_attn/Mul_9,,Mul,2,attention_non_projection,,,,,,,,,,,,,,,,graph-derived
988,/model/layers.2/self_attn/MatMul,,MatMul,2,attention_non_projection,,,,,,,,,,,,,,,,graph-derived
989,/model/layers.2/self_attn/Constant_61,,Constant,2,attention_non_projection,,,,,,,,,,,,,,,,graph-derived
990,/model/layers.2/self_attn/Constant_62,,Constant,2,attention_non_projection,,,,,,,,,,,,,,,,graph-derived
991,/model/layers.2/self_attn/Where_2,,Where,2,attention_non_projection,,,,,,,,,,,,,,,,graph-derived
992,/model/layers.2/self_attn/Add_2,,Add,2,attention_non_projection,,,,,,,,,,,,,,,,graph-derived
993,/model/layers.2/self_attn/Softmax,,Softmax,2,attention_non_projection,,,,,,,,,,,,,,,,graph-derived
994,/model/layers.2/self_attn/IsNaN,,IsNaN,2,attention_non_projection,,,,,,,,,,,,,,,,graph-derived
995,/model/layers.2/self_attn/Constant_63,,Constant,2,attention_non_projection,,,,,,,,,,,,,,,,graph-derived
996,/model/layers.2/self_attn/Where_3,,Where,2,attention_non_projection,,,,,,,,,,,,,,,,graph-derived
997,/model/layers.2/self_attn/MatMul_1,,MatMul,2,attention_non_projection,,,,,,,,,,,,,,,,graph-derived
998,/model/layers.2/self_attn/Transpose_4,,Transpose,2,attention_non_projection,,,,,,,,,,,,,,,,graph-derived
999,Constant_3737,,Constant,,other,,,,,,,,,,,,,,,,graph-derived
1000,/model/layers.2/self_attn/Unsqueeze_29,,Unsqueeze,2,attention_non_projection,,,,,,,,,,,,,,,,graph-derived
1001,Constant_3739,,Constant,,other,,,,,,,,,,,,,,,,graph-derived
1002,/model/layers.2/self_attn/Unsqueeze_30,,Unsqueeze,2,attention_non_projection,,,,,,,,,,,,,,,,graph-derived
1003,/model/layers.2/self_attn/Constant_64,,Constant,2,attention_non_projection,,,,,,,,,,,,,,,,graph-derived
1004,/model/layers.2/self_attn/Concat_11,,Concat,2,attention_non_projection,,,,,,,,,,,,,,,,graph-derived
1005,/model/layers.2/self_attn/Reshape_7,,Reshape,2,attention_non_projection,,,,,,,,,,,,,,,,graph-derived
1006,/model/layers.2/self_attn/o_proj/MatMul,,MatMul,2,attention_projection,o_proj,1024,1152,float,onnx::MatMul_9715,4718592,4096,4608,once_per_decode_token,model.onnx_data,1429780992,1429780992,3,0,0,graph-derived
1007,/model/layers.2/post_attention_layernorm/Cast,,Cast,2,other,,,,,,,,,,,,,,,,graph-derived
1008,/model/layers.2/post_attention_layernorm/Constant,,Constant,2,other,,,,,,,,,,,,,,,,graph-derived
1009,/model/layers.2/post_attention_layernorm/Pow,,Pow,2,other,,,,,,,,,,,,,,,,graph-derived
1010,/model/layers.2/post_attention_layernorm/ReduceMean,,ReduceMean,2,other,,,,,,,,,,,,,,,,graph-derived
1011,/model/layers.2/post_attention_layernorm/Constant_1,,Constant,2,other,,,,,,,,,,,,,,,,graph-derived
1012,/model/layers.2/post_attention_layernorm/Add,,Add,2,other,,,,,,,,,,,,,,,,graph-derived
1013,/model/layers.2/post_attention_layernorm/Sqrt,,Sqrt,2,other,,,,,,,,,,,,,,,,graph-derived
1014,/model/layers.2/post_attention_layernorm/Constant_2,,Constant,2,other,,,,,,,,,,,,,,,,graph-derived
1015,/model/layers.2/post_attention_layernorm/Div,,Div,2,other,,,,,,,,,,,,,,,,graph-derived
1016,/model/layers.2/post_attention_layernorm/Mul,,Mul,2,other,,,,,,,,,,,,,,,,graph-derived
1017,/model/layers.2/post_attention_layernorm/Mul_1,,Mul,2,other,,,,,,,,,,,,,,,,graph-derived
1018,/model/layers.2/Add,,Add,2,other,,,,,,,,,,,,,,,,graph-derived
1019,/model/layers.2/pre_feedforward_layernorm/Cast,,Cast,2,other,,,,,,,,,,,,,,,,graph-derived
1020,/model/layers.2/pre_feedforward_layernorm/Constant,,Constant,2,other,,,,,,,,,,,,,,,,graph-derived
1021,/model/layers.2/pre_feedforward_layernorm/Pow,,Pow,2,other,,,,,,,,,,,,,,,,graph-derived
1022,/model/layers.2/pre_feedforward_layernorm/ReduceMean,,ReduceMean,2,other,,,,,,,,,,,,,,,,graph-derived
1023,/model/layers.2/pre_feedforward_layernorm/Constant_1,,Constant,2,other,,,,,,,,,,,,,,,,graph-derived
1024,/model/layers.2/pre_feedforward_layernorm/Add,,Add,2,other,,,,,,,,,,,,,,,,graph-derived
1025,/model/layers.2/pre_feedforward_layernorm/Sqrt,,Sqrt,2,other,,,,,,,,,,,,,,,,graph-derived
1026,/model/layers.2/pre_feedforward_layernorm/Constant_2,,Constant,2,other,,,,,,,,,,,,,,,,graph-derived
1027,/model/layers.2/pre_feedforward_layernorm/Div,,Div,2,other,,,,,,,,,,,,,,,,graph-derived
1028,/model/layers.2/pre_feedforward_layernorm/Mul,,Mul,2,other,,,,,,,,,,,,,,,,graph-derived
1029,/model/layers.2/pre_feedforward_layernorm/Mul_1,,Mul,2,other,,,,,,,,,,,,,,,,graph-derived
1030,/model/layers.2/mlp/gate_proj/MatMul,,MatMul,2,mlp_projection,gate_proj,1152,6912,float,onnx::MatMul_9720,31850496,4608,27648,once_per_decode_token,model.onnx_data,1434508800,1434508800,0,2,2,graph-derived
1031,/model/layers.2/mlp/act_fn/Mul,,Mul,2,mlp_non_projection,,,,,,,,,,,,,,,,graph-derived
1032,/model/layers.2/mlp/act_fn/Mul_1,,Mul,2,mlp_non_projection,,,,,,,,,,,,,,,,graph-derived
1033,/model/layers.2/mlp/act_fn/Constant,,Constant,2,mlp_non_projection,,,,,,,,,,,,,,,,graph-derived
1034,/model/layers.2/mlp/act_fn/Mul_2,,Mul,2,mlp_non_projection,,,,,,,,,,,,,,,,graph-derived
1035,/model/layers.2/mlp/act_fn/Add,,Add,2,mlp_non_projection,,,,,,,,,,,,,,,,graph-derived
1036,/model/layers.2/mlp/act_fn/Constant_1,,Constant,2,mlp_non_projection,,,,,,,,,,,,,,,,graph-derived
1037,/model/layers.2/mlp/act_fn/Mul_3,,Mul,2,mlp_non_projection,,,,,,,,,,,,,,,,graph-derived
1038,/model/layers.2/mlp/act_fn/Tanh,,Tanh,2,mlp_non_projection,,,,,,,,,,,,,,,,graph-derived
1039,/model/layers.2/mlp/act_fn/Constant_2,,Constant,2,mlp_non_projection,,,,,,,,,,,,,,,,graph-derived
1040,/model/layers.2/mlp/act_fn/Add_1,,Add,2,mlp_non_projection,,,,,,,,,,,,,,,,graph-derived
1041,/model/layers.2/mlp/act_fn/Mul_4,,Mul,2,mlp_non_projection,,,,,,,,,,,,,,,,graph-derived
1042,/model/layers.2/mlp/act_fn/Constant_3,,Constant,2,mlp_non_projection,,,,,,,,,,,,,,,,graph-derived
1043,/model/layers.2/mlp/act_fn/Mul_5,,Mul,2,mlp_non_projection,,,,,,,,,,,,,,,,graph-derived
1044,/model/layers.2/mlp/up_proj/MatMul,,MatMul,2,mlp_projection,up_proj,1152,6912,float,onnx::MatMul_9721,31850496,4608,27648,once_per_decode_token,model.onnx_data,1466359296,1466359296,1,1,0,graph-derived
1045,/model/layers.2/mlp/Mul,,Mul,2,mlp_non_projection,,,,,,,,,,,,,,,,graph-derived
1046,/model/layers.2/mlp/down_proj/MatMul,,MatMul,2,mlp_projection,down_proj,6912,1152,float,onnx::MatMul_9722,31850496,27648,4608,once_per_decode_token,model.onnx_data,1498209792,1498209792,2,0,2,graph-derived
1047,/model/layers.2/post_feedforward_layernorm/Cast,,Cast,2,other,,,,,,,,,,,,,,,,graph-derived
1048,/model/layers.2/post_feedforward_layernorm/Constant,,Constant,2,other,,,,,,,,,,,,,,,,graph-derived
1049,/model/layers.2/post_feedforward_layernorm/Pow,,Pow,2,other,,,,,,,,,,,,,,,,graph-derived
1050,/model/layers.2/post_feedforward_layernorm/ReduceMean,,ReduceMean,2,other,,,,,,,,,,,,,,,,graph-derived
1051,/model/layers.2/post_feedforward_layernorm/Constant_1,,Constant,2,other,,,,,,,,,,,,,,,,graph-derived
1052,/model/layers.2/post_feedforward_layernorm/Add,,Add,2,other,,,,,,,,,,,,,,,,graph-derived
1053,/model/layers.2/post_feedforward_layernorm/Sqrt,,Sqrt,2,other,,,,,,,,,,,,,,,,graph-derived
1054,/model/layers.2/post_feedforward_layernorm/Constant_2,,Constant,2,other,,,,,,,,,,,,,,,,graph-derived
1055,/model/layers.2/post_feedforward_layernorm/Div,,Div,2,other,,,,,,,,,,,,,,,,graph-derived
1056,/model/layers.2/post_feedforward_layernorm/Mul,,Mul,2,other,,,,,,,,,,,,,,,,graph-derived
1057,/model/layers.2/post_feedforward_layernorm/Mul_1,,Mul,2,other,,,,,,,,,,,,,,,,graph-derived
1058,/model/layers.2/Add_1,,Add,2,other,,,,,,,,,,,,,,,,graph-derived
1059,/model/layers.3/input_layernorm/Cast,,Cast,3,other,,,,,,,,,,,,,,,,graph-derived
1060,/model/layers.3/input_layernorm/Constant,,Constant,3,other,,,,,,,,,,,,,,,,graph-derived
1061,/model/layers.3/input_layernorm/Pow,,Pow,3,other,,,,,,,,,,,,,,,,graph-derived
1062,/model/layers.3/input_layernorm/ReduceMean,,ReduceMean,3,other,,,,,,,,,,,,,,,,graph-derived
1063,/model/layers.3/input_layernorm/Constant_1,,Constant,3,other,,,,,,,,,,,,,,,,graph-derived
1064,/model/layers.3/input_layernorm/Add,,Add,3,other,,,,,,,,,,,,,,,,graph-derived
1065,/model/layers.3/input_layernorm/Sqrt,,Sqrt,3,other,,,,,,,,,,,,,,,,graph-derived
1066,/model/layers.3/input_layernorm/Constant_2,,Constant,3,other,,,,,,,,,,,,,,,,graph-derived
1067,/model/layers.3/input_layernorm/Div,,Div,3,other,,,,,,,,,,,,,,,,graph-derived
1068,/model/layers.3/input_layernorm/Mul,,Mul,3,other,,,,,,,,,,,,,,,,graph-derived
1069,/model/layers.3/input_layernorm/Mul_1,,Mul,3,other,,,,,,,,,,,,,,,,graph-derived
1070,/model/layers.3/self_attn/Shape,,Shape,3,attention_non_projection,,,,,,,,,,,,,,,,graph-derived
1071,/model/layers.3/self_attn/Constant,,Constant,3,attention_non_projection,,,,,,,,,,,,,,,,graph-derived
1072,/model/layers.3/self_attn/Gather,,Gather,3,attention_non_projection,,,,,,,,,,,,,,,,graph-derived
1073,/model/layers.3/self_attn/Shape_1,,Shape,3,attention_non_projection,,,,,,,,,,,,,,,,graph-derived
1074,/model/layers.3/self_attn/Constant_1,,Constant,3,attention_non_projection,,,,,,,,,,,,,,,,graph-derived
1075,/model/layers.3/self_attn/Gather_1,,Gather,3,attention_non_projection,,,,,,,,,,,,,,,,graph-derived
1076,/model/layers.3/self_attn/q_proj/MatMul,,MatMul,3,attention_projection,q_proj,1152,1024,float,onnx::MatMul_9727,4718592,4608,4096,once_per_decode_token,model.onnx_data,1530069504,1530069504,0,0,1,graph-derived
1077,Constant_3815,,Constant,,other,,,,,,,,,,,,,,,,graph-derived
1078,/model/layers.3/self_attn/Unsqueeze,,Unsqueeze,3,attention_non_projection,,,,,,,,,,,,,,,,graph-derived
1079,Constant_3817,,Constant,,other,,,,,,,,,,,,,,,,graph-derived
1080,/model/layers.3/self_attn/Unsqueeze_1,,Unsqueeze,3,attention_non_projection,,,,,,,,,,,,,,,,graph-derived
1081,/model/layers.3/self_attn/Constant_2,,Constant,3,attention_non_projection,,,,,,,,,,,,,,,,graph-derived
1082,/model/layers.3/self_attn/Constant_3,,Constant,3,attention_non_projection,,,,,,,,,,,,,,,,graph-derived
1083,/model/layers.3/self_attn/Concat,,Concat,3,attention_non_projection,,,,,,,,,,,,,,,,graph-derived
1084,Constant_3822,,Constant,,other,,,,,,,,,,,,,,,,graph-derived
1085,/model/layers.3/self_attn/Unsqueeze_2,,Unsqueeze,3,attention_non_projection,,,,,,,,,,,,,,,,graph-derived
1086,Constant_3824,,Constant,,other,,,,,,,,,,,,,,,,graph-derived
1087,/model/layers.3/self_attn/Unsqueeze_3,,Unsqueeze,3,attention_non_projection,,,,,,,,,,,,,,,,graph-derived
1088,/model/layers.3/self_attn/Constant_4,,Constant,3,attention_non_projection,,,,,,,,,,,,,,,,graph-derived
1089,/model/layers.3/self_attn/Constant_5,,Constant,3,attention_non_projection,,,,,,,,,,,,,,,,graph-derived
1090,/model/layers.3/self_attn/Concat_1,,Concat,3,attention_non_projection,,,,,,,,,,,,,,,,graph-derived
1091,Constant_3829,,Constant,,other,,,,,,,,,,,,,,,,graph-derived
1092,/model/layers.3/self_attn/Unsqueeze_4,,Unsqueeze,3,attention_non_projection,,,,,,,,,,,,,,,,graph-derived
1093,Constant_3831,,Constant,,other,,,,,,,,,,,,,,,,graph-derived
1094,/model/layers.3/self_attn/Unsqueeze_5,,Unsqueeze,3,attention_non_projection,,,,,,,,,,,,,,,,graph-derived
1095,/model/layers.3/self_attn/Constant_6,,Constant,3,attention_non_projection,,,,,,,,,,,,,,,,graph-derived
1096,/model/layers.3/self_attn/Constant_7,,Constant,3,attention_non_projection,,,,,,,,,,,,,,,,graph-derived
1097,/model/layers.3/self_attn/Concat_2,,Concat,3,attention_non_projection,,,,,,,,,,,,,,,,graph-derived
1098,/model/layers.3/self_attn/Reshape,,Reshape,3,attention_non_projection,,,,,,,,,,,,,,,,graph-derived
1099,/model/layers.3/self_attn/Transpose,,Transpose,3,attention_non_projection,,,,,,,,,,,,,,,,graph-derived
1100,/model/layers.3/self_attn/k_proj/MatMul,,MatMul,3,attention_projection,k_proj,1152,256,float,onnx::MatMul_9734,1179648,4608,1024,once_per_decode_token,model.onnx_data,1534788096,1534788096,1,1,3,graph-derived
1101,/model/layers.3/self_attn/Reshape_1,,Reshape,3,attention_non_projection,,,,,,,,,,,,,,,,graph-derived
1102,/model/layers.3/self_attn/Transpose_1,,Transpose,3,attention_non_projection,,,,,,,,,,,,,,,,graph-derived
1103,/model/layers.3/self_attn/v_proj/MatMul,,MatMul,3,attention_projection,v_proj,1152,256,float,onnx::MatMul_9735,1179648,4608,1024,once_per_decode_token,model.onnx_data,1535967744,1535967744,2,3,1,graph-derived
1104,/model/layers.3/self_attn/Reshape_2,,Reshape,3,attention_non_projection,,,,,,,,,,,,,,,,graph-derived
1105,/model/layers.3/self_attn/Transpose_2,,Transpose,3,attention_non_projection,,,,,,,,,,,,,,,,graph-derived
1106,/model/layers.3/self_attn/q_norm/Cast,,Cast,3,attention_non_projection,,,,,,,,,,,,,,,,graph-derived
1107,/model/layers.3/self_attn/q_norm/Constant,,Constant,3,attention_non_projection,,,,,,,,,,,,,,,,graph-derived
1108,/model/layers.3/self_attn/q_norm/Pow,,Pow,3,attention_non_projection,,,,,,,,,,,,,,,,graph-derived
1109,/model/layers.3/self_attn/q_norm/ReduceMean,,ReduceMean,3,attention_non_projection,,,,,,,,,,,,,,,,graph-derived
1110,/model/layers.3/self_attn/q_norm/Constant_1,,Constant,3,attention_non_projection,,,,,,,,,,,,,,,,graph-derived
1111,/model/layers.3/self_attn/q_norm/Add,,Add,3,attention_non_projection,,,,,,,,,,,,,,,,graph-derived
1112,/model/layers.3/self_attn/q_norm/Sqrt,,Sqrt,3,attention_non_projection,,,,,,,,,,,,,,,,graph-derived
1113,/model/layers.3/self_attn/q_norm/Constant_2,,Constant,3,attention_non_projection,,,,,,,,,,,,,,,,graph-derived
1114,/model/layers.3/self_attn/q_norm/Div,,Div,3,attention_non_projection,,,,,,,,,,,,,,,,graph-derived
1115,/model/layers.3/self_attn/q_norm/Mul,,Mul,3,attention_non_projection,,,,,,,,,,,,,,,,graph-derived
1116,/model/layers.3/self_attn/q_norm/Mul_1,,Mul,3,attention_non_projection,,,,,,,,,,,,,,,,graph-derived
1117,/model/layers.3/self_attn/k_norm/Cast,,Cast,3,attention_non_projection,,,,,,,,,,,,,,,,graph-derived
1118,/model/layers.3/self_attn/k_norm/Constant,,Constant,3,attention_non_projection,,,,,,,,,,,,,,,,graph-derived
1119,/model/layers.3/self_attn/k_norm/Pow,,Pow,3,attention_non_projection,,,,,,,,,,,,,,,,graph-derived
1120,/model/layers.3/self_attn/k_norm/ReduceMean,,ReduceMean,3,attention_non_projection,,,,,,,,,,,,,,,,graph-derived
1121,/model/layers.3/self_attn/k_norm/Constant_1,,Constant,3,attention_non_projection,,,,,,,,,,,,,,,,graph-derived
1122,/model/layers.3/self_attn/k_norm/Add,,Add,3,attention_non_projection,,,,,,,,,,,,,,,,graph-derived
1123,/model/layers.3/self_attn/k_norm/Sqrt,,Sqrt,3,attention_non_projection,,,,,,,,,,,,,,,,graph-derived
1124,/model/layers.3/self_attn/k_norm/Constant_2,,Constant,3,attention_non_projection,,,,,,,,,,,,,,,,graph-derived
1125,/model/layers.3/self_attn/k_norm/Div,,Div,3,attention_non_projection,,,,,,,,,,,,,,,,graph-derived
1126,/model/layers.3/self_attn/k_norm/Mul,,Mul,3,attention_non_projection,,,,,,,,,,,,,,,,graph-derived
1127,/model/layers.3/self_attn/k_norm/Mul_1,,Mul,3,attention_non_projection,,,,,,,,,,,,,,,,graph-derived
1128,/model/layers.3/self_attn/Mul,,Mul,3,attention_non_projection,,,,,,,,,,,,,,,,graph-derived
1129,/model/layers.3/self_attn/Shape_2,,Shape,3,attention_non_projection,,,,,,,,,,,,,,,,graph-derived
1130,/model/layers.3/self_attn/Constant_8,,Constant,3,attention_non_projection,,,,,,,,,,,,,,,,graph-derived
1131,/model/layers.3/self_attn/Gather_2,,Gather,3,attention_non_projection,,,,,,,,,,,,,,,,graph-derived
1132,/model/layers.3/self_attn/Constant_9,,Constant,3,attention_non_projection,,,,,,,,,,,,,,,,graph-derived
1133,/model/layers.3/self_attn/Div,,Div,3,attention_non_projection,,,,,,,,,,,,,,,,graph-derived
1134,/model/layers.3/self_attn/Cast,,Cast,3,attention_non_projection,,,,,,,,,,,,,,,,graph-derived
1135,/model/layers.3/self_attn/Cast_1,,Cast,3,attention_non_projection,,,,,,,,,,,,,,,,graph-derived
1136,/model/layers.3/self_attn/Constant_10,,Constant,3,attention_non_projection,,,,,,,,,,,,,,,,graph-derived
1137,/model/layers.3/self_attn/Constant_11,,Constant,3,attention_non_projection,,,,,,,,,,,,,,,,graph-derived
1138,/model/layers.3/self_attn/Constant_12,,Constant,3,attention_non_projection,,,,,,,,,,,,,,,,graph-derived
1139,/model/layers.3/self_attn/Unsqueeze_6,,Unsqueeze,3,attention_non_projection,,,,,,,,,,,,,,,,graph-derived
1140,/model/layers.3/self_attn/Constant_13,,Constant,3,attention_non_projection,,,,,,,,,,,,,,,,graph-derived
1141,/model/layers.3/self_attn/Slice,,Slice,3,attention_non_projection,,,,,,,,,,,,,,,,graph-derived
1142,/model/layers.3/self_attn/Constant_14,,Constant,3,attention_non_projection,,,,,,,,,,,,,,,,graph-derived
1143,/model/layers.3/self_attn/Constant_15,,Constant,3,attention_non_projection,,,,,,,,,,,,,,,,graph-derived
1144,/model/layers.3/self_attn/Unsqueeze_7,,Unsqueeze,3,attention_non_projection,,,,,,,,,,,,,,,,graph-derived
1145,/model/layers.3/self_attn/Constant_16,,Constant,3,attention_non_projection,,,,,,,,,,,,,,,,graph-derived
1146,/model/layers.3/self_attn/Constant_17,,Constant,3,attention_non_projection,,,,,,,,,,,,,,,,graph-derived
1147,/model/layers.3/self_attn/Slice_1,,Slice,3,attention_non_projection,,,,,,,,,,,,,,,,graph-derived
1148,/model/layers.3/self_attn/Neg,,Neg,3,attention_non_projection,,,,,,,,,,,,,,,,graph-derived
1149,/model/layers.3/self_attn/Concat_3,,Concat,3,attention_non_projection,,,,,,,,,,,,,,,,graph-derived
1150,/model/layers.3/self_attn/Mul_1,,Mul,3,attention_non_projection,,,,,,,,,,,,,,,,graph-derived
1151,/model/layers.3/self_attn/Add,,Add,3,attention_non_projection,,,,,,,,,,,,,,,,graph-derived
1152,/model/layers.3/self_attn/Mul_2,,Mul,3,attention_non_projection,,,,,,,,,,,,,,,,graph-derived
1153,/model/layers.3/self_attn/Shape_3,,Shape,3,attention_non_projection,,,,,,,,,,,,,,,,graph-derived
1154,/model/layers.3/self_attn/Constant_18,,Constant,3,attention_non_projection,,,,,,,,,,,,,,,,graph-derived
1155,/model/layers.3/self_attn/Gather_3,,Gather,3,attention_non_projection,,,,,,,,,,,,,,,,graph-derived
1156,/model/layers.3/self_attn/Constant_19,,Constant,3,attention_non_projection,,,,,,,,,,,,,,,,graph-derived
1157,/model/layers.3/self_attn/Div_1,,Div,3,attention_non_projection,,,,,,,,,,,,,,,,graph-derived
1158,/model/layers.3/self_attn/Cast_2,,Cast,3,attention_non_projection,,,,,,,,,,,,,,,,graph-derived
1159,/model/layers.3/self_attn/Cast_3,,Cast,3,attention_non_projection,,,,,,,,,,,,,,,,graph-derived
1160,/model/layers.3/self_attn/Constant_20,,Constant,3,attention_non_projection,,,,,,,,,,,,,,,,graph-derived
1161,/model/layers.3/self_attn/Constant_21,,Constant,3,attention_non_projection,,,,,,,,,,,,,,,,graph-derived
1162,/model/layers.3/self_attn/Constant_22,,Constant,3,attention_non_projection,,,,,,,,,,,,,,,,graph-derived
1163,/model/layers.3/self_attn/Unsqueeze_8,,Unsqueeze,3,attention_non_projection,,,,,,,,,,,,,,,,graph-derived
1164,/model/layers.3/self_attn/Constant_23,,Constant,3,attention_non_projection,,,,,,,,,,,,,,,,graph-derived
1165,/model/layers.3/self_attn/Slice_2,,Slice,3,attention_non_projection,,,,,,,,,,,,,,,,graph-derived
1166,/model/layers.3/self_attn/Constant_24,,Constant,3,attention_non_projection,,,,,,,,,,,,,,,,graph-derived
1167,/model/layers.3/self_attn/Constant_25,,Constant,3,attention_non_projection,,,,,,,,,,,,,,,,graph-derived
1168,/model/layers.3/self_attn/Unsqueeze_9,,Unsqueeze,3,attention_non_projection,,,,,,,,,,,,,,,,graph-derived
1169,/model/layers.3/self_attn/Constant_26,,Constant,3,attention_non_projection,,,,,,,,,,,,,,,,graph-derived
1170,/model/layers.3/self_attn/Constant_27,,Constant,3,attention_non_projection,,,,,,,,,,,,,,,,graph-derived
1171,/model/layers.3/self_attn/Slice_3,,Slice,3,attention_non_projection,,,,,,,,,,,,,,,,graph-derived
1172,/model/layers.3/self_attn/Neg_1,,Neg,3,attention_non_projection,,,,,,,,,,,,,,,,graph-derived
1173,/model/layers.3/self_attn/Concat_4,,Concat,3,attention_non_projection,,,,,,,,,,,,,,,,graph-derived
1174,/model/layers.3/self_attn/Mul_3,,Mul,3,attention_non_projection,,,,,,,,,,,,,,,,graph-derived
1175,/model/layers.3/self_attn/Add_1,,Add,3,attention_non_projection,,,,,,,,,,,,,,,,graph-derived
1176,/model/layers.3/self_attn/Concat_5,,Concat,3,attention_non_projection,,,,,,,,,,,,,,,,graph-derived
1177,/model/layers.3/self_attn/Concat_6,,Concat,3,attention_non_projection,,,,,,,,,,,,,,,,graph-derived
1178,/model/layers.3/self_attn/Shape_4,,Shape,3,attention_non_projection,,,,,,,,,,,,,,,,graph-derived
1179,/model/layers.3/self_attn/Constant_28,,Constant,3,attention_non_projection,,,,,,,,,,,,,,,,graph-derived
1180,/model/layers.3/self_attn/Gather_4,,Gather,3,attention_non_projection,,,,,,,,,,,,,,,,graph-derived
1181,/model/layers.3/self_attn/Shape_5,,Shape,3,attention_non_projection,,,,,,,,,,,,,,,,graph-derived
1182,/model/layers.3/self_attn/Constant_29,,Constant,3,attention_non_projection,,,,,,,,,,,,,,,,graph-derived
1183,/model/layers.3/self_attn/Gather_5,,Gather,3,attention_non_projection,,,,,,,,,,,,,,,,graph-derived
1184,/model/layers.3/self_attn/Shape_6,,Shape,3,attention_non_projection,,,,,,,,,,,,,,,,graph-derived
1185,/model/layers.3/self_attn/Constant_30,,Constant,3,attention_non_projection,,,,,,,,,,,,,,,,graph-derived
1186,/model/layers.3/self_attn/Gather_6,,Gather,3,attention_non_projection,,,,,,,,,,,,,,,,graph-derived
1187,/model/layers.3/self_attn/Shape_7,,Shape,3,attention_non_projection,,,,,,,,,,,,,,,,graph-derived
1188,/model/layers.3/self_attn/Constant_31,,Constant,3,attention_non_projection,,,,,,,,,,,,,,,,graph-derived
1189,/model/layers.3/self_attn/Gather_7,,Gather,3,attention_non_projection,,,,,,,,,,,,,,,,graph-derived
1190,/model/layers.3/self_attn/Constant_32,,Constant,3,attention_non_projection,,,,,,,,,,,,,,,,graph-derived
1191,/model/layers.3/self_attn/Unsqueeze_10,,Unsqueeze,3,attention_non_projection,,,,,,,,,,,,,,,,graph-derived
1192,/model/layers.3/self_attn/Constant_33,,Constant,3,attention_non_projection,,,,,,,,,,,,,,,,graph-derived
1193,/model/layers.3/self_attn/Unsqueeze_11,,Unsqueeze,3,attention_non_projection,,,,,,,,,,,,,,,,graph-derived
1194,/model/layers.3/self_attn/Constant_34,,Constant,3,attention_non_projection,,,,,,,,,,,,,,,,graph-derived
1195,/model/layers.3/self_attn/Unsqueeze_12,,Unsqueeze,3,attention_non_projection,,,,,,,,,,,,,,,,graph-derived
1196,/model/layers.3/self_attn/Constant_35,,Constant,3,attention_non_projection,,,,,,,,,,,,,,,,graph-derived
1197,/model/layers.3/self_attn/Constant_36,,Constant,3,attention_non_projection,,,,,,,,,,,,,,,,graph-derived
1198,/model/layers.3/self_attn/Unsqueeze_13,,Unsqueeze,3,attention_non_projection,,,,,,,,,,,,,,,,graph-derived
1199,/model/layers.3/self_attn/Constant_37,,Constant,3,attention_non_projection,,,,,,,,,,,,,,,,graph-derived
1200,/model/layers.3/self_attn/Unsqueeze_14,,Unsqueeze,3,attention_non_projection,,,,,,,,,,,,,,,,graph-derived
1201,/model/layers.3/self_attn/Concat_7,,Concat,3,attention_non_projection,,,,,,,,,,,,,,,,graph-derived
1202,/model/layers.3/self_attn/Constant_38,,Constant,3,attention_non_projection,,,,,,,,,,,,,,,,graph-derived
1203,/model/layers.3/self_attn/Reshape_3,,Reshape,3,attention_non_projection,,,,,,,,,,,,,,,,graph-derived
1204,/model/layers.3/self_attn/Shape_8,,Shape,3,attention_non_projection,,,,,,,,,,,,,,,,graph-derived
1205,/model/layers.3/self_attn/ConstantOfShape,,ConstantOfShape,3,attention_non_projection,,,,,,,,,,,,,,,,graph-derived
1206,/model/layers.3/self_attn/Constant_39,,Constant,3,attention_non_projection,,,,,,,,,,,,,,,,graph-derived
1207,/model/layers.3/self_attn/Mul_4,,Mul,3,attention_non_projection,,,,,,,,,,,,,,,,graph-derived
1208,/model/layers.3/self_attn/Equal,,Equal,3,attention_non_projection,,,,,,,,,,,,,,,,graph-derived
1209,/model/layers.3/self_attn/Where,,Where,3,attention_non_projection,,,,,,,,,,,,,,,,graph-derived
1210,/model/layers.3/self_attn/Expand,,Expand,3,attention_non_projection,,,,,,,,,,,,,,,,graph-derived
1211,/model/layers.3/self_attn/Constant_40,,Constant,3,attention_non_projection,,,,,,,,,,,,,,,,graph-derived
1212,/model/layers.3/self_attn/Mul_5,,Mul,3,attention_non_projection,,,,,,,,,,,,,,,,graph-derived
1213,Constant_3951,,Constant,,other,,,,,,,,,,,,,,,,graph-derived
1214,/model/layers.3/self_attn/Unsqueeze_15,,Unsqueeze,3,attention_non_projection,,,,,,,,,,,,,,,,graph-derived
1215,Constant_3953,,Constant,,other,,,,,,,,,,,,,,,,graph-derived
1216,/model/layers.3/self_attn/Unsqueeze_16,,Unsqueeze,3,attention_non_projection,,,,,,,,,,,,,,,,graph-derived
1217,Constant_3955,,Constant,,other,,,,,,,,,,,,,,,,graph-derived
1218,/model/layers.3/self_attn/Unsqueeze_17,,Unsqueeze,3,attention_non_projection,,,,,,,,,,,,,,,,graph-derived
1219,Constant_3957,,Constant,,other,,,,,,,,,,,,,,,,graph-derived
1220,/model/layers.3/self_attn/Unsqueeze_18,,Unsqueeze,3,attention_non_projection,,,,,,,,,,,,,,,,graph-derived
1221,/model/layers.3/self_attn/Concat_8,,Concat,3,attention_non_projection,,,,,,,,,,,,,,,,graph-derived
1222,/model/layers.3/self_attn/Reshape_4,,Reshape,3,attention_non_projection,,,,,,,,,,,,,,,,graph-derived
1223,/model/layers.3/self_attn/Shape_9,,Shape,3,attention_non_projection,,,,,,,,,,,,,,,,graph-derived
1224,/model/layers.3/self_attn/Constant_41,,Constant,3,attention_non_projection,,,,,,,,,,,,,,,,graph-derived
1225,/model/layers.3/self_attn/Gather_8,,Gather,3,attention_non_projection,,,,,,,,,,,,,,,,graph-derived
1226,/model/layers.3/self_attn/Shape_10,,Shape,3,attention_non_projection,,,,,,,,,,,,,,,,graph-derived
1227,/model/layers.3/self_attn/Constant_42,,Constant,3,attention_non_projection,,,,,,,,,,,,,,,,graph-derived
1228,/model/layers.3/self_attn/Gather_9,,Gather,3,attention_non_projection,,,,,,,,,,,,,,,,graph-derived
1229,/model/layers.3/self_attn/Shape_11,,Shape,3,attention_non_projection,,,,,,,,,,,,,,,,graph-derived
1230,/model/layers.3/self_attn/Constant_43,,Constant,3,attention_non_projection,,,,,,,,,,,,,,,,graph-derived
1231,/model/layers.3/self_attn/Gather_10,,Gather,3,attention_non_projection,,,,,,,,,,,,,,,,graph-derived
1232,/model/layers.3/self_attn/Shape_12,,Shape,3,attention_non_projection,,,,,,,,,,,,,,,,graph-derived
1233,/model/layers.3/self_attn/Constant_44,,Constant,3,attention_non_projection,,,,,,,,,,,,,,,,graph-derived
1234,/model/layers.3/self_attn/Gather_11,,Gather,3,attention_non_projection,,,,,,,,,,,,,,,,graph-derived
1235,/model/layers.3/self_attn/Constant_45,,Constant,3,attention_non_projection,,,,,,,,,,,,,,,,graph-derived
1236,/model/layers.3/self_attn/Unsqueeze_19,,Unsqueeze,3,attention_non_projection,,,,,,,,,,,,,,,,graph-derived
1237,/model/layers.3/self_attn/Constant_46,,Constant,3,attention_non_projection,,,,,,,,,,,,,,,,graph-derived
1238,/model/layers.3/self_attn/Unsqueeze_20,,Unsqueeze,3,attention_non_projection,,,,,,,,,,,,,,,,graph-derived
1239,/model/layers.3/self_attn/Constant_47,,Constant,3,attention_non_projection,,,,,,,,,,,,,,,,graph-derived
1240,/model/layers.3/self_attn/Unsqueeze_21,,Unsqueeze,3,attention_non_projection,,,,,,,,,,,,,,,,graph-derived
1241,/model/layers.3/self_attn/Constant_48,,Constant,3,attention_non_projection,,,,,,,,,,,,,,,,graph-derived
1242,/model/layers.3/self_attn/Constant_49,,Constant,3,attention_non_projection,,,,,,,,,,,,,,,,graph-derived
1243,/model/layers.3/self_attn/Unsqueeze_22,,Unsqueeze,3,attention_non_projection,,,,,,,,,,,,,,,,graph-derived
1244,/model/layers.3/self_attn/Constant_50,,Constant,3,attention_non_projection,,,,,,,,,,,,,,,,graph-derived
1245,/model/layers.3/self_attn/Unsqueeze_23,,Unsqueeze,3,attention_non_projection,,,,,,,,,,,,,,,,graph-derived
1246,/model/layers.3/self_attn/Concat_9,,Concat,3,attention_non_projection,,,,,,,,,,,,,,,,graph-derived
1247,/model/layers.3/self_attn/Constant_51,,Constant,3,attention_non_projection,,,,,,,,,,,,,,,,graph-derived
1248,/model/layers.3/self_attn/Reshape_5,,Reshape,3,attention_non_projection,,,,,,,,,,,,,,,,graph-derived
1249,/model/layers.3/self_attn/Shape_13,,Shape,3,attention_non_projection,,,,,,,,,,,,,,,,graph-derived
1250,/model/layers.3/self_attn/ConstantOfShape_1,,ConstantOfShape,3,attention_non_projection,,,,,,,,,,,,,,,,graph-derived
1251,/model/layers.3/self_attn/Constant_52,,Constant,3,attention_non_projection,,,,,,,,,,,,,,,,graph-derived
1252,/model/layers.3/self_attn/Mul_6,,Mul,3,attention_non_projection,,,,,,,,,,,,,,,,graph-derived
1253,/model/layers.3/self_attn/Equal_1,,Equal,3,attention_non_projection,,,,,,,,,,,,,,,,graph-derived
1254,/model/layers.3/self_attn/Where_1,,Where,3,attention_non_projection,,,,,,,,,,,,,,,,graph-derived
1255,/model/layers.3/self_attn/Expand_1,,Expand,3,attention_non_projection,,,,,,,,,,,,,,,,graph-derived
1256,/model/layers.3/self_attn/Constant_53,,Constant,3,attention_non_projection,,,,,,,,,,,,,,,,graph-derived
1257,/model/layers.3/self_attn/Mul_7,,Mul,3,attention_non_projection,,,,,,,,,,,,,,,,graph-derived
1258,Constant_3996,,Constant,,other,,,,,,,,,,,,,,,,graph-derived
1259,/model/layers.3/self_attn/Unsqueeze_24,,Unsqueeze,3,attention_non_projection,,,,,,,,,,,,,,,,graph-derived
1260,Constant_3998,,Constant,,other,,,,,,,,,,,,,,,,graph-derived
1261,/model/layers.3/self_attn/Unsqueeze_25,,Unsqueeze,3,attention_non_projection,,,,,,,,,,,,,,,,graph-derived
1262,Constant_4000,,Constant,,other,,,,,,,,,,,,,,,,graph-derived
1263,/model/layers.3/self_attn/Unsqueeze_26,,Unsqueeze,3,attention_non_projection,,,,,,,,,,,,,,,,graph-derived
1264,Constant_4002,,Constant,,other,,,,,,,,,,,,,,,,graph-derived
1265,/model/layers.3/self_attn/Unsqueeze_27,,Unsqueeze,3,attention_non_projection,,,,,,,,,,,,,,,,graph-derived
1266,/model/layers.3/self_attn/Concat_10,,Concat,3,attention_non_projection,,,,,,,,,,,,,,,,graph-derived
1267,/model/layers.3/self_attn/Reshape_6,,Reshape,3,attention_non_projection,,,,,,,,,,,,,,,,graph-derived
1268,/model/layers.3/self_attn/Shape_14,,Shape,3,attention_non_projection,,,,,,,,,,,,,,,,graph-derived
1269,/model/layers.3/self_attn/Constant_54,,Constant,3,attention_non_projection,,,,,,,,,,,,,,,,graph-derived
1270,/model/layers.3/self_attn/Gather_12,,Gather,3,attention_non_projection,,,,,,,,,,,,,,,,graph-derived
1271,/model/layers.3/self_attn/Constant_55,,Constant,3,attention_non_projection,,,,,,,,,,,,,,,,graph-derived
1272,/model/layers.3/self_attn/Constant_56,,Constant,3,attention_non_projection,,,,,,,,,,,,,,,,graph-derived
1273,/model/layers.3/self_attn/Constant_57,,Constant,3,attention_non_projection,,,,,,,,,,,,,,,,graph-derived
1274,/model/layers.3/self_attn/Unsqueeze_28,,Unsqueeze,3,attention_non_projection,,,,,,,,,,,,,,,,graph-derived
1275,/model/layers.3/self_attn/Constant_58,,Constant,3,attention_non_projection,,,,,,,,,,,,,,,,graph-derived
1276,/model/layers.3/self_attn/Slice_4,,Slice,3,attention_non_projection,,,,,,,,,,,,,,,,graph-derived
1277,/model/layers.3/self_attn/Transpose_3,,Transpose,3,attention_non_projection,,,,,,,,,,,,,,,,graph-derived
1278,/model/layers.3/self_attn/Constant_59,,Constant,3,attention_non_projection,,,,,,,,,,,,,,,,graph-derived
1279,/model/layers.3/self_attn/Mul_8,,Mul,3,attention_non_projection,,,,,,,,,,,,,,,,graph-derived
1280,/model/layers.3/self_attn/Constant_60,,Constant,3,attention_non_projection,,,,,,,,,,,,,,,,graph-derived
1281,/model/layers.3/self_attn/Mul_9,,Mul,3,attention_non_projection,,,,,,,,,,,,,,,,graph-derived
1282,/model/layers.3/self_attn/MatMul,,MatMul,3,attention_non_projection,,,,,,,,,,,,,,,,graph-derived
1283,/model/layers.3/self_attn/Constant_61,,Constant,3,attention_non_projection,,,,,,,,,,,,,,,,graph-derived
1284,/model/layers.3/self_attn/Constant_62,,Constant,3,attention_non_projection,,,,,,,,,,,,,,,,graph-derived
1285,/model/layers.3/self_attn/Where_2,,Where,3,attention_non_projection,,,,,,,,,,,,,,,,graph-derived
1286,/model/layers.3/self_attn/Add_2,,Add,3,attention_non_projection,,,,,,,,,,,,,,,,graph-derived
1287,/model/layers.3/self_attn/Softmax,,Softmax,3,attention_non_projection,,,,,,,,,,,,,,,,graph-derived
1288,/model/layers.3/self_attn/IsNaN,,IsNaN,3,attention_non_projection,,,,,,,,,,,,,,,,graph-derived
1289,/model/layers.3/self_attn/Constant_63,,Constant,3,attention_non_projection,,,,,,,,,,,,,,,,graph-derived
1290,/model/layers.3/self_attn/Where_3,,Where,3,attention_non_projection,,,,,,,,,,,,,,,,graph-derived
1291,/model/layers.3/self_attn/MatMul_1,,MatMul,3,attention_non_projection,,,,,,,,,,,,,,,,graph-derived
1292,/model/layers.3/self_attn/Transpose_4,,Transpose,3,attention_non_projection,,,,,,,,,,,,,,,,graph-derived
1293,Constant_4031,,Constant,,other,,,,,,,,,,,,,,,,graph-derived
1294,/model/layers.3/self_attn/Unsqueeze_29,,Unsqueeze,3,attention_non_projection,,,,,,,,,,,,,,,,graph-derived
1295,Constant_4033,,Constant,,other,,,,,,,,,,,,,,,,graph-derived
1296,/model/layers.3/self_attn/Unsqueeze_30,,Unsqueeze,3,attention_non_projection,,,,,,,,,,,,,,,,graph-derived
1297,/model/layers.3/self_attn/Constant_64,,Constant,3,attention_non_projection,,,,,,,,,,,,,,,,graph-derived
1298,/model/layers.3/self_attn/Concat_11,,Concat,3,attention_non_projection,,,,,,,,,,,,,,,,graph-derived
1299,/model/layers.3/self_attn/Reshape_7,,Reshape,3,attention_non_projection,,,,,,,,,,,,,,,,graph-derived
1300,/model/layers.3/self_attn/o_proj/MatMul,,MatMul,3,attention_projection,o_proj,1024,1152,float,onnx::MatMul_9762,4718592,4096,4608,once_per_decode_token,model.onnx_data,1537149440,1537149440,3,1,3,graph-derived
1301,/model/layers.3/post_attention_layernorm/Cast,,Cast,3,other,,,,,,,,,,,,,,,,graph-derived
1302,/model/layers.3/post_attention_layernorm/Constant,,Constant,3,other,,,,,,,,,,,,,,,,graph-derived
1303,/model/layers.3/post_attention_layernorm/Pow,,Pow,3,other,,,,,,,,,,,,,,,,graph-derived
1304,/model/layers.3/post_attention_layernorm/ReduceMean,,ReduceMean,3,other,,,,,,,,,,,,,,,,graph-derived
1305,/model/layers.3/post_attention_layernorm/Constant_1,,Constant,3,other,,,,,,,,,,,,,,,,graph-derived
1306,/model/layers.3/post_attention_layernorm/Add,,Add,3,other,,,,,,,,,,,,,,,,graph-derived
1307,/model/layers.3/post_attention_layernorm/Sqrt,,Sqrt,3,other,,,,,,,,,,,,,,,,graph-derived
1308,/model/layers.3/post_attention_layernorm/Constant_2,,Constant,3,other,,,,,,,,,,,,,,,,graph-derived
1309,/model/layers.3/post_attention_layernorm/Div,,Div,3,other,,,,,,,,,,,,,,,,graph-derived
1310,/model/layers.3/post_attention_layernorm/Mul,,Mul,3,other,,,,,,,,,,,,,,,,graph-derived
1311,/model/layers.3/post_attention_layernorm/Mul_1,,Mul,3,other,,,,,,,,,,,,,,,,graph-derived
1312,/model/layers.3/Add,,Add,3,other,,,,,,,,,,,,,,,,graph-derived
1313,/model/layers.3/pre_feedforward_layernorm/Cast,,Cast,3,other,,,,,,,,,,,,,,,,graph-derived
1314,/model/layers.3/pre_feedforward_layernorm/Constant,,Constant,3,other,,,,,,,,,,,,,,,,graph-derived
1315,/model/layers.3/pre_feedforward_layernorm/Pow,,Pow,3,other,,,,,,,,,,,,,,,,graph-derived
1316,/model/layers.3/pre_feedforward_layernorm/ReduceMean,,ReduceMean,3,other,,,,,,,,,,,,,,,,graph-derived
1317,/model/layers.3/pre_feedforward_layernorm/Constant_1,,Constant,3,other,,,,,,,,,,,,,,,,graph-derived
1318,/model/layers.3/pre_feedforward_layernorm/Add,,Add,3,other,,,,,,,,,,,,,,,,graph-derived
1319,/model/layers.3/pre_feedforward_layernorm/Sqrt,,Sqrt,3,other,,,,,,,,,,,,,,,,graph-derived
1320,/model/layers.3/pre_feedforward_layernorm/Constant_2,,Constant,3,other,,,,,,,,,,,,,,,,graph-derived
1321,/model/layers.3/pre_feedforward_layernorm/Div,,Div,3,other,,,,,,,,,,,,,,,,graph-derived
1322,/model/layers.3/pre_feedforward_layernorm/Mul,,Mul,3,other,,,,,,,,,,,,,,,,graph-derived
1323,/model/layers.3/pre_feedforward_layernorm/Mul_1,,Mul,3,other,,,,,,,,,,,,,,,,graph-derived
1324,/model/layers.3/mlp/gate_proj/MatMul,,MatMul,3,mlp_projection,gate_proj,1152,6912,float,onnx::MatMul_9767,31850496,4608,27648,once_per_decode_token,model.onnx_data,1541877248,1541877248,0,3,1,graph-derived
1325,/model/layers.3/mlp/act_fn/Mul,,Mul,3,mlp_non_projection,,,,,,,,,,,,,,,,graph-derived
1326,/model/layers.3/mlp/act_fn/Mul_1,,Mul,3,mlp_non_projection,,,,,,,,,,,,,,,,graph-derived
1327,/model/layers.3/mlp/act_fn/Constant,,Constant,3,mlp_non_projection,,,,,,,,,,,,,,,,graph-derived
1328,/model/layers.3/mlp/act_fn/Mul_2,,Mul,3,mlp_non_projection,,,,,,,,,,,,,,,,graph-derived
1329,/model/layers.3/mlp/act_fn/Add,,Add,3,mlp_non_projection,,,,,,,,,,,,,,,,graph-derived
1330,/model/layers.3/mlp/act_fn/Constant_1,,Constant,3,mlp_non_projection,,,,,,,,,,,,,,,,graph-derived
1331,/model/layers.3/mlp/act_fn/Mul_3,,Mul,3,mlp_non_projection,,,,,,,,,,,,,,,,graph-derived
1332,/model/layers.3/mlp/act_fn/Tanh,,Tanh,3,mlp_non_projection,,,,,,,,,,,,,,,,graph-derived
1333,/model/layers.3/mlp/act_fn/Constant_2,,Constant,3,mlp_non_projection,,,,,,,,,,,,,,,,graph-derived
1334,/model/layers.3/mlp/act_fn/Add_1,,Add,3,mlp_non_projection,,,,,,,,,,,,,,,,graph-derived
1335,/model/layers.3/mlp/act_fn/Mul_4,,Mul,3,mlp_non_projection,,,,,,,,,,,,,,,,graph-derived
1336,/model/layers.3/mlp/act_fn/Constant_3,,Constant,3,mlp_non_projection,,,,,,,,,,,,,,,,graph-derived
1337,/model/layers.3/mlp/act_fn/Mul_5,,Mul,3,mlp_non_projection,,,,,,,,,,,,,,,,graph-derived
1338,/model/layers.3/mlp/up_proj/MatMul,,MatMul,3,mlp_projection,up_proj,1152,6912,float,onnx::MatMul_9768,31850496,4608,27648,once_per_decode_token,model.onnx_data,1573727744,1573727744,1,2,3,graph-derived
1339,/model/layers.3/mlp/Mul,,Mul,3,mlp_non_projection,,,,,,,,,,,,,,,,graph-derived
1340,/model/layers.3/mlp/down_proj/MatMul,,MatMul,3,mlp_projection,down_proj,6912,1152,float,onnx::MatMul_9769,31850496,27648,4608,once_per_decode_token,model.onnx_data,1605578240,1605578240,2,2,1,graph-derived
1341,/model/layers.3/post_feedforward_layernorm/Cast,,Cast,3,other,,,,,,,,,,,,,,,,graph-derived
1342,/model/layers.3/post_feedforward_layernorm/Constant,,Constant,3,other,,,,,,,,,,,,,,,,graph-derived
1343,/model/layers.3/post_feedforward_layernorm/Pow,,Pow,3,other,,,,,,,,,,,,,,,,graph-derived
1344,/model/layers.3/post_feedforward_layernorm/ReduceMean,,ReduceMean,3,other,,,,,,,,,,,,,,,,graph-derived
1345,/model/layers.3/post_feedforward_layernorm/Constant_1,,Constant,3,other,,,,,,,,,,,,,,,,graph-derived
1346,/model/layers.3/post_feedforward_layernorm/Add,,Add,3,other,,,,,,,,,,,,,,,,graph-derived
1347,/model/layers.3/post_feedforward_layernorm/Sqrt,,Sqrt,3,other,,,,,,,,,,,,,,,,graph-derived
1348,/model/layers.3/post_feedforward_layernorm/Constant_2,,Constant,3,other,,,,,,,,,,,,,,,,graph-derived
1349,/model/layers.3/post_feedforward_layernorm/Div,,Div,3,other,,,,,,,,,,,,,,,,graph-derived
1350,/model/layers.3/post_feedforward_layernorm/Mul,,Mul,3,other,,,,,,,,,,,,,,,,graph-derived
1351,/model/layers.3/post_feedforward_layernorm/Mul_1,,Mul,3,other,,,,,,,,,,,,,,,,graph-derived
1352,/model/layers.3/Add_1,,Add,3,other,,,,,,,,,,,,,,,,graph-derived
1353,/model/layers.4/input_layernorm/Cast,,Cast,4,other,,,,,,,,,,,,,,,,graph-derived
1354,/model/layers.4/input_layernorm/Constant,,Constant,4,other,,,,,,,,,,,,,,,,graph-derived
1355,/model/layers.4/input_layernorm/Pow,,Pow,4,other,,,,,,,,,,,,,,,,graph-derived
1356,/model/layers.4/input_layernorm/ReduceMean,,ReduceMean,4,other,,,,,,,,,,,,,,,,graph-derived
1357,/model/layers.4/input_layernorm/Constant_1,,Constant,4,other,,,,,,,,,,,,,,,,graph-derived
1358,/model/layers.4/input_layernorm/Add,,Add,4,other,,,,,,,,,,,,,,,,graph-derived
1359,/model/layers.4/input_layernorm/Sqrt,,Sqrt,4,other,,,,,,,,,,,,,,,,graph-derived
1360,/model/layers.4/input_layernorm/Constant_2,,Constant,4,other,,,,,,,,,,,,,,,,graph-derived
1361,/model/layers.4/input_layernorm/Div,,Div,4,other,,,,,,,,,,,,,,,,graph-derived
1362,/model/layers.4/input_layernorm/Mul,,Mul,4,other,,,,,,,,,,,,,,,,graph-derived
1363,/model/layers.4/input_layernorm/Mul_1,,Mul,4,other,,,,,,,,,,,,,,,,graph-derived
1364,/model/layers.4/self_attn/Shape,,Shape,4,attention_non_projection,,,,,,,,,,,,,,,,graph-derived
1365,/model/layers.4/self_attn/Constant,,Constant,4,attention_non_projection,,,,,,,,,,,,,,,,graph-derived
1366,/model/layers.4/self_attn/Gather,,Gather,4,attention_non_projection,,,,,,,,,,,,,,,,graph-derived
1367,/model/layers.4/self_attn/Shape_1,,Shape,4,attention_non_projection,,,,,,,,,,,,,,,,graph-derived
1368,/model/layers.4/self_attn/Constant_1,,Constant,4,attention_non_projection,,,,,,,,,,,,,,,,graph-derived
1369,/model/layers.4/self_attn/Gather_1,,Gather,4,attention_non_projection,,,,,,,,,,,,,,,,graph-derived
1370,/model/layers.4/self_attn/q_proj/MatMul,,MatMul,4,attention_projection,q_proj,1152,1024,float,onnx::MatMul_9774,4718592,4608,4096,once_per_decode_token,model.onnx_data,1637437952,1637437952,0,1,0,graph-derived
1371,Constant_4109,,Constant,,other,,,,,,,,,,,,,,,,graph-derived
1372,/model/layers.4/self_attn/Unsqueeze,,Unsqueeze,4,attention_non_projection,,,,,,,,,,,,,,,,graph-derived
1373,Constant_4111,,Constant,,other,,,,,,,,,,,,,,,,graph-derived
1374,/model/layers.4/self_attn/Unsqueeze_1,,Unsqueeze,4,attention_non_projection,,,,,,,,,,,,,,,,graph-derived
1375,/model/layers.4/self_attn/Constant_2,,Constant,4,attention_non_projection,,,,,,,,,,,,,,,,graph-derived
1376,/model/layers.4/self_attn/Constant_3,,Constant,4,attention_non_projection,,,,,,,,,,,,,,,,graph-derived
1377,/model/layers.4/self_attn/Concat,,Concat,4,attention_non_projection,,,,,,,,,,,,,,,,graph-derived
1378,Constant_4116,,Constant,,other,,,,,,,,,,,,,,,,graph-derived
1379,/model/layers.4/self_attn/Unsqueeze_2,,Unsqueeze,4,attention_non_projection,,,,,,,,,,,,,,,,graph-derived
1380,Constant_4118,,Constant,,other,,,,,,,,,,,,,,,,graph-derived
1381,/model/layers.4/self_attn/Unsqueeze_3,,Unsqueeze,4,attention_non_projection,,,,,,,,,,,,,,,,graph-derived
1382,/model/layers.4/self_attn/Constant_4,,Constant,4,attention_non_projection,,,,,,,,,,,,,,,,graph-derived
1383,/model/layers.4/self_attn/Constant_5,,Constant,4,attention_non_projection,,,,,,,,,,,,,,,,graph-derived
1384,/model/layers.4/self_attn/Concat_1,,Concat,4,attention_non_projection,,,,,,,,,,,,,,,,graph-derived
1385,Constant_4123,,Constant,,other,,,,,,,,,,,,,,,,graph-derived
1386,/model/layers.4/self_attn/Unsqueeze_4,,Unsqueeze,4,attention_non_projection,,,,,,,,,,,,,,,,graph-derived
1387,Constant_4125,,Constant,,other,,,,,,,,,,,,,,,,graph-derived
1388,/model/layers.4/self_attn/Unsqueeze_5,,Unsqueeze,4,attention_non_projection,,,,,,,,,,,,,,,,graph-derived
1389,/model/layers.4/self_attn/Constant_6,,Constant,4,attention_non_projection,,,,,,,,,,,,,,,,graph-derived
1390,/model/layers.4/self_attn/Constant_7,,Constant,4,attention_non_projection,,,,,,,,,,,,,,,,graph-derived
1391,/model/layers.4/self_attn/Concat_2,,Concat,4,attention_non_projection,,,,,,,,,,,,,,,,graph-derived
1392,/model/layers.4/self_attn/Reshape,,Reshape,4,attention_non_projection,,,,,,,,,,,,,,,,graph-derived
1393,/model/layers.4/self_attn/Transpose,,Transpose,4,attention_non_projection,,,,,,,,,,,,,,,,graph-derived
1394,/model/layers.4/self_attn/k_proj/MatMul,,MatMul,4,attention_projection,k_proj,1152,256,float,onnx::MatMul_9781,1179648,4608,1024,once_per_decode_token,model.onnx_data,1642156544,1642156544,1,3,2,graph-derived
1395,/model/layers.4/self_attn/Reshape_1,,Reshape,4,attention_non_projection,,,,,,,,,,,,,,,,graph-derived
1396,/model/layers.4/self_attn/Transpose_1,,Transpose,4,attention_non_projection,,,,,,,,,,,,,,,,graph-derived
1397,/model/layers.4/self_attn/v_proj/MatMul,,MatMul,4,attention_projection,v_proj,1152,256,float,onnx::MatMul_9782,1179648,4608,1024,once_per_decode_token,model.onnx_data,1643336192,1643336192,2,1,0,graph-derived
1398,/model/layers.4/self_attn/Reshape_2,,Reshape,4,attention_non_projection,,,,,,,,,,,,,,,,graph-derived
1399,/model/layers.4/self_attn/Transpose_2,,Transpose,4,attention_non_projection,,,,,,,,,,,,,,,,graph-derived
1400,/model/layers.4/self_attn/q_norm/Cast,,Cast,4,attention_non_projection,,,,,,,,,,,,,,,,graph-derived
1401,/model/layers.4/self_attn/q_norm/Constant,,Constant,4,attention_non_projection,,,,,,,,,,,,,,,,graph-derived
1402,/model/layers.4/self_attn/q_norm/Pow,,Pow,4,attention_non_projection,,,,,,,,,,,,,,,,graph-derived
1403,/model/layers.4/self_attn/q_norm/ReduceMean,,ReduceMean,4,attention_non_projection,,,,,,,,,,,,,,,,graph-derived
1404,/model/layers.4/self_attn/q_norm/Constant_1,,Constant,4,attention_non_projection,,,,,,,,,,,,,,,,graph-derived
1405,/model/layers.4/self_attn/q_norm/Add,,Add,4,attention_non_projection,,,,,,,,,,,,,,,,graph-derived
1406,/model/layers.4/self_attn/q_norm/Sqrt,,Sqrt,4,attention_non_projection,,,,,,,,,,,,,,,,graph-derived
1407,/model/layers.4/self_attn/q_norm/Constant_2,,Constant,4,attention_non_projection,,,,,,,,,,,,,,,,graph-derived
1408,/model/layers.4/self_attn/q_norm/Div,,Div,4,attention_non_projection,,,,,,,,,,,,,,,,graph-derived
1409,/model/layers.4/self_attn/q_norm/Mul,,Mul,4,attention_non_projection,,,,,,,,,,,,,,,,graph-derived
1410,/model/layers.4/self_attn/q_norm/Mul_1,,Mul,4,attention_non_projection,,,,,,,,,,,,,,,,graph-derived
1411,/model/layers.4/self_attn/k_norm/Cast,,Cast,4,attention_non_projection,,,,,,,,,,,,,,,,graph-derived
1412,/model/layers.4/self_attn/k_norm/Constant,,Constant,4,attention_non_projection,,,,,,,,,,,,,,,,graph-derived
1413,/model/layers.4/self_attn/k_norm/Pow,,Pow,4,attention_non_projection,,,,,,,,,,,,,,,,graph-derived
1414,/model/layers.4/self_attn/k_norm/ReduceMean,,ReduceMean,4,attention_non_projection,,,,,,,,,,,,,,,,graph-derived
1415,/model/layers.4/self_attn/k_norm/Constant_1,,Constant,4,attention_non_projection,,,,,,,,,,,,,,,,graph-derived
1416,/model/layers.4/self_attn/k_norm/Add,,Add,4,attention_non_projection,,,,,,,,,,,,,,,,graph-derived
1417,/model/layers.4/self_attn/k_norm/Sqrt,,Sqrt,4,attention_non_projection,,,,,,,,,,,,,,,,graph-derived
1418,/model/layers.4/self_attn/k_norm/Constant_2,,Constant,4,attention_non_projection,,,,,,,,,,,,,,,,graph-derived
1419,/model/layers.4/self_attn/k_norm/Div,,Div,4,attention_non_projection,,,,,,,,,,,,,,,,graph-derived
1420,/model/layers.4/self_attn/k_norm/Mul,,Mul,4,attention_non_projection,,,,,,,,,,,,,,,,graph-derived
1421,/model/layers.4/self_attn/k_norm/Mul_1,,Mul,4,attention_non_projection,,,,,,,,,,,,,,,,graph-derived
1422,/model/layers.4/self_attn/Mul,,Mul,4,attention_non_projection,,,,,,,,,,,,,,,,graph-derived
1423,/model/layers.4/self_attn/Shape_2,,Shape,4,attention_non_projection,,,,,,,,,,,,,,,,graph-derived
1424,/model/layers.4/self_attn/Constant_8,,Constant,4,attention_non_projection,,,,,,,,,,,,,,,,graph-derived
1425,/model/layers.4/self_attn/Gather_2,,Gather,4,attention_non_projection,,,,,,,,,,,,,,,,graph-derived
1426,/model/layers.4/self_attn/Constant_9,,Constant,4,attention_non_projection,,,,,,,,,,,,,,,,graph-derived
1427,/model/layers.4/self_attn/Div,,Div,4,attention_non_projection,,,,,,,,,,,,,,,,graph-derived
1428,/model/layers.4/self_attn/Cast,,Cast,4,attention_non_projection,,,,,,,,,,,,,,,,graph-derived
1429,/model/layers.4/self_attn/Cast_1,,Cast,4,attention_non_projection,,,,,,,,,,,,,,,,graph-derived
1430,/model/layers.4/self_attn/Constant_10,,Constant,4,attention_non_projection,,,,,,,,,,,,,,,,graph-derived
1431,/model/layers.4/self_attn/Constant_11,,Constant,4,attention_non_projection,,,,,,,,,,,,,,,,graph-derived
1432,/model/layers.4/self_attn/Constant_12,,Constant,4,attention_non_projection,,,,,,,,,,,,,,,,graph-derived
1433,/model/layers.4/self_attn/Unsqueeze_6,,Unsqueeze,4,attention_non_projection,,,,,,,,,,,,,,,,graph-derived
1434,/model/layers.4/self_attn/Constant_13,,Constant,4,attention_non_projection,,,,,,,,,,,,,,,,graph-derived
1435,/model/layers.4/self_attn/Slice,,Slice,4,attention_non_projection,,,,,,,,,,,,,,,,graph-derived
1436,/model/layers.4/self_attn/Constant_14,,Constant,4,attention_non_projection,,,,,,,,,,,,,,,,graph-derived
1437,/model/layers.4/self_attn/Constant_15,,Constant,4,attention_non_projection,,,,,,,,,,,,,,,,graph-derived
1438,/model/layers.4/self_attn/Unsqueeze_7,,Unsqueeze,4,attention_non_projection,,,,,,,,,,,,,,,,graph-derived
1439,/model/layers.4/self_attn/Constant_16,,Constant,4,attention_non_projection,,,,,,,,,,,,,,,,graph-derived
1440,/model/layers.4/self_attn/Constant_17,,Constant,4,attention_non_projection,,,,,,,,,,,,,,,,graph-derived
1441,/model/layers.4/self_attn/Slice_1,,Slice,4,attention_non_projection,,,,,,,,,,,,,,,,graph-derived
1442,/model/layers.4/self_attn/Neg,,Neg,4,attention_non_projection,,,,,,,,,,,,,,,,graph-derived
1443,/model/layers.4/self_attn/Concat_3,,Concat,4,attention_non_projection,,,,,,,,,,,,,,,,graph-derived
1444,/model/layers.4/self_attn/Mul_1,,Mul,4,attention_non_projection,,,,,,,,,,,,,,,,graph-derived
1445,/model/layers.4/self_attn/Add,,Add,4,attention_non_projection,,,,,,,,,,,,,,,,graph-derived
1446,/model/layers.4/self_attn/Mul_2,,Mul,4,attention_non_projection,,,,,,,,,,,,,,,,graph-derived
1447,/model/layers.4/self_attn/Shape_3,,Shape,4,attention_non_projection,,,,,,,,,,,,,,,,graph-derived
1448,/model/layers.4/self_attn/Constant_18,,Constant,4,attention_non_projection,,,,,,,,,,,,,,,,graph-derived
1449,/model/layers.4/self_attn/Gather_3,,Gather,4,attention_non_projection,,,,,,,,,,,,,,,,graph-derived
1450,/model/layers.4/self_attn/Constant_19,,Constant,4,attention_non_projection,,,,,,,,,,,,,,,,graph-derived
1451,/model/layers.4/self_attn/Div_1,,Div,4,attention_non_projection,,,,,,,,,,,,,,,,graph-derived
1452,/model/layers.4/self_attn/Cast_2,,Cast,4,attention_non_projection,,,,,,,,,,,,,,,,graph-derived
1453,/model/layers.4/self_attn/Cast_3,,Cast,4,attention_non_projection,,,,,,,,,,,,,,,,graph-derived
1454,/model/layers.4/self_attn/Constant_20,,Constant,4,attention_non_projection,,,,,,,,,,,,,,,,graph-derived
1455,/model/layers.4/self_attn/Constant_21,,Constant,4,attention_non_projection,,,,,,,,,,,,,,,,graph-derived
1456,/model/layers.4/self_attn/Constant_22,,Constant,4,attention_non_projection,,,,,,,,,,,,,,,,graph-derived
1457,/model/layers.4/self_attn/Unsqueeze_8,,Unsqueeze,4,attention_non_projection,,,,,,,,,,,,,,,,graph-derived
1458,/model/layers.4/self_attn/Constant_23,,Constant,4,attention_non_projection,,,,,,,,,,,,,,,,graph-derived
1459,/model/layers.4/self_attn/Slice_2,,Slice,4,attention_non_projection,,,,,,,,,,,,,,,,graph-derived
1460,/model/layers.4/self_attn/Constant_24,,Constant,4,attention_non_projection,,,,,,,,,,,,,,,,graph-derived
1461,/model/layers.4/self_attn/Constant_25,,Constant,4,attention_non_projection,,,,,,,,,,,,,,,,graph-derived
1462,/model/layers.4/self_attn/Unsqueeze_9,,Unsqueeze,4,attention_non_projection,,,,,,,,,,,,,,,,graph-derived
1463,/model/layers.4/self_attn/Constant_26,,Constant,4,attention_non_projection,,,,,,,,,,,,,,,,graph-derived
1464,/model/layers.4/self_attn/Constant_27,,Constant,4,attention_non_projection,,,,,,,,,,,,,,,,graph-derived
1465,/model/layers.4/self_attn/Slice_3,,Slice,4,attention_non_projection,,,,,,,,,,,,,,,,graph-derived
1466,/model/layers.4/self_attn/Neg_1,,Neg,4,attention_non_projection,,,,,,,,,,,,,,,,graph-derived
1467,/model/layers.4/self_attn/Concat_4,,Concat,4,attention_non_projection,,,,,,,,,,,,,,,,graph-derived
1468,/model/layers.4/self_attn/Mul_3,,Mul,4,attention_non_projection,,,,,,,,,,,,,,,,graph-derived
1469,/model/layers.4/self_attn/Add_1,,Add,4,attention_non_projection,,,,,,,,,,,,,,,,graph-derived
1470,/model/layers.4/self_attn/Concat_5,,Concat,4,attention_non_projection,,,,,,,,,,,,,,,,graph-derived
1471,/model/layers.4/self_attn/Concat_6,,Concat,4,attention_non_projection,,,,,,,,,,,,,,,,graph-derived
1472,/model/layers.4/self_attn/Shape_4,,Shape,4,attention_non_projection,,,,,,,,,,,,,,,,graph-derived
1473,/model/layers.4/self_attn/Constant_28,,Constant,4,attention_non_projection,,,,,,,,,,,,,,,,graph-derived
1474,/model/layers.4/self_attn/Gather_4,,Gather,4,attention_non_projection,,,,,,,,,,,,,,,,graph-derived
1475,/model/layers.4/self_attn/Shape_5,,Shape,4,attention_non_projection,,,,,,,,,,,,,,,,graph-derived
1476,/model/layers.4/self_attn/Constant_29,,Constant,4,attention_non_projection,,,,,,,,,,,,,,,,graph-derived
1477,/model/layers.4/self_attn/Gather_5,,Gather,4,attention_non_projection,,,,,,,,,,,,,,,,graph-derived
1478,/model/layers.4/self_attn/Shape_6,,Shape,4,attention_non_projection,,,,,,,,,,,,,,,,graph-derived
1479,/model/layers.4/self_attn/Constant_30,,Constant,4,attention_non_projection,,,,,,,,,,,,,,,,graph-derived
1480,/model/layers.4/self_attn/Gather_6,,Gather,4,attention_non_projection,,,,,,,,,,,,,,,,graph-derived
1481,/model/layers.4/self_attn/Shape_7,,Shape,4,attention_non_projection,,,,,,,,,,,,,,,,graph-derived
1482,/model/layers.4/self_attn/Constant_31,,Constant,4,attention_non_projection,,,,,,,,,,,,,,,,graph-derived
1483,/model/layers.4/self_attn/Gather_7,,Gather,4,attention_non_projection,,,,,,,,,,,,,,,,graph-derived
1484,/model/layers.4/self_attn/Constant_32,,Constant,4,attention_non_projection,,,,,,,,,,,,,,,,graph-derived
1485,/model/layers.4/self_attn/Unsqueeze_10,,Unsqueeze,4,attention_non_projection,,,,,,,,,,,,,,,,graph-derived
1486,/model/layers.4/self_attn/Constant_33,,Constant,4,attention_non_projection,,,,,,,,,,,,,,,,graph-derived
1487,/model/layers.4/self_attn/Unsqueeze_11,,Unsqueeze,4,attention_non_projection,,,,,,,,,,,,,,,,graph-derived
1488,/model/layers.4/self_attn/Constant_34,,Constant,4,attention_non_projection,,,,,,,,,,,,,,,,graph-derived
1489,/model/layers.4/self_attn/Unsqueeze_12,,Unsqueeze,4,attention_non_projection,,,,,,,,,,,,,,,,graph-derived
1490,/model/layers.4/self_attn/Constant_35,,Constant,4,attention_non_projection,,,,,,,,,,,,,,,,graph-derived
1491,/model/layers.4/self_attn/Constant_36,,Constant,4,attention_non_projection,,,,,,,,,,,,,,,,graph-derived
1492,/model/layers.4/self_attn/Unsqueeze_13,,Unsqueeze,4,attention_non_projection,,,,,,,,,,,,,,,,graph-derived
1493,/model/layers.4/self_attn/Constant_37,,Constant,4,attention_non_projection,,,,,,,,,,,,,,,,graph-derived
1494,/model/layers.4/self_attn/Unsqueeze_14,,Unsqueeze,4,attention_non_projection,,,,,,,,,,,,,,,,graph-derived
1495,/model/layers.4/self_attn/Concat_7,,Concat,4,attention_non_projection,,,,,,,,,,,,,,,,graph-derived
1496,/model/layers.4/self_attn/Constant_38,,Constant,4,attention_non_projection,,,,,,,,,,,,,,,,graph-derived
1497,/model/layers.4/self_attn/Reshape_3,,Reshape,4,attention_non_projection,,,,,,,,,,,,,,,,graph-derived
1498,/model/layers.4/self_attn/Shape_8,,Shape,4,attention_non_projection,,,,,,,,,,,,,,,,graph-derived
1499,/model/layers.4/self_attn/ConstantOfShape,,ConstantOfShape,4,attention_non_projection,,,,,,,,,,,,,,,,graph-derived
1500,/model/layers.4/self_attn/Constant_39,,Constant,4,attention_non_projection,,,,,,,,,,,,,,,,graph-derived
1501,/model/layers.4/self_attn/Mul_4,,Mul,4,attention_non_projection,,,,,,,,,,,,,,,,graph-derived
1502,/model/layers.4/self_attn/Equal,,Equal,4,attention_non_projection,,,,,,,,,,,,,,,,graph-derived
1503,/model/layers.4/self_attn/Where,,Where,4,attention_non_projection,,,,,,,,,,,,,,,,graph-derived
1504,/model/layers.4/self_attn/Expand,,Expand,4,attention_non_projection,,,,,,,,,,,,,,,,graph-derived
1505,/model/layers.4/self_attn/Constant_40,,Constant,4,attention_non_projection,,,,,,,,,,,,,,,,graph-derived
1506,/model/layers.4/self_attn/Mul_5,,Mul,4,attention_non_projection,,,,,,,,,,,,,,,,graph-derived
1507,Constant_4245,,Constant,,other,,,,,,,,,,,,,,,,graph-derived
1508,/model/layers.4/self_attn/Unsqueeze_15,,Unsqueeze,4,attention_non_projection,,,,,,,,,,,,,,,,graph-derived
1509,Constant_4247,,Constant,,other,,,,,,,,,,,,,,,,graph-derived
1510,/model/layers.4/self_attn/Unsqueeze_16,,Unsqueeze,4,attention_non_projection,,,,,,,,,,,,,,,,graph-derived
1511,Constant_4249,,Constant,,other,,,,,,,,,,,,,,,,graph-derived
1512,/model/layers.4/self_attn/Unsqueeze_17,,Unsqueeze,4,attention_non_projection,,,,,,,,,,,,,,,,graph-derived
1513,Constant_4251,,Constant,,other,,,,,,,,,,,,,,,,graph-derived
1514,/model/layers.4/self_attn/Unsqueeze_18,,Unsqueeze,4,attention_non_projection,,,,,,,,,,,,,,,,graph-derived
1515,/model/layers.4/self_attn/Concat_8,,Concat,4,attention_non_projection,,,,,,,,,,,,,,,,graph-derived
1516,/model/layers.4/self_attn/Reshape_4,,Reshape,4,attention_non_projection,,,,,,,,,,,,,,,,graph-derived
1517,/model/layers.4/self_attn/Shape_9,,Shape,4,attention_non_projection,,,,,,,,,,,,,,,,graph-derived
1518,/model/layers.4/self_attn/Constant_41,,Constant,4,attention_non_projection,,,,,,,,,,,,,,,,graph-derived
1519,/model/layers.4/self_attn/Gather_8,,Gather,4,attention_non_projection,,,,,,,,,,,,,,,,graph-derived
1520,/model/layers.4/self_attn/Shape_10,,Shape,4,attention_non_projection,,,,,,,,,,,,,,,,graph-derived
1521,/model/layers.4/self_attn/Constant_42,,Constant,4,attention_non_projection,,,,,,,,,,,,,,,,graph-derived
1522,/model/layers.4/self_attn/Gather_9,,Gather,4,attention_non_projection,,,,,,,,,,,,,,,,graph-derived
1523,/model/layers.4/self_attn/Shape_11,,Shape,4,attention_non_projection,,,,,,,,,,,,,,,,graph-derived
1524,/model/layers.4/self_attn/Constant_43,,Constant,4,attention_non_projection,,,,,,,,,,,,,,,,graph-derived
1525,/model/layers.4/self_attn/Gather_10,,Gather,4,attention_non_projection,,,,,,,,,,,,,,,,graph-derived
1526,/model/layers.4/self_attn/Shape_12,,Shape,4,attention_non_projection,,,,,,,,,,,,,,,,graph-derived
1527,/model/layers.4/self_attn/Constant_44,,Constant,4,attention_non_projection,,,,,,,,,,,,,,,,graph-derived
1528,/model/layers.4/self_attn/Gather_11,,Gather,4,attention_non_projection,,,,,,,,,,,,,,,,graph-derived
1529,/model/layers.4/self_attn/Constant_45,,Constant,4,attention_non_projection,,,,,,,,,,,,,,,,graph-derived
1530,/model/layers.4/self_attn/Unsqueeze_19,,Unsqueeze,4,attention_non_projection,,,,,,,,,,,,,,,,graph-derived
1531,/model/layers.4/self_attn/Constant_46,,Constant,4,attention_non_projection,,,,,,,,,,,,,,,,graph-derived
1532,/model/layers.4/self_attn/Unsqueeze_20,,Unsqueeze,4,attention_non_projection,,,,,,,,,,,,,,,,graph-derived
1533,/model/layers.4/self_attn/Constant_47,,Constant,4,attention_non_projection,,,,,,,,,,,,,,,,graph-derived
1534,/model/layers.4/self_attn/Unsqueeze_21,,Unsqueeze,4,attention_non_projection,,,,,,,,,,,,,,,,graph-derived
1535,/model/layers.4/self_attn/Constant_48,,Constant,4,attention_non_projection,,,,,,,,,,,,,,,,graph-derived
1536,/model/layers.4/self_attn/Constant_49,,Constant,4,attention_non_projection,,,,,,,,,,,,,,,,graph-derived
1537,/model/layers.4/self_attn/Unsqueeze_22,,Unsqueeze,4,attention_non_projection,,,,,,,,,,,,,,,,graph-derived
1538,/model/layers.4/self_attn/Constant_50,,Constant,4,attention_non_projection,,,,,,,,,,,,,,,,graph-derived
1539,/model/layers.4/self_attn/Unsqueeze_23,,Unsqueeze,4,attention_non_projection,,,,,,,,,,,,,,,,graph-derived
1540,/model/layers.4/self_attn/Concat_9,,Concat,4,attention_non_projection,,,,,,,,,,,,,,,,graph-derived
1541,/model/layers.4/self_attn/Constant_51,,Constant,4,attention_non_projection,,,,,,,,,,,,,,,,graph-derived
1542,/model/layers.4/self_attn/Reshape_5,,Reshape,4,attention_non_projection,,,,,,,,,,,,,,,,graph-derived
1543,/model/layers.4/self_attn/Shape_13,,Shape,4,attention_non_projection,,,,,,,,,,,,,,,,graph-derived
1544,/model/layers.4/self_attn/ConstantOfShape_1,,ConstantOfShape,4,attention_non_projection,,,,,,,,,,,,,,,,graph-derived
1545,/model/layers.4/self_attn/Constant_52,,Constant,4,attention_non_projection,,,,,,,,,,,,,,,,graph-derived
1546,/model/layers.4/self_attn/Mul_6,,Mul,4,attention_non_projection,,,,,,,,,,,,,,,,graph-derived
1547,/model/layers.4/self_attn/Equal_1,,Equal,4,attention_non_projection,,,,,,,,,,,,,,,,graph-derived
1548,/model/layers.4/self_attn/Where_1,,Where,4,attention_non_projection,,,,,,,,,,,,,,,,graph-derived
1549,/model/layers.4/self_attn/Expand_1,,Expand,4,attention_non_projection,,,,,,,,,,,,,,,,graph-derived
1550,/model/layers.4/self_attn/Constant_53,,Constant,4,attention_non_projection,,,,,,,,,,,,,,,,graph-derived
1551,/model/layers.4/self_attn/Mul_7,,Mul,4,attention_non_projection,,,,,,,,,,,,,,,,graph-derived
1552,Constant_4290,,Constant,,other,,,,,,,,,,,,,,,,graph-derived
1553,/model/layers.4/self_attn/Unsqueeze_24,,Unsqueeze,4,attention_non_projection,,,,,,,,,,,,,,,,graph-derived
1554,Constant_4292,,Constant,,other,,,,,,,,,,,,,,,,graph-derived
1555,/model/layers.4/self_attn/Unsqueeze_25,,Unsqueeze,4,attention_non_projection,,,,,,,,,,,,,,,,graph-derived
1556,Constant_4294,,Constant,,other,,,,,,,,,,,,,,,,graph-derived
1557,/model/layers.4/self_attn/Unsqueeze_26,,Unsqueeze,4,attention_non_projection,,,,,,,,,,,,,,,,graph-derived
1558,Constant_4296,,Constant,,other,,,,,,,,,,,,,,,,graph-derived
1559,/model/layers.4/self_attn/Unsqueeze_27,,Unsqueeze,4,attention_non_projection,,,,,,,,,,,,,,,,graph-derived
1560,/model/layers.4/self_attn/Concat_10,,Concat,4,attention_non_projection,,,,,,,,,,,,,,,,graph-derived
1561,/model/layers.4/self_attn/Reshape_6,,Reshape,4,attention_non_projection,,,,,,,,,,,,,,,,graph-derived
1562,/model/layers.4/self_attn/Shape_14,,Shape,4,attention_non_projection,,,,,,,,,,,,,,,,graph-derived
1563,/model/layers.4/self_attn/Constant_54,,Constant,4,attention_non_projection,,,,,,,,,,,,,,,,graph-derived
1564,/model/layers.4/self_attn/Gather_12,,Gather,4,attention_non_projection,,,,,,,,,,,,,,,,graph-derived
1565,/model/layers.4/self_attn/Constant_55,,Constant,4,attention_non_projection,,,,,,,,,,,,,,,,graph-derived
1566,/model/layers.4/self_attn/Constant_56,,Constant,4,attention_non_projection,,,,,,,,,,,,,,,,graph-derived
1567,/model/layers.4/self_attn/Constant_57,,Constant,4,attention_non_projection,,,,,,,,,,,,,,,,graph-derived
1568,/model/layers.4/self_attn/Unsqueeze_28,,Unsqueeze,4,attention_non_projection,,,,,,,,,,,,,,,,graph-derived
1569,/model/layers.4/self_attn/Constant_58,,Constant,4,attention_non_projection,,,,,,,,,,,,,,,,graph-derived
1570,/model/layers.4/self_attn/Slice_4,,Slice,4,attention_non_projection,,,,,,,,,,,,,,,,graph-derived
1571,/model/layers.4/self_attn/Transpose_3,,Transpose,4,attention_non_projection,,,,,,,,,,,,,,,,graph-derived
1572,/model/layers.4/self_attn/Constant_59,,Constant,4,attention_non_projection,,,,,,,,,,,,,,,,graph-derived
1573,/model/layers.4/self_attn/Mul_8,,Mul,4,attention_non_projection,,,,,,,,,,,,,,,,graph-derived
1574,/model/layers.4/self_attn/Constant_60,,Constant,4,attention_non_projection,,,,,,,,,,,,,,,,graph-derived
1575,/model/layers.4/self_attn/Mul_9,,Mul,4,attention_non_projection,,,,,,,,,,,,,,,,graph-derived
1576,/model/layers.4/self_attn/MatMul,,MatMul,4,attention_non_projection,,,,,,,,,,,,,,,,graph-derived
1577,/model/layers.4/self_attn/Constant_61,,Constant,4,attention_non_projection,,,,,,,,,,,,,,,,graph-derived
1578,/model/layers.4/self_attn/Constant_62,,Constant,4,attention_non_projection,,,,,,,,,,,,,,,,graph-derived
1579,/model/layers.4/self_attn/Where_2,,Where,4,attention_non_projection,,,,,,,,,,,,,,,,graph-derived
1580,/model/layers.4/self_attn/Add_2,,Add,4,attention_non_projection,,,,,,,,,,,,,,,,graph-derived
1581,/model/layers.4/self_attn/Softmax,,Softmax,4,attention_non_projection,,,,,,,,,,,,,,,,graph-derived
1582,/model/layers.4/self_attn/IsNaN,,IsNaN,4,attention_non_projection,,,,,,,,,,,,,,,,graph-derived
1583,/model/layers.4/self_attn/Constant_63,,Constant,4,attention_non_projection,,,,,,,,,,,,,,,,graph-derived
1584,/model/layers.4/self_attn/Where_3,,Where,4,attention_non_projection,,,,,,,,,,,,,,,,graph-derived
1585,/model/layers.4/self_attn/MatMul_1,,MatMul,4,attention_non_projection,,,,,,,,,,,,,,,,graph-derived
1586,/model/layers.4/self_attn/Transpose_4,,Transpose,4,attention_non_projection,,,,,,,,,,,,,,,,graph-derived
1587,Constant_4325,,Constant,,other,,,,,,,,,,,,,,,,graph-derived
1588,/model/layers.4/self_attn/Unsqueeze_29,,Unsqueeze,4,attention_non_projection,,,,,,,,,,,,,,,,graph-derived
1589,Constant_4327,,Constant,,other,,,,,,,,,,,,,,,,graph-derived
1590,/model/layers.4/self_attn/Unsqueeze_30,,Unsqueeze,4,attention_non_projection,,,,,,,,,,,,,,,,graph-derived
1591,/model/layers.4/self_attn/Constant_64,,Constant,4,attention_non_projection,,,,,,,,,,,,,,,,graph-derived
1592,/model/layers.4/self_attn/Concat_11,,Concat,4,attention_non_projection,,,,,,,,,,,,,,,,graph-derived
1593,/model/layers.4/self_attn/Reshape_7,,Reshape,4,attention_non_projection,,,,,,,,,,,,,,,,graph-derived
1594,/model/layers.4/self_attn/o_proj/MatMul,,MatMul,4,attention_projection,o_proj,1024,1152,float,onnx::MatMul_9809,4718592,4096,4608,once_per_decode_token,model.onnx_data,1644517888,1644517888,3,3,2,graph-derived
1595,/model/layers.4/post_attention_layernorm/Cast,,Cast,4,other,,,,,,,,,,,,,,,,graph-derived
1596,/model/layers.4/post_attention_layernorm/Constant,,Constant,4,other,,,,,,,,,,,,,,,,graph-derived
1597,/model/layers.4/post_attention_layernorm/Pow,,Pow,4,other,,,,,,,,,,,,,,,,graph-derived
1598,/model/layers.4/post_attention_layernorm/ReduceMean,,ReduceMean,4,other,,,,,,,,,,,,,,,,graph-derived
1599,/model/layers.4/post_attention_layernorm/Constant_1,,Constant,4,other,,,,,,,,,,,,,,,,graph-derived
1600,/model/layers.4/post_attention_layernorm/Add,,Add,4,other,,,,,,,,,,,,,,,,graph-derived
1601,/model/layers.4/post_attention_layernorm/Sqrt,,Sqrt,4,other,,,,,,,,,,,,,,,,graph-derived
1602,/model/layers.4/post_attention_layernorm/Constant_2,,Constant,4,other,,,,,,,,,,,,,,,,graph-derived
1603,/model/layers.4/post_attention_layernorm/Div,,Div,4,other,,,,,,,,,,,,,,,,graph-derived
1604,/model/layers.4/post_attention_layernorm/Mul,,Mul,4,other,,,,,,,,,,,,,,,,graph-derived
1605,/model/layers.4/post_attention_layernorm/Mul_1,,Mul,4,other,,,,,,,,,,,,,,,,graph-derived
1606,/model/layers.4/Add,,Add,4,other,,,,,,,,,,,,,,,,graph-derived
1607,/model/layers.4/pre_feedforward_layernorm/Cast,,Cast,4,other,,,,,,,,,,,,,,,,graph-derived
1608,/model/layers.4/pre_feedforward_layernorm/Constant,,Constant,4,other,,,,,,,,,,,,,,,,graph-derived
1609,/model/layers.4/pre_feedforward_layernorm/Pow,,Pow,4,other,,,,,,,,,,,,,,,,graph-derived
1610,/model/layers.4/pre_feedforward_layernorm/ReduceMean,,ReduceMean,4,other,,,,,,,,,,,,,,,,graph-derived
1611,/model/layers.4/pre_feedforward_layernorm/Constant_1,,Constant,4,other,,,,,,,,,,,,,,,,graph-derived
1612,/model/layers.4/pre_feedforward_layernorm/Add,,Add,4,other,,,,,,,,,,,,,,,,graph-derived
1613,/model/layers.4/pre_feedforward_layernorm/Sqrt,,Sqrt,4,other,,,,,,,,,,,,,,,,graph-derived
1614,/model/layers.4/pre_feedforward_layernorm/Constant_2,,Constant,4,other,,,,,,,,,,,,,,,,graph-derived
1615,/model/layers.4/pre_feedforward_layernorm/Div,,Div,4,other,,,,,,,,,,,,,,,,graph-derived
1616,/model/layers.4/pre_feedforward_layernorm/Mul,,Mul,4,other,,,,,,,,,,,,,,,,graph-derived
1617,/model/layers.4/pre_feedforward_layernorm/Mul_1,,Mul,4,other,,,,,,,,,,,,,,,,graph-derived
1618,/model/layers.4/mlp/gate_proj/MatMul,,MatMul,4,mlp_projection,gate_proj,1152,6912,float,onnx::MatMul_9814,31850496,4608,27648,once_per_decode_token,model.onnx_data,1649245696,1649245696,0,0,0,graph-derived
1619,/model/layers.4/mlp/act_fn/Mul,,Mul,4,mlp_non_projection,,,,,,,,,,,,,,,,graph-derived
1620,/model/layers.4/mlp/act_fn/Mul_1,,Mul,4,mlp_non_projection,,,,,,,,,,,,,,,,graph-derived
1621,/model/layers.4/mlp/act_fn/Constant,,Constant,4,mlp_non_projection,,,,,,,,,,,,,,,,graph-derived
1622,/model/layers.4/mlp/act_fn/Mul_2,,Mul,4,mlp_non_projection,,,,,,,,,,,,,,,,graph-derived
1623,/model/layers.4/mlp/act_fn/Add,,Add,4,mlp_non_projection,,,,,,,,,,,,,,,,graph-derived
1624,/model/layers.4/mlp/act_fn/Constant_1,,Constant,4,mlp_non_projection,,,,,,,,,,,,,,,,graph-derived
1625,/model/layers.4/mlp/act_fn/Mul_3,,Mul,4,mlp_non_projection,,,,,,,,,,,,,,,,graph-derived
1626,/model/layers.4/mlp/act_fn/Tanh,,Tanh,4,mlp_non_projection,,,,,,,,,,,,,,,,graph-derived
1627,/model/layers.4/mlp/act_fn/Constant_2,,Constant,4,mlp_non_projection,,,,,,,,,,,,,,,,graph-derived
1628,/model/layers.4/mlp/act_fn/Add_1,,Add,4,mlp_non_projection,,,,,,,,,,,,,,,,graph-derived
1629,/model/layers.4/mlp/act_fn/Mul_4,,Mul,4,mlp_non_projection,,,,,,,,,,,,,,,,graph-derived
1630,/model/layers.4/mlp/act_fn/Constant_3,,Constant,4,mlp_non_projection,,,,,,,,,,,,,,,,graph-derived
1631,/model/layers.4/mlp/act_fn/Mul_5,,Mul,4,mlp_non_projection,,,,,,,,,,,,,,,,graph-derived
1632,/model/layers.4/mlp/up_proj/MatMul,,MatMul,4,mlp_projection,up_proj,1152,6912,float,onnx::MatMul_9815,31850496,4608,27648,once_per_decode_token,model.onnx_data,1681096192,1681096192,1,0,2,graph-derived
1633,/model/layers.4/mlp/Mul,,Mul,4,mlp_non_projection,,,,,,,,,,,,,,,,graph-derived
1634,/model/layers.4/mlp/down_proj/MatMul,,MatMul,4,mlp_projection,down_proj,6912,1152,float,onnx::MatMul_9816,31850496,27648,4608,once_per_decode_token,model.onnx_data,1712946688,1712946688,2,3,0,graph-derived
1635,/model/layers.4/post_feedforward_layernorm/Cast,,Cast,4,other,,,,,,,,,,,,,,,,graph-derived
1636,/model/layers.4/post_feedforward_layernorm/Constant,,Constant,4,other,,,,,,,,,,,,,,,,graph-derived
1637,/model/layers.4/post_feedforward_layernorm/Pow,,Pow,4,other,,,,,,,,,,,,,,,,graph-derived
1638,/model/layers.4/post_feedforward_layernorm/ReduceMean,,ReduceMean,4,other,,,,,,,,,,,,,,,,graph-derived
1639,/model/layers.4/post_feedforward_layernorm/Constant_1,,Constant,4,other,,,,,,,,,,,,,,,,graph-derived
1640,/model/layers.4/post_feedforward_layernorm/Add,,Add,4,other,,,,,,,,,,,,,,,,graph-derived
1641,/model/layers.4/post_feedforward_layernorm/Sqrt,,Sqrt,4,other,,,,,,,,,,,,,,,,graph-derived
1642,/model/layers.4/post_feedforward_layernorm/Constant_2,,Constant,4,other,,,,,,,,,,,,,,,,graph-derived
1643,/model/layers.4/post_feedforward_layernorm/Div,,Div,4,other,,,,,,,,,,,,,,,,graph-derived
1644,/model/layers.4/post_feedforward_layernorm/Mul,,Mul,4,other,,,,,,,,,,,,,,,,graph-derived
1645,/model/layers.4/post_feedforward_layernorm/Mul_1,,Mul,4,other,,,,,,,,,,,,,,,,graph-derived
1646,/model/layers.4/Add_1,,Add,4,other,,,,,,,,,,,,,,,,graph-derived
1647,/model/layers.5/input_layernorm/Cast,,Cast,5,other,,,,,,,,,,,,,,,,graph-derived
1648,/model/layers.5/input_layernorm/Constant,,Constant,5,other,,,,,,,,,,,,,,,,graph-derived
1649,/model/layers.5/input_layernorm/Pow,,Pow,5,other,,,,,,,,,,,,,,,,graph-derived
1650,/model/layers.5/input_layernorm/ReduceMean,,ReduceMean,5,other,,,,,,,,,,,,,,,,graph-derived
1651,/model/layers.5/input_layernorm/Constant_1,,Constant,5,other,,,,,,,,,,,,,,,,graph-derived
1652,/model/layers.5/input_layernorm/Add,,Add,5,other,,,,,,,,,,,,,,,,graph-derived
1653,/model/layers.5/input_layernorm/Sqrt,,Sqrt,5,other,,,,,,,,,,,,,,,,graph-derived
1654,/model/layers.5/input_layernorm/Constant_2,,Constant,5,other,,,,,,,,,,,,,,,,graph-derived
1655,/model/layers.5/input_layernorm/Div,,Div,5,other,,,,,,,,,,,,,,,,graph-derived
1656,/model/layers.5/input_layernorm/Mul,,Mul,5,other,,,,,,,,,,,,,,,,graph-derived
1657,/model/layers.5/input_layernorm/Mul_1,,Mul,5,other,,,,,,,,,,,,,,,,graph-derived
1658,/model/layers.5/self_attn/Shape,,Shape,5,attention_non_projection,,,,,,,,,,,,,,,,graph-derived
1659,/model/layers.5/self_attn/Constant,,Constant,5,attention_non_projection,,,,,,,,,,,,,,,,graph-derived
1660,/model/layers.5/self_attn/Gather,,Gather,5,attention_non_projection,,,,,,,,,,,,,,,,graph-derived
1661,/model/layers.5/self_attn/Shape_1,,Shape,5,attention_non_projection,,,,,,,,,,,,,,,,graph-derived
1662,/model/layers.5/self_attn/Constant_1,,Constant,5,attention_non_projection,,,,,,,,,,,,,,,,graph-derived
1663,/model/layers.5/self_attn/Gather_1,,Gather,5,attention_non_projection,,,,,,,,,,,,,,,,graph-derived
1664,/model/layers.5/self_attn/q_proj/MatMul,,MatMul,5,attention_projection,q_proj,1152,1024,float,onnx::MatMul_9821,4718592,4608,4096,once_per_decode_token,model.onnx_data,1744806400,1744806400,0,2,3,graph-derived
1665,Constant_4403,,Constant,,other,,,,,,,,,,,,,,,,graph-derived
1666,/model/layers.5/self_attn/Unsqueeze,,Unsqueeze,5,attention_non_projection,,,,,,,,,,,,,,,,graph-derived
1667,Constant_4405,,Constant,,other,,,,,,,,,,,,,,,,graph-derived
1668,/model/layers.5/self_attn/Unsqueeze_1,,Unsqueeze,5,attention_non_projection,,,,,,,,,,,,,,,,graph-derived
1669,/model/layers.5/self_attn/Constant_2,,Constant,5,attention_non_projection,,,,,,,,,,,,,,,,graph-derived
1670,/model/layers.5/self_attn/Constant_3,,Constant,5,attention_non_projection,,,,,,,,,,,,,,,,graph-derived
1671,/model/layers.5/self_attn/Concat,,Concat,5,attention_non_projection,,,,,,,,,,,,,,,,graph-derived
1672,Constant_4410,,Constant,,other,,,,,,,,,,,,,,,,graph-derived
1673,/model/layers.5/self_attn/Unsqueeze_2,,Unsqueeze,5,attention_non_projection,,,,,,,,,,,,,,,,graph-derived
1674,Constant_4412,,Constant,,other,,,,,,,,,,,,,,,,graph-derived
1675,/model/layers.5/self_attn/Unsqueeze_3,,Unsqueeze,5,attention_non_projection,,,,,,,,,,,,,,,,graph-derived
1676,/model/layers.5/self_attn/Constant_4,,Constant,5,attention_non_projection,,,,,,,,,,,,,,,,graph-derived
1677,/model/layers.5/self_attn/Constant_5,,Constant,5,attention_non_projection,,,,,,,,,,,,,,,,graph-derived
1678,/model/layers.5/self_attn/Concat_1,,Concat,5,attention_non_projection,,,,,,,,,,,,,,,,graph-derived
1679,Constant_4417,,Constant,,other,,,,,,,,,,,,,,,,graph-derived
1680,/model/layers.5/self_attn/Unsqueeze_4,,Unsqueeze,5,attention_non_projection,,,,,,,,,,,,,,,,graph-derived
1681,Constant_4419,,Constant,,other,,,,,,,,,,,,,,,,graph-derived
1682,/model/layers.5/self_attn/Unsqueeze_5,,Unsqueeze,5,attention_non_projection,,,,,,,,,,,,,,,,graph-derived
1683,/model/layers.5/self_attn/Constant_6,,Constant,5,attention_non_projection,,,,,,,,,,,,,,,,graph-derived
1684,/model/layers.5/self_attn/Constant_7,,Constant,5,attention_non_projection,,,,,,,,,,,,,,,,graph-derived
1685,/model/layers.5/self_attn/Concat_2,,Concat,5,attention_non_projection,,,,,,,,,,,,,,,,graph-derived
1686,/model/layers.5/self_attn/Reshape,,Reshape,5,attention_non_projection,,,,,,,,,,,,,,,,graph-derived
1687,/model/layers.5/self_attn/Transpose,,Transpose,5,attention_non_projection,,,,,,,,,,,,,,,,graph-derived
1688,/model/layers.5/self_attn/k_proj/MatMul,,MatMul,5,attention_projection,k_proj,1152,256,float,onnx::MatMul_9828,1179648,4608,1024,once_per_decode_token,model.onnx_data,1749524992,1749524992,1,0,1,graph-derived
1689,/model/layers.5/self_attn/Reshape_1,,Reshape,5,attention_non_projection,,,,,,,,,,,,,,,,graph-derived
1690,/model/layers.5/self_attn/Transpose_1,,Transpose,5,attention_non_projection,,,,,,,,,,,,,,,,graph-derived
1691,/model/layers.5/self_attn/v_proj/MatMul,,MatMul,5,attention_projection,v_proj,1152,256,float,onnx::MatMul_9829,1179648,4608,1024,once_per_decode_token,model.onnx_data,1750704640,1750704640,2,2,3,graph-derived
1692,/model/layers.5/self_attn/Reshape_2,,Reshape,5,attention_non_projection,,,,,,,,,,,,,,,,graph-derived
1693,/model/layers.5/self_attn/Transpose_2,,Transpose,5,attention_non_projection,,,,,,,,,,,,,,,,graph-derived
1694,/model/layers.5/self_attn/q_norm/Cast,,Cast,5,attention_non_projection,,,,,,,,,,,,,,,,graph-derived
1695,/model/layers.5/self_attn/q_norm/Constant,,Constant,5,attention_non_projection,,,,,,,,,,,,,,,,graph-derived
1696,/model/layers.5/self_attn/q_norm/Pow,,Pow,5,attention_non_projection,,,,,,,,,,,,,,,,graph-derived
1697,/model/layers.5/self_attn/q_norm/ReduceMean,,ReduceMean,5,attention_non_projection,,,,,,,,,,,,,,,,graph-derived
1698,/model/layers.5/self_attn/q_norm/Constant_1,,Constant,5,attention_non_projection,,,,,,,,,,,,,,,,graph-derived
1699,/model/layers.5/self_attn/q_norm/Add,,Add,5,attention_non_projection,,,,,,,,,,,,,,,,graph-derived
1700,/model/layers.5/self_attn/q_norm/Sqrt,,Sqrt,5,attention_non_projection,,,,,,,,,,,,,,,,graph-derived
1701,/model/layers.5/self_attn/q_norm/Constant_2,,Constant,5,attention_non_projection,,,,,,,,,,,,,,,,graph-derived
1702,/model/layers.5/self_attn/q_norm/Div,,Div,5,attention_non_projection,,,,,,,,,,,,,,,,graph-derived
1703,/model/layers.5/self_attn/q_norm/Mul,,Mul,5,attention_non_projection,,,,,,,,,,,,,,,,graph-derived
1704,/model/layers.5/self_attn/q_norm/Mul_1,,Mul,5,attention_non_projection,,,,,,,,,,,,,,,,graph-derived
1705,/model/layers.5/self_attn/k_norm/Cast,,Cast,5,attention_non_projection,,,,,,,,,,,,,,,,graph-derived
1706,/model/layers.5/self_attn/k_norm/Constant,,Constant,5,attention_non_projection,,,,,,,,,,,,,,,,graph-derived
1707,/model/layers.5/self_attn/k_norm/Pow,,Pow,5,attention_non_projection,,,,,,,,,,,,,,,,graph-derived
1708,/model/layers.5/self_attn/k_norm/ReduceMean,,ReduceMean,5,attention_non_projection,,,,,,,,,,,,,,,,graph-derived
1709,/model/layers.5/self_attn/k_norm/Constant_1,,Constant,5,attention_non_projection,,,,,,,,,,,,,,,,graph-derived
1710,/model/layers.5/self_attn/k_norm/Add,,Add,5,attention_non_projection,,,,,,,,,,,,,,,,graph-derived
1711,/model/layers.5/self_attn/k_norm/Sqrt,,Sqrt,5,attention_non_projection,,,,,,,,,,,,,,,,graph-derived
1712,/model/layers.5/self_attn/k_norm/Constant_2,,Constant,5,attention_non_projection,,,,,,,,,,,,,,,,graph-derived
1713,/model/layers.5/self_attn/k_norm/Div,,Div,5,attention_non_projection,,,,,,,,,,,,,,,,graph-derived
1714,/model/layers.5/self_attn/k_norm/Mul,,Mul,5,attention_non_projection,,,,,,,,,,,,,,,,graph-derived
1715,/model/layers.5/self_attn/k_norm/Mul_1,,Mul,5,attention_non_projection,,,,,,,,,,,,,,,,graph-derived
1716,/model/layers.5/self_attn/Constant_8,,Constant,5,attention_non_projection,,,,,,,,,,,,,,,,graph-derived
1717,/model/layers.5/self_attn/Unsqueeze_6,,Unsqueeze,5,attention_non_projection,,,,,,,,,,,,,,,,graph-derived
1718,/model/layers.5/self_attn/Constant_9,,Constant,5,attention_non_projection,,,,,,,,,,,,,,,,graph-derived
1719,/model/layers.5/self_attn/Unsqueeze_7,,Unsqueeze,5,attention_non_projection,,,,,,,,,,,,,,,,graph-derived
1720,/model/layers.5/self_attn/Mul,,Mul,5,attention_non_projection,,,,,,,,,,,,,,,,graph-derived
1721,/model/layers.5/self_attn/Shape_2,,Shape,5,attention_non_projection,,,,,,,,,,,,,,,,graph-derived
1722,/model/layers.5/self_attn/Constant_10,,Constant,5,attention_non_projection,,,,,,,,,,,,,,,,graph-derived
1723,/model/layers.5/self_attn/Gather_2,,Gather,5,attention_non_projection,,,,,,,,,,,,,,,,graph-derived
1724,/model/layers.5/self_attn/Constant_11,,Constant,5,attention_non_projection,,,,,,,,,,,,,,,,graph-derived
1725,/model/layers.5/self_attn/Div,,Div,5,attention_non_projection,,,,,,,,,,,,,,,,graph-derived
1726,/model/layers.5/self_attn/Cast,,Cast,5,attention_non_projection,,,,,,,,,,,,,,,,graph-derived
1727,/model/layers.5/self_attn/Cast_1,,Cast,5,attention_non_projection,,,,,,,,,,,,,,,,graph-derived
1728,/model/layers.5/self_attn/Constant_12,,Constant,5,attention_non_projection,,,,,,,,,,,,,,,,graph-derived
1729,/model/layers.5/self_attn/Constant_13,,Constant,5,attention_non_projection,,,,,,,,,,,,,,,,graph-derived
1730,/model/layers.5/self_attn/Constant_14,,Constant,5,attention_non_projection,,,,,,,,,,,,,,,,graph-derived
1731,/model/layers.5/self_attn/Unsqueeze_8,,Unsqueeze,5,attention_non_projection,,,,,,,,,,,,,,,,graph-derived
1732,/model/layers.5/self_attn/Constant_15,,Constant,5,attention_non_projection,,,,,,,,,,,,,,,,graph-derived
1733,/model/layers.5/self_attn/Slice,,Slice,5,attention_non_projection,,,,,,,,,,,,,,,,graph-derived
1734,/model/layers.5/self_attn/Constant_16,,Constant,5,attention_non_projection,,,,,,,,,,,,,,,,graph-derived
1735,/model/layers.5/self_attn/Constant_17,,Constant,5,attention_non_projection,,,,,,,,,,,,,,,,graph-derived
1736,/model/layers.5/self_attn/Unsqueeze_9,,Unsqueeze,5,attention_non_projection,,,,,,,,,,,,,,,,graph-derived
1737,/model/layers.5/self_attn/Constant_18,,Constant,5,attention_non_projection,,,,,,,,,,,,,,,,graph-derived
1738,/model/layers.5/self_attn/Constant_19,,Constant,5,attention_non_projection,,,,,,,,,,,,,,,,graph-derived
1739,/model/layers.5/self_attn/Slice_1,,Slice,5,attention_non_projection,,,,,,,,,,,,,,,,graph-derived
1740,/model/layers.5/self_attn/Neg,,Neg,5,attention_non_projection,,,,,,,,,,,,,,,,graph-derived
1741,/model/layers.5/self_attn/Concat_3,,Concat,5,attention_non_projection,,,,,,,,,,,,,,,,graph-derived
1742,/model/layers.5/self_attn/Mul_1,,Mul,5,attention_non_projection,,,,,,,,,,,,,,,,graph-derived
1743,/model/layers.5/self_attn/Add,,Add,5,attention_non_projection,,,,,,,,,,,,,,,,graph-derived
1744,/model/layers.5/self_attn/Mul_2,,Mul,5,attention_non_projection,,,,,,,,,,,,,,,,graph-derived
1745,/model/layers.5/self_attn/Shape_3,,Shape,5,attention_non_projection,,,,,,,,,,,,,,,,graph-derived
1746,/model/layers.5/self_attn/Constant_20,,Constant,5,attention_non_projection,,,,,,,,,,,,,,,,graph-derived
1747,/model/layers.5/self_attn/Gather_3,,Gather,5,attention_non_projection,,,,,,,,,,,,,,,,graph-derived
1748,/model/layers.5/self_attn/Constant_21,,Constant,5,attention_non_projection,,,,,,,,,,,,,,,,graph-derived
1749,/model/layers.5/self_attn/Div_1,,Div,5,attention_non_projection,,,,,,,,,,,,,,,,graph-derived
1750,/model/layers.5/self_attn/Cast_2,,Cast,5,attention_non_projection,,,,,,,,,,,,,,,,graph-derived
1751,/model/layers.5/self_attn/Cast_3,,Cast,5,attention_non_projection,,,,,,,,,,,,,,,,graph-derived
1752,/model/layers.5/self_attn/Constant_22,,Constant,5,attention_non_projection,,,,,,,,,,,,,,,,graph-derived
1753,/model/layers.5/self_attn/Constant_23,,Constant,5,attention_non_projection,,,,,,,,,,,,,,,,graph-derived
1754,/model/layers.5/self_attn/Constant_24,,Constant,5,attention_non_projection,,,,,,,,,,,,,,,,graph-derived
1755,/model/layers.5/self_attn/Unsqueeze_10,,Unsqueeze,5,attention_non_projection,,,,,,,,,,,,,,,,graph-derived
1756,/model/layers.5/self_attn/Constant_25,,Constant,5,attention_non_projection,,,,,,,,,,,,,,,,graph-derived
1757,/model/layers.5/self_attn/Slice_2,,Slice,5,attention_non_projection,,,,,,,,,,,,,,,,graph-derived
1758,/model/layers.5/self_attn/Constant_26,,Constant,5,attention_non_projection,,,,,,,,,,,,,,,,graph-derived
1759,/model/layers.5/self_attn/Constant_27,,Constant,5,attention_non_projection,,,,,,,,,,,,,,,,graph-derived
1760,/model/layers.5/self_attn/Unsqueeze_11,,Unsqueeze,5,attention_non_projection,,,,,,,,,,,,,,,,graph-derived
1761,/model/layers.5/self_attn/Constant_28,,Constant,5,attention_non_projection,,,,,,,,,,,,,,,,graph-derived
1762,/model/layers.5/self_attn/Constant_29,,Constant,5,attention_non_projection,,,,,,,,,,,,,,,,graph-derived
1763,/model/layers.5/self_attn/Slice_3,,Slice,5,attention_non_projection,,,,,,,,,,,,,,,,graph-derived
1764,/model/layers.5/self_attn/Neg_1,,Neg,5,attention_non_projection,,,,,,,,,,,,,,,,graph-derived
1765,/model/layers.5/self_attn/Concat_4,,Concat,5,attention_non_projection,,,,,,,,,,,,,,,,graph-derived
1766,/model/layers.5/self_attn/Mul_3,,Mul,5,attention_non_projection,,,,,,,,,,,,,,,,graph-derived
1767,/model/layers.5/self_attn/Add_1,,Add,5,attention_non_projection,,,,,,,,,,,,,,,,graph-derived
1768,/model/layers.5/self_attn/Concat_5,,Concat,5,attention_non_projection,,,,,,,,,,,,,,,,graph-derived
1769,/model/layers.5/self_attn/Concat_6,,Concat,5,attention_non_projection,,,,,,,,,,,,,,,,graph-derived
1770,/model/layers.5/self_attn/Shape_4,,Shape,5,attention_non_projection,,,,,,,,,,,,,,,,graph-derived
1771,/model/layers.5/self_attn/Constant_30,,Constant,5,attention_non_projection,,,,,,,,,,,,,,,,graph-derived
1772,/model/layers.5/self_attn/Gather_4,,Gather,5,attention_non_projection,,,,,,,,,,,,,,,,graph-derived
1773,/model/layers.5/self_attn/Shape_5,,Shape,5,attention_non_projection,,,,,,,,,,,,,,,,graph-derived
1774,/model/layers.5/self_attn/Constant_31,,Constant,5,attention_non_projection,,,,,,,,,,,,,,,,graph-derived
1775,/model/layers.5/self_attn/Gather_5,,Gather,5,attention_non_projection,,,,,,,,,,,,,,,,graph-derived
1776,/model/layers.5/self_attn/Shape_6,,Shape,5,attention_non_projection,,,,,,,,,,,,,,,,graph-derived
1777,/model/layers.5/self_attn/Constant_32,,Constant,5,attention_non_projection,,,,,,,,,,,,,,,,graph-derived
1778,/model/layers.5/self_attn/Gather_6,,Gather,5,attention_non_projection,,,,,,,,,,,,,,,,graph-derived
1779,/model/layers.5/self_attn/Shape_7,,Shape,5,attention_non_projection,,,,,,,,,,,,,,,,graph-derived
1780,/model/layers.5/self_attn/Constant_33,,Constant,5,attention_non_projection,,,,,,,,,,,,,,,,graph-derived
1781,/model/layers.5/self_attn/Gather_7,,Gather,5,attention_non_projection,,,,,,,,,,,,,,,,graph-derived
1782,/model/layers.5/self_attn/Constant_34,,Constant,5,attention_non_projection,,,,,,,,,,,,,,,,graph-derived
1783,/model/layers.5/self_attn/Unsqueeze_12,,Unsqueeze,5,attention_non_projection,,,,,,,,,,,,,,,,graph-derived
1784,/model/layers.5/self_attn/Constant_35,,Constant,5,attention_non_projection,,,,,,,,,,,,,,,,graph-derived
1785,/model/layers.5/self_attn/Unsqueeze_13,,Unsqueeze,5,attention_non_projection,,,,,,,,,,,,,,,,graph-derived
1786,/model/layers.5/self_attn/Constant_36,,Constant,5,attention_non_projection,,,,,,,,,,,,,,,,graph-derived
1787,/model/layers.5/self_attn/Unsqueeze_14,,Unsqueeze,5,attention_non_projection,,,,,,,,,,,,,,,,graph-derived
1788,/model/layers.5/self_attn/Constant_37,,Constant,5,attention_non_projection,,,,,,,,,,,,,,,,graph-derived
1789,/model/layers.5/self_attn/Constant_38,,Constant,5,attention_non_projection,,,,,,,,,,,,,,,,graph-derived
1790,/model/layers.5/self_attn/Unsqueeze_15,,Unsqueeze,5,attention_non_projection,,,,,,,,,,,,,,,,graph-derived
1791,/model/layers.5/self_attn/Constant_39,,Constant,5,attention_non_projection,,,,,,,,,,,,,,,,graph-derived
1792,/model/layers.5/self_attn/Unsqueeze_16,,Unsqueeze,5,attention_non_projection,,,,,,,,,,,,,,,,graph-derived
1793,/model/layers.5/self_attn/Concat_7,,Concat,5,attention_non_projection,,,,,,,,,,,,,,,,graph-derived
1794,/model/layers.5/self_attn/Constant_40,,Constant,5,attention_non_projection,,,,,,,,,,,,,,,,graph-derived
1795,/model/layers.5/self_attn/Reshape_3,,Reshape,5,attention_non_projection,,,,,,,,,,,,,,,,graph-derived
1796,/model/layers.5/self_attn/Shape_8,,Shape,5,attention_non_projection,,,,,,,,,,,,,,,,graph-derived
1797,/model/layers.5/self_attn/ConstantOfShape,,ConstantOfShape,5,attention_non_projection,,,,,,,,,,,,,,,,graph-derived
1798,/model/layers.5/self_attn/Constant_41,,Constant,5,attention_non_projection,,,,,,,,,,,,,,,,graph-derived
1799,/model/layers.5/self_attn/Mul_4,,Mul,5,attention_non_projection,,,,,,,,,,,,,,,,graph-derived
1800,/model/layers.5/self_attn/Equal,,Equal,5,attention_non_projection,,,,,,,,,,,,,,,,graph-derived
1801,/model/layers.5/self_attn/Where,,Where,5,attention_non_projection,,,,,,,,,,,,,,,,graph-derived
1802,/model/layers.5/self_attn/Expand,,Expand,5,attention_non_projection,,,,,,,,,,,,,,,,graph-derived
1803,/model/layers.5/self_attn/Constant_42,,Constant,5,attention_non_projection,,,,,,,,,,,,,,,,graph-derived
1804,/model/layers.5/self_attn/Mul_5,,Mul,5,attention_non_projection,,,,,,,,,,,,,,,,graph-derived
1805,Constant_4543,,Constant,,other,,,,,,,,,,,,,,,,graph-derived
1806,/model/layers.5/self_attn/Unsqueeze_17,,Unsqueeze,5,attention_non_projection,,,,,,,,,,,,,,,,graph-derived
1807,Constant_4545,,Constant,,other,,,,,,,,,,,,,,,,graph-derived
1808,/model/layers.5/self_attn/Unsqueeze_18,,Unsqueeze,5,attention_non_projection,,,,,,,,,,,,,,,,graph-derived
1809,Constant_4547,,Constant,,other,,,,,,,,,,,,,,,,graph-derived
1810,/model/layers.5/self_attn/Unsqueeze_19,,Unsqueeze,5,attention_non_projection,,,,,,,,,,,,,,,,graph-derived
1811,Constant_4549,,Constant,,other,,,,,,,,,,,,,,,,graph-derived
1812,/model/layers.5/self_attn/Unsqueeze_20,,Unsqueeze,5,attention_non_projection,,,,,,,,,,,,,,,,graph-derived
1813,/model/layers.5/self_attn/Concat_8,,Concat,5,attention_non_projection,,,,,,,,,,,,,,,,graph-derived
1814,/model/layers.5/self_attn/Reshape_4,,Reshape,5,attention_non_projection,,,,,,,,,,,,,,,,graph-derived
1815,/model/layers.5/self_attn/Shape_9,,Shape,5,attention_non_projection,,,,,,,,,,,,,,,,graph-derived
1816,/model/layers.5/self_attn/Constant_43,,Constant,5,attention_non_projection,,,,,,,,,,,,,,,,graph-derived
1817,/model/layers.5/self_attn/Gather_8,,Gather,5,attention_non_projection,,,,,,,,,,,,,,,,graph-derived
1818,/model/layers.5/self_attn/Shape_10,,Shape,5,attention_non_projection,,,,,,,,,,,,,,,,graph-derived
1819,/model/layers.5/self_attn/Constant_44,,Constant,5,attention_non_projection,,,,,,,,,,,,,,,,graph-derived
1820,/model/layers.5/self_attn/Gather_9,,Gather,5,attention_non_projection,,,,,,,,,,,,,,,,graph-derived
1821,/model/layers.5/self_attn/Shape_11,,Shape,5,attention_non_projection,,,,,,,,,,,,,,,,graph-derived
1822,/model/layers.5/self_attn/Constant_45,,Constant,5,attention_non_projection,,,,,,,,,,,,,,,,graph-derived
1823,/model/layers.5/self_attn/Gather_10,,Gather,5,attention_non_projection,,,,,,,,,,,,,,,,graph-derived
1824,/model/layers.5/self_attn/Shape_12,,Shape,5,attention_non_projection,,,,,,,,,,,,,,,,graph-derived
1825,/model/layers.5/self_attn/Constant_46,,Constant,5,attention_non_projection,,,,,,,,,,,,,,,,graph-derived
1826,/model/layers.5/self_attn/Gather_11,,Gather,5,attention_non_projection,,,,,,,,,,,,,,,,graph-derived
1827,/model/layers.5/self_attn/Constant_47,,Constant,5,attention_non_projection,,,,,,,,,,,,,,,,graph-derived
1828,/model/layers.5/self_attn/Unsqueeze_21,,Unsqueeze,5,attention_non_projection,,,,,,,,,,,,,,,,graph-derived
1829,/model/layers.5/self_attn/Constant_48,,Constant,5,attention_non_projection,,,,,,,,,,,,,,,,graph-derived
1830,/model/layers.5/self_attn/Unsqueeze_22,,Unsqueeze,5,attention_non_projection,,,,,,,,,,,,,,,,graph-derived
1831,/model/layers.5/self_attn/Constant_49,,Constant,5,attention_non_projection,,,,,,,,,,,,,,,,graph-derived
1832,/model/layers.5/self_attn/Unsqueeze_23,,Unsqueeze,5,attention_non_projection,,,,,,,,,,,,,,,,graph-derived
1833,/model/layers.5/self_attn/Constant_50,,Constant,5,attention_non_projection,,,,,,,,,,,,,,,,graph-derived
1834,/model/layers.5/self_attn/Constant_51,,Constant,5,attention_non_projection,,,,,,,,,,,,,,,,graph-derived
1835,/model/layers.5/self_attn/Unsqueeze_24,,Unsqueeze,5,attention_non_projection,,,,,,,,,,,,,,,,graph-derived
1836,/model/layers.5/self_attn/Constant_52,,Constant,5,attention_non_projection,,,,,,,,,,,,,,,,graph-derived
1837,/model/layers.5/self_attn/Unsqueeze_25,,Unsqueeze,5,attention_non_projection,,,,,,,,,,,,,,,,graph-derived
1838,/model/layers.5/self_attn/Concat_9,,Concat,5,attention_non_projection,,,,,,,,,,,,,,,,graph-derived
1839,/model/layers.5/self_attn/Constant_53,,Constant,5,attention_non_projection,,,,,,,,,,,,,,,,graph-derived
1840,/model/layers.5/self_attn/Reshape_5,,Reshape,5,attention_non_projection,,,,,,,,,,,,,,,,graph-derived
1841,/model/layers.5/self_attn/Shape_13,,Shape,5,attention_non_projection,,,,,,,,,,,,,,,,graph-derived
1842,/model/layers.5/self_attn/ConstantOfShape_1,,ConstantOfShape,5,attention_non_projection,,,,,,,,,,,,,,,,graph-derived
1843,/model/layers.5/self_attn/Constant_54,,Constant,5,attention_non_projection,,,,,,,,,,,,,,,,graph-derived
1844,/model/layers.5/self_attn/Mul_6,,Mul,5,attention_non_projection,,,,,,,,,,,,,,,,graph-derived
1845,/model/layers.5/self_attn/Equal_1,,Equal,5,attention_non_projection,,,,,,,,,,,,,,,,graph-derived
1846,/model/layers.5/self_attn/Where_1,,Where,5,attention_non_projection,,,,,,,,,,,,,,,,graph-derived
1847,/model/layers.5/self_attn/Expand_1,,Expand,5,attention_non_projection,,,,,,,,,,,,,,,,graph-derived
1848,/model/layers.5/self_attn/Constant_55,,Constant,5,attention_non_projection,,,,,,,,,,,,,,,,graph-derived
1849,/model/layers.5/self_attn/Mul_7,,Mul,5,attention_non_projection,,,,,,,,,,,,,,,,graph-derived
1850,Constant_4588,,Constant,,other,,,,,,,,,,,,,,,,graph-derived
1851,/model/layers.5/self_attn/Unsqueeze_26,,Unsqueeze,5,attention_non_projection,,,,,,,,,,,,,,,,graph-derived
1852,Constant_4590,,Constant,,other,,,,,,,,,,,,,,,,graph-derived
1853,/model/layers.5/self_attn/Unsqueeze_27,,Unsqueeze,5,attention_non_projection,,,,,,,,,,,,,,,,graph-derived
1854,Constant_4592,,Constant,,other,,,,,,,,,,,,,,,,graph-derived
1855,/model/layers.5/self_attn/Unsqueeze_28,,Unsqueeze,5,attention_non_projection,,,,,,,,,,,,,,,,graph-derived
1856,Constant_4594,,Constant,,other,,,,,,,,,,,,,,,,graph-derived
1857,/model/layers.5/self_attn/Unsqueeze_29,,Unsqueeze,5,attention_non_projection,,,,,,,,,,,,,,,,graph-derived
1858,/model/layers.5/self_attn/Concat_10,,Concat,5,attention_non_projection,,,,,,,,,,,,,,,,graph-derived
1859,/model/layers.5/self_attn/Reshape_6,,Reshape,5,attention_non_projection,,,,,,,,,,,,,,,,graph-derived
1860,/model/layers.5/self_attn/Shape_14,,Shape,5,attention_non_projection,,,,,,,,,,,,,,,,graph-derived
1861,/model/layers.5/self_attn/Constant_56,,Constant,5,attention_non_projection,,,,,,,,,,,,,,,,graph-derived
1862,/model/layers.5/self_attn/Gather_12,,Gather,5,attention_non_projection,,,,,,,,,,,,,,,,graph-derived
1863,/model/layers.5/self_attn/Constant_57,,Constant,5,attention_non_projection,,,,,,,,,,,,,,,,graph-derived
1864,/model/layers.5/self_attn/Constant_58,,Constant,5,attention_non_projection,,,,,,,,,,,,,,,,graph-derived
1865,/model/layers.5/self_attn/Constant_59,,Constant,5,attention_non_projection,,,,,,,,,,,,,,,,graph-derived
1866,/model/layers.5/self_attn/Unsqueeze_30,,Unsqueeze,5,attention_non_projection,,,,,,,,,,,,,,,,graph-derived
1867,/model/layers.5/self_attn/Constant_60,,Constant,5,attention_non_projection,,,,,,,,,,,,,,,,graph-derived
1868,/model/layers.5/self_attn/Slice_4,,Slice,5,attention_non_projection,,,,,,,,,,,,,,,,graph-derived
1869,/model/layers.5/self_attn/Transpose_3,,Transpose,5,attention_non_projection,,,,,,,,,,,,,,,,graph-derived
1870,/model/layers.5/self_attn/Constant_61,,Constant,5,attention_non_projection,,,,,,,,,,,,,,,,graph-derived
1871,/model/layers.5/self_attn/Mul_8,,Mul,5,attention_non_projection,,,,,,,,,,,,,,,,graph-derived
1872,/model/layers.5/self_attn/Constant_62,,Constant,5,attention_non_projection,,,,,,,,,,,,,,,,graph-derived
1873,/model/layers.5/self_attn/Mul_9,,Mul,5,attention_non_projection,,,,,,,,,,,,,,,,graph-derived
1874,/model/layers.5/self_attn/MatMul,,MatMul,5,attention_non_projection,,,,,,,,,,,,,,,,graph-derived
1875,/model/layers.5/self_attn/Constant_63,,Constant,5,attention_non_projection,,,,,,,,,,,,,,,,graph-derived
1876,/model/layers.5/self_attn/Constant_64,,Constant,5,attention_non_projection,,,,,,,,,,,,,,,,graph-derived
1877,/model/layers.5/self_attn/Where_2,,Where,5,attention_non_projection,,,,,,,,,,,,,,,,graph-derived
1878,/model/layers.5/self_attn/Add_2,,Add,5,attention_non_projection,,,,,,,,,,,,,,,,graph-derived
1879,/model/layers.5/self_attn/Softmax,,Softmax,5,attention_non_projection,,,,,,,,,,,,,,,,graph-derived
1880,/model/layers.5/self_attn/IsNaN,,IsNaN,5,attention_non_projection,,,,,,,,,,,,,,,,graph-derived
1881,/model/layers.5/self_attn/Constant_65,,Constant,5,attention_non_projection,,,,,,,,,,,,,,,,graph-derived
1882,/model/layers.5/self_attn/Where_3,,Where,5,attention_non_projection,,,,,,,,,,,,,,,,graph-derived
1883,/model/layers.5/self_attn/MatMul_1,,MatMul,5,attention_non_projection,,,,,,,,,,,,,,,,graph-derived
1884,/model/layers.5/self_attn/Transpose_4,,Transpose,5,attention_non_projection,,,,,,,,,,,,,,,,graph-derived
1885,Constant_4623,,Constant,,other,,,,,,,,,,,,,,,,graph-derived
1886,/model/layers.5/self_attn/Unsqueeze_31,,Unsqueeze,5,attention_non_projection,,,,,,,,,,,,,,,,graph-derived
1887,Constant_4625,,Constant,,other,,,,,,,,,,,,,,,,graph-derived
1888,/model/layers.5/self_attn/Unsqueeze_32,,Unsqueeze,5,attention_non_projection,,,,,,,,,,,,,,,,graph-derived
1889,/model/layers.5/self_attn/Constant_66,,Constant,5,attention_non_projection,,,,,,,,,,,,,,,,graph-derived
1890,/model/layers.5/self_attn/Concat_11,,Concat,5,attention_non_projection,,,,,,,,,,,,,,,,graph-derived
1891,/model/layers.5/self_attn/Reshape_7,,Reshape,5,attention_non_projection,,,,,,,,,,,,,,,,graph-derived
1892,/model/layers.5/self_attn/o_proj/MatMul,,MatMul,5,attention_projection,o_proj,1024,1152,float,onnx::MatMul_9856,4718592,4096,4608,once_per_decode_token,model.onnx_data,1751886336,1751886336,3,0,1,graph-derived
1893,/model/layers.5/post_attention_layernorm/Cast,,Cast,5,other,,,,,,,,,,,,,,,,graph-derived
1894,/model/layers.5/post_attention_layernorm/Constant,,Constant,5,other,,,,,,,,,,,,,,,,graph-derived
1895,/model/layers.5/post_attention_layernorm/Pow,,Pow,5,other,,,,,,,,,,,,,,,,graph-derived
1896,/model/layers.5/post_attention_layernorm/ReduceMean,,ReduceMean,5,other,,,,,,,,,,,,,,,,graph-derived
1897,/model/layers.5/post_attention_layernorm/Constant_1,,Constant,5,other,,,,,,,,,,,,,,,,graph-derived
1898,/model/layers.5/post_attention_layernorm/Add,,Add,5,other,,,,,,,,,,,,,,,,graph-derived
1899,/model/layers.5/post_attention_layernorm/Sqrt,,Sqrt,5,other,,,,,,,,,,,,,,,,graph-derived
1900,/model/layers.5/post_attention_layernorm/Constant_2,,Constant,5,other,,,,,,,,,,,,,,,,graph-derived
1901,/model/layers.5/post_attention_layernorm/Div,,Div,5,other,,,,,,,,,,,,,,,,graph-derived
1902,/model/layers.5/post_attention_layernorm/Mul,,Mul,5,other,,,,,,,,,,,,,,,,graph-derived
1903,/model/layers.5/post_attention_layernorm/Mul_1,,Mul,5,other,,,,,,,,,,,,,,,,graph-derived
1904,/model/layers.5/Add,,Add,5,other,,,,,,,,,,,,,,,,graph-derived
1905,/model/layers.5/pre_feedforward_layernorm/Cast,,Cast,5,other,,,,,,,,,,,,,,,,graph-derived
1906,/model/layers.5/pre_feedforward_layernorm/Constant,,Constant,5,other,,,,,,,,,,,,,,,,graph-derived
1907,/model/layers.5/pre_feedforward_layernorm/Pow,,Pow,5,other,,,,,,,,,,,,,,,,graph-derived
1908,/model/layers.5/pre_feedforward_layernorm/ReduceMean,,ReduceMean,5,other,,,,,,,,,,,,,,,,graph-derived
1909,/model/layers.5/pre_feedforward_layernorm/Constant_1,,Constant,5,other,,,,,,,,,,,,,,,,graph-derived
1910,/model/layers.5/pre_feedforward_layernorm/Add,,Add,5,other,,,,,,,,,,,,,,,,graph-derived
1911,/model/layers.5/pre_feedforward_layernorm/Sqrt,,Sqrt,5,other,,,,,,,,,,,,,,,,graph-derived
1912,/model/layers.5/pre_feedforward_layernorm/Constant_2,,Constant,5,other,,,,,,,,,,,,,,,,graph-derived
1913,/model/layers.5/pre_feedforward_layernorm/Div,,Div,5,other,,,,,,,,,,,,,,,,graph-derived
1914,/model/layers.5/pre_feedforward_layernorm/Mul,,Mul,5,other,,,,,,,,,,,,,,,,graph-derived
1915,/model/layers.5/pre_feedforward_layernorm/Mul_1,,Mul,5,other,,,,,,,,,,,,,,,,graph-derived
1916,/model/layers.5/mlp/gate_proj/MatMul,,MatMul,5,mlp_projection,gate_proj,1152,6912,float,onnx::MatMul_9861,31850496,4608,27648,once_per_decode_token,model.onnx_data,1756614144,1756614144,0,2,3,graph-derived
1917,/model/layers.5/mlp/act_fn/Mul,,Mul,5,mlp_non_projection,,,,,,,,,,,,,,,,graph-derived
1918,/model/layers.5/mlp/act_fn/Mul_1,,Mul,5,mlp_non_projection,,,,,,,,,,,,,,,,graph-derived
1919,/model/layers.5/mlp/act_fn/Constant,,Constant,5,mlp_non_projection,,,,,,,,,,,,,,,,graph-derived
1920,/model/layers.5/mlp/act_fn/Mul_2,,Mul,5,mlp_non_projection,,,,,,,,,,,,,,,,graph-derived
1921,/model/layers.5/mlp/act_fn/Add,,Add,5,mlp_non_projection,,,,,,,,,,,,,,,,graph-derived
1922,/model/layers.5/mlp/act_fn/Constant_1,,Constant,5,mlp_non_projection,,,,,,,,,,,,,,,,graph-derived
1923,/model/layers.5/mlp/act_fn/Mul_3,,Mul,5,mlp_non_projection,,,,,,,,,,,,,,,,graph-derived
1924,/model/layers.5/mlp/act_fn/Tanh,,Tanh,5,mlp_non_projection,,,,,,,,,,,,,,,,graph-derived
1925,/model/layers.5/mlp/act_fn/Constant_2,,Constant,5,mlp_non_projection,,,,,,,,,,,,,,,,graph-derived
1926,/model/layers.5/mlp/act_fn/Add_1,,Add,5,mlp_non_projection,,,,,,,,,,,,,,,,graph-derived
1927,/model/layers.5/mlp/act_fn/Mul_4,,Mul,5,mlp_non_projection,,,,,,,,,,,,,,,,graph-derived
1928,/model/layers.5/mlp/act_fn/Constant_3,,Constant,5,mlp_non_projection,,,,,,,,,,,,,,,,graph-derived
1929,/model/layers.5/mlp/act_fn/Mul_5,,Mul,5,mlp_non_projection,,,,,,,,,,,,,,,,graph-derived
1930,/model/layers.5/mlp/up_proj/MatMul,,MatMul,5,mlp_projection,up_proj,1152,6912,float,onnx::MatMul_9862,31850496,4608,27648,once_per_decode_token,model.onnx_data,1788464640,1788464640,1,1,1,graph-derived
1931,/model/layers.5/mlp/Mul,,Mul,5,mlp_non_projection,,,,,,,,,,,,,,,,graph-derived
1932,/model/layers.5/mlp/down_proj/MatMul,,MatMul,5,mlp_projection,down_proj,6912,1152,float,onnx::MatMul_9863,31850496,27648,4608,once_per_decode_token,model.onnx_data,1820315136,1820315136,2,0,3,graph-derived
1933,/model/layers.5/post_feedforward_layernorm/Cast,,Cast,5,other,,,,,,,,,,,,,,,,graph-derived
1934,/model/layers.5/post_feedforward_layernorm/Constant,,Constant,5,other,,,,,,,,,,,,,,,,graph-derived
1935,/model/layers.5/post_feedforward_layernorm/Pow,,Pow,5,other,,,,,,,,,,,,,,,,graph-derived
1936,/model/layers.5/post_feedforward_layernorm/ReduceMean,,ReduceMean,5,other,,,,,,,,,,,,,,,,graph-derived
1937,/model/layers.5/post_feedforward_layernorm/Constant_1,,Constant,5,other,,,,,,,,,,,,,,,,graph-derived
1938,/model/layers.5/post_feedforward_layernorm/Add,,Add,5,other,,,,,,,,,,,,,,,,graph-derived
1939,/model/layers.5/post_feedforward_layernorm/Sqrt,,Sqrt,5,other,,,,,,,,,,,,,,,,graph-derived
1940,/model/layers.5/post_feedforward_layernorm/Constant_2,,Constant,5,other,,,,,,,,,,,,,,,,graph-derived
1941,/model/layers.5/post_feedforward_layernorm/Div,,Div,5,other,,,,,,,,,,,,,,,,graph-derived
1942,/model/layers.5/post_feedforward_layernorm/Mul,,Mul,5,other,,,,,,,,,,,,,,,,graph-derived
1943,/model/layers.5/post_feedforward_layernorm/Mul_1,,Mul,5,other,,,,,,,,,,,,,,,,graph-derived
1944,/model/layers.5/Add_1,,Add,5,other,,,,,,,,,,,,,,,,graph-derived
1945,/model/layers.6/input_layernorm/Cast,,Cast,6,other,,,,,,,,,,,,,,,,graph-derived
1946,/model/layers.6/input_layernorm/Constant,,Constant,6,other,,,,,,,,,,,,,,,,graph-derived
1947,/model/layers.6/input_layernorm/Pow,,Pow,6,other,,,,,,,,,,,,,,,,graph-derived
1948,/model/layers.6/input_layernorm/ReduceMean,,ReduceMean,6,other,,,,,,,,,,,,,,,,graph-derived
1949,/model/layers.6/input_layernorm/Constant_1,,Constant,6,other,,,,,,,,,,,,,,,,graph-derived
1950,/model/layers.6/input_layernorm/Add,,Add,6,other,,,,,,,,,,,,,,,,graph-derived
1951,/model/layers.6/input_layernorm/Sqrt,,Sqrt,6,other,,,,,,,,,,,,,,,,graph-derived
1952,/model/layers.6/input_layernorm/Constant_2,,Constant,6,other,,,,,,,,,,,,,,,,graph-derived
1953,/model/layers.6/input_layernorm/Div,,Div,6,other,,,,,,,,,,,,,,,,graph-derived
1954,/model/layers.6/input_layernorm/Mul,,Mul,6,other,,,,,,,,,,,,,,,,graph-derived
1955,/model/layers.6/input_layernorm/Mul_1,,Mul,6,other,,,,,,,,,,,,,,,,graph-derived
1956,/model/layers.6/self_attn/Shape,,Shape,6,attention_non_projection,,,,,,,,,,,,,,,,graph-derived
1957,/model/layers.6/self_attn/Constant,,Constant,6,attention_non_projection,,,,,,,,,,,,,,,,graph-derived
1958,/model/layers.6/self_attn/Gather,,Gather,6,attention_non_projection,,,,,,,,,,,,,,,,graph-derived
1959,/model/layers.6/self_attn/Shape_1,,Shape,6,attention_non_projection,,,,,,,,,,,,,,,,graph-derived
1960,/model/layers.6/self_attn/Constant_1,,Constant,6,attention_non_projection,,,,,,,,,,,,,,,,graph-derived
1961,/model/layers.6/self_attn/Gather_1,,Gather,6,attention_non_projection,,,,,,,,,,,,,,,,graph-derived
1962,/model/layers.6/self_attn/q_proj/MatMul,,MatMul,6,attention_projection,q_proj,1152,1024,float,onnx::MatMul_9868,4718592,4608,4096,once_per_decode_token,model.onnx_data,1852174848,1852174848,0,0,2,graph-derived
1963,Constant_4701,,Constant,,other,,,,,,,,,,,,,,,,graph-derived
1964,/model/layers.6/self_attn/Unsqueeze,,Unsqueeze,6,attention_non_projection,,,,,,,,,,,,,,,,graph-derived
1965,Constant_4703,,Constant,,other,,,,,,,,,,,,,,,,graph-derived
1966,/model/layers.6/self_attn/Unsqueeze_1,,Unsqueeze,6,attention_non_projection,,,,,,,,,,,,,,,,graph-derived
1967,/model/layers.6/self_attn/Constant_2,,Constant,6,attention_non_projection,,,,,,,,,,,,,,,,graph-derived
1968,/model/layers.6/self_attn/Constant_3,,Constant,6,attention_non_projection,,,,,,,,,,,,,,,,graph-derived
1969,/model/layers.6/self_attn/Concat,,Concat,6,attention_non_projection,,,,,,,,,,,,,,,,graph-derived
1970,Constant_4708,,Constant,,other,,,,,,,,,,,,,,,,graph-derived
1971,/model/layers.6/self_attn/Unsqueeze_2,,Unsqueeze,6,attention_non_projection,,,,,,,,,,,,,,,,graph-derived
1972,Constant_4710,,Constant,,other,,,,,,,,,,,,,,,,graph-derived
1973,/model/layers.6/self_attn/Unsqueeze_3,,Unsqueeze,6,attention_non_projection,,,,,,,,,,,,,,,,graph-derived
1974,/model/layers.6/self_attn/Constant_4,,Constant,6,attention_non_projection,,,,,,,,,,,,,,,,graph-derived
1975,/model/layers.6/self_attn/Constant_5,,Constant,6,attention_non_projection,,,,,,,,,,,,,,,,graph-derived
1976,/model/layers.6/self_attn/Concat_1,,Concat,6,attention_non_projection,,,,,,,,,,,,,,,,graph-derived
1977,Constant_4715,,Constant,,other,,,,,,,,,,,,,,,,graph-derived
1978,/model/layers.6/self_attn/Unsqueeze_4,,Unsqueeze,6,attention_non_projection,,,,,,,,,,,,,,,,graph-derived
1979,Constant_4717,,Constant,,other,,,,,,,,,,,,,,,,graph-derived
1980,/model/layers.6/self_attn/Unsqueeze_5,,Unsqueeze,6,attention_non_projection,,,,,,,,,,,,,,,,graph-derived
1981,/model/layers.6/self_attn/Constant_6,,Constant,6,attention_non_projection,,,,,,,,,,,,,,,,graph-derived
1982,/model/layers.6/self_attn/Constant_7,,Constant,6,attention_non_projection,,,,,,,,,,,,,,,,graph-derived
1983,/model/layers.6/self_attn/Concat_2,,Concat,6,attention_non_projection,,,,,,,,,,,,,,,,graph-derived
1984,/model/layers.6/self_attn/Reshape,,Reshape,6,attention_non_projection,,,,,,,,,,,,,,,,graph-derived
1985,/model/layers.6/self_attn/Transpose,,Transpose,6,attention_non_projection,,,,,,,,,,,,,,,,graph-derived
1986,/model/layers.6/self_attn/k_proj/MatMul,,MatMul,6,attention_projection,k_proj,1152,256,float,onnx::MatMul_9875,1179648,4608,1024,once_per_decode_token,model.onnx_data,1856893440,1856893440,1,1,0,graph-derived
1987,/model/layers.6/self_attn/Reshape_1,,Reshape,6,attention_non_projection,,,,,,,,,,,,,,,,graph-derived
1988,/model/layers.6/self_attn/Transpose_1,,Transpose,6,attention_non_projection,,,,,,,,,,,,,,,,graph-derived
1989,/model/layers.6/self_attn/v_proj/MatMul,,MatMul,6,attention_projection,v_proj,1152,256,float,onnx::MatMul_9876,1179648,4608,1024,once_per_decode_token,model.onnx_data,1858073088,1858073088,2,3,2,graph-derived
1990,/model/layers.6/self_attn/Reshape_2,,Reshape,6,attention_non_projection,,,,,,,,,,,,,,,,graph-derived
1991,/model/layers.6/self_attn/Transpose_2,,Transpose,6,attention_non_projection,,,,,,,,,,,,,,,,graph-derived
1992,/model/layers.6/self_attn/q_norm/Cast,,Cast,6,attention_non_projection,,,,,,,,,,,,,,,,graph-derived
1993,/model/layers.6/self_attn/q_norm/Constant,,Constant,6,attention_non_projection,,,,,,,,,,,,,,,,graph-derived
1994,/model/layers.6/self_attn/q_norm/Pow,,Pow,6,attention_non_projection,,,,,,,,,,,,,,,,graph-derived
1995,/model/layers.6/self_attn/q_norm/ReduceMean,,ReduceMean,6,attention_non_projection,,,,,,,,,,,,,,,,graph-derived
1996,/model/layers.6/self_attn/q_norm/Constant_1,,Constant,6,attention_non_projection,,,,,,,,,,,,,,,,graph-derived
1997,/model/layers.6/self_attn/q_norm/Add,,Add,6,attention_non_projection,,,,,,,,,,,,,,,,graph-derived
1998,/model/layers.6/self_attn/q_norm/Sqrt,,Sqrt,6,attention_non_projection,,,,,,,,,,,,,,,,graph-derived
1999,/model/layers.6/self_attn/q_norm/Constant_2,,Constant,6,attention_non_projection,,,,,,,,,,,,,,,,graph-derived
2000,/model/layers.6/self_attn/q_norm/Div,,Div,6,attention_non_projection,,,,,,,,,,,,,,,,graph-derived
2001,/model/layers.6/self_attn/q_norm/Mul,,Mul,6,attention_non_projection,,,,,,,,,,,,,,,,graph-derived
2002,/model/layers.6/self_attn/q_norm/Mul_1,,Mul,6,attention_non_projection,,,,,,,,,,,,,,,,graph-derived
2003,/model/layers.6/self_attn/k_norm/Cast,,Cast,6,attention_non_projection,,,,,,,,,,,,,,,,graph-derived
2004,/model/layers.6/self_attn/k_norm/Constant,,Constant,6,attention_non_projection,,,,,,,,,,,,,,,,graph-derived
2005,/model/layers.6/self_attn/k_norm/Pow,,Pow,6,attention_non_projection,,,,,,,,,,,,,,,,graph-derived
2006,/model/layers.6/self_attn/k_norm/ReduceMean,,ReduceMean,6,attention_non_projection,,,,,,,,,,,,,,,,graph-derived
2007,/model/layers.6/self_attn/k_norm/Constant_1,,Constant,6,attention_non_projection,,,,,,,,,,,,,,,,graph-derived
2008,/model/layers.6/self_attn/k_norm/Add,,Add,6,attention_non_projection,,,,,,,,,,,,,,,,graph-derived
2009,/model/layers.6/self_attn/k_norm/Sqrt,,Sqrt,6,attention_non_projection,,,,,,,,,,,,,,,,graph-derived
2010,/model/layers.6/self_attn/k_norm/Constant_2,,Constant,6,attention_non_projection,,,,,,,,,,,,,,,,graph-derived
2011,/model/layers.6/self_attn/k_norm/Div,,Div,6,attention_non_projection,,,,,,,,,,,,,,,,graph-derived
2012,/model/layers.6/self_attn/k_norm/Mul,,Mul,6,attention_non_projection,,,,,,,,,,,,,,,,graph-derived
2013,/model/layers.6/self_attn/k_norm/Mul_1,,Mul,6,attention_non_projection,,,,,,,,,,,,,,,,graph-derived
2014,/model/layers.6/self_attn/Mul,,Mul,6,attention_non_projection,,,,,,,,,,,,,,,,graph-derived
2015,/model/layers.6/self_attn/Shape_2,,Shape,6,attention_non_projection,,,,,,,,,,,,,,,,graph-derived
2016,/model/layers.6/self_attn/Constant_8,,Constant,6,attention_non_projection,,,,,,,,,,,,,,,,graph-derived
2017,/model/layers.6/self_attn/Gather_2,,Gather,6,attention_non_projection,,,,,,,,,,,,,,,,graph-derived
2018,/model/layers.6/self_attn/Constant_9,,Constant,6,attention_non_projection,,,,,,,,,,,,,,,,graph-derived
2019,/model/layers.6/self_attn/Div,,Div,6,attention_non_projection,,,,,,,,,,,,,,,,graph-derived
2020,/model/layers.6/self_attn/Cast,,Cast,6,attention_non_projection,,,,,,,,,,,,,,,,graph-derived
2021,/model/layers.6/self_attn/Cast_1,,Cast,6,attention_non_projection,,,,,,,,,,,,,,,,graph-derived
2022,/model/layers.6/self_attn/Constant_10,,Constant,6,attention_non_projection,,,,,,,,,,,,,,,,graph-derived
2023,/model/layers.6/self_attn/Constant_11,,Constant,6,attention_non_projection,,,,,,,,,,,,,,,,graph-derived
2024,/model/layers.6/self_attn/Constant_12,,Constant,6,attention_non_projection,,,,,,,,,,,,,,,,graph-derived
2025,/model/layers.6/self_attn/Unsqueeze_6,,Unsqueeze,6,attention_non_projection,,,,,,,,,,,,,,,,graph-derived
2026,/model/layers.6/self_attn/Constant_13,,Constant,6,attention_non_projection,,,,,,,,,,,,,,,,graph-derived
2027,/model/layers.6/self_attn/Slice,,Slice,6,attention_non_projection,,,,,,,,,,,,,,,,graph-derived
2028,/model/layers.6/self_attn/Constant_14,,Constant,6,attention_non_projection,,,,,,,,,,,,,,,,graph-derived
2029,/model/layers.6/self_attn/Constant_15,,Constant,6,attention_non_projection,,,,,,,,,,,,,,,,graph-derived
2030,/model/layers.6/self_attn/Unsqueeze_7,,Unsqueeze,6,attention_non_projection,,,,,,,,,,,,,,,,graph-derived
2031,/model/layers.6/self_attn/Constant_16,,Constant,6,attention_non_projection,,,,,,,,,,,,,,,,graph-derived
2032,/model/layers.6/self_attn/Constant_17,,Constant,6,attention_non_projection,,,,,,,,,,,,,,,,graph-derived
2033,/model/layers.6/self_attn/Slice_1,,Slice,6,attention_non_projection,,,,,,,,,,,,,,,,graph-derived
2034,/model/layers.6/self_attn/Neg,,Neg,6,attention_non_projection,,,,,,,,,,,,,,,,graph-derived
2035,/model/layers.6/self_attn/Concat_3,,Concat,6,attention_non_projection,,,,,,,,,,,,,,,,graph-derived
2036,/model/layers.6/self_attn/Mul_1,,Mul,6,attention_non_projection,,,,,,,,,,,,,,,,graph-derived
2037,/model/layers.6/self_attn/Add,,Add,6,attention_non_projection,,,,,,,,,,,,,,,,graph-derived
2038,/model/layers.6/self_attn/Mul_2,,Mul,6,attention_non_projection,,,,,,,,,,,,,,,,graph-derived
2039,/model/layers.6/self_attn/Shape_3,,Shape,6,attention_non_projection,,,,,,,,,,,,,,,,graph-derived
2040,/model/layers.6/self_attn/Constant_18,,Constant,6,attention_non_projection,,,,,,,,,,,,,,,,graph-derived
2041,/model/layers.6/self_attn/Gather_3,,Gather,6,attention_non_projection,,,,,,,,,,,,,,,,graph-derived
2042,/model/layers.6/self_attn/Constant_19,,Constant,6,attention_non_projection,,,,,,,,,,,,,,,,graph-derived
2043,/model/layers.6/self_attn/Div_1,,Div,6,attention_non_projection,,,,,,,,,,,,,,,,graph-derived
2044,/model/layers.6/self_attn/Cast_2,,Cast,6,attention_non_projection,,,,,,,,,,,,,,,,graph-derived
2045,/model/layers.6/self_attn/Cast_3,,Cast,6,attention_non_projection,,,,,,,,,,,,,,,,graph-derived
2046,/model/layers.6/self_attn/Constant_20,,Constant,6,attention_non_projection,,,,,,,,,,,,,,,,graph-derived
2047,/model/layers.6/self_attn/Constant_21,,Constant,6,attention_non_projection,,,,,,,,,,,,,,,,graph-derived
2048,/model/layers.6/self_attn/Constant_22,,Constant,6,attention_non_projection,,,,,,,,,,,,,,,,graph-derived
2049,/model/layers.6/self_attn/Unsqueeze_8,,Unsqueeze,6,attention_non_projection,,,,,,,,,,,,,,,,graph-derived
2050,/model/layers.6/self_attn/Constant_23,,Constant,6,attention_non_projection,,,,,,,,,,,,,,,,graph-derived
2051,/model/layers.6/self_attn/Slice_2,,Slice,6,attention_non_projection,,,,,,,,,,,,,,,,graph-derived
2052,/model/layers.6/self_attn/Constant_24,,Constant,6,attention_non_projection,,,,,,,,,,,,,,,,graph-derived
2053,/model/layers.6/self_attn/Constant_25,,Constant,6,attention_non_projection,,,,,,,,,,,,,,,,graph-derived
2054,/model/layers.6/self_attn/Unsqueeze_9,,Unsqueeze,6,attention_non_projection,,,,,,,,,,,,,,,,graph-derived
2055,/model/layers.6/self_attn/Constant_26,,Constant,6,attention_non_projection,,,,,,,,,,,,,,,,graph-derived
2056,/model/layers.6/self_attn/Constant_27,,Constant,6,attention_non_projection,,,,,,,,,,,,,,,,graph-derived
2057,/model/layers.6/self_attn/Slice_3,,Slice,6,attention_non_projection,,,,,,,,,,,,,,,,graph-derived
2058,/model/layers.6/self_attn/Neg_1,,Neg,6,attention_non_projection,,,,,,,,,,,,,,,,graph-derived
2059,/model/layers.6/self_attn/Concat_4,,Concat,6,attention_non_projection,,,,,,,,,,,,,,,,graph-derived
2060,/model/layers.6/self_attn/Mul_3,,Mul,6,attention_non_projection,,,,,,,,,,,,,,,,graph-derived
2061,/model/layers.6/self_attn/Add_1,,Add,6,attention_non_projection,,,,,,,,,,,,,,,,graph-derived
2062,/model/layers.6/self_attn/Concat_5,,Concat,6,attention_non_projection,,,,,,,,,,,,,,,,graph-derived
2063,/model/layers.6/self_attn/Concat_6,,Concat,6,attention_non_projection,,,,,,,,,,,,,,,,graph-derived
2064,/model/layers.6/self_attn/Shape_4,,Shape,6,attention_non_projection,,,,,,,,,,,,,,,,graph-derived
2065,/model/layers.6/self_attn/Constant_28,,Constant,6,attention_non_projection,,,,,,,,,,,,,,,,graph-derived
2066,/model/layers.6/self_attn/Gather_4,,Gather,6,attention_non_projection,,,,,,,,,,,,,,,,graph-derived
2067,/model/layers.6/self_attn/Shape_5,,Shape,6,attention_non_projection,,,,,,,,,,,,,,,,graph-derived
2068,/model/layers.6/self_attn/Constant_29,,Constant,6,attention_non_projection,,,,,,,,,,,,,,,,graph-derived
2069,/model/layers.6/self_attn/Gather_5,,Gather,6,attention_non_projection,,,,,,,,,,,,,,,,graph-derived
2070,/model/layers.6/self_attn/Shape_6,,Shape,6,attention_non_projection,,,,,,,,,,,,,,,,graph-derived
2071,/model/layers.6/self_attn/Constant_30,,Constant,6,attention_non_projection,,,,,,,,,,,,,,,,graph-derived
2072,/model/layers.6/self_attn/Gather_6,,Gather,6,attention_non_projection,,,,,,,,,,,,,,,,graph-derived
2073,/model/layers.6/self_attn/Shape_7,,Shape,6,attention_non_projection,,,,,,,,,,,,,,,,graph-derived
2074,/model/layers.6/self_attn/Constant_31,,Constant,6,attention_non_projection,,,,,,,,,,,,,,,,graph-derived
2075,/model/layers.6/self_attn/Gather_7,,Gather,6,attention_non_projection,,,,,,,,,,,,,,,,graph-derived
2076,/model/layers.6/self_attn/Constant_32,,Constant,6,attention_non_projection,,,,,,,,,,,,,,,,graph-derived
2077,/model/layers.6/self_attn/Unsqueeze_10,,Unsqueeze,6,attention_non_projection,,,,,,,,,,,,,,,,graph-derived
2078,/model/layers.6/self_attn/Constant_33,,Constant,6,attention_non_projection,,,,,,,,,,,,,,,,graph-derived
2079,/model/layers.6/self_attn/Unsqueeze_11,,Unsqueeze,6,attention_non_projection,,,,,,,,,,,,,,,,graph-derived
2080,/model/layers.6/self_attn/Constant_34,,Constant,6,attention_non_projection,,,,,,,,,,,,,,,,graph-derived
2081,/model/layers.6/self_attn/Unsqueeze_12,,Unsqueeze,6,attention_non_projection,,,,,,,,,,,,,,,,graph-derived
2082,/model/layers.6/self_attn/Constant_35,,Constant,6,attention_non_projection,,,,,,,,,,,,,,,,graph-derived
2083,/model/layers.6/self_attn/Constant_36,,Constant,6,attention_non_projection,,,,,,,,,,,,,,,,graph-derived
2084,/model/layers.6/self_attn/Unsqueeze_13,,Unsqueeze,6,attention_non_projection,,,,,,,,,,,,,,,,graph-derived
2085,/model/layers.6/self_attn/Constant_37,,Constant,6,attention_non_projection,,,,,,,,,,,,,,,,graph-derived
2086,/model/layers.6/self_attn/Unsqueeze_14,,Unsqueeze,6,attention_non_projection,,,,,,,,,,,,,,,,graph-derived
2087,/model/layers.6/self_attn/Concat_7,,Concat,6,attention_non_projection,,,,,,,,,,,,,,,,graph-derived
2088,/model/layers.6/self_attn/Constant_38,,Constant,6,attention_non_projection,,,,,,,,,,,,,,,,graph-derived
2089,/model/layers.6/self_attn/Reshape_3,,Reshape,6,attention_non_projection,,,,,,,,,,,,,,,,graph-derived
2090,/model/layers.6/self_attn/Shape_8,,Shape,6,attention_non_projection,,,,,,,,,,,,,,,,graph-derived
2091,/model/layers.6/self_attn/ConstantOfShape,,ConstantOfShape,6,attention_non_projection,,,,,,,,,,,,,,,,graph-derived
2092,/model/layers.6/self_attn/Constant_39,,Constant,6,attention_non_projection,,,,,,,,,,,,,,,,graph-derived
2093,/model/layers.6/self_attn/Mul_4,,Mul,6,attention_non_projection,,,,,,,,,,,,,,,,graph-derived
2094,/model/layers.6/self_attn/Equal,,Equal,6,attention_non_projection,,,,,,,,,,,,,,,,graph-derived
2095,/model/layers.6/self_attn/Where,,Where,6,attention_non_projection,,,,,,,,,,,,,,,,graph-derived
2096,/model/layers.6/self_attn/Expand,,Expand,6,attention_non_projection,,,,,,,,,,,,,,,,graph-derived
2097,/model/layers.6/self_attn/Constant_40,,Constant,6,attention_non_projection,,,,,,,,,,,,,,,,graph-derived
2098,/model/layers.6/self_attn/Mul_5,,Mul,6,attention_non_projection,,,,,,,,,,,,,,,,graph-derived
2099,Constant_4837,,Constant,,other,,,,,,,,,,,,,,,,graph-derived
2100,/model/layers.6/self_attn/Unsqueeze_15,,Unsqueeze,6,attention_non_projection,,,,,,,,,,,,,,,,graph-derived
2101,Constant_4839,,Constant,,other,,,,,,,,,,,,,,,,graph-derived
2102,/model/layers.6/self_attn/Unsqueeze_16,,Unsqueeze,6,attention_non_projection,,,,,,,,,,,,,,,,graph-derived
2103,Constant_4841,,Constant,,other,,,,,,,,,,,,,,,,graph-derived
2104,/model/layers.6/self_attn/Unsqueeze_17,,Unsqueeze,6,attention_non_projection,,,,,,,,,,,,,,,,graph-derived
2105,Constant_4843,,Constant,,other,,,,,,,,,,,,,,,,graph-derived
2106,/model/layers.6/self_attn/Unsqueeze_18,,Unsqueeze,6,attention_non_projection,,,,,,,,,,,,,,,,graph-derived
2107,/model/layers.6/self_attn/Concat_8,,Concat,6,attention_non_projection,,,,,,,,,,,,,,,,graph-derived
2108,/model/layers.6/self_attn/Reshape_4,,Reshape,6,attention_non_projection,,,,,,,,,,,,,,,,graph-derived
2109,/model/layers.6/self_attn/Shape_9,,Shape,6,attention_non_projection,,,,,,,,,,,,,,,,graph-derived
2110,/model/layers.6/self_attn/Constant_41,,Constant,6,attention_non_projection,,,,,,,,,,,,,,,,graph-derived
2111,/model/layers.6/self_attn/Gather_8,,Gather,6,attention_non_projection,,,,,,,,,,,,,,,,graph-derived
2112,/model/layers.6/self_attn/Shape_10,,Shape,6,attention_non_projection,,,,,,,,,,,,,,,,graph-derived
2113,/model/layers.6/self_attn/Constant_42,,Constant,6,attention_non_projection,,,,,,,,,,,,,,,,graph-derived
2114,/model/layers.6/self_attn/Gather_9,,Gather,6,attention_non_projection,,,,,,,,,,,,,,,,graph-derived
2115,/model/layers.6/self_attn/Shape_11,,Shape,6,attention_non_projection,,,,,,,,,,,,,,,,graph-derived
2116,/model/layers.6/self_attn/Constant_43,,Constant,6,attention_non_projection,,,,,,,,,,,,,,,,graph-derived
2117,/model/layers.6/self_attn/Gather_10,,Gather,6,attention_non_projection,,,,,,,,,,,,,,,,graph-derived
2118,/model/layers.6/self_attn/Shape_12,,Shape,6,attention_non_projection,,,,,,,,,,,,,,,,graph-derived
2119,/model/layers.6/self_attn/Constant_44,,Constant,6,attention_non_projection,,,,,,,,,,,,,,,,graph-derived
2120,/model/layers.6/self_attn/Gather_11,,Gather,6,attention_non_projection,,,,,,,,,,,,,,,,graph-derived
2121,/model/layers.6/self_attn/Constant_45,,Constant,6,attention_non_projection,,,,,,,,,,,,,,,,graph-derived
2122,/model/layers.6/self_attn/Unsqueeze_19,,Unsqueeze,6,attention_non_projection,,,,,,,,,,,,,,,,graph-derived
2123,/model/layers.6/self_attn/Constant_46,,Constant,6,attention_non_projection,,,,,,,,,,,,,,,,graph-derived
2124,/model/layers.6/self_attn/Unsqueeze_20,,Unsqueeze,6,attention_non_projection,,,,,,,,,,,,,,,,graph-derived
2125,/model/layers.6/self_attn/Constant_47,,Constant,6,attention_non_projection,,,,,,,,,,,,,,,,graph-derived
2126,/model/layers.6/self_attn/Unsqueeze_21,,Unsqueeze,6,attention_non_projection,,,,,,,,,,,,,,,,graph-derived
2127,/model/layers.6/self_attn/Constant_48,,Constant,6,attention_non_projection,,,,,,,,,,,,,,,,graph-derived
2128,/model/layers.6/self_attn/Constant_49,,Constant,6,attention_non_projection,,,,,,,,,,,,,,,,graph-derived
2129,/model/layers.6/self_attn/Unsqueeze_22,,Unsqueeze,6,attention_non_projection,,,,,,,,,,,,,,,,graph-derived
2130,/model/layers.6/self_attn/Constant_50,,Constant,6,attention_non_projection,,,,,,,,,,,,,,,,graph-derived
2131,/model/layers.6/self_attn/Unsqueeze_23,,Unsqueeze,6,attention_non_projection,,,,,,,,,,,,,,,,graph-derived
2132,/model/layers.6/self_attn/Concat_9,,Concat,6,attention_non_projection,,,,,,,,,,,,,,,,graph-derived
2133,/model/layers.6/self_attn/Constant_51,,Constant,6,attention_non_projection,,,,,,,,,,,,,,,,graph-derived
2134,/model/layers.6/self_attn/Reshape_5,,Reshape,6,attention_non_projection,,,,,,,,,,,,,,,,graph-derived
2135,/model/layers.6/self_attn/Shape_13,,Shape,6,attention_non_projection,,,,,,,,,,,,,,,,graph-derived
2136,/model/layers.6/self_attn/ConstantOfShape_1,,ConstantOfShape,6,attention_non_projection,,,,,,,,,,,,,,,,graph-derived
2137,/model/layers.6/self_attn/Constant_52,,Constant,6,attention_non_projection,,,,,,,,,,,,,,,,graph-derived
2138,/model/layers.6/self_attn/Mul_6,,Mul,6,attention_non_projection,,,,,,,,,,,,,,,,graph-derived
2139,/model/layers.6/self_attn/Equal_1,,Equal,6,attention_non_projection,,,,,,,,,,,,,,,,graph-derived
2140,/model/layers.6/self_attn/Where_1,,Where,6,attention_non_projection,,,,,,,,,,,,,,,,graph-derived
2141,/model/layers.6/self_attn/Expand_1,,Expand,6,attention_non_projection,,,,,,,,,,,,,,,,graph-derived
2142,/model/layers.6/self_attn/Constant_53,,Constant,6,attention_non_projection,,,,,,,,,,,,,,,,graph-derived
2143,/model/layers.6/self_attn/Mul_7,,Mul,6,attention_non_projection,,,,,,,,,,,,,,,,graph-derived
2144,Constant_4882,,Constant,,other,,,,,,,,,,,,,,,,graph-derived
2145,/model/layers.6/self_attn/Unsqueeze_24,,Unsqueeze,6,attention_non_projection,,,,,,,,,,,,,,,,graph-derived
2146,Constant_4884,,Constant,,other,,,,,,,,,,,,,,,,graph-derived
2147,/model/layers.6/self_attn/Unsqueeze_25,,Unsqueeze,6,attention_non_projection,,,,,,,,,,,,,,,,graph-derived
2148,Constant_4886,,Constant,,other,,,,,,,,,,,,,,,,graph-derived
2149,/model/layers.6/self_attn/Unsqueeze_26,,Unsqueeze,6,attention_non_projection,,,,,,,,,,,,,,,,graph-derived
2150,Constant_4888,,Constant,,other,,,,,,,,,,,,,,,,graph-derived
2151,/model/layers.6/self_attn/Unsqueeze_27,,Unsqueeze,6,attention_non_projection,,,,,,,,,,,,,,,,graph-derived
2152,/model/layers.6/self_attn/Concat_10,,Concat,6,attention_non_projection,,,,,,,,,,,,,,,,graph-derived
2153,/model/layers.6/self_attn/Reshape_6,,Reshape,6,attention_non_projection,,,,,,,,,,,,,,,,graph-derived
2154,/model/layers.6/self_attn/Shape_14,,Shape,6,attention_non_projection,,,,,,,,,,,,,,,,graph-derived
2155,/model/layers.6/self_attn/Constant_54,,Constant,6,attention_non_projection,,,,,,,,,,,,,,,,graph-derived
2156,/model/layers.6/self_attn/Gather_12,,Gather,6,attention_non_projection,,,,,,,,,,,,,,,,graph-derived
2157,/model/layers.6/self_attn/Constant_55,,Constant,6,attention_non_projection,,,,,,,,,,,,,,,,graph-derived
2158,/model/layers.6/self_attn/Constant_56,,Constant,6,attention_non_projection,,,,,,,,,,,,,,,,graph-derived
2159,/model/layers.6/self_attn/Constant_57,,Constant,6,attention_non_projection,,,,,,,,,,,,,,,,graph-derived
2160,/model/layers.6/self_attn/Unsqueeze_28,,Unsqueeze,6,attention_non_projection,,,,,,,,,,,,,,,,graph-derived
2161,/model/layers.6/self_attn/Constant_58,,Constant,6,attention_non_projection,,,,,,,,,,,,,,,,graph-derived
2162,/model/layers.6/self_attn/Slice_4,,Slice,6,attention_non_projection,,,,,,,,,,,,,,,,graph-derived
2163,/model/layers.6/self_attn/Transpose_3,,Transpose,6,attention_non_projection,,,,,,,,,,,,,,,,graph-derived
2164,/model/layers.6/self_attn/Constant_59,,Constant,6,attention_non_projection,,,,,,,,,,,,,,,,graph-derived
2165,/model/layers.6/self_attn/Mul_8,,Mul,6,attention_non_projection,,,,,,,,,,,,,,,,graph-derived
2166,/model/layers.6/self_attn/Constant_60,,Constant,6,attention_non_projection,,,,,,,,,,,,,,,,graph-derived
2167,/model/layers.6/self_attn/Mul_9,,Mul,6,attention_non_projection,,,,,,,,,,,,,,,,graph-derived
2168,/model/layers.6/self_attn/MatMul,,MatMul,6,attention_non_projection,,,,,,,,,,,,,,,,graph-derived
2169,/model/layers.6/self_attn/Constant_61,,Constant,6,attention_non_projection,,,,,,,,,,,,,,,,graph-derived
2170,/model/layers.6/self_attn/Constant_62,,Constant,6,attention_non_projection,,,,,,,,,,,,,,,,graph-derived
2171,/model/layers.6/self_attn/Where_2,,Where,6,attention_non_projection,,,,,,,,,,,,,,,,graph-derived
2172,/model/layers.6/self_attn/Add_2,,Add,6,attention_non_projection,,,,,,,,,,,,,,,,graph-derived
2173,/model/layers.6/self_attn/Softmax,,Softmax,6,attention_non_projection,,,,,,,,,,,,,,,,graph-derived
2174,/model/layers.6/self_attn/IsNaN,,IsNaN,6,attention_non_projection,,,,,,,,,,,,,,,,graph-derived
2175,/model/layers.6/self_attn/Constant_63,,Constant,6,attention_non_projection,,,,,,,,,,,,,,,,graph-derived
2176,/model/layers.6/self_attn/Where_3,,Where,6,attention_non_projection,,,,,,,,,,,,,,,,graph-derived
2177,/model/layers.6/self_attn/MatMul_1,,MatMul,6,attention_non_projection,,,,,,,,,,,,,,,,graph-derived
2178,/model/layers.6/self_attn/Transpose_4,,Transpose,6,attention_non_projection,,,,,,,,,,,,,,,,graph-derived
2179,Constant_4917,,Constant,,other,,,,,,,,,,,,,,,,graph-derived
2180,/model/layers.6/self_attn/Unsqueeze_29,,Unsqueeze,6,attention_non_projection,,,,,,,,,,,,,,,,graph-derived
2181,Constant_4919,,Constant,,other,,,,,,,,,,,,,,,,graph-derived
2182,/model/layers.6/self_attn/Unsqueeze_30,,Unsqueeze,6,attention_non_projection,,,,,,,,,,,,,,,,graph-derived
2183,/model/layers.6/self_attn/Constant_64,,Constant,6,attention_non_projection,,,,,,,,,,,,,,,,graph-derived
2184,/model/layers.6/self_attn/Concat_11,,Concat,6,attention_non_projection,,,,,,,,,,,,,,,,graph-derived
2185,/model/layers.6/self_attn/Reshape_7,,Reshape,6,attention_non_projection,,,,,,,,,,,,,,,,graph-derived
2186,/model/layers.6/self_attn/o_proj/MatMul,,MatMul,6,attention_projection,o_proj,1024,1152,float,onnx::MatMul_9903,4718592,4096,4608,once_per_decode_token,model.onnx_data,1859254784,1859254784,3,2,0,graph-derived
2187,/model/layers.6/post_attention_layernorm/Cast,,Cast,6,other,,,,,,,,,,,,,,,,graph-derived
2188,/model/layers.6/post_attention_layernorm/Constant,,Constant,6,other,,,,,,,,,,,,,,,,graph-derived
2189,/model/layers.6/post_attention_layernorm/Pow,,Pow,6,other,,,,,,,,,,,,,,,,graph-derived
2190,/model/layers.6/post_attention_layernorm/ReduceMean,,ReduceMean,6,other,,,,,,,,,,,,,,,,graph-derived
2191,/model/layers.6/post_attention_layernorm/Constant_1,,Constant,6,other,,,,,,,,,,,,,,,,graph-derived
2192,/model/layers.6/post_attention_layernorm/Add,,Add,6,other,,,,,,,,,,,,,,,,graph-derived
2193,/model/layers.6/post_attention_layernorm/Sqrt,,Sqrt,6,other,,,,,,,,,,,,,,,,graph-derived
2194,/model/layers.6/post_attention_layernorm/Constant_2,,Constant,6,other,,,,,,,,,,,,,,,,graph-derived
2195,/model/layers.6/post_attention_layernorm/Div,,Div,6,other,,,,,,,,,,,,,,,,graph-derived
2196,/model/layers.6/post_attention_layernorm/Mul,,Mul,6,other,,,,,,,,,,,,,,,,graph-derived
2197,/model/layers.6/post_attention_layernorm/Mul_1,,Mul,6,other,,,,,,,,,,,,,,,,graph-derived
2198,/model/layers.6/Add,,Add,6,other,,,,,,,,,,,,,,,,graph-derived
2199,/model/layers.6/pre_feedforward_layernorm/Cast,,Cast,6,other,,,,,,,,,,,,,,,,graph-derived
2200,/model/layers.6/pre_feedforward_layernorm/Constant,,Constant,6,other,,,,,,,,,,,,,,,,graph-derived
2201,/model/layers.6/pre_feedforward_layernorm/Pow,,Pow,6,other,,,,,,,,,,,,,,,,graph-derived
2202,/model/layers.6/pre_feedforward_layernorm/ReduceMean,,ReduceMean,6,other,,,,,,,,,,,,,,,,graph-derived
2203,/model/layers.6/pre_feedforward_layernorm/Constant_1,,Constant,6,other,,,,,,,,,,,,,,,,graph-derived
2204,/model/layers.6/pre_feedforward_layernorm/Add,,Add,6,other,,,,,,,,,,,,,,,,graph-derived
2205,/model/layers.6/pre_feedforward_layernorm/Sqrt,,Sqrt,6,other,,,,,,,,,,,,,,,,graph-derived
2206,/model/layers.6/pre_feedforward_layernorm/Constant_2,,Constant,6,other,,,,,,,,,,,,,,,,graph-derived
2207,/model/layers.6/pre_feedforward_layernorm/Div,,Div,6,other,,,,,,,,,,,,,,,,graph-derived
2208,/model/layers.6/pre_feedforward_layernorm/Mul,,Mul,6,other,,,,,,,,,,,,,,,,graph-derived
2209,/model/layers.6/pre_feedforward_layernorm/Mul_1,,Mul,6,other,,,,,,,,,,,,,,,,graph-derived
2210,/model/layers.6/mlp/gate_proj/MatMul,,MatMul,6,mlp_projection,gate_proj,1152,6912,float,onnx::MatMul_9908,31850496,4608,27648,once_per_decode_token,model.onnx_data,1863982592,1863982592,0,3,2,graph-derived
2211,/model/layers.6/mlp/act_fn/Mul,,Mul,6,mlp_non_projection,,,,,,,,,,,,,,,,graph-derived
2212,/model/layers.6/mlp/act_fn/Mul_1,,Mul,6,mlp_non_projection,,,,,,,,,,,,,,,,graph-derived
2213,/model/layers.6/mlp/act_fn/Constant,,Constant,6,mlp_non_projection,,,,,,,,,,,,,,,,graph-derived
2214,/model/layers.6/mlp/act_fn/Mul_2,,Mul,6,mlp_non_projection,,,,,,,,,,,,,,,,graph-derived
2215,/model/layers.6/mlp/act_fn/Add,,Add,6,mlp_non_projection,,,,,,,,,,,,,,,,graph-derived
2216,/model/layers.6/mlp/act_fn/Constant_1,,Constant,6,mlp_non_projection,,,,,,,,,,,,,,,,graph-derived
2217,/model/layers.6/mlp/act_fn/Mul_3,,Mul,6,mlp_non_projection,,,,,,,,,,,,,,,,graph-derived
2218,/model/layers.6/mlp/act_fn/Tanh,,Tanh,6,mlp_non_projection,,,,,,,,,,,,,,,,graph-derived
2219,/model/layers.6/mlp/act_fn/Constant_2,,Constant,6,mlp_non_projection,,,,,,,,,,,,,,,,graph-derived
2220,/model/layers.6/mlp/act_fn/Add_1,,Add,6,mlp_non_projection,,,,,,,,,,,,,,,,graph-derived
2221,/model/layers.6/mlp/act_fn/Mul_4,,Mul,6,mlp_non_projection,,,,,,,,,,,,,,,,graph-derived
2222,/model/layers.6/mlp/act_fn/Constant_3,,Constant,6,mlp_non_projection,,,,,,,,,,,,,,,,graph-derived
2223,/model/layers.6/mlp/act_fn/Mul_5,,Mul,6,mlp_non_projection,,,,,,,,,,,,,,,,graph-derived
2224,/model/layers.6/mlp/up_proj/MatMul,,MatMul,6,mlp_projection,up_proj,1152,6912,float,onnx::MatMul_9909,31850496,4608,27648,once_per_decode_token,model.onnx_data,1895833088,1895833088,1,3,0,graph-derived
2225,/model/layers.6/mlp/Mul,,Mul,6,mlp_non_projection,,,,,,,,,,,,,,,,graph-derived
2226,/model/layers.6/mlp/down_proj/MatMul,,MatMul,6,mlp_projection,down_proj,6912,1152,float,onnx::MatMul_9910,31850496,27648,4608,once_per_decode_token,model.onnx_data,1927683584,1927683584,2,2,2,graph-derived
2227,/model/layers.6/post_feedforward_layernorm/Cast,,Cast,6,other,,,,,,,,,,,,,,,,graph-derived
2228,/model/layers.6/post_feedforward_layernorm/Constant,,Constant,6,other,,,,,,,,,,,,,,,,graph-derived
2229,/model/layers.6/post_feedforward_layernorm/Pow,,Pow,6,other,,,,,,,,,,,,,,,,graph-derived
2230,/model/layers.6/post_feedforward_layernorm/ReduceMean,,ReduceMean,6,other,,,,,,,,,,,,,,,,graph-derived
2231,/model/layers.6/post_feedforward_layernorm/Constant_1,,Constant,6,other,,,,,,,,,,,,,,,,graph-derived
2232,/model/layers.6/post_feedforward_layernorm/Add,,Add,6,other,,,,,,,,,,,,,,,,graph-derived
2233,/model/layers.6/post_feedforward_layernorm/Sqrt,,Sqrt,6,other,,,,,,,,,,,,,,,,graph-derived
2234,/model/layers.6/post_feedforward_layernorm/Constant_2,,Constant,6,other,,,,,,,,,,,,,,,,graph-derived
2235,/model/layers.6/post_feedforward_layernorm/Div,,Div,6,other,,,,,,,,,,,,,,,,graph-derived
2236,/model/layers.6/post_feedforward_layernorm/Mul,,Mul,6,other,,,,,,,,,,,,,,,,graph-derived
2237,/model/layers.6/post_feedforward_layernorm/Mul_1,,Mul,6,other,,,,,,,,,,,,,,,,graph-derived
2238,/model/layers.6/Add_1,,Add,6,other,,,,,,,,,,,,,,,,graph-derived
2239,/model/layers.7/input_layernorm/Cast,,Cast,7,other,,,,,,,,,,,,,,,,graph-derived
2240,/model/layers.7/input_layernorm/Constant,,Constant,7,other,,,,,,,,,,,,,,,,graph-derived
2241,/model/layers.7/input_layernorm/Pow,,Pow,7,other,,,,,,,,,,,,,,,,graph-derived
2242,/model/layers.7/input_layernorm/ReduceMean,,ReduceMean,7,other,,,,,,,,,,,,,,,,graph-derived
2243,/model/layers.7/input_layernorm/Constant_1,,Constant,7,other,,,,,,,,,,,,,,,,graph-derived
2244,/model/layers.7/input_layernorm/Add,,Add,7,other,,,,,,,,,,,,,,,,graph-derived
2245,/model/layers.7/input_layernorm/Sqrt,,Sqrt,7,other,,,,,,,,,,,,,,,,graph-derived
2246,/model/layers.7/input_layernorm/Constant_2,,Constant,7,other,,,,,,,,,,,,,,,,graph-derived
2247,/model/layers.7/input_layernorm/Div,,Div,7,other,,,,,,,,,,,,,,,,graph-derived
2248,/model/layers.7/input_layernorm/Mul,,Mul,7,other,,,,,,,,,,,,,,,,graph-derived
2249,/model/layers.7/input_layernorm/Mul_1,,Mul,7,other,,,,,,,,,,,,,,,,graph-derived
2250,/model/layers.7/self_attn/Shape,,Shape,7,attention_non_projection,,,,,,,,,,,,,,,,graph-derived
2251,/model/layers.7/self_attn/Constant,,Constant,7,attention_non_projection,,,,,,,,,,,,,,,,graph-derived
2252,/model/layers.7/self_attn/Gather,,Gather,7,attention_non_projection,,,,,,,,,,,,,,,,graph-derived
2253,/model/layers.7/self_attn/Shape_1,,Shape,7,attention_non_projection,,,,,,,,,,,,,,,,graph-derived
2254,/model/layers.7/self_attn/Constant_1,,Constant,7,attention_non_projection,,,,,,,,,,,,,,,,graph-derived
2255,/model/layers.7/self_attn/Gather_1,,Gather,7,attention_non_projection,,,,,,,,,,,,,,,,graph-derived
2256,/model/layers.7/self_attn/q_proj/MatMul,,MatMul,7,attention_projection,q_proj,1152,1024,float,onnx::MatMul_9915,4718592,4608,4096,once_per_decode_token,model.onnx_data,1959543296,1959543296,0,1,1,graph-derived
2257,Constant_4995,,Constant,,other,,,,,,,,,,,,,,,,graph-derived
2258,/model/layers.7/self_attn/Unsqueeze,,Unsqueeze,7,attention_non_projection,,,,,,,,,,,,,,,,graph-derived
2259,Constant_4997,,Constant,,other,,,,,,,,,,,,,,,,graph-derived
2260,/model/layers.7/self_attn/Unsqueeze_1,,Unsqueeze,7,attention_non_projection,,,,,,,,,,,,,,,,graph-derived
2261,/model/layers.7/self_attn/Constant_2,,Constant,7,attention_non_projection,,,,,,,,,,,,,,,,graph-derived
2262,/model/layers.7/self_attn/Constant_3,,Constant,7,attention_non_projection,,,,,,,,,,,,,,,,graph-derived
2263,/model/layers.7/self_attn/Concat,,Concat,7,attention_non_projection,,,,,,,,,,,,,,,,graph-derived
2264,Constant_5002,,Constant,,other,,,,,,,,,,,,,,,,graph-derived
2265,/model/layers.7/self_attn/Unsqueeze_2,,Unsqueeze,7,attention_non_projection,,,,,,,,,,,,,,,,graph-derived
2266,Constant_5004,,Constant,,other,,,,,,,,,,,,,,,,graph-derived
2267,/model/layers.7/self_attn/Unsqueeze_3,,Unsqueeze,7,attention_non_projection,,,,,,,,,,,,,,,,graph-derived
2268,/model/layers.7/self_attn/Constant_4,,Constant,7,attention_non_projection,,,,,,,,,,,,,,,,graph-derived
2269,/model/layers.7/self_attn/Constant_5,,Constant,7,attention_non_projection,,,,,,,,,,,,,,,,graph-derived
2270,/model/layers.7/self_attn/Concat_1,,Concat,7,attention_non_projection,,,,,,,,,,,,,,,,graph-derived
2271,Constant_5009,,Constant,,other,,,,,,,,,,,,,,,,graph-derived
2272,/model/layers.7/self_attn/Unsqueeze_4,,Unsqueeze,7,attention_non_projection,,,,,,,,,,,,,,,,graph-derived
2273,Constant_5011,,Constant,,other,,,,,,,,,,,,,,,,graph-derived
2274,/model/layers.7/self_attn/Unsqueeze_5,,Unsqueeze,7,attention_non_projection,,,,,,,,,,,,,,,,graph-derived
2275,/model/layers.7/self_attn/Constant_6,,Constant,7,attention_non_projection,,,,,,,,,,,,,,,,graph-derived
2276,/model/layers.7/self_attn/Constant_7,,Constant,7,attention_non_projection,,,,,,,,,,,,,,,,graph-derived
2277,/model/layers.7/self_attn/Concat_2,,Concat,7,attention_non_projection,,,,,,,,,,,,,,,,graph-derived
2278,/model/layers.7/self_attn/Reshape,,Reshape,7,attention_non_projection,,,,,,,,,,,,,,,,graph-derived
2279,/model/layers.7/self_attn/Transpose,,Transpose,7,attention_non_projection,,,,,,,,,,,,,,,,graph-derived
2280,/model/layers.7/self_attn/k_proj/MatMul,,MatMul,7,attention_projection,k_proj,1152,256,float,onnx::MatMul_9922,1179648,4608,1024,once_per_decode_token,model.onnx_data,1964261888,1964261888,1,3,3,graph-derived
2281,/model/layers.7/self_attn/Reshape_1,,Reshape,7,attention_non_projection,,,,,,,,,,,,,,,,graph-derived
2282,/model/layers.7/self_attn/Transpose_1,,Transpose,7,attention_non_projection,,,,,,,,,,,,,,,,graph-derived
2283,/model/layers.7/self_attn/v_proj/MatMul,,MatMul,7,attention_projection,v_proj,1152,256,float,onnx::MatMul_9923,1179648,4608,1024,once_per_decode_token,model.onnx_data,1965441536,1965441536,2,1,1,graph-derived
2284,/model/layers.7/self_attn/Reshape_2,,Reshape,7,attention_non_projection,,,,,,,,,,,,,,,,graph-derived
2285,/model/layers.7/self_attn/Transpose_2,,Transpose,7,attention_non_projection,,,,,,,,,,,,,,,,graph-derived
2286,/model/layers.7/self_attn/q_norm/Cast,,Cast,7,attention_non_projection,,,,,,,,,,,,,,,,graph-derived
2287,/model/layers.7/self_attn/q_norm/Constant,,Constant,7,attention_non_projection,,,,,,,,,,,,,,,,graph-derived
2288,/model/layers.7/self_attn/q_norm/Pow,,Pow,7,attention_non_projection,,,,,,,,,,,,,,,,graph-derived
2289,/model/layers.7/self_attn/q_norm/ReduceMean,,ReduceMean,7,attention_non_projection,,,,,,,,,,,,,,,,graph-derived
2290,/model/layers.7/self_attn/q_norm/Constant_1,,Constant,7,attention_non_projection,,,,,,,,,,,,,,,,graph-derived
2291,/model/layers.7/self_attn/q_norm/Add,,Add,7,attention_non_projection,,,,,,,,,,,,,,,,graph-derived
2292,/model/layers.7/self_attn/q_norm/Sqrt,,Sqrt,7,attention_non_projection,,,,,,,,,,,,,,,,graph-derived
2293,/model/layers.7/self_attn/q_norm/Constant_2,,Constant,7,attention_non_projection,,,,,,,,,,,,,,,,graph-derived
2294,/model/layers.7/self_attn/q_norm/Div,,Div,7,attention_non_projection,,,,,,,,,,,,,,,,graph-derived
2295,/model/layers.7/self_attn/q_norm/Mul,,Mul,7,attention_non_projection,,,,,,,,,,,,,,,,graph-derived
2296,/model/layers.7/self_attn/q_norm/Mul_1,,Mul,7,attention_non_projection,,,,,,,,,,,,,,,,graph-derived
2297,/model/layers.7/self_attn/k_norm/Cast,,Cast,7,attention_non_projection,,,,,,,,,,,,,,,,graph-derived
2298,/model/layers.7/self_attn/k_norm/Constant,,Constant,7,attention_non_projection,,,,,,,,,,,,,,,,graph-derived
2299,/model/layers.7/self_attn/k_norm/Pow,,Pow,7,attention_non_projection,,,,,,,,,,,,,,,,graph-derived
2300,/model/layers.7/self_attn/k_norm/ReduceMean,,ReduceMean,7,attention_non_projection,,,,,,,,,,,,,,,,graph-derived
2301,/model/layers.7/self_attn/k_norm/Constant_1,,Constant,7,attention_non_projection,,,,,,,,,,,,,,,,graph-derived
2302,/model/layers.7/self_attn/k_norm/Add,,Add,7,attention_non_projection,,,,,,,,,,,,,,,,graph-derived
2303,/model/layers.7/self_attn/k_norm/Sqrt,,Sqrt,7,attention_non_projection,,,,,,,,,,,,,,,,graph-derived
2304,/model/layers.7/self_attn/k_norm/Constant_2,,Constant,7,attention_non_projection,,,,,,,,,,,,,,,,graph-derived
2305,/model/layers.7/self_attn/k_norm/Div,,Div,7,attention_non_projection,,,,,,,,,,,,,,,,graph-derived
2306,/model/layers.7/self_attn/k_norm/Mul,,Mul,7,attention_non_projection,,,,,,,,,,,,,,,,graph-derived
2307,/model/layers.7/self_attn/k_norm/Mul_1,,Mul,7,attention_non_projection,,,,,,,,,,,,,,,,graph-derived
2308,/model/layers.7/self_attn/Mul,,Mul,7,attention_non_projection,,,,,,,,,,,,,,,,graph-derived
2309,/model/layers.7/self_attn/Shape_2,,Shape,7,attention_non_projection,,,,,,,,,,,,,,,,graph-derived
2310,/model/layers.7/self_attn/Constant_8,,Constant,7,attention_non_projection,,,,,,,,,,,,,,,,graph-derived
2311,/model/layers.7/self_attn/Gather_2,,Gather,7,attention_non_projection,,,,,,,,,,,,,,,,graph-derived
2312,/model/layers.7/self_attn/Constant_9,,Constant,7,attention_non_projection,,,,,,,,,,,,,,,,graph-derived
2313,/model/layers.7/self_attn/Div,,Div,7,attention_non_projection,,,,,,,,,,,,,,,,graph-derived
2314,/model/layers.7/self_attn/Cast,,Cast,7,attention_non_projection,,,,,,,,,,,,,,,,graph-derived
2315,/model/layers.7/self_attn/Cast_1,,Cast,7,attention_non_projection,,,,,,,,,,,,,,,,graph-derived
2316,/model/layers.7/self_attn/Constant_10,,Constant,7,attention_non_projection,,,,,,,,,,,,,,,,graph-derived
2317,/model/layers.7/self_attn/Constant_11,,Constant,7,attention_non_projection,,,,,,,,,,,,,,,,graph-derived
2318,/model/layers.7/self_attn/Constant_12,,Constant,7,attention_non_projection,,,,,,,,,,,,,,,,graph-derived
2319,/model/layers.7/self_attn/Unsqueeze_6,,Unsqueeze,7,attention_non_projection,,,,,,,,,,,,,,,,graph-derived
2320,/model/layers.7/self_attn/Constant_13,,Constant,7,attention_non_projection,,,,,,,,,,,,,,,,graph-derived
2321,/model/layers.7/self_attn/Slice,,Slice,7,attention_non_projection,,,,,,,,,,,,,,,,graph-derived
2322,/model/layers.7/self_attn/Constant_14,,Constant,7,attention_non_projection,,,,,,,,,,,,,,,,graph-derived
2323,/model/layers.7/self_attn/Constant_15,,Constant,7,attention_non_projection,,,,,,,,,,,,,,,,graph-derived
2324,/model/layers.7/self_attn/Unsqueeze_7,,Unsqueeze,7,attention_non_projection,,,,,,,,,,,,,,,,graph-derived
2325,/model/layers.7/self_attn/Constant_16,,Constant,7,attention_non_projection,,,,,,,,,,,,,,,,graph-derived
2326,/model/layers.7/self_attn/Constant_17,,Constant,7,attention_non_projection,,,,,,,,,,,,,,,,graph-derived
2327,/model/layers.7/self_attn/Slice_1,,Slice,7,attention_non_projection,,,,,,,,,,,,,,,,graph-derived
2328,/model/layers.7/self_attn/Neg,,Neg,7,attention_non_projection,,,,,,,,,,,,,,,,graph-derived
2329,/model/layers.7/self_attn/Concat_3,,Concat,7,attention_non_projection,,,,,,,,,,,,,,,,graph-derived
2330,/model/layers.7/self_attn/Mul_1,,Mul,7,attention_non_projection,,,,,,,,,,,,,,,,graph-derived
2331,/model/layers.7/self_attn/Add,,Add,7,attention_non_projection,,,,,,,,,,,,,,,,graph-derived
2332,/model/layers.7/self_attn/Mul_2,,Mul,7,attention_non_projection,,,,,,,,,,,,,,,,graph-derived
2333,/model/layers.7/self_attn/Shape_3,,Shape,7,attention_non_projection,,,,,,,,,,,,,,,,graph-derived
2334,/model/layers.7/self_attn/Constant_18,,Constant,7,attention_non_projection,,,,,,,,,,,,,,,,graph-derived
2335,/model/layers.7/self_attn/Gather_3,,Gather,7,attention_non_projection,,,,,,,,,,,,,,,,graph-derived
2336,/model/layers.7/self_attn/Constant_19,,Constant,7,attention_non_projection,,,,,,,,,,,,,,,,graph-derived
2337,/model/layers.7/self_attn/Div_1,,Div,7,attention_non_projection,,,,,,,,,,,,,,,,graph-derived
2338,/model/layers.7/self_attn/Cast_2,,Cast,7,attention_non_projection,,,,,,,,,,,,,,,,graph-derived
2339,/model/layers.7/self_attn/Cast_3,,Cast,7,attention_non_projection,,,,,,,,,,,,,,,,graph-derived
2340,/model/layers.7/self_attn/Constant_20,,Constant,7,attention_non_projection,,,,,,,,,,,,,,,,graph-derived
2341,/model/layers.7/self_attn/Constant_21,,Constant,7,attention_non_projection,,,,,,,,,,,,,,,,graph-derived
2342,/model/layers.7/self_attn/Constant_22,,Constant,7,attention_non_projection,,,,,,,,,,,,,,,,graph-derived
2343,/model/layers.7/self_attn/Unsqueeze_8,,Unsqueeze,7,attention_non_projection,,,,,,,,,,,,,,,,graph-derived
2344,/model/layers.7/self_attn/Constant_23,,Constant,7,attention_non_projection,,,,,,,,,,,,,,,,graph-derived
2345,/model/layers.7/self_attn/Slice_2,,Slice,7,attention_non_projection,,,,,,,,,,,,,,,,graph-derived
2346,/model/layers.7/self_attn/Constant_24,,Constant,7,attention_non_projection,,,,,,,,,,,,,,,,graph-derived
2347,/model/layers.7/self_attn/Constant_25,,Constant,7,attention_non_projection,,,,,,,,,,,,,,,,graph-derived
2348,/model/layers.7/self_attn/Unsqueeze_9,,Unsqueeze,7,attention_non_projection,,,,,,,,,,,,,,,,graph-derived
2349,/model/layers.7/self_attn/Constant_26,,Constant,7,attention_non_projection,,,,,,,,,,,,,,,,graph-derived
2350,/model/layers.7/self_attn/Constant_27,,Constant,7,attention_non_projection,,,,,,,,,,,,,,,,graph-derived
2351,/model/layers.7/self_attn/Slice_3,,Slice,7,attention_non_projection,,,,,,,,,,,,,,,,graph-derived
2352,/model/layers.7/self_attn/Neg_1,,Neg,7,attention_non_projection,,,,,,,,,,,,,,,,graph-derived
2353,/model/layers.7/self_attn/Concat_4,,Concat,7,attention_non_projection,,,,,,,,,,,,,,,,graph-derived
2354,/model/layers.7/self_attn/Mul_3,,Mul,7,attention_non_projection,,,,,,,,,,,,,,,,graph-derived
2355,/model/layers.7/self_attn/Add_1,,Add,7,attention_non_projection,,,,,,,,,,,,,,,,graph-derived
2356,/model/layers.7/self_attn/Concat_5,,Concat,7,attention_non_projection,,,,,,,,,,,,,,,,graph-derived
2357,/model/layers.7/self_attn/Concat_6,,Concat,7,attention_non_projection,,,,,,,,,,,,,,,,graph-derived
2358,/model/layers.7/self_attn/Shape_4,,Shape,7,attention_non_projection,,,,,,,,,,,,,,,,graph-derived
2359,/model/layers.7/self_attn/Constant_28,,Constant,7,attention_non_projection,,,,,,,,,,,,,,,,graph-derived
2360,/model/layers.7/self_attn/Gather_4,,Gather,7,attention_non_projection,,,,,,,,,,,,,,,,graph-derived
2361,/model/layers.7/self_attn/Shape_5,,Shape,7,attention_non_projection,,,,,,,,,,,,,,,,graph-derived
2362,/model/layers.7/self_attn/Constant_29,,Constant,7,attention_non_projection,,,,,,,,,,,,,,,,graph-derived
2363,/model/layers.7/self_attn/Gather_5,,Gather,7,attention_non_projection,,,,,,,,,,,,,,,,graph-derived
2364,/model/layers.7/self_attn/Shape_6,,Shape,7,attention_non_projection,,,,,,,,,,,,,,,,graph-derived
2365,/model/layers.7/self_attn/Constant_30,,Constant,7,attention_non_projection,,,,,,,,,,,,,,,,graph-derived
2366,/model/layers.7/self_attn/Gather_6,,Gather,7,attention_non_projection,,,,,,,,,,,,,,,,graph-derived
2367,/model/layers.7/self_attn/Shape_7,,Shape,7,attention_non_projection,,,,,,,,,,,,,,,,graph-derived
2368,/model/layers.7/self_attn/Constant_31,,Constant,7,attention_non_projection,,,,,,,,,,,,,,,,graph-derived
2369,/model/layers.7/self_attn/Gather_7,,Gather,7,attention_non_projection,,,,,,,,,,,,,,,,graph-derived
2370,/model/layers.7/self_attn/Constant_32,,Constant,7,attention_non_projection,,,,,,,,,,,,,,,,graph-derived
2371,/model/layers.7/self_attn/Unsqueeze_10,,Unsqueeze,7,attention_non_projection,,,,,,,,,,,,,,,,graph-derived
2372,/model/layers.7/self_attn/Constant_33,,Constant,7,attention_non_projection,,,,,,,,,,,,,,,,graph-derived
2373,/model/layers.7/self_attn/Unsqueeze_11,,Unsqueeze,7,attention_non_projection,,,,,,,,,,,,,,,,graph-derived
2374,/model/layers.7/self_attn/Constant_34,,Constant,7,attention_non_projection,,,,,,,,,,,,,,,,graph-derived
2375,/model/layers.7/self_attn/Unsqueeze_12,,Unsqueeze,7,attention_non_projection,,,,,,,,,,,,,,,,graph-derived
2376,/model/layers.7/self_attn/Constant_35,,Constant,7,attention_non_projection,,,,,,,,,,,,,,,,graph-derived
2377,/model/layers.7/self_attn/Constant_36,,Constant,7,attention_non_projection,,,,,,,,,,,,,,,,graph-derived
2378,/model/layers.7/self_attn/Unsqueeze_13,,Unsqueeze,7,attention_non_projection,,,,,,,,,,,,,,,,graph-derived
2379,/model/layers.7/self_attn/Constant_37,,Constant,7,attention_non_projection,,,,,,,,,,,,,,,,graph-derived
2380,/model/layers.7/self_attn/Unsqueeze_14,,Unsqueeze,7,attention_non_projection,,,,,,,,,,,,,,,,graph-derived
2381,/model/layers.7/self_attn/Concat_7,,Concat,7,attention_non_projection,,,,,,,,,,,,,,,,graph-derived
2382,/model/layers.7/self_attn/Constant_38,,Constant,7,attention_non_projection,,,,,,,,,,,,,,,,graph-derived
2383,/model/layers.7/self_attn/Reshape_3,,Reshape,7,attention_non_projection,,,,,,,,,,,,,,,,graph-derived
2384,/model/layers.7/self_attn/Shape_8,,Shape,7,attention_non_projection,,,,,,,,,,,,,,,,graph-derived
2385,/model/layers.7/self_attn/ConstantOfShape,,ConstantOfShape,7,attention_non_projection,,,,,,,,,,,,,,,,graph-derived
2386,/model/layers.7/self_attn/Constant_39,,Constant,7,attention_non_projection,,,,,,,,,,,,,,,,graph-derived
2387,/model/layers.7/self_attn/Mul_4,,Mul,7,attention_non_projection,,,,,,,,,,,,,,,,graph-derived
2388,/model/layers.7/self_attn/Equal,,Equal,7,attention_non_projection,,,,,,,,,,,,,,,,graph-derived
2389,/model/layers.7/self_attn/Where,,Where,7,attention_non_projection,,,,,,,,,,,,,,,,graph-derived
2390,/model/layers.7/self_attn/Expand,,Expand,7,attention_non_projection,,,,,,,,,,,,,,,,graph-derived
2391,/model/layers.7/self_attn/Constant_40,,Constant,7,attention_non_projection,,,,,,,,,,,,,,,,graph-derived
2392,/model/layers.7/self_attn/Mul_5,,Mul,7,attention_non_projection,,,,,,,,,,,,,,,,graph-derived
2393,Constant_5131,,Constant,,other,,,,,,,,,,,,,,,,graph-derived
2394,/model/layers.7/self_attn/Unsqueeze_15,,Unsqueeze,7,attention_non_projection,,,,,,,,,,,,,,,,graph-derived
2395,Constant_5133,,Constant,,other,,,,,,,,,,,,,,,,graph-derived
2396,/model/layers.7/self_attn/Unsqueeze_16,,Unsqueeze,7,attention_non_projection,,,,,,,,,,,,,,,,graph-derived
2397,Constant_5135,,Constant,,other,,,,,,,,,,,,,,,,graph-derived
2398,/model/layers.7/self_attn/Unsqueeze_17,,Unsqueeze,7,attention_non_projection,,,,,,,,,,,,,,,,graph-derived
2399,Constant_5137,,Constant,,other,,,,,,,,,,,,,,,,graph-derived
2400,/model/layers.7/self_attn/Unsqueeze_18,,Unsqueeze,7,attention_non_projection,,,,,,,,,,,,,,,,graph-derived
2401,/model/layers.7/self_attn/Concat_8,,Concat,7,attention_non_projection,,,,,,,,,,,,,,,,graph-derived
2402,/model/layers.7/self_attn/Reshape_4,,Reshape,7,attention_non_projection,,,,,,,,,,,,,,,,graph-derived
2403,/model/layers.7/self_attn/Shape_9,,Shape,7,attention_non_projection,,,,,,,,,,,,,,,,graph-derived
2404,/model/layers.7/self_attn/Constant_41,,Constant,7,attention_non_projection,,,,,,,,,,,,,,,,graph-derived
2405,/model/layers.7/self_attn/Gather_8,,Gather,7,attention_non_projection,,,,,,,,,,,,,,,,graph-derived
2406,/model/layers.7/self_attn/Shape_10,,Shape,7,attention_non_projection,,,,,,,,,,,,,,,,graph-derived
2407,/model/layers.7/self_attn/Constant_42,,Constant,7,attention_non_projection,,,,,,,,,,,,,,,,graph-derived
2408,/model/layers.7/self_attn/Gather_9,,Gather,7,attention_non_projection,,,,,,,,,,,,,,,,graph-derived
2409,/model/layers.7/self_attn/Shape_11,,Shape,7,attention_non_projection,,,,,,,,,,,,,,,,graph-derived
2410,/model/layers.7/self_attn/Constant_43,,Constant,7,attention_non_projection,,,,,,,,,,,,,,,,graph-derived
2411,/model/layers.7/self_attn/Gather_10,,Gather,7,attention_non_projection,,,,,,,,,,,,,,,,graph-derived
2412,/model/layers.7/self_attn/Shape_12,,Shape,7,attention_non_projection,,,,,,,,,,,,,,,,graph-derived
2413,/model/layers.7/self_attn/Constant_44,,Constant,7,attention_non_projection,,,,,,,,,,,,,,,,graph-derived
2414,/model/layers.7/self_attn/Gather_11,,Gather,7,attention_non_projection,,,,,,,,,,,,,,,,graph-derived
2415,/model/layers.7/self_attn/Constant_45,,Constant,7,attention_non_projection,,,,,,,,,,,,,,,,graph-derived
2416,/model/layers.7/self_attn/Unsqueeze_19,,Unsqueeze,7,attention_non_projection,,,,,,,,,,,,,,,,graph-derived
2417,/model/layers.7/self_attn/Constant_46,,Constant,7,attention_non_projection,,,,,,,,,,,,,,,,graph-derived
2418,/model/layers.7/self_attn/Unsqueeze_20,,Unsqueeze,7,attention_non_projection,,,,,,,,,,,,,,,,graph-derived
2419,/model/layers.7/self_attn/Constant_47,,Constant,7,attention_non_projection,,,,,,,,,,,,,,,,graph-derived
2420,/model/layers.7/self_attn/Unsqueeze_21,,Unsqueeze,7,attention_non_projection,,,,,,,,,,,,,,,,graph-derived
2421,/model/layers.7/self_attn/Constant_48,,Constant,7,attention_non_projection,,,,,,,,,,,,,,,,graph-derived
2422,/model/layers.7/self_attn/Constant_49,,Constant,7,attention_non_projection,,,,,,,,,,,,,,,,graph-derived
2423,/model/layers.7/self_attn/Unsqueeze_22,,Unsqueeze,7,attention_non_projection,,,,,,,,,,,,,,,,graph-derived
2424,/model/layers.7/self_attn/Constant_50,,Constant,7,attention_non_projection,,,,,,,,,,,,,,,,graph-derived
2425,/model/layers.7/self_attn/Unsqueeze_23,,Unsqueeze,7,attention_non_projection,,,,,,,,,,,,,,,,graph-derived
2426,/model/layers.7/self_attn/Concat_9,,Concat,7,attention_non_projection,,,,,,,,,,,,,,,,graph-derived
2427,/model/layers.7/self_attn/Constant_51,,Constant,7,attention_non_projection,,,,,,,,,,,,,,,,graph-derived
2428,/model/layers.7/self_attn/Reshape_5,,Reshape,7,attention_non_projection,,,,,,,,,,,,,,,,graph-derived
2429,/model/layers.7/self_attn/Shape_13,,Shape,7,attention_non_projection,,,,,,,,,,,,,,,,graph-derived
2430,/model/layers.7/self_attn/ConstantOfShape_1,,ConstantOfShape,7,attention_non_projection,,,,,,,,,,,,,,,,graph-derived
2431,/model/layers.7/self_attn/Constant_52,,Constant,7,attention_non_projection,,,,,,,,,,,,,,,,graph-derived
2432,/model/layers.7/self_attn/Mul_6,,Mul,7,attention_non_projection,,,,,,,,,,,,,,,,graph-derived
2433,/model/layers.7/self_attn/Equal_1,,Equal,7,attention_non_projection,,,,,,,,,,,,,,,,graph-derived
2434,/model/layers.7/self_attn/Where_1,,Where,7,attention_non_projection,,,,,,,,,,,,,,,,graph-derived
2435,/model/layers.7/self_attn/Expand_1,,Expand,7,attention_non_projection,,,,,,,,,,,,,,,,graph-derived
2436,/model/layers.7/self_attn/Constant_53,,Constant,7,attention_non_projection,,,,,,,,,,,,,,,,graph-derived
2437,/model/layers.7/self_attn/Mul_7,,Mul,7,attention_non_projection,,,,,,,,,,,,,,,,graph-derived
2438,Constant_5176,,Constant,,other,,,,,,,,,,,,,,,,graph-derived
2439,/model/layers.7/self_attn/Unsqueeze_24,,Unsqueeze,7,attention_non_projection,,,,,,,,,,,,,,,,graph-derived
2440,Constant_5178,,Constant,,other,,,,,,,,,,,,,,,,graph-derived
2441,/model/layers.7/self_attn/Unsqueeze_25,,Unsqueeze,7,attention_non_projection,,,,,,,,,,,,,,,,graph-derived
2442,Constant_5180,,Constant,,other,,,,,,,,,,,,,,,,graph-derived
2443,/model/layers.7/self_attn/Unsqueeze_26,,Unsqueeze,7,attention_non_projection,,,,,,,,,,,,,,,,graph-derived
2444,Constant_5182,,Constant,,other,,,,,,,,,,,,,,,,graph-derived
2445,/model/layers.7/self_attn/Unsqueeze_27,,Unsqueeze,7,attention_non_projection,,,,,,,,,,,,,,,,graph-derived
2446,/model/layers.7/self_attn/Concat_10,,Concat,7,attention_non_projection,,,,,,,,,,,,,,,,graph-derived
2447,/model/layers.7/self_attn/Reshape_6,,Reshape,7,attention_non_projection,,,,,,,,,,,,,,,,graph-derived
2448,/model/layers.7/self_attn/Shape_14,,Shape,7,attention_non_projection,,,,,,,,,,,,,,,,graph-derived
2449,/model/layers.7/self_attn/Constant_54,,Constant,7,attention_non_projection,,,,,,,,,,,,,,,,graph-derived
2450,/model/layers.7/self_attn/Gather_12,,Gather,7,attention_non_projection,,,,,,,,,,,,,,,,graph-derived
2451,/model/layers.7/self_attn/Constant_55,,Constant,7,attention_non_projection,,,,,,,,,,,,,,,,graph-derived
2452,/model/layers.7/self_attn/Constant_56,,Constant,7,attention_non_projection,,,,,,,,,,,,,,,,graph-derived
2453,/model/layers.7/self_attn/Constant_57,,Constant,7,attention_non_projection,,,,,,,,,,,,,,,,graph-derived
2454,/model/layers.7/self_attn/Unsqueeze_28,,Unsqueeze,7,attention_non_projection,,,,,,,,,,,,,,,,graph-derived
2455,/model/layers.7/self_attn/Constant_58,,Constant,7,attention_non_projection,,,,,,,,,,,,,,,,graph-derived
2456,/model/layers.7/self_attn/Slice_4,,Slice,7,attention_non_projection,,,,,,,,,,,,,,,,graph-derived
2457,/model/layers.7/self_attn/Transpose_3,,Transpose,7,attention_non_projection,,,,,,,,,,,,,,,,graph-derived
2458,/model/layers.7/self_attn/Constant_59,,Constant,7,attention_non_projection,,,,,,,,,,,,,,,,graph-derived
2459,/model/layers.7/self_attn/Mul_8,,Mul,7,attention_non_projection,,,,,,,,,,,,,,,,graph-derived
2460,/model/layers.7/self_attn/Constant_60,,Constant,7,attention_non_projection,,,,,,,,,,,,,,,,graph-derived
2461,/model/layers.7/self_attn/Mul_9,,Mul,7,attention_non_projection,,,,,,,,,,,,,,,,graph-derived
2462,/model/layers.7/self_attn/MatMul,,MatMul,7,attention_non_projection,,,,,,,,,,,,,,,,graph-derived
2463,/model/layers.7/self_attn/Constant_61,,Constant,7,attention_non_projection,,,,,,,,,,,,,,,,graph-derived
2464,/model/layers.7/self_attn/Constant_62,,Constant,7,attention_non_projection,,,,,,,,,,,,,,,,graph-derived
2465,/model/layers.7/self_attn/Where_2,,Where,7,attention_non_projection,,,,,,,,,,,,,,,,graph-derived
2466,/model/layers.7/self_attn/Add_2,,Add,7,attention_non_projection,,,,,,,,,,,,,,,,graph-derived
2467,/model/layers.7/self_attn/Softmax,,Softmax,7,attention_non_projection,,,,,,,,,,,,,,,,graph-derived
2468,/model/layers.7/self_attn/IsNaN,,IsNaN,7,attention_non_projection,,,,,,,,,,,,,,,,graph-derived
2469,/model/layers.7/self_attn/Constant_63,,Constant,7,attention_non_projection,,,,,,,,,,,,,,,,graph-derived
2470,/model/layers.7/self_attn/Where_3,,Where,7,attention_non_projection,,,,,,,,,,,,,,,,graph-derived
2471,/model/layers.7/self_attn/MatMul_1,,MatMul,7,attention_non_projection,,,,,,,,,,,,,,,,graph-derived
2472,/model/layers.7/self_attn/Transpose_4,,Transpose,7,attention_non_projection,,,,,,,,,,,,,,,,graph-derived
2473,Constant_5211,,Constant,,other,,,,,,,,,,,,,,,,graph-derived
2474,/model/layers.7/self_attn/Unsqueeze_29,,Unsqueeze,7,attention_non_projection,,,,,,,,,,,,,,,,graph-derived
2475,Constant_5213,,Constant,,other,,,,,,,,,,,,,,,,graph-derived
2476,/model/layers.7/self_attn/Unsqueeze_30,,Unsqueeze,7,attention_non_projection,,,,,,,,,,,,,,,,graph-derived
2477,/model/layers.7/self_attn/Constant_64,,Constant,7,attention_non_projection,,,,,,,,,,,,,,,,graph-derived
2478,/model/layers.7/self_attn/Concat_11,,Concat,7,attention_non_projection,,,,,,,,,,,,,,,,graph-derived
2479,/model/layers.7/self_attn/Reshape_7,,Reshape,7,attention_non_projection,,,,,,,,,,,,,,,,graph-derived
2480,/model/layers.7/self_attn/o_proj/MatMul,,MatMul,7,attention_projection,o_proj,1024,1152,float,onnx::MatMul_9950,4718592,4096,4608,once_per_decode_token,model.onnx_data,1966623232,1966623232,3,3,3,graph-derived
2481,/model/layers.7/post_attention_layernorm/Cast,,Cast,7,other,,,,,,,,,,,,,,,,graph-derived
2482,/model/layers.7/post_attention_layernorm/Constant,,Constant,7,other,,,,,,,,,,,,,,,,graph-derived
2483,/model/layers.7/post_attention_layernorm/Pow,,Pow,7,other,,,,,,,,,,,,,,,,graph-derived
2484,/model/layers.7/post_attention_layernorm/ReduceMean,,ReduceMean,7,other,,,,,,,,,,,,,,,,graph-derived
2485,/model/layers.7/post_attention_layernorm/Constant_1,,Constant,7,other,,,,,,,,,,,,,,,,graph-derived
2486,/model/layers.7/post_attention_layernorm/Add,,Add,7,other,,,,,,,,,,,,,,,,graph-derived
2487,/model/layers.7/post_attention_layernorm/Sqrt,,Sqrt,7,other,,,,,,,,,,,,,,,,graph-derived
2488,/model/layers.7/post_attention_layernorm/Constant_2,,Constant,7,other,,,,,,,,,,,,,,,,graph-derived
2489,/model/layers.7/post_attention_layernorm/Div,,Div,7,other,,,,,,,,,,,,,,,,graph-derived
2490,/model/layers.7/post_attention_layernorm/Mul,,Mul,7,other,,,,,,,,,,,,,,,,graph-derived
2491,/model/layers.7/post_attention_layernorm/Mul_1,,Mul,7,other,,,,,,,,,,,,,,,,graph-derived
2492,/model/layers.7/Add,,Add,7,other,,,,,,,,,,,,,,,,graph-derived
2493,/model/layers.7/pre_feedforward_layernorm/Cast,,Cast,7,other,,,,,,,,,,,,,,,,graph-derived
2494,/model/layers.7/pre_feedforward_layernorm/Constant,,Constant,7,other,,,,,,,,,,,,,,,,graph-derived
2495,/model/layers.7/pre_feedforward_layernorm/Pow,,Pow,7,other,,,,,,,,,,,,,,,,graph-derived
2496,/model/layers.7/pre_feedforward_layernorm/ReduceMean,,ReduceMean,7,other,,,,,,,,,,,,,,,,graph-derived
2497,/model/layers.7/pre_feedforward_layernorm/Constant_1,,Constant,7,other,,,,,,,,,,,,,,,,graph-derived
2498,/model/layers.7/pre_feedforward_layernorm/Add,,Add,7,other,,,,,,,,,,,,,,,,graph-derived
2499,/model/layers.7/pre_feedforward_layernorm/Sqrt,,Sqrt,7,other,,,,,,,,,,,,,,,,graph-derived
2500,/model/layers.7/pre_feedforward_layernorm/Constant_2,,Constant,7,other,,,,,,,,,,,,,,,,graph-derived
2501,/model/layers.7/pre_feedforward_layernorm/Div,,Div,7,other,,,,,,,,,,,,,,,,graph-derived
2502,/model/layers.7/pre_feedforward_layernorm/Mul,,Mul,7,other,,,,,,,,,,,,,,,,graph-derived
2503,/model/layers.7/pre_feedforward_layernorm/Mul_1,,Mul,7,other,,,,,,,,,,,,,,,,graph-derived
2504,/model/layers.7/mlp/gate_proj/MatMul,,MatMul,7,mlp_projection,gate_proj,1152,6912,float,onnx::MatMul_9955,31850496,4608,27648,once_per_decode_token,model.onnx_data,1971351040,1971351040,0,1,1,graph-derived
2505,/model/layers.7/mlp/act_fn/Mul,,Mul,7,mlp_non_projection,,,,,,,,,,,,,,,,graph-derived
2506,/model/layers.7/mlp/act_fn/Mul_1,,Mul,7,mlp_non_projection,,,,,,,,,,,,,,,,graph-derived
2507,/model/layers.7/mlp/act_fn/Constant,,Constant,7,mlp_non_projection,,,,,,,,,,,,,,,,graph-derived
2508,/model/layers.7/mlp/act_fn/Mul_2,,Mul,7,mlp_non_projection,,,,,,,,,,,,,,,,graph-derived
2509,/model/layers.7/mlp/act_fn/Add,,Add,7,mlp_non_projection,,,,,,,,,,,,,,,,graph-derived
2510,/model/layers.7/mlp/act_fn/Constant_1,,Constant,7,mlp_non_projection,,,,,,,,,,,,,,,,graph-derived
2511,/model/layers.7/mlp/act_fn/Mul_3,,Mul,7,mlp_non_projection,,,,,,,,,,,,,,,,graph-derived
2512,/model/layers.7/mlp/act_fn/Tanh,,Tanh,7,mlp_non_projection,,,,,,,,,,,,,,,,graph-derived
2513,/model/layers.7/mlp/act_fn/Constant_2,,Constant,7,mlp_non_projection,,,,,,,,,,,,,,,,graph-derived
2514,/model/layers.7/mlp/act_fn/Add_1,,Add,7,mlp_non_projection,,,,,,,,,,,,,,,,graph-derived
2515,/model/layers.7/mlp/act_fn/Mul_4,,Mul,7,mlp_non_projection,,,,,,,,,,,,,,,,graph-derived
2516,/model/layers.7/mlp/act_fn/Constant_3,,Constant,7,mlp_non_projection,,,,,,,,,,,,,,,,graph-derived
2517,/model/layers.7/mlp/act_fn/Mul_5,,Mul,7,mlp_non_projection,,,,,,,,,,,,,,,,graph-derived
2518,/model/layers.7/mlp/up_proj/MatMul,,MatMul,7,mlp_projection,up_proj,1152,6912,float,onnx::MatMul_9956,31850496,4608,27648,once_per_decode_token,model.onnx_data,2003201536,2003201536,1,0,3,graph-derived
2519,/model/layers.7/mlp/Mul,,Mul,7,mlp_non_projection,,,,,,,,,,,,,,,,graph-derived
2520,/model/layers.7/mlp/down_proj/MatMul,,MatMul,7,mlp_projection,down_proj,6912,1152,float,onnx::MatMul_9957,31850496,27648,4608,once_per_decode_token,model.onnx_data,2035052032,2035052032,2,3,1,graph-derived
2521,/model/layers.7/post_feedforward_layernorm/Cast,,Cast,7,other,,,,,,,,,,,,,,,,graph-derived
2522,/model/layers.7/post_feedforward_layernorm/Constant,,Constant,7,other,,,,,,,,,,,,,,,,graph-derived
2523,/model/layers.7/post_feedforward_layernorm/Pow,,Pow,7,other,,,,,,,,,,,,,,,,graph-derived
2524,/model/layers.7/post_feedforward_layernorm/ReduceMean,,ReduceMean,7,other,,,,,,,,,,,,,,,,graph-derived
2525,/model/layers.7/post_feedforward_layernorm/Constant_1,,Constant,7,other,,,,,,,,,,,,,,,,graph-derived
2526,/model/layers.7/post_feedforward_layernorm/Add,,Add,7,other,,,,,,,,,,,,,,,,graph-derived
2527,/model/layers.7/post_feedforward_layernorm/Sqrt,,Sqrt,7,other,,,,,,,,,,,,,,,,graph-derived
2528,/model/layers.7/post_feedforward_layernorm/Constant_2,,Constant,7,other,,,,,,,,,,,,,,,,graph-derived
2529,/model/layers.7/post_feedforward_layernorm/Div,,Div,7,other,,,,,,,,,,,,,,,,graph-derived
2530,/model/layers.7/post_feedforward_layernorm/Mul,,Mul,7,other,,,,,,,,,,,,,,,,graph-derived
2531,/model/layers.7/post_feedforward_layernorm/Mul_1,,Mul,7,other,,,,,,,,,,,,,,,,graph-derived
2532,/model/layers.7/Add_1,,Add,7,other,,,,,,,,,,,,,,,,graph-derived
2533,/model/layers.8/input_layernorm/Cast,,Cast,8,other,,,,,,,,,,,,,,,,graph-derived
2534,/model/layers.8/input_layernorm/Constant,,Constant,8,other,,,,,,,,,,,,,,,,graph-derived
2535,/model/layers.8/input_layernorm/Pow,,Pow,8,other,,,,,,,,,,,,,,,,graph-derived
2536,/model/layers.8/input_layernorm/ReduceMean,,ReduceMean,8,other,,,,,,,,,,,,,,,,graph-derived
2537,/model/layers.8/input_layernorm/Constant_1,,Constant,8,other,,,,,,,,,,,,,,,,graph-derived
2538,/model/layers.8/input_layernorm/Add,,Add,8,other,,,,,,,,,,,,,,,,graph-derived
2539,/model/layers.8/input_layernorm/Sqrt,,Sqrt,8,other,,,,,,,,,,,,,,,,graph-derived
2540,/model/layers.8/input_layernorm/Constant_2,,Constant,8,other,,,,,,,,,,,,,,,,graph-derived
2541,/model/layers.8/input_layernorm/Div,,Div,8,other,,,,,,,,,,,,,,,,graph-derived
2542,/model/layers.8/input_layernorm/Mul,,Mul,8,other,,,,,,,,,,,,,,,,graph-derived
2543,/model/layers.8/input_layernorm/Mul_1,,Mul,8,other,,,,,,,,,,,,,,,,graph-derived
2544,/model/layers.8/self_attn/Shape,,Shape,8,attention_non_projection,,,,,,,,,,,,,,,,graph-derived
2545,/model/layers.8/self_attn/Constant,,Constant,8,attention_non_projection,,,,,,,,,,,,,,,,graph-derived
2546,/model/layers.8/self_attn/Gather,,Gather,8,attention_non_projection,,,,,,,,,,,,,,,,graph-derived
2547,/model/layers.8/self_attn/Shape_1,,Shape,8,attention_non_projection,,,,,,,,,,,,,,,,graph-derived
2548,/model/layers.8/self_attn/Constant_1,,Constant,8,attention_non_projection,,,,,,,,,,,,,,,,graph-derived
2549,/model/layers.8/self_attn/Gather_1,,Gather,8,attention_non_projection,,,,,,,,,,,,,,,,graph-derived
2550,/model/layers.8/self_attn/q_proj/MatMul,,MatMul,8,attention_projection,q_proj,1152,1024,float,onnx::MatMul_9962,4718592,4608,4096,once_per_decode_token,model.onnx_data,2066911744,2066911744,0,3,0,graph-derived
2551,Constant_5289,,Constant,,other,,,,,,,,,,,,,,,,graph-derived
2552,/model/layers.8/self_attn/Unsqueeze,,Unsqueeze,8,attention_non_projection,,,,,,,,,,,,,,,,graph-derived
2553,Constant_5291,,Constant,,other,,,,,,,,,,,,,,,,graph-derived
2554,/model/layers.8/self_attn/Unsqueeze_1,,Unsqueeze,8,attention_non_projection,,,,,,,,,,,,,,,,graph-derived
2555,/model/layers.8/self_attn/Constant_2,,Constant,8,attention_non_projection,,,,,,,,,,,,,,,,graph-derived
2556,/model/layers.8/self_attn/Constant_3,,Constant,8,attention_non_projection,,,,,,,,,,,,,,,,graph-derived
2557,/model/layers.8/self_attn/Concat,,Concat,8,attention_non_projection,,,,,,,,,,,,,,,,graph-derived
2558,Constant_5296,,Constant,,other,,,,,,,,,,,,,,,,graph-derived
2559,/model/layers.8/self_attn/Unsqueeze_2,,Unsqueeze,8,attention_non_projection,,,,,,,,,,,,,,,,graph-derived
2560,Constant_5298,,Constant,,other,,,,,,,,,,,,,,,,graph-derived
2561,/model/layers.8/self_attn/Unsqueeze_3,,Unsqueeze,8,attention_non_projection,,,,,,,,,,,,,,,,graph-derived
2562,/model/layers.8/self_attn/Constant_4,,Constant,8,attention_non_projection,,,,,,,,,,,,,,,,graph-derived
2563,/model/layers.8/self_attn/Constant_5,,Constant,8,attention_non_projection,,,,,,,,,,,,,,,,graph-derived
2564,/model/layers.8/self_attn/Concat_1,,Concat,8,attention_non_projection,,,,,,,,,,,,,,,,graph-derived
2565,Constant_5303,,Constant,,other,,,,,,,,,,,,,,,,graph-derived
2566,/model/layers.8/self_attn/Unsqueeze_4,,Unsqueeze,8,attention_non_projection,,,,,,,,,,,,,,,,graph-derived
2567,Constant_5305,,Constant,,other,,,,,,,,,,,,,,,,graph-derived
2568,/model/layers.8/self_attn/Unsqueeze_5,,Unsqueeze,8,attention_non_projection,,,,,,,,,,,,,,,,graph-derived
2569,/model/layers.8/self_attn/Constant_6,,Constant,8,attention_non_projection,,,,,,,,,,,,,,,,graph-derived
2570,/model/layers.8/self_attn/Constant_7,,Constant,8,attention_non_projection,,,,,,,,,,,,,,,,graph-derived
2571,/model/layers.8/self_attn/Concat_2,,Concat,8,attention_non_projection,,,,,,,,,,,,,,,,graph-derived
2572,/model/layers.8/self_attn/Reshape,,Reshape,8,attention_non_projection,,,,,,,,,,,,,,,,graph-derived
2573,/model/layers.8/self_attn/Transpose,,Transpose,8,attention_non_projection,,,,,,,,,,,,,,,,graph-derived
2574,/model/layers.8/self_attn/k_proj/MatMul,,MatMul,8,attention_projection,k_proj,1152,256,float,onnx::MatMul_9969,1179648,4608,1024,once_per_decode_token,model.onnx_data,2071630336,2071630336,1,0,2,graph-derived
2575,/model/layers.8/self_attn/Reshape_1,,Reshape,8,attention_non_projection,,,,,,,,,,,,,,,,graph-derived
2576,/model/layers.8/self_attn/Transpose_1,,Transpose,8,attention_non_projection,,,,,,,,,,,,,,,,graph-derived
2577,/model/layers.8/self_attn/v_proj/MatMul,,MatMul,8,attention_projection,v_proj,1152,256,float,onnx::MatMul_9970,1179648,4608,1024,once_per_decode_token,model.onnx_data,2072809984,2072809984,2,2,0,graph-derived
2578,/model/layers.8/self_attn/Reshape_2,,Reshape,8,attention_non_projection,,,,,,,,,,,,,,,,graph-derived
2579,/model/layers.8/self_attn/Transpose_2,,Transpose,8,attention_non_projection,,,,,,,,,,,,,,,,graph-derived
2580,/model/layers.8/self_attn/q_norm/Cast,,Cast,8,attention_non_projection,,,,,,,,,,,,,,,,graph-derived
2581,/model/layers.8/self_attn/q_norm/Constant,,Constant,8,attention_non_projection,,,,,,,,,,,,,,,,graph-derived
2582,/model/layers.8/self_attn/q_norm/Pow,,Pow,8,attention_non_projection,,,,,,,,,,,,,,,,graph-derived
2583,/model/layers.8/self_attn/q_norm/ReduceMean,,ReduceMean,8,attention_non_projection,,,,,,,,,,,,,,,,graph-derived
2584,/model/layers.8/self_attn/q_norm/Constant_1,,Constant,8,attention_non_projection,,,,,,,,,,,,,,,,graph-derived
2585,/model/layers.8/self_attn/q_norm/Add,,Add,8,attention_non_projection,,,,,,,,,,,,,,,,graph-derived
2586,/model/layers.8/self_attn/q_norm/Sqrt,,Sqrt,8,attention_non_projection,,,,,,,,,,,,,,,,graph-derived
2587,/model/layers.8/self_attn/q_norm/Constant_2,,Constant,8,attention_non_projection,,,,,,,,,,,,,,,,graph-derived
2588,/model/layers.8/self_attn/q_norm/Div,,Div,8,attention_non_projection,,,,,,,,,,,,,,,,graph-derived
2589,/model/layers.8/self_attn/q_norm/Mul,,Mul,8,attention_non_projection,,,,,,,,,,,,,,,,graph-derived
2590,/model/layers.8/self_attn/q_norm/Mul_1,,Mul,8,attention_non_projection,,,,,,,,,,,,,,,,graph-derived
2591,/model/layers.8/self_attn/k_norm/Cast,,Cast,8,attention_non_projection,,,,,,,,,,,,,,,,graph-derived
2592,/model/layers.8/self_attn/k_norm/Constant,,Constant,8,attention_non_projection,,,,,,,,,,,,,,,,graph-derived
2593,/model/layers.8/self_attn/k_norm/Pow,,Pow,8,attention_non_projection,,,,,,,,,,,,,,,,graph-derived
2594,/model/layers.8/self_attn/k_norm/ReduceMean,,ReduceMean,8,attention_non_projection,,,,,,,,,,,,,,,,graph-derived
2595,/model/layers.8/self_attn/k_norm/Constant_1,,Constant,8,attention_non_projection,,,,,,,,,,,,,,,,graph-derived
2596,/model/layers.8/self_attn/k_norm/Add,,Add,8,attention_non_projection,,,,,,,,,,,,,,,,graph-derived
2597,/model/layers.8/self_attn/k_norm/Sqrt,,Sqrt,8,attention_non_projection,,,,,,,,,,,,,,,,graph-derived
2598,/model/layers.8/self_attn/k_norm/Constant_2,,Constant,8,attention_non_projection,,,,,,,,,,,,,,,,graph-derived
2599,/model/layers.8/self_attn/k_norm/Div,,Div,8,attention_non_projection,,,,,,,,,,,,,,,,graph-derived
2600,/model/layers.8/self_attn/k_norm/Mul,,Mul,8,attention_non_projection,,,,,,,,,,,,,,,,graph-derived
2601,/model/layers.8/self_attn/k_norm/Mul_1,,Mul,8,attention_non_projection,,,,,,,,,,,,,,,,graph-derived
2602,/model/layers.8/self_attn/Mul,,Mul,8,attention_non_projection,,,,,,,,,,,,,,,,graph-derived
2603,/model/layers.8/self_attn/Shape_2,,Shape,8,attention_non_projection,,,,,,,,,,,,,,,,graph-derived
2604,/model/layers.8/self_attn/Constant_8,,Constant,8,attention_non_projection,,,,,,,,,,,,,,,,graph-derived
2605,/model/layers.8/self_attn/Gather_2,,Gather,8,attention_non_projection,,,,,,,,,,,,,,,,graph-derived
2606,/model/layers.8/self_attn/Constant_9,,Constant,8,attention_non_projection,,,,,,,,,,,,,,,,graph-derived
2607,/model/layers.8/self_attn/Div,,Div,8,attention_non_projection,,,,,,,,,,,,,,,,graph-derived
2608,/model/layers.8/self_attn/Cast,,Cast,8,attention_non_projection,,,,,,,,,,,,,,,,graph-derived
2609,/model/layers.8/self_attn/Cast_1,,Cast,8,attention_non_projection,,,,,,,,,,,,,,,,graph-derived
2610,/model/layers.8/self_attn/Constant_10,,Constant,8,attention_non_projection,,,,,,,,,,,,,,,,graph-derived
2611,/model/layers.8/self_attn/Constant_11,,Constant,8,attention_non_projection,,,,,,,,,,,,,,,,graph-derived
2612,/model/layers.8/self_attn/Constant_12,,Constant,8,attention_non_projection,,,,,,,,,,,,,,,,graph-derived
2613,/model/layers.8/self_attn/Unsqueeze_6,,Unsqueeze,8,attention_non_projection,,,,,,,,,,,,,,,,graph-derived
2614,/model/layers.8/self_attn/Constant_13,,Constant,8,attention_non_projection,,,,,,,,,,,,,,,,graph-derived
2615,/model/layers.8/self_attn/Slice,,Slice,8,attention_non_projection,,,,,,,,,,,,,,,,graph-derived
2616,/model/layers.8/self_attn/Constant_14,,Constant,8,attention_non_projection,,,,,,,,,,,,,,,,graph-derived
2617,/model/layers.8/self_attn/Constant_15,,Constant,8,attention_non_projection,,,,,,,,,,,,,,,,graph-derived
2618,/model/layers.8/self_attn/Unsqueeze_7,,Unsqueeze,8,attention_non_projection,,,,,,,,,,,,,,,,graph-derived
2619,/model/layers.8/self_attn/Constant_16,,Constant,8,attention_non_projection,,,,,,,,,,,,,,,,graph-derived
2620,/model/layers.8/self_attn/Constant_17,,Constant,8,attention_non_projection,,,,,,,,,,,,,,,,graph-derived
2621,/model/layers.8/self_attn/Slice_1,,Slice,8,attention_non_projection,,,,,,,,,,,,,,,,graph-derived
2622,/model/layers.8/self_attn/Neg,,Neg,8,attention_non_projection,,,,,,,,,,,,,,,,graph-derived
2623,/model/layers.8/self_attn/Concat_3,,Concat,8,attention_non_projection,,,,,,,,,,,,,,,,graph-derived
2624,/model/layers.8/self_attn/Mul_1,,Mul,8,attention_non_projection,,,,,,,,,,,,,,,,graph-derived
2625,/model/layers.8/self_attn/Add,,Add,8,attention_non_projection,,,,,,,,,,,,,,,,graph-derived
2626,/model/layers.8/self_attn/Mul_2,,Mul,8,attention_non_projection,,,,,,,,,,,,,,,,graph-derived
2627,/model/layers.8/self_attn/Shape_3,,Shape,8,attention_non_projection,,,,,,,,,,,,,,,,graph-derived
2628,/model/layers.8/self_attn/Constant_18,,Constant,8,attention_non_projection,,,,,,,,,,,,,,,,graph-derived
2629,/model/layers.8/self_attn/Gather_3,,Gather,8,attention_non_projection,,,,,,,,,,,,,,,,graph-derived
2630,/model/layers.8/self_attn/Constant_19,,Constant,8,attention_non_projection,,,,,,,,,,,,,,,,graph-derived
2631,/model/layers.8/self_attn/Div_1,,Div,8,attention_non_projection,,,,,,,,,,,,,,,,graph-derived
2632,/model/layers.8/self_attn/Cast_2,,Cast,8,attention_non_projection,,,,,,,,,,,,,,,,graph-derived
2633,/model/layers.8/self_attn/Cast_3,,Cast,8,attention_non_projection,,,,,,,,,,,,,,,,graph-derived
2634,/model/layers.8/self_attn/Constant_20,,Constant,8,attention_non_projection,,,,,,,,,,,,,,,,graph-derived
2635,/model/layers.8/self_attn/Constant_21,,Constant,8,attention_non_projection,,,,,,,,,,,,,,,,graph-derived
2636,/model/layers.8/self_attn/Constant_22,,Constant,8,attention_non_projection,,,,,,,,,,,,,,,,graph-derived
2637,/model/layers.8/self_attn/Unsqueeze_8,,Unsqueeze,8,attention_non_projection,,,,,,,,,,,,,,,,graph-derived
2638,/model/layers.8/self_attn/Constant_23,,Constant,8,attention_non_projection,,,,,,,,,,,,,,,,graph-derived
2639,/model/layers.8/self_attn/Slice_2,,Slice,8,attention_non_projection,,,,,,,,,,,,,,,,graph-derived
2640,/model/layers.8/self_attn/Constant_24,,Constant,8,attention_non_projection,,,,,,,,,,,,,,,,graph-derived
2641,/model/layers.8/self_attn/Constant_25,,Constant,8,attention_non_projection,,,,,,,,,,,,,,,,graph-derived
2642,/model/layers.8/self_attn/Unsqueeze_9,,Unsqueeze,8,attention_non_projection,,,,,,,,,,,,,,,,graph-derived
2643,/model/layers.8/self_attn/Constant_26,,Constant,8,attention_non_projection,,,,,,,,,,,,,,,,graph-derived
2644,/model/layers.8/self_attn/Constant_27,,Constant,8,attention_non_projection,,,,,,,,,,,,,,,,graph-derived
2645,/model/layers.8/self_attn/Slice_3,,Slice,8,attention_non_projection,,,,,,,,,,,,,,,,graph-derived
2646,/model/layers.8/self_attn/Neg_1,,Neg,8,attention_non_projection,,,,,,,,,,,,,,,,graph-derived
2647,/model/layers.8/self_attn/Concat_4,,Concat,8,attention_non_projection,,,,,,,,,,,,,,,,graph-derived
2648,/model/layers.8/self_attn/Mul_3,,Mul,8,attention_non_projection,,,,,,,,,,,,,,,,graph-derived
2649,/model/layers.8/self_attn/Add_1,,Add,8,attention_non_projection,,,,,,,,,,,,,,,,graph-derived
2650,/model/layers.8/self_attn/Concat_5,,Concat,8,attention_non_projection,,,,,,,,,,,,,,,,graph-derived
2651,/model/layers.8/self_attn/Concat_6,,Concat,8,attention_non_projection,,,,,,,,,,,,,,,,graph-derived
2652,/model/layers.8/self_attn/Shape_4,,Shape,8,attention_non_projection,,,,,,,,,,,,,,,,graph-derived
2653,/model/layers.8/self_attn/Constant_28,,Constant,8,attention_non_projection,,,,,,,,,,,,,,,,graph-derived
2654,/model/layers.8/self_attn/Gather_4,,Gather,8,attention_non_projection,,,,,,,,,,,,,,,,graph-derived
2655,/model/layers.8/self_attn/Shape_5,,Shape,8,attention_non_projection,,,,,,,,,,,,,,,,graph-derived
2656,/model/layers.8/self_attn/Constant_29,,Constant,8,attention_non_projection,,,,,,,,,,,,,,,,graph-derived
2657,/model/layers.8/self_attn/Gather_5,,Gather,8,attention_non_projection,,,,,,,,,,,,,,,,graph-derived
2658,/model/layers.8/self_attn/Shape_6,,Shape,8,attention_non_projection,,,,,,,,,,,,,,,,graph-derived
2659,/model/layers.8/self_attn/Constant_30,,Constant,8,attention_non_projection,,,,,,,,,,,,,,,,graph-derived
2660,/model/layers.8/self_attn/Gather_6,,Gather,8,attention_non_projection,,,,,,,,,,,,,,,,graph-derived
2661,/model/layers.8/self_attn/Shape_7,,Shape,8,attention_non_projection,,,,,,,,,,,,,,,,graph-derived
2662,/model/layers.8/self_attn/Constant_31,,Constant,8,attention_non_projection,,,,,,,,,,,,,,,,graph-derived
2663,/model/layers.8/self_attn/Gather_7,,Gather,8,attention_non_projection,,,,,,,,,,,,,,,,graph-derived
2664,/model/layers.8/self_attn/Constant_32,,Constant,8,attention_non_projection,,,,,,,,,,,,,,,,graph-derived
2665,/model/layers.8/self_attn/Unsqueeze_10,,Unsqueeze,8,attention_non_projection,,,,,,,,,,,,,,,,graph-derived
2666,/model/layers.8/self_attn/Constant_33,,Constant,8,attention_non_projection,,,,,,,,,,,,,,,,graph-derived
2667,/model/layers.8/self_attn/Unsqueeze_11,,Unsqueeze,8,attention_non_projection,,,,,,,,,,,,,,,,graph-derived
2668,/model/layers.8/self_attn/Constant_34,,Constant,8,attention_non_projection,,,,,,,,,,,,,,,,graph-derived
2669,/model/layers.8/self_attn/Unsqueeze_12,,Unsqueeze,8,attention_non_projection,,,,,,,,,,,,,,,,graph-derived
2670,/model/layers.8/self_attn/Constant_35,,Constant,8,attention_non_projection,,,,,,,,,,,,,,,,graph-derived
2671,/model/layers.8/self_attn/Constant_36,,Constant,8,attention_non_projection,,,,,,,,,,,,,,,,graph-derived
2672,/model/layers.8/self_attn/Unsqueeze_13,,Unsqueeze,8,attention_non_projection,,,,,,,,,,,,,,,,graph-derived
2673,/model/layers.8/self_attn/Constant_37,,Constant,8,attention_non_projection,,,,,,,,,,,,,,,,graph-derived
2674,/model/layers.8/self_attn/Unsqueeze_14,,Unsqueeze,8,attention_non_projection,,,,,,,,,,,,,,,,graph-derived
2675,/model/layers.8/self_attn/Concat_7,,Concat,8,attention_non_projection,,,,,,,,,,,,,,,,graph-derived
2676,/model/layers.8/self_attn/Constant_38,,Constant,8,attention_non_projection,,,,,,,,,,,,,,,,graph-derived
2677,/model/layers.8/self_attn/Reshape_3,,Reshape,8,attention_non_projection,,,,,,,,,,,,,,,,graph-derived
2678,/model/layers.8/self_attn/Shape_8,,Shape,8,attention_non_projection,,,,,,,,,,,,,,,,graph-derived
2679,/model/layers.8/self_attn/ConstantOfShape,,ConstantOfShape,8,attention_non_projection,,,,,,,,,,,,,,,,graph-derived
2680,/model/layers.8/self_attn/Constant_39,,Constant,8,attention_non_projection,,,,,,,,,,,,,,,,graph-derived
2681,/model/layers.8/self_attn/Mul_4,,Mul,8,attention_non_projection,,,,,,,,,,,,,,,,graph-derived
2682,/model/layers.8/self_attn/Equal,,Equal,8,attention_non_projection,,,,,,,,,,,,,,,,graph-derived
2683,/model/layers.8/self_attn/Where,,Where,8,attention_non_projection,,,,,,,,,,,,,,,,graph-derived
2684,/model/layers.8/self_attn/Expand,,Expand,8,attention_non_projection,,,,,,,,,,,,,,,,graph-derived
2685,/model/layers.8/self_attn/Constant_40,,Constant,8,attention_non_projection,,,,,,,,,,,,,,,,graph-derived
2686,/model/layers.8/self_attn/Mul_5,,Mul,8,attention_non_projection,,,,,,,,,,,,,,,,graph-derived
2687,Constant_5425,,Constant,,other,,,,,,,,,,,,,,,,graph-derived
2688,/model/layers.8/self_attn/Unsqueeze_15,,Unsqueeze,8,attention_non_projection,,,,,,,,,,,,,,,,graph-derived
2689,Constant_5427,,Constant,,other,,,,,,,,,,,,,,,,graph-derived
2690,/model/layers.8/self_attn/Unsqueeze_16,,Unsqueeze,8,attention_non_projection,,,,,,,,,,,,,,,,graph-derived
2691,Constant_5429,,Constant,,other,,,,,,,,,,,,,,,,graph-derived
2692,/model/layers.8/self_attn/Unsqueeze_17,,Unsqueeze,8,attention_non_projection,,,,,,,,,,,,,,,,graph-derived
2693,Constant_5431,,Constant,,other,,,,,,,,,,,,,,,,graph-derived
2694,/model/layers.8/self_attn/Unsqueeze_18,,Unsqueeze,8,attention_non_projection,,,,,,,,,,,,,,,,graph-derived
2695,/model/layers.8/self_attn/Concat_8,,Concat,8,attention_non_projection,,,,,,,,,,,,,,,,graph-derived
2696,/model/layers.8/self_attn/Reshape_4,,Reshape,8,attention_non_projection,,,,,,,,,,,,,,,,graph-derived
2697,/model/layers.8/self_attn/Shape_9,,Shape,8,attention_non_projection,,,,,,,,,,,,,,,,graph-derived
2698,/model/layers.8/self_attn/Constant_41,,Constant,8,attention_non_projection,,,,,,,,,,,,,,,,graph-derived
2699,/model/layers.8/self_attn/Gather_8,,Gather,8,attention_non_projection,,,,,,,,,,,,,,,,graph-derived
2700,/model/layers.8/self_attn/Shape_10,,Shape,8,attention_non_projection,,,,,,,,,,,,,,,,graph-derived
2701,/model/layers.8/self_attn/Constant_42,,Constant,8,attention_non_projection,,,,,,,,,,,,,,,,graph-derived
2702,/model/layers.8/self_attn/Gather_9,,Gather,8,attention_non_projection,,,,,,,,,,,,,,,,graph-derived
2703,/model/layers.8/self_attn/Shape_11,,Shape,8,attention_non_projection,,,,,,,,,,,,,,,,graph-derived
2704,/model/layers.8/self_attn/Constant_43,,Constant,8,attention_non_projection,,,,,,,,,,,,,,,,graph-derived
2705,/model/layers.8/self_attn/Gather_10,,Gather,8,attention_non_projection,,,,,,,,,,,,,,,,graph-derived
2706,/model/layers.8/self_attn/Shape_12,,Shape,8,attention_non_projection,,,,,,,,,,,,,,,,graph-derived
2707,/model/layers.8/self_attn/Constant_44,,Constant,8,attention_non_projection,,,,,,,,,,,,,,,,graph-derived
2708,/model/layers.8/self_attn/Gather_11,,Gather,8,attention_non_projection,,,,,,,,,,,,,,,,graph-derived
2709,/model/layers.8/self_attn/Constant_45,,Constant,8,attention_non_projection,,,,,,,,,,,,,,,,graph-derived
2710,/model/layers.8/self_attn/Unsqueeze_19,,Unsqueeze,8,attention_non_projection,,,,,,,,,,,,,,,,graph-derived
2711,/model/layers.8/self_attn/Constant_46,,Constant,8,attention_non_projection,,,,,,,,,,,,,,,,graph-derived
2712,/model/layers.8/self_attn/Unsqueeze_20,,Unsqueeze,8,attention_non_projection,,,,,,,,,,,,,,,,graph-derived
2713,/model/layers.8/self_attn/Constant_47,,Constant,8,attention_non_projection,,,,,,,,,,,,,,,,graph-derived
2714,/model/layers.8/self_attn/Unsqueeze_21,,Unsqueeze,8,attention_non_projection,,,,,,,,,,,,,,,,graph-derived
2715,/model/layers.8/self_attn/Constant_48,,Constant,8,attention_non_projection,,,,,,,,,,,,,,,,graph-derived
2716,/model/layers.8/self_attn/Constant_49,,Constant,8,attention_non_projection,,,,,,,,,,,,,,,,graph-derived
2717,/model/layers.8/self_attn/Unsqueeze_22,,Unsqueeze,8,attention_non_projection,,,,,,,,,,,,,,,,graph-derived
2718,/model/layers.8/self_attn/Constant_50,,Constant,8,attention_non_projection,,,,,,,,,,,,,,,,graph-derived
2719,/model/layers.8/self_attn/Unsqueeze_23,,Unsqueeze,8,attention_non_projection,,,,,,,,,,,,,,,,graph-derived
2720,/model/layers.8/self_attn/Concat_9,,Concat,8,attention_non_projection,,,,,,,,,,,,,,,,graph-derived
2721,/model/layers.8/self_attn/Constant_51,,Constant,8,attention_non_projection,,,,,,,,,,,,,,,,graph-derived
2722,/model/layers.8/self_attn/Reshape_5,,Reshape,8,attention_non_projection,,,,,,,,,,,,,,,,graph-derived
2723,/model/layers.8/self_attn/Shape_13,,Shape,8,attention_non_projection,,,,,,,,,,,,,,,,graph-derived
2724,/model/layers.8/self_attn/ConstantOfShape_1,,ConstantOfShape,8,attention_non_projection,,,,,,,,,,,,,,,,graph-derived
2725,/model/layers.8/self_attn/Constant_52,,Constant,8,attention_non_projection,,,,,,,,,,,,,,,,graph-derived
2726,/model/layers.8/self_attn/Mul_6,,Mul,8,attention_non_projection,,,,,,,,,,,,,,,,graph-derived
2727,/model/layers.8/self_attn/Equal_1,,Equal,8,attention_non_projection,,,,,,,,,,,,,,,,graph-derived
2728,/model/layers.8/self_attn/Where_1,,Where,8,attention_non_projection,,,,,,,,,,,,,,,,graph-derived
2729,/model/layers.8/self_attn/Expand_1,,Expand,8,attention_non_projection,,,,,,,,,,,,,,,,graph-derived
2730,/model/layers.8/self_attn/Constant_53,,Constant,8,attention_non_projection,,,,,,,,,,,,,,,,graph-derived
2731,/model/layers.8/self_attn/Mul_7,,Mul,8,attention_non_projection,,,,,,,,,,,,,,,,graph-derived
2732,Constant_5470,,Constant,,other,,,,,,,,,,,,,,,,graph-derived
2733,/model/layers.8/self_attn/Unsqueeze_24,,Unsqueeze,8,attention_non_projection,,,,,,,,,,,,,,,,graph-derived
2734,Constant_5472,,Constant,,other,,,,,,,,,,,,,,,,graph-derived
2735,/model/layers.8/self_attn/Unsqueeze_25,,Unsqueeze,8,attention_non_projection,,,,,,,,,,,,,,,,graph-derived
2736,Constant_5474,,Constant,,other,,,,,,,,,,,,,,,,graph-derived
2737,/model/layers.8/self_attn/Unsqueeze_26,,Unsqueeze,8,attention_non_projection,,,,,,,,,,,,,,,,graph-derived
2738,Constant_5476,,Constant,,other,,,,,,,,,,,,,,,,graph-derived
2739,/model/layers.8/self_attn/Unsqueeze_27,,Unsqueeze,8,attention_non_projection,,,,,,,,,,,,,,,,graph-derived
2740,/model/layers.8/self_attn/Concat_10,,Concat,8,attention_non_projection,,,,,,,,,,,,,,,,graph-derived
2741,/model/layers.8/self_attn/Reshape_6,,Reshape,8,attention_non_projection,,,,,,,,,,,,,,,,graph-derived
2742,/model/layers.8/self_attn/Shape_14,,Shape,8,attention_non_projection,,,,,,,,,,,,,,,,graph-derived
2743,/model/layers.8/self_attn/Constant_54,,Constant,8,attention_non_projection,,,,,,,,,,,,,,,,graph-derived
2744,/model/layers.8/self_attn/Gather_12,,Gather,8,attention_non_projection,,,,,,,,,,,,,,,,graph-derived
2745,/model/layers.8/self_attn/Constant_55,,Constant,8,attention_non_projection,,,,,,,,,,,,,,,,graph-derived
2746,/model/layers.8/self_attn/Constant_56,,Constant,8,attention_non_projection,,,,,,,,,,,,,,,,graph-derived
2747,/model/layers.8/self_attn/Constant_57,,Constant,8,attention_non_projection,,,,,,,,,,,,,,,,graph-derived
2748,/model/layers.8/self_attn/Unsqueeze_28,,Unsqueeze,8,attention_non_projection,,,,,,,,,,,,,,,,graph-derived
2749,/model/layers.8/self_attn/Constant_58,,Constant,8,attention_non_projection,,,,,,,,,,,,,,,,graph-derived
2750,/model/layers.8/self_attn/Slice_4,,Slice,8,attention_non_projection,,,,,,,,,,,,,,,,graph-derived
2751,/model/layers.8/self_attn/Transpose_3,,Transpose,8,attention_non_projection,,,,,,,,,,,,,,,,graph-derived
2752,/model/layers.8/self_attn/Constant_59,,Constant,8,attention_non_projection,,,,,,,,,,,,,,,,graph-derived
2753,/model/layers.8/self_attn/Mul_8,,Mul,8,attention_non_projection,,,,,,,,,,,,,,,,graph-derived
2754,/model/layers.8/self_attn/Constant_60,,Constant,8,attention_non_projection,,,,,,,,,,,,,,,,graph-derived
2755,/model/layers.8/self_attn/Mul_9,,Mul,8,attention_non_projection,,,,,,,,,,,,,,,,graph-derived
2756,/model/layers.8/self_attn/MatMul,,MatMul,8,attention_non_projection,,,,,,,,,,,,,,,,graph-derived
2757,/model/layers.8/self_attn/Constant_61,,Constant,8,attention_non_projection,,,,,,,,,,,,,,,,graph-derived
2758,/model/layers.8/self_attn/Constant_62,,Constant,8,attention_non_projection,,,,,,,,,,,,,,,,graph-derived
2759,/model/layers.8/self_attn/Where_2,,Where,8,attention_non_projection,,,,,,,,,,,,,,,,graph-derived
2760,/model/layers.8/self_attn/Add_2,,Add,8,attention_non_projection,,,,,,,,,,,,,,,,graph-derived
2761,/model/layers.8/self_attn/Softmax,,Softmax,8,attention_non_projection,,,,,,,,,,,,,,,,graph-derived
2762,/model/layers.8/self_attn/IsNaN,,IsNaN,8,attention_non_projection,,,,,,,,,,,,,,,,graph-derived
2763,/model/layers.8/self_attn/Constant_63,,Constant,8,attention_non_projection,,,,,,,,,,,,,,,,graph-derived
2764,/model/layers.8/self_attn/Where_3,,Where,8,attention_non_projection,,,,,,,,,,,,,,,,graph-derived
2765,/model/layers.8/self_attn/MatMul_1,,MatMul,8,attention_non_projection,,,,,,,,,,,,,,,,graph-derived
2766,/model/layers.8/self_attn/Transpose_4,,Transpose,8,attention_non_projection,,,,,,,,,,,,,,,,graph-derived
2767,Constant_5505,,Constant,,other,,,,,,,,,,,,,,,,graph-derived
2768,/model/layers.8/self_attn/Unsqueeze_29,,Unsqueeze,8,attention_non_projection,,,,,,,,,,,,,,,,graph-derived
2769,Constant_5507,,Constant,,other,,,,,,,,,,,,,,,,graph-derived
2770,/model/layers.8/self_attn/Unsqueeze_30,,Unsqueeze,8,attention_non_projection,,,,,,,,,,,,,,,,graph-derived
2771,/model/layers.8/self_attn/Constant_64,,Constant,8,attention_non_projection,,,,,,,,,,,,,,,,graph-derived
2772,/model/layers.8/self_attn/Concat_11,,Concat,8,attention_non_projection,,,,,,,,,,,,,,,,graph-derived
2773,/model/layers.8/self_attn/Reshape_7,,Reshape,8,attention_non_projection,,,,,,,,,,,,,,,,graph-derived
2774,/model/layers.8/self_attn/o_proj/MatMul,,MatMul,8,attention_projection,o_proj,1024,1152,float,onnx::MatMul_9997,4718592,4096,4608,once_per_decode_token,model.onnx_data,2073991680,2073991680,3,0,2,graph-derived
2775,/model/layers.8/post_attention_layernorm/Cast,,Cast,8,other,,,,,,,,,,,,,,,,graph-derived
2776,/model/layers.8/post_attention_layernorm/Constant,,Constant,8,other,,,,,,,,,,,,,,,,graph-derived
2777,/model/layers.8/post_attention_layernorm/Pow,,Pow,8,other,,,,,,,,,,,,,,,,graph-derived
2778,/model/layers.8/post_attention_layernorm/ReduceMean,,ReduceMean,8,other,,,,,,,,,,,,,,,,graph-derived
2779,/model/layers.8/post_attention_layernorm/Constant_1,,Constant,8,other,,,,,,,,,,,,,,,,graph-derived
2780,/model/layers.8/post_attention_layernorm/Add,,Add,8,other,,,,,,,,,,,,,,,,graph-derived
2781,/model/layers.8/post_attention_layernorm/Sqrt,,Sqrt,8,other,,,,,,,,,,,,,,,,graph-derived
2782,/model/layers.8/post_attention_layernorm/Constant_2,,Constant,8,other,,,,,,,,,,,,,,,,graph-derived
2783,/model/layers.8/post_attention_layernorm/Div,,Div,8,other,,,,,,,,,,,,,,,,graph-derived
2784,/model/layers.8/post_attention_layernorm/Mul,,Mul,8,other,,,,,,,,,,,,,,,,graph-derived
2785,/model/layers.8/post_attention_layernorm/Mul_1,,Mul,8,other,,,,,,,,,,,,,,,,graph-derived
2786,/model/layers.8/Add,,Add,8,other,,,,,,,,,,,,,,,,graph-derived
2787,/model/layers.8/pre_feedforward_layernorm/Cast,,Cast,8,other,,,,,,,,,,,,,,,,graph-derived
2788,/model/layers.8/pre_feedforward_layernorm/Constant,,Constant,8,other,,,,,,,,,,,,,,,,graph-derived
2789,/model/layers.8/pre_feedforward_layernorm/Pow,,Pow,8,other,,,,,,,,,,,,,,,,graph-derived
2790,/model/layers.8/pre_feedforward_layernorm/ReduceMean,,ReduceMean,8,other,,,,,,,,,,,,,,,,graph-derived
2791,/model/layers.8/pre_feedforward_layernorm/Constant_1,,Constant,8,other,,,,,,,,,,,,,,,,graph-derived
2792,/model/layers.8/pre_feedforward_layernorm/Add,,Add,8,other,,,,,,,,,,,,,,,,graph-derived
2793,/model/layers.8/pre_feedforward_layernorm/Sqrt,,Sqrt,8,other,,,,,,,,,,,,,,,,graph-derived
2794,/model/layers.8/pre_feedforward_layernorm/Constant_2,,Constant,8,other,,,,,,,,,,,,,,,,graph-derived
2795,/model/layers.8/pre_feedforward_layernorm/Div,,Div,8,other,,,,,,,,,,,,,,,,graph-derived
2796,/model/layers.8/pre_feedforward_layernorm/Mul,,Mul,8,other,,,,,,,,,,,,,,,,graph-derived
2797,/model/layers.8/pre_feedforward_layernorm/Mul_1,,Mul,8,other,,,,,,,,,,,,,,,,graph-derived
2798,/model/layers.8/mlp/gate_proj/MatMul,,MatMul,8,mlp_projection,gate_proj,1152,6912,float,onnx::MatMul_10002,31850496,4608,27648,once_per_decode_token,model.onnx_data,2078719488,2078719488,0,2,0,graph-derived
2799,/model/layers.8/mlp/act_fn/Mul,,Mul,8,mlp_non_projection,,,,,,,,,,,,,,,,graph-derived
2800,/model/layers.8/mlp/act_fn/Mul_1,,Mul,8,mlp_non_projection,,,,,,,,,,,,,,,,graph-derived
2801,/model/layers.8/mlp/act_fn/Constant,,Constant,8,mlp_non_projection,,,,,,,,,,,,,,,,graph-derived
2802,/model/layers.8/mlp/act_fn/Mul_2,,Mul,8,mlp_non_projection,,,,,,,,,,,,,,,,graph-derived
2803,/model/layers.8/mlp/act_fn/Add,,Add,8,mlp_non_projection,,,,,,,,,,,,,,,,graph-derived
2804,/model/layers.8/mlp/act_fn/Constant_1,,Constant,8,mlp_non_projection,,,,,,,,,,,,,,,,graph-derived
2805,/model/layers.8/mlp/act_fn/Mul_3,,Mul,8,mlp_non_projection,,,,,,,,,,,,,,,,graph-derived
2806,/model/layers.8/mlp/act_fn/Tanh,,Tanh,8,mlp_non_projection,,,,,,,,,,,,,,,,graph-derived
2807,/model/layers.8/mlp/act_fn/Constant_2,,Constant,8,mlp_non_projection,,,,,,,,,,,,,,,,graph-derived
2808,/model/layers.8/mlp/act_fn/Add_1,,Add,8,mlp_non_projection,,,,,,,,,,,,,,,,graph-derived
2809,/model/layers.8/mlp/act_fn/Mul_4,,Mul,8,mlp_non_projection,,,,,,,,,,,,,,,,graph-derived
2810,/model/layers.8/mlp/act_fn/Constant_3,,Constant,8,mlp_non_projection,,,,,,,,,,,,,,,,graph-derived
2811,/model/layers.8/mlp/act_fn/Mul_5,,Mul,8,mlp_non_projection,,,,,,,,,,,,,,,,graph-derived
2812,/model/layers.8/mlp/up_proj/MatMul,,MatMul,8,mlp_projection,up_proj,1152,6912,float,onnx::MatMul_10003,31850496,4608,27648,once_per_decode_token,model.onnx_data,2110569984,2110569984,1,1,2,graph-derived
2813,/model/layers.8/mlp/Mul,,Mul,8,mlp_non_projection,,,,,,,,,,,,,,,,graph-derived
2814,/model/layers.8/mlp/down_proj/MatMul,,MatMul,8,mlp_projection,down_proj,6912,1152,float,onnx::MatMul_10004,31850496,27648,4608,once_per_decode_token,model.onnx_data,2142420480,2142420480,2,1,0,graph-derived
2815,/model/layers.8/post_feedforward_layernorm/Cast,,Cast,8,other,,,,,,,,,,,,,,,,graph-derived
2816,/model/layers.8/post_feedforward_layernorm/Constant,,Constant,8,other,,,,,,,,,,,,,,,,graph-derived
2817,/model/layers.8/post_feedforward_layernorm/Pow,,Pow,8,other,,,,,,,,,,,,,,,,graph-derived
2818,/model/layers.8/post_feedforward_layernorm/ReduceMean,,ReduceMean,8,other,,,,,,,,,,,,,,,,graph-derived
2819,/model/layers.8/post_feedforward_layernorm/Constant_1,,Constant,8,other,,,,,,,,,,,,,,,,graph-derived
2820,/model/layers.8/post_feedforward_layernorm/Add,,Add,8,other,,,,,,,,,,,,,,,,graph-derived
2821,/model/layers.8/post_feedforward_layernorm/Sqrt,,Sqrt,8,other,,,,,,,,,,,,,,,,graph-derived
2822,/model/layers.8/post_feedforward_layernorm/Constant_2,,Constant,8,other,,,,,,,,,,,,,,,,graph-derived
2823,/model/layers.8/post_feedforward_layernorm/Div,,Div,8,other,,,,,,,,,,,,,,,,graph-derived
2824,/model/layers.8/post_feedforward_layernorm/Mul,,Mul,8,other,,,,,,,,,,,,,,,,graph-derived
2825,/model/layers.8/post_feedforward_layernorm/Mul_1,,Mul,8,other,,,,,,,,,,,,,,,,graph-derived
2826,/model/layers.8/Add_1,,Add,8,other,,,,,,,,,,,,,,,,graph-derived
2827,/model/layers.9/input_layernorm/Cast,,Cast,9,other,,,,,,,,,,,,,,,,graph-derived
2828,/model/layers.9/input_layernorm/Constant,,Constant,9,other,,,,,,,,,,,,,,,,graph-derived
2829,/model/layers.9/input_layernorm/Pow,,Pow,9,other,,,,,,,,,,,,,,,,graph-derived
2830,/model/layers.9/input_layernorm/ReduceMean,,ReduceMean,9,other,,,,,,,,,,,,,,,,graph-derived
2831,/model/layers.9/input_layernorm/Constant_1,,Constant,9,other,,,,,,,,,,,,,,,,graph-derived
2832,/model/layers.9/input_layernorm/Add,,Add,9,other,,,,,,,,,,,,,,,,graph-derived
2833,/model/layers.9/input_layernorm/Sqrt,,Sqrt,9,other,,,,,,,,,,,,,,,,graph-derived
2834,/model/layers.9/input_layernorm/Constant_2,,Constant,9,other,,,,,,,,,,,,,,,,graph-derived
2835,/model/layers.9/input_layernorm/Div,,Div,9,other,,,,,,,,,,,,,,,,graph-derived
2836,/model/layers.9/input_layernorm/Mul,,Mul,9,other,,,,,,,,,,,,,,,,graph-derived
2837,/model/layers.9/input_layernorm/Mul_1,,Mul,9,other,,,,,,,,,,,,,,,,graph-derived
2838,/model/layers.9/self_attn/Shape,,Shape,9,attention_non_projection,,,,,,,,,,,,,,,,graph-derived
2839,/model/layers.9/self_attn/Constant,,Constant,9,attention_non_projection,,,,,,,,,,,,,,,,graph-derived
2840,/model/layers.9/self_attn/Gather,,Gather,9,attention_non_projection,,,,,,,,,,,,,,,,graph-derived
2841,/model/layers.9/self_attn/Shape_1,,Shape,9,attention_non_projection,,,,,,,,,,,,,,,,graph-derived
2842,/model/layers.9/self_attn/Constant_1,,Constant,9,attention_non_projection,,,,,,,,,,,,,,,,graph-derived
2843,/model/layers.9/self_attn/Gather_1,,Gather,9,attention_non_projection,,,,,,,,,,,,,,,,graph-derived
2844,/model/layers.9/self_attn/q_proj/MatMul,,MatMul,9,attention_projection,q_proj,1152,1024,float,onnx::MatMul_10009,4718592,4608,4096,once_per_decode_token,model.onnx_data,2174280192,2174280192,0,0,3,graph-derived
2845,Constant_5583,,Constant,,other,,,,,,,,,,,,,,,,graph-derived
2846,/model/layers.9/self_attn/Unsqueeze,,Unsqueeze,9,attention_non_projection,,,,,,,,,,,,,,,,graph-derived
2847,Constant_5585,,Constant,,other,,,,,,,,,,,,,,,,graph-derived
2848,/model/layers.9/self_attn/Unsqueeze_1,,Unsqueeze,9,attention_non_projection,,,,,,,,,,,,,,,,graph-derived
2849,/model/layers.9/self_attn/Constant_2,,Constant,9,attention_non_projection,,,,,,,,,,,,,,,,graph-derived
2850,/model/layers.9/self_attn/Constant_3,,Constant,9,attention_non_projection,,,,,,,,,,,,,,,,graph-derived
2851,/model/layers.9/self_attn/Concat,,Concat,9,attention_non_projection,,,,,,,,,,,,,,,,graph-derived
2852,Constant_5590,,Constant,,other,,,,,,,,,,,,,,,,graph-derived
2853,/model/layers.9/self_attn/Unsqueeze_2,,Unsqueeze,9,attention_non_projection,,,,,,,,,,,,,,,,graph-derived
2854,Constant_5592,,Constant,,other,,,,,,,,,,,,,,,,graph-derived
2855,/model/layers.9/self_attn/Unsqueeze_3,,Unsqueeze,9,attention_non_projection,,,,,,,,,,,,,,,,graph-derived
2856,/model/layers.9/self_attn/Constant_4,,Constant,9,attention_non_projection,,,,,,,,,,,,,,,,graph-derived
2857,/model/layers.9/self_attn/Constant_5,,Constant,9,attention_non_projection,,,,,,,,,,,,,,,,graph-derived
2858,/model/layers.9/self_attn/Concat_1,,Concat,9,attention_non_projection,,,,,,,,,,,,,,,,graph-derived
2859,Constant_5597,,Constant,,other,,,,,,,,,,,,,,,,graph-derived
2860,/model/layers.9/self_attn/Unsqueeze_4,,Unsqueeze,9,attention_non_projection,,,,,,,,,,,,,,,,graph-derived
2861,Constant_5599,,Constant,,other,,,,,,,,,,,,,,,,graph-derived
2862,/model/layers.9/self_attn/Unsqueeze_5,,Unsqueeze,9,attention_non_projection,,,,,,,,,,,,,,,,graph-derived
2863,/model/layers.9/self_attn/Constant_6,,Constant,9,attention_non_projection,,,,,,,,,,,,,,,,graph-derived
2864,/model/layers.9/self_attn/Constant_7,,Constant,9,attention_non_projection,,,,,,,,,,,,,,,,graph-derived
2865,/model/layers.9/self_attn/Concat_2,,Concat,9,attention_non_projection,,,,,,,,,,,,,,,,graph-derived
2866,/model/layers.9/self_attn/Reshape,,Reshape,9,attention_non_projection,,,,,,,,,,,,,,,,graph-derived
2867,/model/layers.9/self_attn/Transpose,,Transpose,9,attention_non_projection,,,,,,,,,,,,,,,,graph-derived
2868,/model/layers.9/self_attn/k_proj/MatMul,,MatMul,9,attention_projection,k_proj,1152,256,float,onnx::MatMul_10016,1179648,4608,1024,once_per_decode_token,model.onnx_data,2178998784,2178998784,1,2,1,graph-derived
2869,/model/layers.9/self_attn/Reshape_1,,Reshape,9,attention_non_projection,,,,,,,,,,,,,,,,graph-derived
2870,/model/layers.9/self_attn/Transpose_1,,Transpose,9,attention_non_projection,,,,,,,,,,,,,,,,graph-derived
2871,/model/layers.9/self_attn/v_proj/MatMul,,MatMul,9,attention_projection,v_proj,1152,256,float,onnx::MatMul_10017,1179648,4608,1024,once_per_decode_token,model.onnx_data,2180178432,2180178432,2,0,3,graph-derived
2872,/model/layers.9/self_attn/Reshape_2,,Reshape,9,attention_non_projection,,,,,,,,,,,,,,,,graph-derived
2873,/model/layers.9/self_attn/Transpose_2,,Transpose,9,attention_non_projection,,,,,,,,,,,,,,,,graph-derived
2874,/model/layers.9/self_attn/q_norm/Cast,,Cast,9,attention_non_projection,,,,,,,,,,,,,,,,graph-derived
2875,/model/layers.9/self_attn/q_norm/Constant,,Constant,9,attention_non_projection,,,,,,,,,,,,,,,,graph-derived
2876,/model/layers.9/self_attn/q_norm/Pow,,Pow,9,attention_non_projection,,,,,,,,,,,,,,,,graph-derived
2877,/model/layers.9/self_attn/q_norm/ReduceMean,,ReduceMean,9,attention_non_projection,,,,,,,,,,,,,,,,graph-derived
2878,/model/layers.9/self_attn/q_norm/Constant_1,,Constant,9,attention_non_projection,,,,,,,,,,,,,,,,graph-derived
2879,/model/layers.9/self_attn/q_norm/Add,,Add,9,attention_non_projection,,,,,,,,,,,,,,,,graph-derived
2880,/model/layers.9/self_attn/q_norm/Sqrt,,Sqrt,9,attention_non_projection,,,,,,,,,,,,,,,,graph-derived
2881,/model/layers.9/self_attn/q_norm/Constant_2,,Constant,9,attention_non_projection,,,,,,,,,,,,,,,,graph-derived
2882,/model/layers.9/self_attn/q_norm/Div,,Div,9,attention_non_projection,,,,,,,,,,,,,,,,graph-derived
2883,/model/layers.9/self_attn/q_norm/Mul,,Mul,9,attention_non_projection,,,,,,,,,,,,,,,,graph-derived
2884,/model/layers.9/self_attn/q_norm/Mul_1,,Mul,9,attention_non_projection,,,,,,,,,,,,,,,,graph-derived
2885,/model/layers.9/self_attn/k_norm/Cast,,Cast,9,attention_non_projection,,,,,,,,,,,,,,,,graph-derived
2886,/model/layers.9/self_attn/k_norm/Constant,,Constant,9,attention_non_projection,,,,,,,,,,,,,,,,graph-derived
2887,/model/layers.9/self_attn/k_norm/Pow,,Pow,9,attention_non_projection,,,,,,,,,,,,,,,,graph-derived
2888,/model/layers.9/self_attn/k_norm/ReduceMean,,ReduceMean,9,attention_non_projection,,,,,,,,,,,,,,,,graph-derived
2889,/model/layers.9/self_attn/k_norm/Constant_1,,Constant,9,attention_non_projection,,,,,,,,,,,,,,,,graph-derived
2890,/model/layers.9/self_attn/k_norm/Add,,Add,9,attention_non_projection,,,,,,,,,,,,,,,,graph-derived
2891,/model/layers.9/self_attn/k_norm/Sqrt,,Sqrt,9,attention_non_projection,,,,,,,,,,,,,,,,graph-derived
2892,/model/layers.9/self_attn/k_norm/Constant_2,,Constant,9,attention_non_projection,,,,,,,,,,,,,,,,graph-derived
2893,/model/layers.9/self_attn/k_norm/Div,,Div,9,attention_non_projection,,,,,,,,,,,,,,,,graph-derived
2894,/model/layers.9/self_attn/k_norm/Mul,,Mul,9,attention_non_projection,,,,,,,,,,,,,,,,graph-derived
2895,/model/layers.9/self_attn/k_norm/Mul_1,,Mul,9,attention_non_projection,,,,,,,,,,,,,,,,graph-derived
2896,/model/layers.9/self_attn/Mul,,Mul,9,attention_non_projection,,,,,,,,,,,,,,,,graph-derived
2897,/model/layers.9/self_attn/Shape_2,,Shape,9,attention_non_projection,,,,,,,,,,,,,,,,graph-derived
2898,/model/layers.9/self_attn/Constant_8,,Constant,9,attention_non_projection,,,,,,,,,,,,,,,,graph-derived
2899,/model/layers.9/self_attn/Gather_2,,Gather,9,attention_non_projection,,,,,,,,,,,,,,,,graph-derived
2900,/model/layers.9/self_attn/Constant_9,,Constant,9,attention_non_projection,,,,,,,,,,,,,,,,graph-derived
2901,/model/layers.9/self_attn/Div,,Div,9,attention_non_projection,,,,,,,,,,,,,,,,graph-derived
2902,/model/layers.9/self_attn/Cast,,Cast,9,attention_non_projection,,,,,,,,,,,,,,,,graph-derived
2903,/model/layers.9/self_attn/Cast_1,,Cast,9,attention_non_projection,,,,,,,,,,,,,,,,graph-derived
2904,/model/layers.9/self_attn/Constant_10,,Constant,9,attention_non_projection,,,,,,,,,,,,,,,,graph-derived
2905,/model/layers.9/self_attn/Constant_11,,Constant,9,attention_non_projection,,,,,,,,,,,,,,,,graph-derived
2906,/model/layers.9/self_attn/Constant_12,,Constant,9,attention_non_projection,,,,,,,,,,,,,,,,graph-derived
2907,/model/layers.9/self_attn/Unsqueeze_6,,Unsqueeze,9,attention_non_projection,,,,,,,,,,,,,,,,graph-derived
2908,/model/layers.9/self_attn/Constant_13,,Constant,9,attention_non_projection,,,,,,,,,,,,,,,,graph-derived
2909,/model/layers.9/self_attn/Slice,,Slice,9,attention_non_projection,,,,,,,,,,,,,,,,graph-derived
2910,/model/layers.9/self_attn/Constant_14,,Constant,9,attention_non_projection,,,,,,,,,,,,,,,,graph-derived
2911,/model/layers.9/self_attn/Constant_15,,Constant,9,attention_non_projection,,,,,,,,,,,,,,,,graph-derived
2912,/model/layers.9/self_attn/Unsqueeze_7,,Unsqueeze,9,attention_non_projection,,,,,,,,,,,,,,,,graph-derived
2913,/model/layers.9/self_attn/Constant_16,,Constant,9,attention_non_projection,,,,,,,,,,,,,,,,graph-derived
2914,/model/layers.9/self_attn/Constant_17,,Constant,9,attention_non_projection,,,,,,,,,,,,,,,,graph-derived
2915,/model/layers.9/self_attn/Slice_1,,Slice,9,attention_non_projection,,,,,,,,,,,,,,,,graph-derived
2916,/model/layers.9/self_attn/Neg,,Neg,9,attention_non_projection,,,,,,,,,,,,,,,,graph-derived
2917,/model/layers.9/self_attn/Concat_3,,Concat,9,attention_non_projection,,,,,,,,,,,,,,,,graph-derived
2918,/model/layers.9/self_attn/Mul_1,,Mul,9,attention_non_projection,,,,,,,,,,,,,,,,graph-derived
2919,/model/layers.9/self_attn/Add,,Add,9,attention_non_projection,,,,,,,,,,,,,,,,graph-derived
2920,/model/layers.9/self_attn/Mul_2,,Mul,9,attention_non_projection,,,,,,,,,,,,,,,,graph-derived
2921,/model/layers.9/self_attn/Shape_3,,Shape,9,attention_non_projection,,,,,,,,,,,,,,,,graph-derived
2922,/model/layers.9/self_attn/Constant_18,,Constant,9,attention_non_projection,,,,,,,,,,,,,,,,graph-derived
2923,/model/layers.9/self_attn/Gather_3,,Gather,9,attention_non_projection,,,,,,,,,,,,,,,,graph-derived
2924,/model/layers.9/self_attn/Constant_19,,Constant,9,attention_non_projection,,,,,,,,,,,,,,,,graph-derived
2925,/model/layers.9/self_attn/Div_1,,Div,9,attention_non_projection,,,,,,,,,,,,,,,,graph-derived
2926,/model/layers.9/self_attn/Cast_2,,Cast,9,attention_non_projection,,,,,,,,,,,,,,,,graph-derived
2927,/model/layers.9/self_attn/Cast_3,,Cast,9,attention_non_projection,,,,,,,,,,,,,,,,graph-derived
2928,/model/layers.9/self_attn/Constant_20,,Constant,9,attention_non_projection,,,,,,,,,,,,,,,,graph-derived
2929,/model/layers.9/self_attn/Constant_21,,Constant,9,attention_non_projection,,,,,,,,,,,,,,,,graph-derived
2930,/model/layers.9/self_attn/Constant_22,,Constant,9,attention_non_projection,,,,,,,,,,,,,,,,graph-derived
2931,/model/layers.9/self_attn/Unsqueeze_8,,Unsqueeze,9,attention_non_projection,,,,,,,,,,,,,,,,graph-derived
2932,/model/layers.9/self_attn/Constant_23,,Constant,9,attention_non_projection,,,,,,,,,,,,,,,,graph-derived
2933,/model/layers.9/self_attn/Slice_2,,Slice,9,attention_non_projection,,,,,,,,,,,,,,,,graph-derived
2934,/model/layers.9/self_attn/Constant_24,,Constant,9,attention_non_projection,,,,,,,,,,,,,,,,graph-derived
2935,/model/layers.9/self_attn/Constant_25,,Constant,9,attention_non_projection,,,,,,,,,,,,,,,,graph-derived
2936,/model/layers.9/self_attn/Unsqueeze_9,,Unsqueeze,9,attention_non_projection,,,,,,,,,,,,,,,,graph-derived
2937,/model/layers.9/self_attn/Constant_26,,Constant,9,attention_non_projection,,,,,,,,,,,,,,,,graph-derived
2938,/model/layers.9/self_attn/Constant_27,,Constant,9,attention_non_projection,,,,,,,,,,,,,,,,graph-derived
2939,/model/layers.9/self_attn/Slice_3,,Slice,9,attention_non_projection,,,,,,,,,,,,,,,,graph-derived
2940,/model/layers.9/self_attn/Neg_1,,Neg,9,attention_non_projection,,,,,,,,,,,,,,,,graph-derived
2941,/model/layers.9/self_attn/Concat_4,,Concat,9,attention_non_projection,,,,,,,,,,,,,,,,graph-derived
2942,/model/layers.9/self_attn/Mul_3,,Mul,9,attention_non_projection,,,,,,,,,,,,,,,,graph-derived
2943,/model/layers.9/self_attn/Add_1,,Add,9,attention_non_projection,,,,,,,,,,,,,,,,graph-derived
2944,/model/layers.9/self_attn/Concat_5,,Concat,9,attention_non_projection,,,,,,,,,,,,,,,,graph-derived
2945,/model/layers.9/self_attn/Concat_6,,Concat,9,attention_non_projection,,,,,,,,,,,,,,,,graph-derived
2946,/model/layers.9/self_attn/Shape_4,,Shape,9,attention_non_projection,,,,,,,,,,,,,,,,graph-derived
2947,/model/layers.9/self_attn/Constant_28,,Constant,9,attention_non_projection,,,,,,,,,,,,,,,,graph-derived
2948,/model/layers.9/self_attn/Gather_4,,Gather,9,attention_non_projection,,,,,,,,,,,,,,,,graph-derived
2949,/model/layers.9/self_attn/Shape_5,,Shape,9,attention_non_projection,,,,,,,,,,,,,,,,graph-derived
2950,/model/layers.9/self_attn/Constant_29,,Constant,9,attention_non_projection,,,,,,,,,,,,,,,,graph-derived
2951,/model/layers.9/self_attn/Gather_5,,Gather,9,attention_non_projection,,,,,,,,,,,,,,,,graph-derived
2952,/model/layers.9/self_attn/Shape_6,,Shape,9,attention_non_projection,,,,,,,,,,,,,,,,graph-derived
2953,/model/layers.9/self_attn/Constant_30,,Constant,9,attention_non_projection,,,,,,,,,,,,,,,,graph-derived
2954,/model/layers.9/self_attn/Gather_6,,Gather,9,attention_non_projection,,,,,,,,,,,,,,,,graph-derived
2955,/model/layers.9/self_attn/Shape_7,,Shape,9,attention_non_projection,,,,,,,,,,,,,,,,graph-derived
2956,/model/layers.9/self_attn/Constant_31,,Constant,9,attention_non_projection,,,,,,,,,,,,,,,,graph-derived
2957,/model/layers.9/self_attn/Gather_7,,Gather,9,attention_non_projection,,,,,,,,,,,,,,,,graph-derived
2958,/model/layers.9/self_attn/Constant_32,,Constant,9,attention_non_projection,,,,,,,,,,,,,,,,graph-derived
2959,/model/layers.9/self_attn/Unsqueeze_10,,Unsqueeze,9,attention_non_projection,,,,,,,,,,,,,,,,graph-derived
2960,/model/layers.9/self_attn/Constant_33,,Constant,9,attention_non_projection,,,,,,,,,,,,,,,,graph-derived
2961,/model/layers.9/self_attn/Unsqueeze_11,,Unsqueeze,9,attention_non_projection,,,,,,,,,,,,,,,,graph-derived
2962,/model/layers.9/self_attn/Constant_34,,Constant,9,attention_non_projection,,,,,,,,,,,,,,,,graph-derived
2963,/model/layers.9/self_attn/Unsqueeze_12,,Unsqueeze,9,attention_non_projection,,,,,,,,,,,,,,,,graph-derived
2964,/model/layers.9/self_attn/Constant_35,,Constant,9,attention_non_projection,,,,,,,,,,,,,,,,graph-derived
2965,/model/layers.9/self_attn/Constant_36,,Constant,9,attention_non_projection,,,,,,,,,,,,,,,,graph-derived
2966,/model/layers.9/self_attn/Unsqueeze_13,,Unsqueeze,9,attention_non_projection,,,,,,,,,,,,,,,,graph-derived
2967,/model/layers.9/self_attn/Constant_37,,Constant,9,attention_non_projection,,,,,,,,,,,,,,,,graph-derived
2968,/model/layers.9/self_attn/Unsqueeze_14,,Unsqueeze,9,attention_non_projection,,,,,,,,,,,,,,,,graph-derived
2969,/model/layers.9/self_attn/Concat_7,,Concat,9,attention_non_projection,,,,,,,,,,,,,,,,graph-derived
2970,/model/layers.9/self_attn/Constant_38,,Constant,9,attention_non_projection,,,,,,,,,,,,,,,,graph-derived
2971,/model/layers.9/self_attn/Reshape_3,,Reshape,9,attention_non_projection,,,,,,,,,,,,,,,,graph-derived
2972,/model/layers.9/self_attn/Shape_8,,Shape,9,attention_non_projection,,,,,,,,,,,,,,,,graph-derived
2973,/model/layers.9/self_attn/ConstantOfShape,,ConstantOfShape,9,attention_non_projection,,,,,,,,,,,,,,,,graph-derived
2974,/model/layers.9/self_attn/Constant_39,,Constant,9,attention_non_projection,,,,,,,,,,,,,,,,graph-derived
2975,/model/layers.9/self_attn/Mul_4,,Mul,9,attention_non_projection,,,,,,,,,,,,,,,,graph-derived
2976,/model/layers.9/self_attn/Equal,,Equal,9,attention_non_projection,,,,,,,,,,,,,,,,graph-derived
2977,/model/layers.9/self_attn/Where,,Where,9,attention_non_projection,,,,,,,,,,,,,,,,graph-derived
2978,/model/layers.9/self_attn/Expand,,Expand,9,attention_non_projection,,,,,,,,,,,,,,,,graph-derived
2979,/model/layers.9/self_attn/Constant_40,,Constant,9,attention_non_projection,,,,,,,,,,,,,,,,graph-derived
2980,/model/layers.9/self_attn/Mul_5,,Mul,9,attention_non_projection,,,,,,,,,,,,,,,,graph-derived
2981,Constant_5719,,Constant,,other,,,,,,,,,,,,,,,,graph-derived
2982,/model/layers.9/self_attn/Unsqueeze_15,,Unsqueeze,9,attention_non_projection,,,,,,,,,,,,,,,,graph-derived
2983,Constant_5721,,Constant,,other,,,,,,,,,,,,,,,,graph-derived
2984,/model/layers.9/self_attn/Unsqueeze_16,,Unsqueeze,9,attention_non_projection,,,,,,,,,,,,,,,,graph-derived
2985,Constant_5723,,Constant,,other,,,,,,,,,,,,,,,,graph-derived
2986,/model/layers.9/self_attn/Unsqueeze_17,,Unsqueeze,9,attention_non_projection,,,,,,,,,,,,,,,,graph-derived
2987,Constant_5725,,Constant,,other,,,,,,,,,,,,,,,,graph-derived
2988,/model/layers.9/self_attn/Unsqueeze_18,,Unsqueeze,9,attention_non_projection,,,,,,,,,,,,,,,,graph-derived
2989,/model/layers.9/self_attn/Concat_8,,Concat,9,attention_non_projection,,,,,,,,,,,,,,,,graph-derived
2990,/model/layers.9/self_attn/Reshape_4,,Reshape,9,attention_non_projection,,,,,,,,,,,,,,,,graph-derived
2991,/model/layers.9/self_attn/Shape_9,,Shape,9,attention_non_projection,,,,,,,,,,,,,,,,graph-derived
2992,/model/layers.9/self_attn/Constant_41,,Constant,9,attention_non_projection,,,,,,,,,,,,,,,,graph-derived
2993,/model/layers.9/self_attn/Gather_8,,Gather,9,attention_non_projection,,,,,,,,,,,,,,,,graph-derived
2994,/model/layers.9/self_attn/Shape_10,,Shape,9,attention_non_projection,,,,,,,,,,,,,,,,graph-derived
2995,/model/layers.9/self_attn/Constant_42,,Constant,9,attention_non_projection,,,,,,,,,,,,,,,,graph-derived
2996,/model/layers.9/self_attn/Gather_9,,Gather,9,attention_non_projection,,,,,,,,,,,,,,,,graph-derived
2997,/model/layers.9/self_attn/Shape_11,,Shape,9,attention_non_projection,,,,,,,,,,,,,,,,graph-derived
2998,/model/layers.9/self_attn/Constant_43,,Constant,9,attention_non_projection,,,,,,,,,,,,,,,,graph-derived
2999,/model/layers.9/self_attn/Gather_10,,Gather,9,attention_non_projection,,,,,,,,,,,,,,,,graph-derived
3000,/model/layers.9/self_attn/Shape_12,,Shape,9,attention_non_projection,,,,,,,,,,,,,,,,graph-derived
3001,/model/layers.9/self_attn/Constant_44,,Constant,9,attention_non_projection,,,,,,,,,,,,,,,,graph-derived
3002,/model/layers.9/self_attn/Gather_11,,Gather,9,attention_non_projection,,,,,,,,,,,,,,,,graph-derived
3003,/model/layers.9/self_attn/Constant_45,,Constant,9,attention_non_projection,,,,,,,,,,,,,,,,graph-derived
3004,/model/layers.9/self_attn/Unsqueeze_19,,Unsqueeze,9,attention_non_projection,,,,,,,,,,,,,,,,graph-derived
3005,/model/layers.9/self_attn/Constant_46,,Constant,9,attention_non_projection,,,,,,,,,,,,,,,,graph-derived
3006,/model/layers.9/self_attn/Unsqueeze_20,,Unsqueeze,9,attention_non_projection,,,,,,,,,,,,,,,,graph-derived
3007,/model/layers.9/self_attn/Constant_47,,Constant,9,attention_non_projection,,,,,,,,,,,,,,,,graph-derived
3008,/model/layers.9/self_attn/Unsqueeze_21,,Unsqueeze,9,attention_non_projection,,,,,,,,,,,,,,,,graph-derived
3009,/model/layers.9/self_attn/Constant_48,,Constant,9,attention_non_projection,,,,,,,,,,,,,,,,graph-derived
3010,/model/layers.9/self_attn/Constant_49,,Constant,9,attention_non_projection,,,,,,,,,,,,,,,,graph-derived
3011,/model/layers.9/self_attn/Unsqueeze_22,,Unsqueeze,9,attention_non_projection,,,,,,,,,,,,,,,,graph-derived
3012,/model/layers.9/self_attn/Constant_50,,Constant,9,attention_non_projection,,,,,,,,,,,,,,,,graph-derived
3013,/model/layers.9/self_attn/Unsqueeze_23,,Unsqueeze,9,attention_non_projection,,,,,,,,,,,,,,,,graph-derived
3014,/model/layers.9/self_attn/Concat_9,,Concat,9,attention_non_projection,,,,,,,,,,,,,,,,graph-derived
3015,/model/layers.9/self_attn/Constant_51,,Constant,9,attention_non_projection,,,,,,,,,,,,,,,,graph-derived
3016,/model/layers.9/self_attn/Reshape_5,,Reshape,9,attention_non_projection,,,,,,,,,,,,,,,,graph-derived
3017,/model/layers.9/self_attn/Shape_13,,Shape,9,attention_non_projection,,,,,,,,,,,,,,,,graph-derived
3018,/model/layers.9/self_attn/ConstantOfShape_1,,ConstantOfShape,9,attention_non_projection,,,,,,,,,,,,,,,,graph-derived
3019,/model/layers.9/self_attn/Constant_52,,Constant,9,attention_non_projection,,,,,,,,,,,,,,,,graph-derived
3020,/model/layers.9/self_attn/Mul_6,,Mul,9,attention_non_projection,,,,,,,,,,,,,,,,graph-derived
3021,/model/layers.9/self_attn/Equal_1,,Equal,9,attention_non_projection,,,,,,,,,,,,,,,,graph-derived
3022,/model/layers.9/self_attn/Where_1,,Where,9,attention_non_projection,,,,,,,,,,,,,,,,graph-derived
3023,/model/layers.9/self_attn/Expand_1,,Expand,9,attention_non_projection,,,,,,,,,,,,,,,,graph-derived
3024,/model/layers.9/self_attn/Constant_53,,Constant,9,attention_non_projection,,,,,,,,,,,,,,,,graph-derived
3025,/model/layers.9/self_attn/Mul_7,,Mul,9,attention_non_projection,,,,,,,,,,,,,,,,graph-derived
3026,Constant_5764,,Constant,,other,,,,,,,,,,,,,,,,graph-derived
3027,/model/layers.9/self_attn/Unsqueeze_24,,Unsqueeze,9,attention_non_projection,,,,,,,,,,,,,,,,graph-derived
3028,Constant_5766,,Constant,,other,,,,,,,,,,,,,,,,graph-derived
3029,/model/layers.9/self_attn/Unsqueeze_25,,Unsqueeze,9,attention_non_projection,,,,,,,,,,,,,,,,graph-derived
3030,Constant_5768,,Constant,,other,,,,,,,,,,,,,,,,graph-derived
3031,/model/layers.9/self_attn/Unsqueeze_26,,Unsqueeze,9,attention_non_projection,,,,,,,,,,,,,,,,graph-derived
3032,Constant_5770,,Constant,,other,,,,,,,,,,,,,,,,graph-derived
3033,/model/layers.9/self_attn/Unsqueeze_27,,Unsqueeze,9,attention_non_projection,,,,,,,,,,,,,,,,graph-derived
3034,/model/layers.9/self_attn/Concat_10,,Concat,9,attention_non_projection,,,,,,,,,,,,,,,,graph-derived
3035,/model/layers.9/self_attn/Reshape_6,,Reshape,9,attention_non_projection,,,,,,,,,,,,,,,,graph-derived
3036,/model/layers.9/self_attn/Shape_14,,Shape,9,attention_non_projection,,,,,,,,,,,,,,,,graph-derived
3037,/model/layers.9/self_attn/Constant_54,,Constant,9,attention_non_projection,,,,,,,,,,,,,,,,graph-derived
3038,/model/layers.9/self_attn/Gather_12,,Gather,9,attention_non_projection,,,,,,,,,,,,,,,,graph-derived
3039,/model/layers.9/self_attn/Constant_55,,Constant,9,attention_non_projection,,,,,,,,,,,,,,,,graph-derived
3040,/model/layers.9/self_attn/Constant_56,,Constant,9,attention_non_projection,,,,,,,,,,,,,,,,graph-derived
3041,/model/layers.9/self_attn/Constant_57,,Constant,9,attention_non_projection,,,,,,,,,,,,,,,,graph-derived
3042,/model/layers.9/self_attn/Unsqueeze_28,,Unsqueeze,9,attention_non_projection,,,,,,,,,,,,,,,,graph-derived
3043,/model/layers.9/self_attn/Constant_58,,Constant,9,attention_non_projection,,,,,,,,,,,,,,,,graph-derived
3044,/model/layers.9/self_attn/Slice_4,,Slice,9,attention_non_projection,,,,,,,,,,,,,,,,graph-derived
3045,/model/layers.9/self_attn/Transpose_3,,Transpose,9,attention_non_projection,,,,,,,,,,,,,,,,graph-derived
3046,/model/layers.9/self_attn/Constant_59,,Constant,9,attention_non_projection,,,,,,,,,,,,,,,,graph-derived
3047,/model/layers.9/self_attn/Mul_8,,Mul,9,attention_non_projection,,,,,,,,,,,,,,,,graph-derived
3048,/model/layers.9/self_attn/Constant_60,,Constant,9,attention_non_projection,,,,,,,,,,,,,,,,graph-derived
3049,/model/layers.9/self_attn/Mul_9,,Mul,9,attention_non_projection,,,,,,,,,,,,,,,,graph-derived
3050,/model/layers.9/self_attn/MatMul,,MatMul,9,attention_non_projection,,,,,,,,,,,,,,,,graph-derived
3051,/model/layers.9/self_attn/Constant_61,,Constant,9,attention_non_projection,,,,,,,,,,,,,,,,graph-derived
3052,/model/layers.9/self_attn/Constant_62,,Constant,9,attention_non_projection,,,,,,,,,,,,,,,,graph-derived
3053,/model/layers.9/self_attn/Where_2,,Where,9,attention_non_projection,,,,,,,,,,,,,,,,graph-derived
3054,/model/layers.9/self_attn/Add_2,,Add,9,attention_non_projection,,,,,,,,,,,,,,,,graph-derived
3055,/model/layers.9/self_attn/Softmax,,Softmax,9,attention_non_projection,,,,,,,,,,,,,,,,graph-derived
3056,/model/layers.9/self_attn/IsNaN,,IsNaN,9,attention_non_projection,,,,,,,,,,,,,,,,graph-derived
3057,/model/layers.9/self_attn/Constant_63,,Constant,9,attention_non_projection,,,,,,,,,,,,,,,,graph-derived
3058,/model/layers.9/self_attn/Where_3,,Where,9,attention_non_projection,,,,,,,,,,,,,,,,graph-derived
3059,/model/layers.9/self_attn/MatMul_1,,MatMul,9,attention_non_projection,,,,,,,,,,,,,,,,graph-derived
3060,/model/layers.9/self_attn/Transpose_4,,Transpose,9,attention_non_projection,,,,,,,,,,,,,,,,graph-derived
3061,Constant_5799,,Constant,,other,,,,,,,,,,,,,,,,graph-derived
3062,/model/layers.9/self_attn/Unsqueeze_29,,Unsqueeze,9,attention_non_projection,,,,,,,,,,,,,,,,graph-derived
3063,Constant_5801,,Constant,,other,,,,,,,,,,,,,,,,graph-derived
3064,/model/layers.9/self_attn/Unsqueeze_30,,Unsqueeze,9,attention_non_projection,,,,,,,,,,,,,,,,graph-derived
3065,/model/layers.9/self_attn/Constant_64,,Constant,9,attention_non_projection,,,,,,,,,,,,,,,,graph-derived
3066,/model/layers.9/self_attn/Concat_11,,Concat,9,attention_non_projection,,,,,,,,,,,,,,,,graph-derived
3067,/model/layers.9/self_attn/Reshape_7,,Reshape,9,attention_non_projection,,,,,,,,,,,,,,,,graph-derived
3068,/model/layers.9/self_attn/o_proj/MatMul,,MatMul,9,attention_projection,o_proj,1024,1152,float,onnx::MatMul_10044,4718592,4096,4608,once_per_decode_token,model.onnx_data,2181360128,2181360128,3,2,1,graph-derived
3069,/model/layers.9/post_attention_layernorm/Cast,,Cast,9,other,,,,,,,,,,,,,,,,graph-derived
3070,/model/layers.9/post_attention_layernorm/Constant,,Constant,9,other,,,,,,,,,,,,,,,,graph-derived
3071,/model/layers.9/post_attention_layernorm/Pow,,Pow,9,other,,,,,,,,,,,,,,,,graph-derived
3072,/model/layers.9/post_attention_layernorm/ReduceMean,,ReduceMean,9,other,,,,,,,,,,,,,,,,graph-derived
3073,/model/layers.9/post_attention_layernorm/Constant_1,,Constant,9,other,,,,,,,,,,,,,,,,graph-derived
3074,/model/layers.9/post_attention_layernorm/Add,,Add,9,other,,,,,,,,,,,,,,,,graph-derived
3075,/model/layers.9/post_attention_layernorm/Sqrt,,Sqrt,9,other,,,,,,,,,,,,,,,,graph-derived
3076,/model/layers.9/post_attention_layernorm/Constant_2,,Constant,9,other,,,,,,,,,,,,,,,,graph-derived
3077,/model/layers.9/post_attention_layernorm/Div,,Div,9,other,,,,,,,,,,,,,,,,graph-derived
3078,/model/layers.9/post_attention_layernorm/Mul,,Mul,9,other,,,,,,,,,,,,,,,,graph-derived
3079,/model/layers.9/post_attention_layernorm/Mul_1,,Mul,9,other,,,,,,,,,,,,,,,,graph-derived
3080,/model/layers.9/Add,,Add,9,other,,,,,,,,,,,,,,,,graph-derived
3081,/model/layers.9/pre_feedforward_layernorm/Cast,,Cast,9,other,,,,,,,,,,,,,,,,graph-derived
3082,/model/layers.9/pre_feedforward_layernorm/Constant,,Constant,9,other,,,,,,,,,,,,,,,,graph-derived
3083,/model/layers.9/pre_feedforward_layernorm/Pow,,Pow,9,other,,,,,,,,,,,,,,,,graph-derived
3084,/model/layers.9/pre_feedforward_layernorm/ReduceMean,,ReduceMean,9,other,,,,,,,,,,,,,,,,graph-derived
3085,/model/layers.9/pre_feedforward_layernorm/Constant_1,,Constant,9,other,,,,,,,,,,,,,,,,graph-derived
3086,/model/layers.9/pre_feedforward_layernorm/Add,,Add,9,other,,,,,,,,,,,,,,,,graph-derived
3087,/model/layers.9/pre_feedforward_layernorm/Sqrt,,Sqrt,9,other,,,,,,,,,,,,,,,,graph-derived
3088,/model/layers.9/pre_feedforward_layernorm/Constant_2,,Constant,9,other,,,,,,,,,,,,,,,,graph-derived
3089,/model/layers.9/pre_feedforward_layernorm/Div,,Div,9,other,,,,,,,,,,,,,,,,graph-derived
3090,/model/layers.9/pre_feedforward_layernorm/Mul,,Mul,9,other,,,,,,,,,,,,,,,,graph-derived
3091,/model/layers.9/pre_feedforward_layernorm/Mul_1,,Mul,9,other,,,,,,,,,,,,,,,,graph-derived
3092,/model/layers.9/mlp/gate_proj/MatMul,,MatMul,9,mlp_projection,gate_proj,1152,6912,float,onnx::MatMul_10049,31850496,4608,27648,once_per_decode_token,model.onnx_data,2186087936,2186087936,0,3,3,graph-derived
3093,/model/layers.9/mlp/act_fn/Mul,,Mul,9,mlp_non_projection,,,,,,,,,,,,,,,,graph-derived
3094,/model/layers.9/mlp/act_fn/Mul_1,,Mul,9,mlp_non_projection,,,,,,,,,,,,,,,,graph-derived
3095,/model/layers.9/mlp/act_fn/Constant,,Constant,9,mlp_non_projection,,,,,,,,,,,,,,,,graph-derived
3096,/model/layers.9/mlp/act_fn/Mul_2,,Mul,9,mlp_non_projection,,,,,,,,,,,,,,,,graph-derived
3097,/model/layers.9/mlp/act_fn/Add,,Add,9,mlp_non_projection,,,,,,,,,,,,,,,,graph-derived
3098,/model/layers.9/mlp/act_fn/Constant_1,,Constant,9,mlp_non_projection,,,,,,,,,,,,,,,,graph-derived
3099,/model/layers.9/mlp/act_fn/Mul_3,,Mul,9,mlp_non_projection,,,,,,,,,,,,,,,,graph-derived
3100,/model/layers.9/mlp/act_fn/Tanh,,Tanh,9,mlp_non_projection,,,,,,,,,,,,,,,,graph-derived
3101,/model/layers.9/mlp/act_fn/Constant_2,,Constant,9,mlp_non_projection,,,,,,,,,,,,,,,,graph-derived
3102,/model/layers.9/mlp/act_fn/Add_1,,Add,9,mlp_non_projection,,,,,,,,,,,,,,,,graph-derived
3103,/model/layers.9/mlp/act_fn/Mul_4,,Mul,9,mlp_non_projection,,,,,,,,,,,,,,,,graph-derived
3104,/model/layers.9/mlp/act_fn/Constant_3,,Constant,9,mlp_non_projection,,,,,,,,,,,,,,,,graph-derived
3105,/model/layers.9/mlp/act_fn/Mul_5,,Mul,9,mlp_non_projection,,,,,,,,,,,,,,,,graph-derived
3106,/model/layers.9/mlp/up_proj/MatMul,,MatMul,9,mlp_projection,up_proj,1152,6912,float,onnx::MatMul_10050,31850496,4608,27648,once_per_decode_token,model.onnx_data,2217938432,2217938432,1,3,1,graph-derived
3107,/model/layers.9/mlp/Mul,,Mul,9,mlp_non_projection,,,,,,,,,,,,,,,,graph-derived
3108,/model/layers.9/mlp/down_proj/MatMul,,MatMul,9,mlp_projection,down_proj,6912,1152,float,onnx::MatMul_10051,31850496,27648,4608,once_per_decode_token,model.onnx_data,2249788928,2249788928,2,2,3,graph-derived
3109,/model/layers.9/post_feedforward_layernorm/Cast,,Cast,9,other,,,,,,,,,,,,,,,,graph-derived
3110,/model/layers.9/post_feedforward_layernorm/Constant,,Constant,9,other,,,,,,,,,,,,,,,,graph-derived
3111,/model/layers.9/post_feedforward_layernorm/Pow,,Pow,9,other,,,,,,,,,,,,,,,,graph-derived
3112,/model/layers.9/post_feedforward_layernorm/ReduceMean,,ReduceMean,9,other,,,,,,,,,,,,,,,,graph-derived
3113,/model/layers.9/post_feedforward_layernorm/Constant_1,,Constant,9,other,,,,,,,,,,,,,,,,graph-derived
3114,/model/layers.9/post_feedforward_layernorm/Add,,Add,9,other,,,,,,,,,,,,,,,,graph-derived
3115,/model/layers.9/post_feedforward_layernorm/Sqrt,,Sqrt,9,other,,,,,,,,,,,,,,,,graph-derived
3116,/model/layers.9/post_feedforward_layernorm/Constant_2,,Constant,9,other,,,,,,,,,,,,,,,,graph-derived
3117,/model/layers.9/post_feedforward_layernorm/Div,,Div,9,other,,,,,,,,,,,,,,,,graph-derived
3118,/model/layers.9/post_feedforward_layernorm/Mul,,Mul,9,other,,,,,,,,,,,,,,,,graph-derived
3119,/model/layers.9/post_feedforward_layernorm/Mul_1,,Mul,9,other,,,,,,,,,,,,,,,,graph-derived
3120,/model/layers.9/Add_1,,Add,9,other,,,,,,,,,,,,,,,,graph-derived
3121,/model/layers.10/input_layernorm/Cast,,Cast,10,other,,,,,,,,,,,,,,,,graph-derived
3122,/model/layers.10/input_layernorm/Constant,,Constant,10,other,,,,,,,,,,,,,,,,graph-derived
3123,/model/layers.10/input_layernorm/Pow,,Pow,10,other,,,,,,,,,,,,,,,,graph-derived
3124,/model/layers.10/input_layernorm/ReduceMean,,ReduceMean,10,other,,,,,,,,,,,,,,,,graph-derived
3125,/model/layers.10/input_layernorm/Constant_1,,Constant,10,other,,,,,,,,,,,,,,,,graph-derived
3126,/model/layers.10/input_layernorm/Add,,Add,10,other,,,,,,,,,,,,,,,,graph-derived
3127,/model/layers.10/input_layernorm/Sqrt,,Sqrt,10,other,,,,,,,,,,,,,,,,graph-derived
3128,/model/layers.10/input_layernorm/Constant_2,,Constant,10,other,,,,,,,,,,,,,,,,graph-derived
3129,/model/layers.10/input_layernorm/Div,,Div,10,other,,,,,,,,,,,,,,,,graph-derived
3130,/model/layers.10/input_layernorm/Mul,,Mul,10,other,,,,,,,,,,,,,,,,graph-derived
3131,/model/layers.10/input_layernorm/Mul_1,,Mul,10,other,,,,,,,,,,,,,,,,graph-derived
3132,/model/layers.10/self_attn/Shape,,Shape,10,attention_non_projection,,,,,,,,,,,,,,,,graph-derived
3133,/model/layers.10/self_attn/Constant,,Constant,10,attention_non_projection,,,,,,,,,,,,,,,,graph-derived
3134,/model/layers.10/self_attn/Gather,,Gather,10,attention_non_projection,,,,,,,,,,,,,,,,graph-derived
3135,/model/layers.10/self_attn/Shape_1,,Shape,10,attention_non_projection,,,,,,,,,,,,,,,,graph-derived
3136,/model/layers.10/self_attn/Constant_1,,Constant,10,attention_non_projection,,,,,,,,,,,,,,,,graph-derived
3137,/model/layers.10/self_attn/Gather_1,,Gather,10,attention_non_projection,,,,,,,,,,,,,,,,graph-derived
3138,/model/layers.10/self_attn/q_proj/MatMul,,MatMul,10,attention_projection,q_proj,1152,1024,float,onnx::MatMul_10056,4718592,4608,4096,once_per_decode_token,model.onnx_data,2281648640,2281648640,0,1,2,graph-derived
3139,Constant_5877,,Constant,,other,,,,,,,,,,,,,,,,graph-derived
3140,/model/layers.10/self_attn/Unsqueeze,,Unsqueeze,10,attention_non_projection,,,,,,,,,,,,,,,,graph-derived
3141,Constant_5879,,Constant,,other,,,,,,,,,,,,,,,,graph-derived
3142,/model/layers.10/self_attn/Unsqueeze_1,,Unsqueeze,10,attention_non_projection,,,,,,,,,,,,,,,,graph-derived
3143,/model/layers.10/self_attn/Constant_2,,Constant,10,attention_non_projection,,,,,,,,,,,,,,,,graph-derived
3144,/model/layers.10/self_attn/Constant_3,,Constant,10,attention_non_projection,,,,,,,,,,,,,,,,graph-derived
3145,/model/layers.10/self_attn/Concat,,Concat,10,attention_non_projection,,,,,,,,,,,,,,,,graph-derived
3146,Constant_5884,,Constant,,other,,,,,,,,,,,,,,,,graph-derived
3147,/model/layers.10/self_attn/Unsqueeze_2,,Unsqueeze,10,attention_non_projection,,,,,,,,,,,,,,,,graph-derived
3148,Constant_5886,,Constant,,other,,,,,,,,,,,,,,,,graph-derived
3149,/model/layers.10/self_attn/Unsqueeze_3,,Unsqueeze,10,attention_non_projection,,,,,,,,,,,,,,,,graph-derived
3150,/model/layers.10/self_attn/Constant_4,,Constant,10,attention_non_projection,,,,,,,,,,,,,,,,graph-derived
3151,/model/layers.10/self_attn/Constant_5,,Constant,10,attention_non_projection,,,,,,,,,,,,,,,,graph-derived
3152,/model/layers.10/self_attn/Concat_1,,Concat,10,attention_non_projection,,,,,,,,,,,,,,,,graph-derived
3153,Constant_5891,,Constant,,other,,,,,,,,,,,,,,,,graph-derived
3154,/model/layers.10/self_attn/Unsqueeze_4,,Unsqueeze,10,attention_non_projection,,,,,,,,,,,,,,,,graph-derived
3155,Constant_5893,,Constant,,other,,,,,,,,,,,,,,,,graph-derived
3156,/model/layers.10/self_attn/Unsqueeze_5,,Unsqueeze,10,attention_non_projection,,,,,,,,,,,,,,,,graph-derived
3157,/model/layers.10/self_attn/Constant_6,,Constant,10,attention_non_projection,,,,,,,,,,,,,,,,graph-derived
3158,/model/layers.10/self_attn/Constant_7,,Constant,10,attention_non_projection,,,,,,,,,,,,,,,,graph-derived
3159,/model/layers.10/self_attn/Concat_2,,Concat,10,attention_non_projection,,,,,,,,,,,,,,,,graph-derived
3160,/model/layers.10/self_attn/Reshape,,Reshape,10,attention_non_projection,,,,,,,,,,,,,,,,graph-derived
3161,/model/layers.10/self_attn/Transpose,,Transpose,10,attention_non_projection,,,,,,,,,,,,,,,,graph-derived
3162,/model/layers.10/self_attn/k_proj/MatMul,,MatMul,10,attention_projection,k_proj,1152,256,float,onnx::MatMul_10063,1179648,4608,1024,once_per_decode_token,model.onnx_data,2286367232,2286367232,1,3,0,graph-derived
3163,/model/layers.10/self_attn/Reshape_1,,Reshape,10,attention_non_projection,,,,,,,,,,,,,,,,graph-derived
3164,/model/layers.10/self_attn/Transpose_1,,Transpose,10,attention_non_projection,,,,,,,,,,,,,,,,graph-derived
3165,/model/layers.10/self_attn/v_proj/MatMul,,MatMul,10,attention_projection,v_proj,1152,256,float,onnx::MatMul_10064,1179648,4608,1024,once_per_decode_token,model.onnx_data,2287546880,2287546880,2,1,2,graph-derived
3166,/model/layers.10/self_attn/Reshape_2,,Reshape,10,attention_non_projection,,,,,,,,,,,,,,,,graph-derived
3167,/model/layers.10/self_attn/Transpose_2,,Transpose,10,attention_non_projection,,,,,,,,,,,,,,,,graph-derived
3168,/model/layers.10/self_attn/q_norm/Cast,,Cast,10,attention_non_projection,,,,,,,,,,,,,,,,graph-derived
3169,/model/layers.10/self_attn/q_norm/Constant,,Constant,10,attention_non_projection,,,,,,,,,,,,,,,,graph-derived
3170,/model/layers.10/self_attn/q_norm/Pow,,Pow,10,attention_non_projection,,,,,,,,,,,,,,,,graph-derived
3171,/model/layers.10/self_attn/q_norm/ReduceMean,,ReduceMean,10,attention_non_projection,,,,,,,,,,,,,,,,graph-derived
3172,/model/layers.10/self_attn/q_norm/Constant_1,,Constant,10,attention_non_projection,,,,,,,,,,,,,,,,graph-derived
3173,/model/layers.10/self_attn/q_norm/Add,,Add,10,attention_non_projection,,,,,,,,,,,,,,,,graph-derived
3174,/model/layers.10/self_attn/q_norm/Sqrt,,Sqrt,10,attention_non_projection,,,,,,,,,,,,,,,,graph-derived
3175,/model/layers.10/self_attn/q_norm/Constant_2,,Constant,10,attention_non_projection,,,,,,,,,,,,,,,,graph-derived
3176,/model/layers.10/self_attn/q_norm/Div,,Div,10,attention_non_projection,,,,,,,,,,,,,,,,graph-derived
3177,/model/layers.10/self_attn/q_norm/Mul,,Mul,10,attention_non_projection,,,,,,,,,,,,,,,,graph-derived
3178,/model/layers.10/self_attn/q_norm/Mul_1,,Mul,10,attention_non_projection,,,,,,,,,,,,,,,,graph-derived
3179,/model/layers.10/self_attn/k_norm/Cast,,Cast,10,attention_non_projection,,,,,,,,,,,,,,,,graph-derived
3180,/model/layers.10/self_attn/k_norm/Constant,,Constant,10,attention_non_projection,,,,,,,,,,,,,,,,graph-derived
3181,/model/layers.10/self_attn/k_norm/Pow,,Pow,10,attention_non_projection,,,,,,,,,,,,,,,,graph-derived
3182,/model/layers.10/self_attn/k_norm/ReduceMean,,ReduceMean,10,attention_non_projection,,,,,,,,,,,,,,,,graph-derived
3183,/model/layers.10/self_attn/k_norm/Constant_1,,Constant,10,attention_non_projection,,,,,,,,,,,,,,,,graph-derived
3184,/model/layers.10/self_attn/k_norm/Add,,Add,10,attention_non_projection,,,,,,,,,,,,,,,,graph-derived
3185,/model/layers.10/self_attn/k_norm/Sqrt,,Sqrt,10,attention_non_projection,,,,,,,,,,,,,,,,graph-derived
3186,/model/layers.10/self_attn/k_norm/Constant_2,,Constant,10,attention_non_projection,,,,,,,,,,,,,,,,graph-derived
3187,/model/layers.10/self_attn/k_norm/Div,,Div,10,attention_non_projection,,,,,,,,,,,,,,,,graph-derived
3188,/model/layers.10/self_attn/k_norm/Mul,,Mul,10,attention_non_projection,,,,,,,,,,,,,,,,graph-derived
3189,/model/layers.10/self_attn/k_norm/Mul_1,,Mul,10,attention_non_projection,,,,,,,,,,,,,,,,graph-derived
3190,/model/layers.10/self_attn/Mul,,Mul,10,attention_non_projection,,,,,,,,,,,,,,,,graph-derived
3191,/model/layers.10/self_attn/Shape_2,,Shape,10,attention_non_projection,,,,,,,,,,,,,,,,graph-derived
3192,/model/layers.10/self_attn/Constant_8,,Constant,10,attention_non_projection,,,,,,,,,,,,,,,,graph-derived
3193,/model/layers.10/self_attn/Gather_2,,Gather,10,attention_non_projection,,,,,,,,,,,,,,,,graph-derived
3194,/model/layers.10/self_attn/Constant_9,,Constant,10,attention_non_projection,,,,,,,,,,,,,,,,graph-derived
3195,/model/layers.10/self_attn/Div,,Div,10,attention_non_projection,,,,,,,,,,,,,,,,graph-derived
3196,/model/layers.10/self_attn/Cast,,Cast,10,attention_non_projection,,,,,,,,,,,,,,,,graph-derived
3197,/model/layers.10/self_attn/Cast_1,,Cast,10,attention_non_projection,,,,,,,,,,,,,,,,graph-derived
3198,/model/layers.10/self_attn/Constant_10,,Constant,10,attention_non_projection,,,,,,,,,,,,,,,,graph-derived
3199,/model/layers.10/self_attn/Constant_11,,Constant,10,attention_non_projection,,,,,,,,,,,,,,,,graph-derived
3200,/model/layers.10/self_attn/Constant_12,,Constant,10,attention_non_projection,,,,,,,,,,,,,,,,graph-derived
3201,/model/layers.10/self_attn/Unsqueeze_6,,Unsqueeze,10,attention_non_projection,,,,,,,,,,,,,,,,graph-derived
3202,/model/layers.10/self_attn/Constant_13,,Constant,10,attention_non_projection,,,,,,,,,,,,,,,,graph-derived
3203,/model/layers.10/self_attn/Slice,,Slice,10,attention_non_projection,,,,,,,,,,,,,,,,graph-derived
3204,/model/layers.10/self_attn/Constant_14,,Constant,10,attention_non_projection,,,,,,,,,,,,,,,,graph-derived
3205,/model/layers.10/self_attn/Constant_15,,Constant,10,attention_non_projection,,,,,,,,,,,,,,,,graph-derived
3206,/model/layers.10/self_attn/Unsqueeze_7,,Unsqueeze,10,attention_non_projection,,,,,,,,,,,,,,,,graph-derived
3207,/model/layers.10/self_attn/Constant_16,,Constant,10,attention_non_projection,,,,,,,,,,,,,,,,graph-derived
3208,/model/layers.10/self_attn/Constant_17,,Constant,10,attention_non_projection,,,,,,,,,,,,,,,,graph-derived
3209,/model/layers.10/self_attn/Slice_1,,Slice,10,attention_non_projection,,,,,,,,,,,,,,,,graph-derived
3210,/model/layers.10/self_attn/Neg,,Neg,10,attention_non_projection,,,,,,,,,,,,,,,,graph-derived
3211,/model/layers.10/self_attn/Concat_3,,Concat,10,attention_non_projection,,,,,,,,,,,,,,,,graph-derived
3212,/model/layers.10/self_attn/Mul_1,,Mul,10,attention_non_projection,,,,,,,,,,,,,,,,graph-derived
3213,/model/layers.10/self_attn/Add,,Add,10,attention_non_projection,,,,,,,,,,,,,,,,graph-derived
3214,/model/layers.10/self_attn/Mul_2,,Mul,10,attention_non_projection,,,,,,,,,,,,,,,,graph-derived
3215,/model/layers.10/self_attn/Shape_3,,Shape,10,attention_non_projection,,,,,,,,,,,,,,,,graph-derived
3216,/model/layers.10/self_attn/Constant_18,,Constant,10,attention_non_projection,,,,,,,,,,,,,,,,graph-derived
3217,/model/layers.10/self_attn/Gather_3,,Gather,10,attention_non_projection,,,,,,,,,,,,,,,,graph-derived
3218,/model/layers.10/self_attn/Constant_19,,Constant,10,attention_non_projection,,,,,,,,,,,,,,,,graph-derived
3219,/model/layers.10/self_attn/Div_1,,Div,10,attention_non_projection,,,,,,,,,,,,,,,,graph-derived
3220,/model/layers.10/self_attn/Cast_2,,Cast,10,attention_non_projection,,,,,,,,,,,,,,,,graph-derived
3221,/model/layers.10/self_attn/Cast_3,,Cast,10,attention_non_projection,,,,,,,,,,,,,,,,graph-derived
3222,/model/layers.10/self_attn/Constant_20,,Constant,10,attention_non_projection,,,,,,,,,,,,,,,,graph-derived
3223,/model/layers.10/self_attn/Constant_21,,Constant,10,attention_non_projection,,,,,,,,,,,,,,,,graph-derived
3224,/model/layers.10/self_attn/Constant_22,,Constant,10,attention_non_projection,,,,,,,,,,,,,,,,graph-derived
3225,/model/layers.10/self_attn/Unsqueeze_8,,Unsqueeze,10,attention_non_projection,,,,,,,,,,,,,,,,graph-derived
3226,/model/layers.10/self_attn/Constant_23,,Constant,10,attention_non_projection,,,,,,,,,,,,,,,,graph-derived
3227,/model/layers.10/self_attn/Slice_2,,Slice,10,attention_non_projection,,,,,,,,,,,,,,,,graph-derived
3228,/model/layers.10/self_attn/Constant_24,,Constant,10,attention_non_projection,,,,,,,,,,,,,,,,graph-derived
3229,/model/layers.10/self_attn/Constant_25,,Constant,10,attention_non_projection,,,,,,,,,,,,,,,,graph-derived
3230,/model/layers.10/self_attn/Unsqueeze_9,,Unsqueeze,10,attention_non_projection,,,,,,,,,,,,,,,,graph-derived
3231,/model/layers.10/self_attn/Constant_26,,Constant,10,attention_non_projection,,,,,,,,,,,,,,,,graph-derived
3232,/model/layers.10/self_attn/Constant_27,,Constant,10,attention_non_projection,,,,,,,,,,,,,,,,graph-derived
3233,/model/layers.10/self_attn/Slice_3,,Slice,10,attention_non_projection,,,,,,,,,,,,,,,,graph-derived
3234,/model/layers.10/self_attn/Neg_1,,Neg,10,attention_non_projection,,,,,,,,,,,,,,,,graph-derived
3235,/model/layers.10/self_attn/Concat_4,,Concat,10,attention_non_projection,,,,,,,,,,,,,,,,graph-derived
3236,/model/layers.10/self_attn/Mul_3,,Mul,10,attention_non_projection,,,,,,,,,,,,,,,,graph-derived
3237,/model/layers.10/self_attn/Add_1,,Add,10,attention_non_projection,,,,,,,,,,,,,,,,graph-derived
3238,/model/layers.10/self_attn/Concat_5,,Concat,10,attention_non_projection,,,,,,,,,,,,,,,,graph-derived
3239,/model/layers.10/self_attn/Concat_6,,Concat,10,attention_non_projection,,,,,,,,,,,,,,,,graph-derived
3240,/model/layers.10/self_attn/Shape_4,,Shape,10,attention_non_projection,,,,,,,,,,,,,,,,graph-derived
3241,/model/layers.10/self_attn/Constant_28,,Constant,10,attention_non_projection,,,,,,,,,,,,,,,,graph-derived
3242,/model/layers.10/self_attn/Gather_4,,Gather,10,attention_non_projection,,,,,,,,,,,,,,,,graph-derived
3243,/model/layers.10/self_attn/Shape_5,,Shape,10,attention_non_projection,,,,,,,,,,,,,,,,graph-derived
3244,/model/layers.10/self_attn/Constant_29,,Constant,10,attention_non_projection,,,,,,,,,,,,,,,,graph-derived
3245,/model/layers.10/self_attn/Gather_5,,Gather,10,attention_non_projection,,,,,,,,,,,,,,,,graph-derived
3246,/model/layers.10/self_attn/Shape_6,,Shape,10,attention_non_projection,,,,,,,,,,,,,,,,graph-derived
3247,/model/layers.10/self_attn/Constant_30,,Constant,10,attention_non_projection,,,,,,,,,,,,,,,,graph-derived
3248,/model/layers.10/self_attn/Gather_6,,Gather,10,attention_non_projection,,,,,,,,,,,,,,,,graph-derived
3249,/model/layers.10/self_attn/Shape_7,,Shape,10,attention_non_projection,,,,,,,,,,,,,,,,graph-derived
3250,/model/layers.10/self_attn/Constant_31,,Constant,10,attention_non_projection,,,,,,,,,,,,,,,,graph-derived
3251,/model/layers.10/self_attn/Gather_7,,Gather,10,attention_non_projection,,,,,,,,,,,,,,,,graph-derived
3252,/model/layers.10/self_attn/Constant_32,,Constant,10,attention_non_projection,,,,,,,,,,,,,,,,graph-derived
3253,/model/layers.10/self_attn/Unsqueeze_10,,Unsqueeze,10,attention_non_projection,,,,,,,,,,,,,,,,graph-derived
3254,/model/layers.10/self_attn/Constant_33,,Constant,10,attention_non_projection,,,,,,,,,,,,,,,,graph-derived
3255,/model/layers.10/self_attn/Unsqueeze_11,,Unsqueeze,10,attention_non_projection,,,,,,,,,,,,,,,,graph-derived
3256,/model/layers.10/self_attn/Constant_34,,Constant,10,attention_non_projection,,,,,,,,,,,,,,,,graph-derived
3257,/model/layers.10/self_attn/Unsqueeze_12,,Unsqueeze,10,attention_non_projection,,,,,,,,,,,,,,,,graph-derived
3258,/model/layers.10/self_attn/Constant_35,,Constant,10,attention_non_projection,,,,,,,,,,,,,,,,graph-derived
3259,/model/layers.10/self_attn/Constant_36,,Constant,10,attention_non_projection,,,,,,,,,,,,,,,,graph-derived
3260,/model/layers.10/self_attn/Unsqueeze_13,,Unsqueeze,10,attention_non_projection,,,,,,,,,,,,,,,,graph-derived
3261,/model/layers.10/self_attn/Constant_37,,Constant,10,attention_non_projection,,,,,,,,,,,,,,,,graph-derived
3262,/model/layers.10/self_attn/Unsqueeze_14,,Unsqueeze,10,attention_non_projection,,,,,,,,,,,,,,,,graph-derived
3263,/model/layers.10/self_attn/Concat_7,,Concat,10,attention_non_projection,,,,,,,,,,,,,,,,graph-derived
3264,/model/layers.10/self_attn/Constant_38,,Constant,10,attention_non_projection,,,,,,,,,,,,,,,,graph-derived
3265,/model/layers.10/self_attn/Reshape_3,,Reshape,10,attention_non_projection,,,,,,,,,,,,,,,,graph-derived
3266,/model/layers.10/self_attn/Shape_8,,Shape,10,attention_non_projection,,,,,,,,,,,,,,,,graph-derived
3267,/model/layers.10/self_attn/ConstantOfShape,,ConstantOfShape,10,attention_non_projection,,,,,,,,,,,,,,,,graph-derived
3268,/model/layers.10/self_attn/Constant_39,,Constant,10,attention_non_projection,,,,,,,,,,,,,,,,graph-derived
3269,/model/layers.10/self_attn/Mul_4,,Mul,10,attention_non_projection,,,,,,,,,,,,,,,,graph-derived
3270,/model/layers.10/self_attn/Equal,,Equal,10,attention_non_projection,,,,,,,,,,,,,,,,graph-derived
3271,/model/layers.10/self_attn/Where,,Where,10,attention_non_projection,,,,,,,,,,,,,,,,graph-derived
3272,/model/layers.10/self_attn/Expand,,Expand,10,attention_non_projection,,,,,,,,,,,,,,,,graph-derived
3273,/model/layers.10/self_attn/Constant_40,,Constant,10,attention_non_projection,,,,,,,,,,,,,,,,graph-derived
3274,/model/layers.10/self_attn/Mul_5,,Mul,10,attention_non_projection,,,,,,,,,,,,,,,,graph-derived
3275,Constant_6013,,Constant,,other,,,,,,,,,,,,,,,,graph-derived
3276,/model/layers.10/self_attn/Unsqueeze_15,,Unsqueeze,10,attention_non_projection,,,,,,,,,,,,,,,,graph-derived
3277,Constant_6015,,Constant,,other,,,,,,,,,,,,,,,,graph-derived
3278,/model/layers.10/self_attn/Unsqueeze_16,,Unsqueeze,10,attention_non_projection,,,,,,,,,,,,,,,,graph-derived
3279,Constant_6017,,Constant,,other,,,,,,,,,,,,,,,,graph-derived
3280,/model/layers.10/self_attn/Unsqueeze_17,,Unsqueeze,10,attention_non_projection,,,,,,,,,,,,,,,,graph-derived
3281,Constant_6019,,Constant,,other,,,,,,,,,,,,,,,,graph-derived
3282,/model/layers.10/self_attn/Unsqueeze_18,,Unsqueeze,10,attention_non_projection,,,,,,,,,,,,,,,,graph-derived
3283,/model/layers.10/self_attn/Concat_8,,Concat,10,attention_non_projection,,,,,,,,,,,,,,,,graph-derived
3284,/model/layers.10/self_attn/Reshape_4,,Reshape,10,attention_non_projection,,,,,,,,,,,,,,,,graph-derived
3285,/model/layers.10/self_attn/Shape_9,,Shape,10,attention_non_projection,,,,,,,,,,,,,,,,graph-derived
3286,/model/layers.10/self_attn/Constant_41,,Constant,10,attention_non_projection,,,,,,,,,,,,,,,,graph-derived
3287,/model/layers.10/self_attn/Gather_8,,Gather,10,attention_non_projection,,,,,,,,,,,,,,,,graph-derived
3288,/model/layers.10/self_attn/Shape_10,,Shape,10,attention_non_projection,,,,,,,,,,,,,,,,graph-derived
3289,/model/layers.10/self_attn/Constant_42,,Constant,10,attention_non_projection,,,,,,,,,,,,,,,,graph-derived
3290,/model/layers.10/self_attn/Gather_9,,Gather,10,attention_non_projection,,,,,,,,,,,,,,,,graph-derived
3291,/model/layers.10/self_attn/Shape_11,,Shape,10,attention_non_projection,,,,,,,,,,,,,,,,graph-derived
3292,/model/layers.10/self_attn/Constant_43,,Constant,10,attention_non_projection,,,,,,,,,,,,,,,,graph-derived
3293,/model/layers.10/self_attn/Gather_10,,Gather,10,attention_non_projection,,,,,,,,,,,,,,,,graph-derived
3294,/model/layers.10/self_attn/Shape_12,,Shape,10,attention_non_projection,,,,,,,,,,,,,,,,graph-derived
3295,/model/layers.10/self_attn/Constant_44,,Constant,10,attention_non_projection,,,,,,,,,,,,,,,,graph-derived
3296,/model/layers.10/self_attn/Gather_11,,Gather,10,attention_non_projection,,,,,,,,,,,,,,,,graph-derived
3297,/model/layers.10/self_attn/Constant_45,,Constant,10,attention_non_projection,,,,,,,,,,,,,,,,graph-derived
3298,/model/layers.10/self_attn/Unsqueeze_19,,Unsqueeze,10,attention_non_projection,,,,,,,,,,,,,,,,graph-derived
3299,/model/layers.10/self_attn/Constant_46,,Constant,10,attention_non_projection,,,,,,,,,,,,,,,,graph-derived
3300,/model/layers.10/self_attn/Unsqueeze_20,,Unsqueeze,10,attention_non_projection,,,,,,,,,,,,,,,,graph-derived
3301,/model/layers.10/self_attn/Constant_47,,Constant,10,attention_non_projection,,,,,,,,,,,,,,,,graph-derived
3302,/model/layers.10/self_attn/Unsqueeze_21,,Unsqueeze,10,attention_non_projection,,,,,,,,,,,,,,,,graph-derived
3303,/model/layers.10/self_attn/Constant_48,,Constant,10,attention_non_projection,,,,,,,,,,,,,,,,graph-derived
3304,/model/layers.10/self_attn/Constant_49,,Constant,10,attention_non_projection,,,,,,,,,,,,,,,,graph-derived
3305,/model/layers.10/self_attn/Unsqueeze_22,,Unsqueeze,10,attention_non_projection,,,,,,,,,,,,,,,,graph-derived
3306,/model/layers.10/self_attn/Constant_50,,Constant,10,attention_non_projection,,,,,,,,,,,,,,,,graph-derived
3307,/model/layers.10/self_attn/Unsqueeze_23,,Unsqueeze,10,attention_non_projection,,,,,,,,,,,,,,,,graph-derived
3308,/model/layers.10/self_attn/Concat_9,,Concat,10,attention_non_projection,,,,,,,,,,,,,,,,graph-derived
3309,/model/layers.10/self_attn/Constant_51,,Constant,10,attention_non_projection,,,,,,,,,,,,,,,,graph-derived
3310,/model/layers.10/self_attn/Reshape_5,,Reshape,10,attention_non_projection,,,,,,,,,,,,,,,,graph-derived
3311,/model/layers.10/self_attn/Shape_13,,Shape,10,attention_non_projection,,,,,,,,,,,,,,,,graph-derived
3312,/model/layers.10/self_attn/ConstantOfShape_1,,ConstantOfShape,10,attention_non_projection,,,,,,,,,,,,,,,,graph-derived
3313,/model/layers.10/self_attn/Constant_52,,Constant,10,attention_non_projection,,,,,,,,,,,,,,,,graph-derived
3314,/model/layers.10/self_attn/Mul_6,,Mul,10,attention_non_projection,,,,,,,,,,,,,,,,graph-derived
3315,/model/layers.10/self_attn/Equal_1,,Equal,10,attention_non_projection,,,,,,,,,,,,,,,,graph-derived
3316,/model/layers.10/self_attn/Where_1,,Where,10,attention_non_projection,,,,,,,,,,,,,,,,graph-derived
3317,/model/layers.10/self_attn/Expand_1,,Expand,10,attention_non_projection,,,,,,,,,,,,,,,,graph-derived
3318,/model/layers.10/self_attn/Constant_53,,Constant,10,attention_non_projection,,,,,,,,,,,,,,,,graph-derived
3319,/model/layers.10/self_attn/Mul_7,,Mul,10,attention_non_projection,,,,,,,,,,,,,,,,graph-derived
3320,Constant_6058,,Constant,,other,,,,,,,,,,,,,,,,graph-derived
3321,/model/layers.10/self_attn/Unsqueeze_24,,Unsqueeze,10,attention_non_projection,,,,,,,,,,,,,,,,graph-derived
3322,Constant_6060,,Constant,,other,,,,,,,,,,,,,,,,graph-derived
3323,/model/layers.10/self_attn/Unsqueeze_25,,Unsqueeze,10,attention_non_projection,,,,,,,,,,,,,,,,graph-derived
3324,Constant_6062,,Constant,,other,,,,,,,,,,,,,,,,graph-derived
3325,/model/layers.10/self_attn/Unsqueeze_26,,Unsqueeze,10,attention_non_projection,,,,,,,,,,,,,,,,graph-derived
3326,Constant_6064,,Constant,,other,,,,,,,,,,,,,,,,graph-derived
3327,/model/layers.10/self_attn/Unsqueeze_27,,Unsqueeze,10,attention_non_projection,,,,,,,,,,,,,,,,graph-derived
3328,/model/layers.10/self_attn/Concat_10,,Concat,10,attention_non_projection,,,,,,,,,,,,,,,,graph-derived
3329,/model/layers.10/self_attn/Reshape_6,,Reshape,10,attention_non_projection,,,,,,,,,,,,,,,,graph-derived
3330,/model/layers.10/self_attn/Shape_14,,Shape,10,attention_non_projection,,,,,,,,,,,,,,,,graph-derived
3331,/model/layers.10/self_attn/Constant_54,,Constant,10,attention_non_projection,,,,,,,,,,,,,,,,graph-derived
3332,/model/layers.10/self_attn/Gather_12,,Gather,10,attention_non_projection,,,,,,,,,,,,,,,,graph-derived
3333,/model/layers.10/self_attn/Constant_55,,Constant,10,attention_non_projection,,,,,,,,,,,,,,,,graph-derived
3334,/model/layers.10/self_attn/Constant_56,,Constant,10,attention_non_projection,,,,,,,,,,,,,,,,graph-derived
3335,/model/layers.10/self_attn/Constant_57,,Constant,10,attention_non_projection,,,,,,,,,,,,,,,,graph-derived
3336,/model/layers.10/self_attn/Unsqueeze_28,,Unsqueeze,10,attention_non_projection,,,,,,,,,,,,,,,,graph-derived
3337,/model/layers.10/self_attn/Constant_58,,Constant,10,attention_non_projection,,,,,,,,,,,,,,,,graph-derived
3338,/model/layers.10/self_attn/Slice_4,,Slice,10,attention_non_projection,,,,,,,,,,,,,,,,graph-derived
3339,/model/layers.10/self_attn/Transpose_3,,Transpose,10,attention_non_projection,,,,,,,,,,,,,,,,graph-derived
3340,/model/layers.10/self_attn/Constant_59,,Constant,10,attention_non_projection,,,,,,,,,,,,,,,,graph-derived
3341,/model/layers.10/self_attn/Mul_8,,Mul,10,attention_non_projection,,,,,,,,,,,,,,,,graph-derived
3342,/model/layers.10/self_attn/Constant_60,,Constant,10,attention_non_projection,,,,,,,,,,,,,,,,graph-derived
3343,/model/layers.10/self_attn/Mul_9,,Mul,10,attention_non_projection,,,,,,,,,,,,,,,,graph-derived
3344,/model/layers.10/self_attn/MatMul,,MatMul,10,attention_non_projection,,,,,,,,,,,,,,,,graph-derived
3345,/model/layers.10/self_attn/Constant_61,,Constant,10,attention_non_projection,,,,,,,,,,,,,,,,graph-derived
3346,/model/layers.10/self_attn/Constant_62,,Constant,10,attention_non_projection,,,,,,,,,,,,,,,,graph-derived
3347,/model/layers.10/self_attn/Where_2,,Where,10,attention_non_projection,,,,,,,,,,,,,,,,graph-derived
3348,/model/layers.10/self_attn/Add_2,,Add,10,attention_non_projection,,,,,,,,,,,,,,,,graph-derived
3349,/model/layers.10/self_attn/Softmax,,Softmax,10,attention_non_projection,,,,,,,,,,,,,,,,graph-derived
3350,/model/layers.10/self_attn/IsNaN,,IsNaN,10,attention_non_projection,,,,,,,,,,,,,,,,graph-derived
3351,/model/layers.10/self_attn/Constant_63,,Constant,10,attention_non_projection,,,,,,,,,,,,,,,,graph-derived
3352,/model/layers.10/self_attn/Where_3,,Where,10,attention_non_projection,,,,,,,,,,,,,,,,graph-derived
3353,/model/layers.10/self_attn/MatMul_1,,MatMul,10,attention_non_projection,,,,,,,,,,,,,,,,graph-derived
3354,/model/layers.10/self_attn/Transpose_4,,Transpose,10,attention_non_projection,,,,,,,,,,,,,,,,graph-derived
3355,Constant_6093,,Constant,,other,,,,,,,,,,,,,,,,graph-derived
3356,/model/layers.10/self_attn/Unsqueeze_29,,Unsqueeze,10,attention_non_projection,,,,,,,,,,,,,,,,graph-derived
3357,Constant_6095,,Constant,,other,,,,,,,,,,,,,,,,graph-derived
3358,/model/layers.10/self_attn/Unsqueeze_30,,Unsqueeze,10,attention_non_projection,,,,,,,,,,,,,,,,graph-derived
3359,/model/layers.10/self_attn/Constant_64,,Constant,10,attention_non_projection,,,,,,,,,,,,,,,,graph-derived
3360,/model/layers.10/self_attn/Concat_11,,Concat,10,attention_non_projection,,,,,,,,,,,,,,,,graph-derived
3361,/model/layers.10/self_attn/Reshape_7,,Reshape,10,attention_non_projection,,,,,,,,,,,,,,,,graph-derived
3362,/model/layers.10/self_attn/o_proj/MatMul,,MatMul,10,attention_projection,o_proj,1024,1152,float,onnx::MatMul_10091,4718592,4096,4608,once_per_decode_token,model.onnx_data,2288728576,2288728576,3,3,0,graph-derived
3363,/model/layers.10/post_attention_layernorm/Cast,,Cast,10,other,,,,,,,,,,,,,,,,graph-derived
3364,/model/layers.10/post_attention_layernorm/Constant,,Constant,10,other,,,,,,,,,,,,,,,,graph-derived
3365,/model/layers.10/post_attention_layernorm/Pow,,Pow,10,other,,,,,,,,,,,,,,,,graph-derived
3366,/model/layers.10/post_attention_layernorm/ReduceMean,,ReduceMean,10,other,,,,,,,,,,,,,,,,graph-derived
3367,/model/layers.10/post_attention_layernorm/Constant_1,,Constant,10,other,,,,,,,,,,,,,,,,graph-derived
3368,/model/layers.10/post_attention_layernorm/Add,,Add,10,other,,,,,,,,,,,,,,,,graph-derived
3369,/model/layers.10/post_attention_layernorm/Sqrt,,Sqrt,10,other,,,,,,,,,,,,,,,,graph-derived
3370,/model/layers.10/post_attention_layernorm/Constant_2,,Constant,10,other,,,,,,,,,,,,,,,,graph-derived
3371,/model/layers.10/post_attention_layernorm/Div,,Div,10,other,,,,,,,,,,,,,,,,graph-derived
3372,/model/layers.10/post_attention_layernorm/Mul,,Mul,10,other,,,,,,,,,,,,,,,,graph-derived
3373,/model/layers.10/post_attention_layernorm/Mul_1,,Mul,10,other,,,,,,,,,,,,,,,,graph-derived
3374,/model/layers.10/Add,,Add,10,other,,,,,,,,,,,,,,,,graph-derived
3375,/model/layers.10/pre_feedforward_layernorm/Cast,,Cast,10,other,,,,,,,,,,,,,,,,graph-derived
3376,/model/layers.10/pre_feedforward_layernorm/Constant,,Constant,10,other,,,,,,,,,,,,,,,,graph-derived
3377,/model/layers.10/pre_feedforward_layernorm/Pow,,Pow,10,other,,,,,,,,,,,,,,,,graph-derived
3378,/model/layers.10/pre_feedforward_layernorm/ReduceMean,,ReduceMean,10,other,,,,,,,,,,,,,,,,graph-derived
3379,/model/layers.10/pre_feedforward_layernorm/Constant_1,,Constant,10,other,,,,,,,,,,,,,,,,graph-derived
3380,/model/layers.10/pre_feedforward_layernorm/Add,,Add,10,other,,,,,,,,,,,,,,,,graph-derived
3381,/model/layers.10/pre_feedforward_layernorm/Sqrt,,Sqrt,10,other,,,,,,,,,,,,,,,,graph-derived
3382,/model/layers.10/pre_feedforward_layernorm/Constant_2,,Constant,10,other,,,,,,,,,,,,,,,,graph-derived
3383,/model/layers.10/pre_feedforward_layernorm/Div,,Div,10,other,,,,,,,,,,,,,,,,graph-derived
3384,/model/layers.10/pre_feedforward_layernorm/Mul,,Mul,10,other,,,,,,,,,,,,,,,,graph-derived
3385,/model/layers.10/pre_feedforward_layernorm/Mul_1,,Mul,10,other,,,,,,,,,,,,,,,,graph-derived
3386,/model/layers.10/mlp/gate_proj/MatMul,,MatMul,10,mlp_projection,gate_proj,1152,6912,float,onnx::MatMul_10096,31850496,4608,27648,once_per_decode_token,model.onnx_data,2293456384,2293456384,0,1,2,graph-derived
3387,/model/layers.10/mlp/act_fn/Mul,,Mul,10,mlp_non_projection,,,,,,,,,,,,,,,,graph-derived
3388,/model/layers.10/mlp/act_fn/Mul_1,,Mul,10,mlp_non_projection,,,,,,,,,,,,,,,,graph-derived
3389,/model/layers.10/mlp/act_fn/Constant,,Constant,10,mlp_non_projection,,,,,,,,,,,,,,,,graph-derived
3390,/model/layers.10/mlp/act_fn/Mul_2,,Mul,10,mlp_non_projection,,,,,,,,,,,,,,,,graph-derived
3391,/model/layers.10/mlp/act_fn/Add,,Add,10,mlp_non_projection,,,,,,,,,,,,,,,,graph-derived
3392,/model/layers.10/mlp/act_fn/Constant_1,,Constant,10,mlp_non_projection,,,,,,,,,,,,,,,,graph-derived
3393,/model/layers.10/mlp/act_fn/Mul_3,,Mul,10,mlp_non_projection,,,,,,,,,,,,,,,,graph-derived
3394,/model/layers.10/mlp/act_fn/Tanh,,Tanh,10,mlp_non_projection,,,,,,,,,,,,,,,,graph-derived
3395,/model/layers.10/mlp/act_fn/Constant_2,,Constant,10,mlp_non_projection,,,,,,,,,,,,,,,,graph-derived
3396,/model/layers.10/mlp/act_fn/Add_1,,Add,10,mlp_non_projection,,,,,,,,,,,,,,,,graph-derived
3397,/model/layers.10/mlp/act_fn/Mul_4,,Mul,10,mlp_non_projection,,,,,,,,,,,,,,,,graph-derived
3398,/model/layers.10/mlp/act_fn/Constant_3,,Constant,10,mlp_non_projection,,,,,,,,,,,,,,,,graph-derived
3399,/model/layers.10/mlp/act_fn/Mul_5,,Mul,10,mlp_non_projection,,,,,,,,,,,,,,,,graph-derived
3400,/model/layers.10/mlp/up_proj/MatMul,,MatMul,10,mlp_projection,up_proj,1152,6912,float,onnx::MatMul_10097,31850496,4608,27648,once_per_decode_token,model.onnx_data,2325306880,2325306880,1,0,0,graph-derived
3401,/model/layers.10/mlp/Mul,,Mul,10,mlp_non_projection,,,,,,,,,,,,,,,,graph-derived
3402,/model/layers.10/mlp/down_proj/MatMul,,MatMul,10,mlp_projection,down_proj,6912,1152,float,onnx::MatMul_10098,31850496,27648,4608,once_per_decode_token,model.onnx_data,2357157376,2357157376,2,3,2,graph-derived
3403,/model/layers.10/post_feedforward_layernorm/Cast,,Cast,10,other,,,,,,,,,,,,,,,,graph-derived
3404,/model/layers.10/post_feedforward_layernorm/Constant,,Constant,10,other,,,,,,,,,,,,,,,,graph-derived
3405,/model/layers.10/post_feedforward_layernorm/Pow,,Pow,10,other,,,,,,,,,,,,,,,,graph-derived
3406,/model/layers.10/post_feedforward_layernorm/ReduceMean,,ReduceMean,10,other,,,,,,,,,,,,,,,,graph-derived
3407,/model/layers.10/post_feedforward_layernorm/Constant_1,,Constant,10,other,,,,,,,,,,,,,,,,graph-derived
3408,/model/layers.10/post_feedforward_layernorm/Add,,Add,10,other,,,,,,,,,,,,,,,,graph-derived
3409,/model/layers.10/post_feedforward_layernorm/Sqrt,,Sqrt,10,other,,,,,,,,,,,,,,,,graph-derived
3410,/model/layers.10/post_feedforward_layernorm/Constant_2,,Constant,10,other,,,,,,,,,,,,,,,,graph-derived
3411,/model/layers.10/post_feedforward_layernorm/Div,,Div,10,other,,,,,,,,,,,,,,,,graph-derived
3412,/model/layers.10/post_feedforward_layernorm/Mul,,Mul,10,other,,,,,,,,,,,,,,,,graph-derived
3413,/model/layers.10/post_feedforward_layernorm/Mul_1,,Mul,10,other,,,,,,,,,,,,,,,,graph-derived
3414,/model/layers.10/Add_1,,Add,10,other,,,,,,,,,,,,,,,,graph-derived
3415,/model/layers.11/input_layernorm/Cast,,Cast,11,other,,,,,,,,,,,,,,,,graph-derived
3416,/model/layers.11/input_layernorm/Constant,,Constant,11,other,,,,,,,,,,,,,,,,graph-derived
3417,/model/layers.11/input_layernorm/Pow,,Pow,11,other,,,,,,,,,,,,,,,,graph-derived
3418,/model/layers.11/input_layernorm/ReduceMean,,ReduceMean,11,other,,,,,,,,,,,,,,,,graph-derived
3419,/model/layers.11/input_layernorm/Constant_1,,Constant,11,other,,,,,,,,,,,,,,,,graph-derived
3420,/model/layers.11/input_layernorm/Add,,Add,11,other,,,,,,,,,,,,,,,,graph-derived
3421,/model/layers.11/input_layernorm/Sqrt,,Sqrt,11,other,,,,,,,,,,,,,,,,graph-derived
3422,/model/layers.11/input_layernorm/Constant_2,,Constant,11,other,,,,,,,,,,,,,,,,graph-derived
3423,/model/layers.11/input_layernorm/Div,,Div,11,other,,,,,,,,,,,,,,,,graph-derived
3424,/model/layers.11/input_layernorm/Mul,,Mul,11,other,,,,,,,,,,,,,,,,graph-derived
3425,/model/layers.11/input_layernorm/Mul_1,,Mul,11,other,,,,,,,,,,,,,,,,graph-derived
3426,/model/layers.11/self_attn/Shape,,Shape,11,attention_non_projection,,,,,,,,,,,,,,,,graph-derived
3427,/model/layers.11/self_attn/Constant,,Constant,11,attention_non_projection,,,,,,,,,,,,,,,,graph-derived
3428,/model/layers.11/self_attn/Gather,,Gather,11,attention_non_projection,,,,,,,,,,,,,,,,graph-derived
3429,/model/layers.11/self_attn/Shape_1,,Shape,11,attention_non_projection,,,,,,,,,,,,,,,,graph-derived
3430,/model/layers.11/self_attn/Constant_1,,Constant,11,attention_non_projection,,,,,,,,,,,,,,,,graph-derived
3431,/model/layers.11/self_attn/Gather_1,,Gather,11,attention_non_projection,,,,,,,,,,,,,,,,graph-derived
3432,/model/layers.11/self_attn/q_proj/MatMul,,MatMul,11,attention_projection,q_proj,1152,1024,float,onnx::MatMul_10103,4718592,4608,4096,once_per_decode_token,model.onnx_data,2389017088,2389017088,0,3,1,graph-derived
3433,Constant_6171,,Constant,,other,,,,,,,,,,,,,,,,graph-derived
3434,/model/layers.11/self_attn/Unsqueeze,,Unsqueeze,11,attention_non_projection,,,,,,,,,,,,,,,,graph-derived
3435,Constant_6173,,Constant,,other,,,,,,,,,,,,,,,,graph-derived
3436,/model/layers.11/self_attn/Unsqueeze_1,,Unsqueeze,11,attention_non_projection,,,,,,,,,,,,,,,,graph-derived
3437,/model/layers.11/self_attn/Constant_2,,Constant,11,attention_non_projection,,,,,,,,,,,,,,,,graph-derived
3438,/model/layers.11/self_attn/Constant_3,,Constant,11,attention_non_projection,,,,,,,,,,,,,,,,graph-derived
3439,/model/layers.11/self_attn/Concat,,Concat,11,attention_non_projection,,,,,,,,,,,,,,,,graph-derived
3440,Constant_6178,,Constant,,other,,,,,,,,,,,,,,,,graph-derived
3441,/model/layers.11/self_attn/Unsqueeze_2,,Unsqueeze,11,attention_non_projection,,,,,,,,,,,,,,,,graph-derived
3442,Constant_6180,,Constant,,other,,,,,,,,,,,,,,,,graph-derived
3443,/model/layers.11/self_attn/Unsqueeze_3,,Unsqueeze,11,attention_non_projection,,,,,,,,,,,,,,,,graph-derived
3444,/model/layers.11/self_attn/Constant_4,,Constant,11,attention_non_projection,,,,,,,,,,,,,,,,graph-derived
3445,/model/layers.11/self_attn/Constant_5,,Constant,11,attention_non_projection,,,,,,,,,,,,,,,,graph-derived
3446,/model/layers.11/self_attn/Concat_1,,Concat,11,attention_non_projection,,,,,,,,,,,,,,,,graph-derived
3447,Constant_6185,,Constant,,other,,,,,,,,,,,,,,,,graph-derived
3448,/model/layers.11/self_attn/Unsqueeze_4,,Unsqueeze,11,attention_non_projection,,,,,,,,,,,,,,,,graph-derived
3449,Constant_6187,,Constant,,other,,,,,,,,,,,,,,,,graph-derived
3450,/model/layers.11/self_attn/Unsqueeze_5,,Unsqueeze,11,attention_non_projection,,,,,,,,,,,,,,,,graph-derived
3451,/model/layers.11/self_attn/Constant_6,,Constant,11,attention_non_projection,,,,,,,,,,,,,,,,graph-derived
3452,/model/layers.11/self_attn/Constant_7,,Constant,11,attention_non_projection,,,,,,,,,,,,,,,,graph-derived
3453,/model/layers.11/self_attn/Concat_2,,Concat,11,attention_non_projection,,,,,,,,,,,,,,,,graph-derived
3454,/model/layers.11/self_attn/Reshape,,Reshape,11,attention_non_projection,,,,,,,,,,,,,,,,graph-derived
3455,/model/layers.11/self_attn/Transpose,,Transpose,11,attention_non_projection,,,,,,,,,,,,,,,,graph-derived
3456,/model/layers.11/self_attn/k_proj/MatMul,,MatMul,11,attention_projection,k_proj,1152,256,float,onnx::MatMul_10110,1179648,4608,1024,once_per_decode_token,model.onnx_data,2393735680,2393735680,1,0,3,graph-derived
3457,/model/layers.11/self_attn/Reshape_1,,Reshape,11,attention_non_projection,,,,,,,,,,,,,,,,graph-derived
3458,/model/layers.11/self_attn/Transpose_1,,Transpose,11,attention_non_projection,,,,,,,,,,,,,,,,graph-derived
3459,/model/layers.11/self_attn/v_proj/MatMul,,MatMul,11,attention_projection,v_proj,1152,256,float,onnx::MatMul_10111,1179648,4608,1024,once_per_decode_token,model.onnx_data,2394915328,2394915328,2,2,1,graph-derived
3460,/model/layers.11/self_attn/Reshape_2,,Reshape,11,attention_non_projection,,,,,,,,,,,,,,,,graph-derived
3461,/model/layers.11/self_attn/Transpose_2,,Transpose,11,attention_non_projection,,,,,,,,,,,,,,,,graph-derived
3462,/model/layers.11/self_attn/q_norm/Cast,,Cast,11,attention_non_projection,,,,,,,,,,,,,,,,graph-derived
3463,/model/layers.11/self_attn/q_norm/Constant,,Constant,11,attention_non_projection,,,,,,,,,,,,,,,,graph-derived
3464,/model/layers.11/self_attn/q_norm/Pow,,Pow,11,attention_non_projection,,,,,,,,,,,,,,,,graph-derived
3465,/model/layers.11/self_attn/q_norm/ReduceMean,,ReduceMean,11,attention_non_projection,,,,,,,,,,,,,,,,graph-derived
3466,/model/layers.11/self_attn/q_norm/Constant_1,,Constant,11,attention_non_projection,,,,,,,,,,,,,,,,graph-derived
3467,/model/layers.11/self_attn/q_norm/Add,,Add,11,attention_non_projection,,,,,,,,,,,,,,,,graph-derived
3468,/model/layers.11/self_attn/q_norm/Sqrt,,Sqrt,11,attention_non_projection,,,,,,,,,,,,,,,,graph-derived
3469,/model/layers.11/self_attn/q_norm/Constant_2,,Constant,11,attention_non_projection,,,,,,,,,,,,,,,,graph-derived
3470,/model/layers.11/self_attn/q_norm/Div,,Div,11,attention_non_projection,,,,,,,,,,,,,,,,graph-derived
3471,/model/layers.11/self_attn/q_norm/Mul,,Mul,11,attention_non_projection,,,,,,,,,,,,,,,,graph-derived
3472,/model/layers.11/self_attn/q_norm/Mul_1,,Mul,11,attention_non_projection,,,,,,,,,,,,,,,,graph-derived
3473,/model/layers.11/self_attn/k_norm/Cast,,Cast,11,attention_non_projection,,,,,,,,,,,,,,,,graph-derived
3474,/model/layers.11/self_attn/k_norm/Constant,,Constant,11,attention_non_projection,,,,,,,,,,,,,,,,graph-derived
3475,/model/layers.11/self_attn/k_norm/Pow,,Pow,11,attention_non_projection,,,,,,,,,,,,,,,,graph-derived
3476,/model/layers.11/self_attn/k_norm/ReduceMean,,ReduceMean,11,attention_non_projection,,,,,,,,,,,,,,,,graph-derived
3477,/model/layers.11/self_attn/k_norm/Constant_1,,Constant,11,attention_non_projection,,,,,,,,,,,,,,,,graph-derived
3478,/model/layers.11/self_attn/k_norm/Add,,Add,11,attention_non_projection,,,,,,,,,,,,,,,,graph-derived
3479,/model/layers.11/self_attn/k_norm/Sqrt,,Sqrt,11,attention_non_projection,,,,,,,,,,,,,,,,graph-derived
3480,/model/layers.11/self_attn/k_norm/Constant_2,,Constant,11,attention_non_projection,,,,,,,,,,,,,,,,graph-derived
3481,/model/layers.11/self_attn/k_norm/Div,,Div,11,attention_non_projection,,,,,,,,,,,,,,,,graph-derived
3482,/model/layers.11/self_attn/k_norm/Mul,,Mul,11,attention_non_projection,,,,,,,,,,,,,,,,graph-derived
3483,/model/layers.11/self_attn/k_norm/Mul_1,,Mul,11,attention_non_projection,,,,,,,,,,,,,,,,graph-derived
3484,/model/layers.11/self_attn/Mul,,Mul,11,attention_non_projection,,,,,,,,,,,,,,,,graph-derived
3485,/model/layers.11/self_attn/Shape_2,,Shape,11,attention_non_projection,,,,,,,,,,,,,,,,graph-derived
3486,/model/layers.11/self_attn/Constant_8,,Constant,11,attention_non_projection,,,,,,,,,,,,,,,,graph-derived
3487,/model/layers.11/self_attn/Gather_2,,Gather,11,attention_non_projection,,,,,,,,,,,,,,,,graph-derived
3488,/model/layers.11/self_attn/Constant_9,,Constant,11,attention_non_projection,,,,,,,,,,,,,,,,graph-derived
3489,/model/layers.11/self_attn/Div,,Div,11,attention_non_projection,,,,,,,,,,,,,,,,graph-derived
3490,/model/layers.11/self_attn/Cast,,Cast,11,attention_non_projection,,,,,,,,,,,,,,,,graph-derived
3491,/model/layers.11/self_attn/Cast_1,,Cast,11,attention_non_projection,,,,,,,,,,,,,,,,graph-derived
3492,/model/layers.11/self_attn/Constant_10,,Constant,11,attention_non_projection,,,,,,,,,,,,,,,,graph-derived
3493,/model/layers.11/self_attn/Constant_11,,Constant,11,attention_non_projection,,,,,,,,,,,,,,,,graph-derived
3494,/model/layers.11/self_attn/Constant_12,,Constant,11,attention_non_projection,,,,,,,,,,,,,,,,graph-derived
3495,/model/layers.11/self_attn/Unsqueeze_6,,Unsqueeze,11,attention_non_projection,,,,,,,,,,,,,,,,graph-derived
3496,/model/layers.11/self_attn/Constant_13,,Constant,11,attention_non_projection,,,,,,,,,,,,,,,,graph-derived
3497,/model/layers.11/self_attn/Slice,,Slice,11,attention_non_projection,,,,,,,,,,,,,,,,graph-derived
3498,/model/layers.11/self_attn/Constant_14,,Constant,11,attention_non_projection,,,,,,,,,,,,,,,,graph-derived
3499,/model/layers.11/self_attn/Constant_15,,Constant,11,attention_non_projection,,,,,,,,,,,,,,,,graph-derived
3500,/model/layers.11/self_attn/Unsqueeze_7,,Unsqueeze,11,attention_non_projection,,,,,,,,,,,,,,,,graph-derived
3501,/model/layers.11/self_attn/Constant_16,,Constant,11,attention_non_projection,,,,,,,,,,,,,,,,graph-derived
3502,/model/layers.11/self_attn/Constant_17,,Constant,11,attention_non_projection,,,,,,,,,,,,,,,,graph-derived
3503,/model/layers.11/self_attn/Slice_1,,Slice,11,attention_non_projection,,,,,,,,,,,,,,,,graph-derived
3504,/model/layers.11/self_attn/Neg,,Neg,11,attention_non_projection,,,,,,,,,,,,,,,,graph-derived
3505,/model/layers.11/self_attn/Concat_3,,Concat,11,attention_non_projection,,,,,,,,,,,,,,,,graph-derived
3506,/model/layers.11/self_attn/Mul_1,,Mul,11,attention_non_projection,,,,,,,,,,,,,,,,graph-derived
3507,/model/layers.11/self_attn/Add,,Add,11,attention_non_projection,,,,,,,,,,,,,,,,graph-derived
3508,/model/layers.11/self_attn/Mul_2,,Mul,11,attention_non_projection,,,,,,,,,,,,,,,,graph-derived
3509,/model/layers.11/self_attn/Shape_3,,Shape,11,attention_non_projection,,,,,,,,,,,,,,,,graph-derived
3510,/model/layers.11/self_attn/Constant_18,,Constant,11,attention_non_projection,,,,,,,,,,,,,,,,graph-derived
3511,/model/layers.11/self_attn/Gather_3,,Gather,11,attention_non_projection,,,,,,,,,,,,,,,,graph-derived
3512,/model/layers.11/self_attn/Constant_19,,Constant,11,attention_non_projection,,,,,,,,,,,,,,,,graph-derived
3513,/model/layers.11/self_attn/Div_1,,Div,11,attention_non_projection,,,,,,,,,,,,,,,,graph-derived
3514,/model/layers.11/self_attn/Cast_2,,Cast,11,attention_non_projection,,,,,,,,,,,,,,,,graph-derived
3515,/model/layers.11/self_attn/Cast_3,,Cast,11,attention_non_projection,,,,,,,,,,,,,,,,graph-derived
3516,/model/layers.11/self_attn/Constant_20,,Constant,11,attention_non_projection,,,,,,,,,,,,,,,,graph-derived
3517,/model/layers.11/self_attn/Constant_21,,Constant,11,attention_non_projection,,,,,,,,,,,,,,,,graph-derived
3518,/model/layers.11/self_attn/Constant_22,,Constant,11,attention_non_projection,,,,,,,,,,,,,,,,graph-derived
3519,/model/layers.11/self_attn/Unsqueeze_8,,Unsqueeze,11,attention_non_projection,,,,,,,,,,,,,,,,graph-derived
3520,/model/layers.11/self_attn/Constant_23,,Constant,11,attention_non_projection,,,,,,,,,,,,,,,,graph-derived
3521,/model/layers.11/self_attn/Slice_2,,Slice,11,attention_non_projection,,,,,,,,,,,,,,,,graph-derived
3522,/model/layers.11/self_attn/Constant_24,,Constant,11,attention_non_projection,,,,,,,,,,,,,,,,graph-derived
3523,/model/layers.11/self_attn/Constant_25,,Constant,11,attention_non_projection,,,,,,,,,,,,,,,,graph-derived
3524,/model/layers.11/self_attn/Unsqueeze_9,,Unsqueeze,11,attention_non_projection,,,,,,,,,,,,,,,,graph-derived
3525,/model/layers.11/self_attn/Constant_26,,Constant,11,attention_non_projection,,,,,,,,,,,,,,,,graph-derived
3526,/model/layers.11/self_attn/Constant_27,,Constant,11,attention_non_projection,,,,,,,,,,,,,,,,graph-derived
3527,/model/layers.11/self_attn/Slice_3,,Slice,11,attention_non_projection,,,,,,,,,,,,,,,,graph-derived
3528,/model/layers.11/self_attn/Neg_1,,Neg,11,attention_non_projection,,,,,,,,,,,,,,,,graph-derived
3529,/model/layers.11/self_attn/Concat_4,,Concat,11,attention_non_projection,,,,,,,,,,,,,,,,graph-derived
3530,/model/layers.11/self_attn/Mul_3,,Mul,11,attention_non_projection,,,,,,,,,,,,,,,,graph-derived
3531,/model/layers.11/self_attn/Add_1,,Add,11,attention_non_projection,,,,,,,,,,,,,,,,graph-derived
3532,/model/layers.11/self_attn/Concat_5,,Concat,11,attention_non_projection,,,,,,,,,,,,,,,,graph-derived
3533,/model/layers.11/self_attn/Concat_6,,Concat,11,attention_non_projection,,,,,,,,,,,,,,,,graph-derived
3534,/model/layers.11/self_attn/Shape_4,,Shape,11,attention_non_projection,,,,,,,,,,,,,,,,graph-derived
3535,/model/layers.11/self_attn/Constant_28,,Constant,11,attention_non_projection,,,,,,,,,,,,,,,,graph-derived
3536,/model/layers.11/self_attn/Gather_4,,Gather,11,attention_non_projection,,,,,,,,,,,,,,,,graph-derived
3537,/model/layers.11/self_attn/Shape_5,,Shape,11,attention_non_projection,,,,,,,,,,,,,,,,graph-derived
3538,/model/layers.11/self_attn/Constant_29,,Constant,11,attention_non_projection,,,,,,,,,,,,,,,,graph-derived
3539,/model/layers.11/self_attn/Gather_5,,Gather,11,attention_non_projection,,,,,,,,,,,,,,,,graph-derived
3540,/model/layers.11/self_attn/Shape_6,,Shape,11,attention_non_projection,,,,,,,,,,,,,,,,graph-derived
3541,/model/layers.11/self_attn/Constant_30,,Constant,11,attention_non_projection,,,,,,,,,,,,,,,,graph-derived
3542,/model/layers.11/self_attn/Gather_6,,Gather,11,attention_non_projection,,,,,,,,,,,,,,,,graph-derived
3543,/model/layers.11/self_attn/Shape_7,,Shape,11,attention_non_projection,,,,,,,,,,,,,,,,graph-derived
3544,/model/layers.11/self_attn/Constant_31,,Constant,11,attention_non_projection,,,,,,,,,,,,,,,,graph-derived
3545,/model/layers.11/self_attn/Gather_7,,Gather,11,attention_non_projection,,,,,,,,,,,,,,,,graph-derived
3546,/model/layers.11/self_attn/Constant_32,,Constant,11,attention_non_projection,,,,,,,,,,,,,,,,graph-derived
3547,/model/layers.11/self_attn/Unsqueeze_10,,Unsqueeze,11,attention_non_projection,,,,,,,,,,,,,,,,graph-derived
3548,/model/layers.11/self_attn/Constant_33,,Constant,11,attention_non_projection,,,,,,,,,,,,,,,,graph-derived
3549,/model/layers.11/self_attn/Unsqueeze_11,,Unsqueeze,11,attention_non_projection,,,,,,,,,,,,,,,,graph-derived
3550,/model/layers.11/self_attn/Constant_34,,Constant,11,attention_non_projection,,,,,,,,,,,,,,,,graph-derived
3551,/model/layers.11/self_attn/Unsqueeze_12,,Unsqueeze,11,attention_non_projection,,,,,,,,,,,,,,,,graph-derived
3552,/model/layers.11/self_attn/Constant_35,,Constant,11,attention_non_projection,,,,,,,,,,,,,,,,graph-derived
3553,/model/layers.11/self_attn/Constant_36,,Constant,11,attention_non_projection,,,,,,,,,,,,,,,,graph-derived
3554,/model/layers.11/self_attn/Unsqueeze_13,,Unsqueeze,11,attention_non_projection,,,,,,,,,,,,,,,,graph-derived
3555,/model/layers.11/self_attn/Constant_37,,Constant,11,attention_non_projection,,,,,,,,,,,,,,,,graph-derived
3556,/model/layers.11/self_attn/Unsqueeze_14,,Unsqueeze,11,attention_non_projection,,,,,,,,,,,,,,,,graph-derived
3557,/model/layers.11/self_attn/Concat_7,,Concat,11,attention_non_projection,,,,,,,,,,,,,,,,graph-derived
3558,/model/layers.11/self_attn/Constant_38,,Constant,11,attention_non_projection,,,,,,,,,,,,,,,,graph-derived
3559,/model/layers.11/self_attn/Reshape_3,,Reshape,11,attention_non_projection,,,,,,,,,,,,,,,,graph-derived
3560,/model/layers.11/self_attn/Shape_8,,Shape,11,attention_non_projection,,,,,,,,,,,,,,,,graph-derived
3561,/model/layers.11/self_attn/ConstantOfShape,,ConstantOfShape,11,attention_non_projection,,,,,,,,,,,,,,,,graph-derived
3562,/model/layers.11/self_attn/Constant_39,,Constant,11,attention_non_projection,,,,,,,,,,,,,,,,graph-derived
3563,/model/layers.11/self_attn/Mul_4,,Mul,11,attention_non_projection,,,,,,,,,,,,,,,,graph-derived
3564,/model/layers.11/self_attn/Equal,,Equal,11,attention_non_projection,,,,,,,,,,,,,,,,graph-derived
3565,/model/layers.11/self_attn/Where,,Where,11,attention_non_projection,,,,,,,,,,,,,,,,graph-derived
3566,/model/layers.11/self_attn/Expand,,Expand,11,attention_non_projection,,,,,,,,,,,,,,,,graph-derived
3567,/model/layers.11/self_attn/Constant_40,,Constant,11,attention_non_projection,,,,,,,,,,,,,,,,graph-derived
3568,/model/layers.11/self_attn/Mul_5,,Mul,11,attention_non_projection,,,,,,,,,,,,,,,,graph-derived
3569,Constant_6307,,Constant,,other,,,,,,,,,,,,,,,,graph-derived
3570,/model/layers.11/self_attn/Unsqueeze_15,,Unsqueeze,11,attention_non_projection,,,,,,,,,,,,,,,,graph-derived
3571,Constant_6309,,Constant,,other,,,,,,,,,,,,,,,,graph-derived
3572,/model/layers.11/self_attn/Unsqueeze_16,,Unsqueeze,11,attention_non_projection,,,,,,,,,,,,,,,,graph-derived
3573,Constant_6311,,Constant,,other,,,,,,,,,,,,,,,,graph-derived
3574,/model/layers.11/self_attn/Unsqueeze_17,,Unsqueeze,11,attention_non_projection,,,,,,,,,,,,,,,,graph-derived
3575,Constant_6313,,Constant,,other,,,,,,,,,,,,,,,,graph-derived
3576,/model/layers.11/self_attn/Unsqueeze_18,,Unsqueeze,11,attention_non_projection,,,,,,,,,,,,,,,,graph-derived
3577,/model/layers.11/self_attn/Concat_8,,Concat,11,attention_non_projection,,,,,,,,,,,,,,,,graph-derived
3578,/model/layers.11/self_attn/Reshape_4,,Reshape,11,attention_non_projection,,,,,,,,,,,,,,,,graph-derived
3579,/model/layers.11/self_attn/Shape_9,,Shape,11,attention_non_projection,,,,,,,,,,,,,,,,graph-derived
3580,/model/layers.11/self_attn/Constant_41,,Constant,11,attention_non_projection,,,,,,,,,,,,,,,,graph-derived
3581,/model/layers.11/self_attn/Gather_8,,Gather,11,attention_non_projection,,,,,,,,,,,,,,,,graph-derived
3582,/model/layers.11/self_attn/Shape_10,,Shape,11,attention_non_projection,,,,,,,,,,,,,,,,graph-derived
3583,/model/layers.11/self_attn/Constant_42,,Constant,11,attention_non_projection,,,,,,,,,,,,,,,,graph-derived
3584,/model/layers.11/self_attn/Gather_9,,Gather,11,attention_non_projection,,,,,,,,,,,,,,,,graph-derived
3585,/model/layers.11/self_attn/Shape_11,,Shape,11,attention_non_projection,,,,,,,,,,,,,,,,graph-derived
3586,/model/layers.11/self_attn/Constant_43,,Constant,11,attention_non_projection,,,,,,,,,,,,,,,,graph-derived
3587,/model/layers.11/self_attn/Gather_10,,Gather,11,attention_non_projection,,,,,,,,,,,,,,,,graph-derived
3588,/model/layers.11/self_attn/Shape_12,,Shape,11,attention_non_projection,,,,,,,,,,,,,,,,graph-derived
3589,/model/layers.11/self_attn/Constant_44,,Constant,11,attention_non_projection,,,,,,,,,,,,,,,,graph-derived
3590,/model/layers.11/self_attn/Gather_11,,Gather,11,attention_non_projection,,,,,,,,,,,,,,,,graph-derived
3591,/model/layers.11/self_attn/Constant_45,,Constant,11,attention_non_projection,,,,,,,,,,,,,,,,graph-derived
3592,/model/layers.11/self_attn/Unsqueeze_19,,Unsqueeze,11,attention_non_projection,,,,,,,,,,,,,,,,graph-derived
3593,/model/layers.11/self_attn/Constant_46,,Constant,11,attention_non_projection,,,,,,,,,,,,,,,,graph-derived
3594,/model/layers.11/self_attn/Unsqueeze_20,,Unsqueeze,11,attention_non_projection,,,,,,,,,,,,,,,,graph-derived
3595,/model/layers.11/self_attn/Constant_47,,Constant,11,attention_non_projection,,,,,,,,,,,,,,,,graph-derived
3596,/model/layers.11/self_attn/Unsqueeze_21,,Unsqueeze,11,attention_non_projection,,,,,,,,,,,,,,,,graph-derived
3597,/model/layers.11/self_attn/Constant_48,,Constant,11,attention_non_projection,,,,,,,,,,,,,,,,graph-derived
3598,/model/layers.11/self_attn/Constant_49,,Constant,11,attention_non_projection,,,,,,,,,,,,,,,,graph-derived
3599,/model/layers.11/self_attn/Unsqueeze_22,,Unsqueeze,11,attention_non_projection,,,,,,,,,,,,,,,,graph-derived
3600,/model/layers.11/self_attn/Constant_50,,Constant,11,attention_non_projection,,,,,,,,,,,,,,,,graph-derived
3601,/model/layers.11/self_attn/Unsqueeze_23,,Unsqueeze,11,attention_non_projection,,,,,,,,,,,,,,,,graph-derived
3602,/model/layers.11/self_attn/Concat_9,,Concat,11,attention_non_projection,,,,,,,,,,,,,,,,graph-derived
3603,/model/layers.11/self_attn/Constant_51,,Constant,11,attention_non_projection,,,,,,,,,,,,,,,,graph-derived
3604,/model/layers.11/self_attn/Reshape_5,,Reshape,11,attention_non_projection,,,,,,,,,,,,,,,,graph-derived
3605,/model/layers.11/self_attn/Shape_13,,Shape,11,attention_non_projection,,,,,,,,,,,,,,,,graph-derived
3606,/model/layers.11/self_attn/ConstantOfShape_1,,ConstantOfShape,11,attention_non_projection,,,,,,,,,,,,,,,,graph-derived
3607,/model/layers.11/self_attn/Constant_52,,Constant,11,attention_non_projection,,,,,,,,,,,,,,,,graph-derived
3608,/model/layers.11/self_attn/Mul_6,,Mul,11,attention_non_projection,,,,,,,,,,,,,,,,graph-derived
3609,/model/layers.11/self_attn/Equal_1,,Equal,11,attention_non_projection,,,,,,,,,,,,,,,,graph-derived
3610,/model/layers.11/self_attn/Where_1,,Where,11,attention_non_projection,,,,,,,,,,,,,,,,graph-derived
3611,/model/layers.11/self_attn/Expand_1,,Expand,11,attention_non_projection,,,,,,,,,,,,,,,,graph-derived
3612,/model/layers.11/self_attn/Constant_53,,Constant,11,attention_non_projection,,,,,,,,,,,,,,,,graph-derived
3613,/model/layers.11/self_attn/Mul_7,,Mul,11,attention_non_projection,,,,,,,,,,,,,,,,graph-derived
3614,Constant_6352,,Constant,,other,,,,,,,,,,,,,,,,graph-derived
3615,/model/layers.11/self_attn/Unsqueeze_24,,Unsqueeze,11,attention_non_projection,,,,,,,,,,,,,,,,graph-derived
3616,Constant_6354,,Constant,,other,,,,,,,,,,,,,,,,graph-derived
3617,/model/layers.11/self_attn/Unsqueeze_25,,Unsqueeze,11,attention_non_projection,,,,,,,,,,,,,,,,graph-derived
3618,Constant_6356,,Constant,,other,,,,,,,,,,,,,,,,graph-derived
3619,/model/layers.11/self_attn/Unsqueeze_26,,Unsqueeze,11,attention_non_projection,,,,,,,,,,,,,,,,graph-derived
3620,Constant_6358,,Constant,,other,,,,,,,,,,,,,,,,graph-derived
3621,/model/layers.11/self_attn/Unsqueeze_27,,Unsqueeze,11,attention_non_projection,,,,,,,,,,,,,,,,graph-derived
3622,/model/layers.11/self_attn/Concat_10,,Concat,11,attention_non_projection,,,,,,,,,,,,,,,,graph-derived
3623,/model/layers.11/self_attn/Reshape_6,,Reshape,11,attention_non_projection,,,,,,,,,,,,,,,,graph-derived
3624,/model/layers.11/self_attn/Shape_14,,Shape,11,attention_non_projection,,,,,,,,,,,,,,,,graph-derived
3625,/model/layers.11/self_attn/Constant_54,,Constant,11,attention_non_projection,,,,,,,,,,,,,,,,graph-derived
3626,/model/layers.11/self_attn/Gather_12,,Gather,11,attention_non_projection,,,,,,,,,,,,,,,,graph-derived
3627,/model/layers.11/self_attn/Constant_55,,Constant,11,attention_non_projection,,,,,,,,,,,,,,,,graph-derived
3628,/model/layers.11/self_attn/Constant_56,,Constant,11,attention_non_projection,,,,,,,,,,,,,,,,graph-derived
3629,/model/layers.11/self_attn/Constant_57,,Constant,11,attention_non_projection,,,,,,,,,,,,,,,,graph-derived
3630,/model/layers.11/self_attn/Unsqueeze_28,,Unsqueeze,11,attention_non_projection,,,,,,,,,,,,,,,,graph-derived
3631,/model/layers.11/self_attn/Constant_58,,Constant,11,attention_non_projection,,,,,,,,,,,,,,,,graph-derived
3632,/model/layers.11/self_attn/Slice_4,,Slice,11,attention_non_projection,,,,,,,,,,,,,,,,graph-derived
3633,/model/layers.11/self_attn/Transpose_3,,Transpose,11,attention_non_projection,,,,,,,,,,,,,,,,graph-derived
3634,/model/layers.11/self_attn/Constant_59,,Constant,11,attention_non_projection,,,,,,,,,,,,,,,,graph-derived
3635,/model/layers.11/self_attn/Mul_8,,Mul,11,attention_non_projection,,,,,,,,,,,,,,,,graph-derived
3636,/model/layers.11/self_attn/Constant_60,,Constant,11,attention_non_projection,,,,,,,,,,,,,,,,graph-derived
3637,/model/layers.11/self_attn/Mul_9,,Mul,11,attention_non_projection,,,,,,,,,,,,,,,,graph-derived
3638,/model/layers.11/self_attn/MatMul,,MatMul,11,attention_non_projection,,,,,,,,,,,,,,,,graph-derived
3639,/model/layers.11/self_attn/Constant_61,,Constant,11,attention_non_projection,,,,,,,,,,,,,,,,graph-derived
3640,/model/layers.11/self_attn/Constant_62,,Constant,11,attention_non_projection,,,,,,,,,,,,,,,,graph-derived
3641,/model/layers.11/self_attn/Where_2,,Where,11,attention_non_projection,,,,,,,,,,,,,,,,graph-derived
3642,/model/layers.11/self_attn/Add_2,,Add,11,attention_non_projection,,,,,,,,,,,,,,,,graph-derived
3643,/model/layers.11/self_attn/Softmax,,Softmax,11,attention_non_projection,,,,,,,,,,,,,,,,graph-derived
3644,/model/layers.11/self_attn/IsNaN,,IsNaN,11,attention_non_projection,,,,,,,,,,,,,,,,graph-derived
3645,/model/layers.11/self_attn/Constant_63,,Constant,11,attention_non_projection,,,,,,,,,,,,,,,,graph-derived
3646,/model/layers.11/self_attn/Where_3,,Where,11,attention_non_projection,,,,,,,,,,,,,,,,graph-derived
3647,/model/layers.11/self_attn/MatMul_1,,MatMul,11,attention_non_projection,,,,,,,,,,,,,,,,graph-derived
3648,/model/layers.11/self_attn/Transpose_4,,Transpose,11,attention_non_projection,,,,,,,,,,,,,,,,graph-derived
3649,Constant_6387,,Constant,,other,,,,,,,,,,,,,,,,graph-derived
3650,/model/layers.11/self_attn/Unsqueeze_29,,Unsqueeze,11,attention_non_projection,,,,,,,,,,,,,,,,graph-derived
3651,Constant_6389,,Constant,,other,,,,,,,,,,,,,,,,graph-derived
3652,/model/layers.11/self_attn/Unsqueeze_30,,Unsqueeze,11,attention_non_projection,,,,,,,,,,,,,,,,graph-derived
3653,/model/layers.11/self_attn/Constant_64,,Constant,11,attention_non_projection,,,,,,,,,,,,,,,,graph-derived
3654,/model/layers.11/self_attn/Concat_11,,Concat,11,attention_non_projection,,,,,,,,,,,,,,,,graph-derived
3655,/model/layers.11/self_attn/Reshape_7,,Reshape,11,attention_non_projection,,,,,,,,,,,,,,,,graph-derived
3656,/model/layers.11/self_attn/o_proj/MatMul,,MatMul,11,attention_projection,o_proj,1024,1152,float,onnx::MatMul_10138,4718592,4096,4608,once_per_decode_token,model.onnx_data,2396097024,2396097024,3,1,3,graph-derived
3657,/model/layers.11/post_attention_layernorm/Cast,,Cast,11,other,,,,,,,,,,,,,,,,graph-derived
3658,/model/layers.11/post_attention_layernorm/Constant,,Constant,11,other,,,,,,,,,,,,,,,,graph-derived
3659,/model/layers.11/post_attention_layernorm/Pow,,Pow,11,other,,,,,,,,,,,,,,,,graph-derived
3660,/model/layers.11/post_attention_layernorm/ReduceMean,,ReduceMean,11,other,,,,,,,,,,,,,,,,graph-derived
3661,/model/layers.11/post_attention_layernorm/Constant_1,,Constant,11,other,,,,,,,,,,,,,,,,graph-derived
3662,/model/layers.11/post_attention_layernorm/Add,,Add,11,other,,,,,,,,,,,,,,,,graph-derived
3663,/model/layers.11/post_attention_layernorm/Sqrt,,Sqrt,11,other,,,,,,,,,,,,,,,,graph-derived
3664,/model/layers.11/post_attention_layernorm/Constant_2,,Constant,11,other,,,,,,,,,,,,,,,,graph-derived
3665,/model/layers.11/post_attention_layernorm/Div,,Div,11,other,,,,,,,,,,,,,,,,graph-derived
3666,/model/layers.11/post_attention_layernorm/Mul,,Mul,11,other,,,,,,,,,,,,,,,,graph-derived
3667,/model/layers.11/post_attention_layernorm/Mul_1,,Mul,11,other,,,,,,,,,,,,,,,,graph-derived
3668,/model/layers.11/Add,,Add,11,other,,,,,,,,,,,,,,,,graph-derived
3669,/model/layers.11/pre_feedforward_layernorm/Cast,,Cast,11,other,,,,,,,,,,,,,,,,graph-derived
3670,/model/layers.11/pre_feedforward_layernorm/Constant,,Constant,11,other,,,,,,,,,,,,,,,,graph-derived
3671,/model/layers.11/pre_feedforward_layernorm/Pow,,Pow,11,other,,,,,,,,,,,,,,,,graph-derived
3672,/model/layers.11/pre_feedforward_layernorm/ReduceMean,,ReduceMean,11,other,,,,,,,,,,,,,,,,graph-derived
3673,/model/layers.11/pre_feedforward_layernorm/Constant_1,,Constant,11,other,,,,,,,,,,,,,,,,graph-derived
3674,/model/layers.11/pre_feedforward_layernorm/Add,,Add,11,other,,,,,,,,,,,,,,,,graph-derived
3675,/model/layers.11/pre_feedforward_layernorm/Sqrt,,Sqrt,11,other,,,,,,,,,,,,,,,,graph-derived
3676,/model/layers.11/pre_feedforward_layernorm/Constant_2,,Constant,11,other,,,,,,,,,,,,,,,,graph-derived
3677,/model/layers.11/pre_feedforward_layernorm/Div,,Div,11,other,,,,,,,,,,,,,,,,graph-derived
3678,/model/layers.11/pre_feedforward_layernorm/Mul,,Mul,11,other,,,,,,,,,,,,,,,,graph-derived
3679,/model/layers.11/pre_feedforward_layernorm/Mul_1,,Mul,11,other,,,,,,,,,,,,,,,,graph-derived
3680,/model/layers.11/mlp/gate_proj/MatMul,,MatMul,11,mlp_projection,gate_proj,1152,6912,float,onnx::MatMul_10143,31850496,4608,27648,once_per_decode_token,model.onnx_data,2400824832,2400824832,0,2,1,graph-derived
3681,/model/layers.11/mlp/act_fn/Mul,,Mul,11,mlp_non_projection,,,,,,,,,,,,,,,,graph-derived
3682,/model/layers.11/mlp/act_fn/Mul_1,,Mul,11,mlp_non_projection,,,,,,,,,,,,,,,,graph-derived
3683,/model/layers.11/mlp/act_fn/Constant,,Constant,11,mlp_non_projection,,,,,,,,,,,,,,,,graph-derived
3684,/model/layers.11/mlp/act_fn/Mul_2,,Mul,11,mlp_non_projection,,,,,,,,,,,,,,,,graph-derived
3685,/model/layers.11/mlp/act_fn/Add,,Add,11,mlp_non_projection,,,,,,,,,,,,,,,,graph-derived
3686,/model/layers.11/mlp/act_fn/Constant_1,,Constant,11,mlp_non_projection,,,,,,,,,,,,,,,,graph-derived
3687,/model/layers.11/mlp/act_fn/Mul_3,,Mul,11,mlp_non_projection,,,,,,,,,,,,,,,,graph-derived
3688,/model/layers.11/mlp/act_fn/Tanh,,Tanh,11,mlp_non_projection,,,,,,,,,,,,,,,,graph-derived
3689,/model/layers.11/mlp/act_fn/Constant_2,,Constant,11,mlp_non_projection,,,,,,,,,,,,,,,,graph-derived
3690,/model/layers.11/mlp/act_fn/Add_1,,Add,11,mlp_non_projection,,,,,,,,,,,,,,,,graph-derived
3691,/model/layers.11/mlp/act_fn/Mul_4,,Mul,11,mlp_non_projection,,,,,,,,,,,,,,,,graph-derived
3692,/model/layers.11/mlp/act_fn/Constant_3,,Constant,11,mlp_non_projection,,,,,,,,,,,,,,,,graph-derived
3693,/model/layers.11/mlp/act_fn/Mul_5,,Mul,11,mlp_non_projection,,,,,,,,,,,,,,,,graph-derived
3694,/model/layers.11/mlp/up_proj/MatMul,,MatMul,11,mlp_projection,up_proj,1152,6912,float,onnx::MatMul_10144,31850496,4608,27648,once_per_decode_token,model.onnx_data,2432675328,2432675328,1,1,3,graph-derived
3695,/model/layers.11/mlp/Mul,,Mul,11,mlp_non_projection,,,,,,,,,,,,,,,,graph-derived
3696,/model/layers.11/mlp/down_proj/MatMul,,MatMul,11,mlp_projection,down_proj,6912,1152,float,onnx::MatMul_10145,31850496,27648,4608,once_per_decode_token,model.onnx_data,2464525824,2464525824,2,1,1,graph-derived
3697,/model/layers.11/post_feedforward_layernorm/Cast,,Cast,11,other,,,,,,,,,,,,,,,,graph-derived
3698,/model/layers.11/post_feedforward_layernorm/Constant,,Constant,11,other,,,,,,,,,,,,,,,,graph-derived
3699,/model/layers.11/post_feedforward_layernorm/Pow,,Pow,11,other,,,,,,,,,,,,,,,,graph-derived
3700,/model/layers.11/post_feedforward_layernorm/ReduceMean,,ReduceMean,11,other,,,,,,,,,,,,,,,,graph-derived
3701,/model/layers.11/post_feedforward_layernorm/Constant_1,,Constant,11,other,,,,,,,,,,,,,,,,graph-derived
3702,/model/layers.11/post_feedforward_layernorm/Add,,Add,11,other,,,,,,,,,,,,,,,,graph-derived
3703,/model/layers.11/post_feedforward_layernorm/Sqrt,,Sqrt,11,other,,,,,,,,,,,,,,,,graph-derived
3704,/model/layers.11/post_feedforward_layernorm/Constant_2,,Constant,11,other,,,,,,,,,,,,,,,,graph-derived
3705,/model/layers.11/post_feedforward_layernorm/Div,,Div,11,other,,,,,,,,,,,,,,,,graph-derived
3706,/model/layers.11/post_feedforward_layernorm/Mul,,Mul,11,other,,,,,,,,,,,,,,,,graph-derived
3707,/model/layers.11/post_feedforward_layernorm/Mul_1,,Mul,11,other,,,,,,,,,,,,,,,,graph-derived
3708,/model/layers.11/Add_1,,Add,11,other,,,,,,,,,,,,,,,,graph-derived
3709,/model/layers.12/input_layernorm/Cast,,Cast,12,other,,,,,,,,,,,,,,,,graph-derived
3710,/model/layers.12/input_layernorm/Constant,,Constant,12,other,,,,,,,,,,,,,,,,graph-derived
3711,/model/layers.12/input_layernorm/Pow,,Pow,12,other,,,,,,,,,,,,,,,,graph-derived
3712,/model/layers.12/input_layernorm/ReduceMean,,ReduceMean,12,other,,,,,,,,,,,,,,,,graph-derived
3713,/model/layers.12/input_layernorm/Constant_1,,Constant,12,other,,,,,,,,,,,,,,,,graph-derived
3714,/model/layers.12/input_layernorm/Add,,Add,12,other,,,,,,,,,,,,,,,,graph-derived
3715,/model/layers.12/input_layernorm/Sqrt,,Sqrt,12,other,,,,,,,,,,,,,,,,graph-derived
3716,/model/layers.12/input_layernorm/Constant_2,,Constant,12,other,,,,,,,,,,,,,,,,graph-derived
3717,/model/layers.12/input_layernorm/Div,,Div,12,other,,,,,,,,,,,,,,,,graph-derived
3718,/model/layers.12/input_layernorm/Mul,,Mul,12,other,,,,,,,,,,,,,,,,graph-derived
3719,/model/layers.12/input_layernorm/Mul_1,,Mul,12,other,,,,,,,,,,,,,,,,graph-derived
3720,/model/layers.12/self_attn/Shape,,Shape,12,attention_non_projection,,,,,,,,,,,,,,,,graph-derived
3721,/model/layers.12/self_attn/Constant,,Constant,12,attention_non_projection,,,,,,,,,,,,,,,,graph-derived
3722,/model/layers.12/self_attn/Gather,,Gather,12,attention_non_projection,,,,,,,,,,,,,,,,graph-derived
3723,/model/layers.12/self_attn/Shape_1,,Shape,12,attention_non_projection,,,,,,,,,,,,,,,,graph-derived
3724,/model/layers.12/self_attn/Constant_1,,Constant,12,attention_non_projection,,,,,,,,,,,,,,,,graph-derived
3725,/model/layers.12/self_attn/Gather_1,,Gather,12,attention_non_projection,,,,,,,,,,,,,,,,graph-derived
3726,/model/layers.12/self_attn/q_proj/MatMul,,MatMul,12,attention_projection,q_proj,1152,1024,float,onnx::MatMul_10150,4718592,4608,4096,once_per_decode_token,model.onnx_data,2496385536,2496385536,0,0,0,graph-derived
3727,Constant_6465,,Constant,,other,,,,,,,,,,,,,,,,graph-derived
3728,/model/layers.12/self_attn/Unsqueeze,,Unsqueeze,12,attention_non_projection,,,,,,,,,,,,,,,,graph-derived
3729,Constant_6467,,Constant,,other,,,,,,,,,,,,,,,,graph-derived
3730,/model/layers.12/self_attn/Unsqueeze_1,,Unsqueeze,12,attention_non_projection,,,,,,,,,,,,,,,,graph-derived
3731,/model/layers.12/self_attn/Constant_2,,Constant,12,attention_non_projection,,,,,,,,,,,,,,,,graph-derived
3732,/model/layers.12/self_attn/Constant_3,,Constant,12,attention_non_projection,,,,,,,,,,,,,,,,graph-derived
3733,/model/layers.12/self_attn/Concat,,Concat,12,attention_non_projection,,,,,,,,,,,,,,,,graph-derived
3734,Constant_6472,,Constant,,other,,,,,,,,,,,,,,,,graph-derived
3735,/model/layers.12/self_attn/Unsqueeze_2,,Unsqueeze,12,attention_non_projection,,,,,,,,,,,,,,,,graph-derived
3736,Constant_6474,,Constant,,other,,,,,,,,,,,,,,,,graph-derived
3737,/model/layers.12/self_attn/Unsqueeze_3,,Unsqueeze,12,attention_non_projection,,,,,,,,,,,,,,,,graph-derived
3738,/model/layers.12/self_attn/Constant_4,,Constant,12,attention_non_projection,,,,,,,,,,,,,,,,graph-derived
3739,/model/layers.12/self_attn/Constant_5,,Constant,12,attention_non_projection,,,,,,,,,,,,,,,,graph-derived
3740,/model/layers.12/self_attn/Concat_1,,Concat,12,attention_non_projection,,,,,,,,,,,,,,,,graph-derived
3741,Constant_6479,,Constant,,other,,,,,,,,,,,,,,,,graph-derived
3742,/model/layers.12/self_attn/Unsqueeze_4,,Unsqueeze,12,attention_non_projection,,,,,,,,,,,,,,,,graph-derived
3743,Constant_6481,,Constant,,other,,,,,,,,,,,,,,,,graph-derived
3744,/model/layers.12/self_attn/Unsqueeze_5,,Unsqueeze,12,attention_non_projection,,,,,,,,,,,,,,,,graph-derived
3745,/model/layers.12/self_attn/Constant_6,,Constant,12,attention_non_projection,,,,,,,,,,,,,,,,graph-derived
3746,/model/layers.12/self_attn/Constant_7,,Constant,12,attention_non_projection,,,,,,,,,,,,,,,,graph-derived
3747,/model/layers.12/self_attn/Concat_2,,Concat,12,attention_non_projection,,,,,,,,,,,,,,,,graph-derived
3748,/model/layers.12/self_attn/Reshape,,Reshape,12,attention_non_projection,,,,,,,,,,,,,,,,graph-derived
3749,/model/layers.12/self_attn/Transpose,,Transpose,12,attention_non_projection,,,,,,,,,,,,,,,,graph-derived
3750,/model/layers.12/self_attn/k_proj/MatMul,,MatMul,12,attention_projection,k_proj,1152,256,float,onnx::MatMul_10157,1179648,4608,1024,once_per_decode_token,model.onnx_data,2501104128,2501104128,1,2,2,graph-derived
3751,/model/layers.12/self_attn/Reshape_1,,Reshape,12,attention_non_projection,,,,,,,,,,,,,,,,graph-derived
3752,/model/layers.12/self_attn/Transpose_1,,Transpose,12,attention_non_projection,,,,,,,,,,,,,,,,graph-derived
3753,/model/layers.12/self_attn/v_proj/MatMul,,MatMul,12,attention_projection,v_proj,1152,256,float,onnx::MatMul_10158,1179648,4608,1024,once_per_decode_token,model.onnx_data,2502283776,2502283776,2,0,0,graph-derived
3754,/model/layers.12/self_attn/Reshape_2,,Reshape,12,attention_non_projection,,,,,,,,,,,,,,,,graph-derived
3755,/model/layers.12/self_attn/Transpose_2,,Transpose,12,attention_non_projection,,,,,,,,,,,,,,,,graph-derived
3756,/model/layers.12/self_attn/q_norm/Cast,,Cast,12,attention_non_projection,,,,,,,,,,,,,,,,graph-derived
3757,/model/layers.12/self_attn/q_norm/Constant,,Constant,12,attention_non_projection,,,,,,,,,,,,,,,,graph-derived
3758,/model/layers.12/self_attn/q_norm/Pow,,Pow,12,attention_non_projection,,,,,,,,,,,,,,,,graph-derived
3759,/model/layers.12/self_attn/q_norm/ReduceMean,,ReduceMean,12,attention_non_projection,,,,,,,,,,,,,,,,graph-derived
3760,/model/layers.12/self_attn/q_norm/Constant_1,,Constant,12,attention_non_projection,,,,,,,,,,,,,,,,graph-derived
3761,/model/layers.12/self_attn/q_norm/Add,,Add,12,attention_non_projection,,,,,,,,,,,,,,,,graph-derived
3762,/model/layers.12/self_attn/q_norm/Sqrt,,Sqrt,12,attention_non_projection,,,,,,,,,,,,,,,,graph-derived
3763,/model/layers.12/self_attn/q_norm/Constant_2,,Constant,12,attention_non_projection,,,,,,,,,,,,,,,,graph-derived
3764,/model/layers.12/self_attn/q_norm/Div,,Div,12,attention_non_projection,,,,,,,,,,,,,,,,graph-derived
3765,/model/layers.12/self_attn/q_norm/Mul,,Mul,12,attention_non_projection,,,,,,,,,,,,,,,,graph-derived
3766,/model/layers.12/self_attn/q_norm/Mul_1,,Mul,12,attention_non_projection,,,,,,,,,,,,,,,,graph-derived
3767,/model/layers.12/self_attn/k_norm/Cast,,Cast,12,attention_non_projection,,,,,,,,,,,,,,,,graph-derived
3768,/model/layers.12/self_attn/k_norm/Constant,,Constant,12,attention_non_projection,,,,,,,,,,,,,,,,graph-derived
3769,/model/layers.12/self_attn/k_norm/Pow,,Pow,12,attention_non_projection,,,,,,,,,,,,,,,,graph-derived
3770,/model/layers.12/self_attn/k_norm/ReduceMean,,ReduceMean,12,attention_non_projection,,,,,,,,,,,,,,,,graph-derived
3771,/model/layers.12/self_attn/k_norm/Constant_1,,Constant,12,attention_non_projection,,,,,,,,,,,,,,,,graph-derived
3772,/model/layers.12/self_attn/k_norm/Add,,Add,12,attention_non_projection,,,,,,,,,,,,,,,,graph-derived
3773,/model/layers.12/self_attn/k_norm/Sqrt,,Sqrt,12,attention_non_projection,,,,,,,,,,,,,,,,graph-derived
3774,/model/layers.12/self_attn/k_norm/Constant_2,,Constant,12,attention_non_projection,,,,,,,,,,,,,,,,graph-derived
3775,/model/layers.12/self_attn/k_norm/Div,,Div,12,attention_non_projection,,,,,,,,,,,,,,,,graph-derived
3776,/model/layers.12/self_attn/k_norm/Mul,,Mul,12,attention_non_projection,,,,,,,,,,,,,,,,graph-derived
3777,/model/layers.12/self_attn/k_norm/Mul_1,,Mul,12,attention_non_projection,,,,,,,,,,,,,,,,graph-derived
3778,/model/layers.12/self_attn/Mul,,Mul,12,attention_non_projection,,,,,,,,,,,,,,,,graph-derived
3779,/model/layers.12/self_attn/Shape_2,,Shape,12,attention_non_projection,,,,,,,,,,,,,,,,graph-derived
3780,/model/layers.12/self_attn/Constant_8,,Constant,12,attention_non_projection,,,,,,,,,,,,,,,,graph-derived
3781,/model/layers.12/self_attn/Gather_2,,Gather,12,attention_non_projection,,,,,,,,,,,,,,,,graph-derived
3782,/model/layers.12/self_attn/Constant_9,,Constant,12,attention_non_projection,,,,,,,,,,,,,,,,graph-derived
3783,/model/layers.12/self_attn/Div,,Div,12,attention_non_projection,,,,,,,,,,,,,,,,graph-derived
3784,/model/layers.12/self_attn/Cast,,Cast,12,attention_non_projection,,,,,,,,,,,,,,,,graph-derived
3785,/model/layers.12/self_attn/Cast_1,,Cast,12,attention_non_projection,,,,,,,,,,,,,,,,graph-derived
3786,/model/layers.12/self_attn/Constant_10,,Constant,12,attention_non_projection,,,,,,,,,,,,,,,,graph-derived
3787,/model/layers.12/self_attn/Constant_11,,Constant,12,attention_non_projection,,,,,,,,,,,,,,,,graph-derived
3788,/model/layers.12/self_attn/Constant_12,,Constant,12,attention_non_projection,,,,,,,,,,,,,,,,graph-derived
3789,/model/layers.12/self_attn/Unsqueeze_6,,Unsqueeze,12,attention_non_projection,,,,,,,,,,,,,,,,graph-derived
3790,/model/layers.12/self_attn/Constant_13,,Constant,12,attention_non_projection,,,,,,,,,,,,,,,,graph-derived
3791,/model/layers.12/self_attn/Slice,,Slice,12,attention_non_projection,,,,,,,,,,,,,,,,graph-derived
3792,/model/layers.12/self_attn/Constant_14,,Constant,12,attention_non_projection,,,,,,,,,,,,,,,,graph-derived
3793,/model/layers.12/self_attn/Constant_15,,Constant,12,attention_non_projection,,,,,,,,,,,,,,,,graph-derived
3794,/model/layers.12/self_attn/Unsqueeze_7,,Unsqueeze,12,attention_non_projection,,,,,,,,,,,,,,,,graph-derived
3795,/model/layers.12/self_attn/Constant_16,,Constant,12,attention_non_projection,,,,,,,,,,,,,,,,graph-derived
3796,/model/layers.12/self_attn/Constant_17,,Constant,12,attention_non_projection,,,,,,,,,,,,,,,,graph-derived
3797,/model/layers.12/self_attn/Slice_1,,Slice,12,attention_non_projection,,,,,,,,,,,,,,,,graph-derived
3798,/model/layers.12/self_attn/Neg,,Neg,12,attention_non_projection,,,,,,,,,,,,,,,,graph-derived
3799,/model/layers.12/self_attn/Concat_3,,Concat,12,attention_non_projection,,,,,,,,,,,,,,,,graph-derived
3800,/model/layers.12/self_attn/Mul_1,,Mul,12,attention_non_projection,,,,,,,,,,,,,,,,graph-derived
3801,/model/layers.12/self_attn/Add,,Add,12,attention_non_projection,,,,,,,,,,,,,,,,graph-derived
3802,/model/layers.12/self_attn/Mul_2,,Mul,12,attention_non_projection,,,,,,,,,,,,,,,,graph-derived
3803,/model/layers.12/self_attn/Shape_3,,Shape,12,attention_non_projection,,,,,,,,,,,,,,,,graph-derived
3804,/model/layers.12/self_attn/Constant_18,,Constant,12,attention_non_projection,,,,,,,,,,,,,,,,graph-derived
3805,/model/layers.12/self_attn/Gather_3,,Gather,12,attention_non_projection,,,,,,,,,,,,,,,,graph-derived
3806,/model/layers.12/self_attn/Constant_19,,Constant,12,attention_non_projection,,,,,,,,,,,,,,,,graph-derived
3807,/model/layers.12/self_attn/Div_1,,Div,12,attention_non_projection,,,,,,,,,,,,,,,,graph-derived
3808,/model/layers.12/self_attn/Cast_2,,Cast,12,attention_non_projection,,,,,,,,,,,,,,,,graph-derived
3809,/model/layers.12/self_attn/Cast_3,,Cast,12,attention_non_projection,,,,,,,,,,,,,,,,graph-derived
3810,/model/layers.12/self_attn/Constant_20,,Constant,12,attention_non_projection,,,,,,,,,,,,,,,,graph-derived
3811,/model/layers.12/self_attn/Constant_21,,Constant,12,attention_non_projection,,,,,,,,,,,,,,,,graph-derived
3812,/model/layers.12/self_attn/Constant_22,,Constant,12,attention_non_projection,,,,,,,,,,,,,,,,graph-derived
3813,/model/layers.12/self_attn/Unsqueeze_8,,Unsqueeze,12,attention_non_projection,,,,,,,,,,,,,,,,graph-derived
3814,/model/layers.12/self_attn/Constant_23,,Constant,12,attention_non_projection,,,,,,,,,,,,,,,,graph-derived
3815,/model/layers.12/self_attn/Slice_2,,Slice,12,attention_non_projection,,,,,,,,,,,,,,,,graph-derived
3816,/model/layers.12/self_attn/Constant_24,,Constant,12,attention_non_projection,,,,,,,,,,,,,,,,graph-derived
3817,/model/layers.12/self_attn/Constant_25,,Constant,12,attention_non_projection,,,,,,,,,,,,,,,,graph-derived
3818,/model/layers.12/self_attn/Unsqueeze_9,,Unsqueeze,12,attention_non_projection,,,,,,,,,,,,,,,,graph-derived
3819,/model/layers.12/self_attn/Constant_26,,Constant,12,attention_non_projection,,,,,,,,,,,,,,,,graph-derived
3820,/model/layers.12/self_attn/Constant_27,,Constant,12,attention_non_projection,,,,,,,,,,,,,,,,graph-derived
3821,/model/layers.12/self_attn/Slice_3,,Slice,12,attention_non_projection,,,,,,,,,,,,,,,,graph-derived
3822,/model/layers.12/self_attn/Neg_1,,Neg,12,attention_non_projection,,,,,,,,,,,,,,,,graph-derived
3823,/model/layers.12/self_attn/Concat_4,,Concat,12,attention_non_projection,,,,,,,,,,,,,,,,graph-derived
3824,/model/layers.12/self_attn/Mul_3,,Mul,12,attention_non_projection,,,,,,,,,,,,,,,,graph-derived
3825,/model/layers.12/self_attn/Add_1,,Add,12,attention_non_projection,,,,,,,,,,,,,,,,graph-derived
3826,/model/layers.12/self_attn/Concat_5,,Concat,12,attention_non_projection,,,,,,,,,,,,,,,,graph-derived
3827,/model/layers.12/self_attn/Concat_6,,Concat,12,attention_non_projection,,,,,,,,,,,,,,,,graph-derived
3828,/model/layers.12/self_attn/Shape_4,,Shape,12,attention_non_projection,,,,,,,,,,,,,,,,graph-derived
3829,/model/layers.12/self_attn/Constant_28,,Constant,12,attention_non_projection,,,,,,,,,,,,,,,,graph-derived
3830,/model/layers.12/self_attn/Gather_4,,Gather,12,attention_non_projection,,,,,,,,,,,,,,,,graph-derived
3831,/model/layers.12/self_attn/Shape_5,,Shape,12,attention_non_projection,,,,,,,,,,,,,,,,graph-derived
3832,/model/layers.12/self_attn/Constant_29,,Constant,12,attention_non_projection,,,,,,,,,,,,,,,,graph-derived
3833,/model/layers.12/self_attn/Gather_5,,Gather,12,attention_non_projection,,,,,,,,,,,,,,,,graph-derived
3834,/model/layers.12/self_attn/Shape_6,,Shape,12,attention_non_projection,,,,,,,,,,,,,,,,graph-derived
3835,/model/layers.12/self_attn/Constant_30,,Constant,12,attention_non_projection,,,,,,,,,,,,,,,,graph-derived
3836,/model/layers.12/self_attn/Gather_6,,Gather,12,attention_non_projection,,,,,,,,,,,,,,,,graph-derived
3837,/model/layers.12/self_attn/Shape_7,,Shape,12,attention_non_projection,,,,,,,,,,,,,,,,graph-derived
3838,/model/layers.12/self_attn/Constant_31,,Constant,12,attention_non_projection,,,,,,,,,,,,,,,,graph-derived
3839,/model/layers.12/self_attn/Gather_7,,Gather,12,attention_non_projection,,,,,,,,,,,,,,,,graph-derived
3840,/model/layers.12/self_attn/Constant_32,,Constant,12,attention_non_projection,,,,,,,,,,,,,,,,graph-derived
3841,/model/layers.12/self_attn/Unsqueeze_10,,Unsqueeze,12,attention_non_projection,,,,,,,,,,,,,,,,graph-derived
3842,/model/layers.12/self_attn/Constant_33,,Constant,12,attention_non_projection,,,,,,,,,,,,,,,,graph-derived
3843,/model/layers.12/self_attn/Unsqueeze_11,,Unsqueeze,12,attention_non_projection,,,,,,,,,,,,,,,,graph-derived
3844,/model/layers.12/self_attn/Constant_34,,Constant,12,attention_non_projection,,,,,,,,,,,,,,,,graph-derived
3845,/model/layers.12/self_attn/Unsqueeze_12,,Unsqueeze,12,attention_non_projection,,,,,,,,,,,,,,,,graph-derived
3846,/model/layers.12/self_attn/Constant_35,,Constant,12,attention_non_projection,,,,,,,,,,,,,,,,graph-derived
3847,/model/layers.12/self_attn/Constant_36,,Constant,12,attention_non_projection,,,,,,,,,,,,,,,,graph-derived
3848,/model/layers.12/self_attn/Unsqueeze_13,,Unsqueeze,12,attention_non_projection,,,,,,,,,,,,,,,,graph-derived
3849,/model/layers.12/self_attn/Constant_37,,Constant,12,attention_non_projection,,,,,,,,,,,,,,,,graph-derived
3850,/model/layers.12/self_attn/Unsqueeze_14,,Unsqueeze,12,attention_non_projection,,,,,,,,,,,,,,,,graph-derived
3851,/model/layers.12/self_attn/Concat_7,,Concat,12,attention_non_projection,,,,,,,,,,,,,,,,graph-derived
3852,/model/layers.12/self_attn/Constant_38,,Constant,12,attention_non_projection,,,,,,,,,,,,,,,,graph-derived
3853,/model/layers.12/self_attn/Reshape_3,,Reshape,12,attention_non_projection,,,,,,,,,,,,,,,,graph-derived
3854,/model/layers.12/self_attn/Shape_8,,Shape,12,attention_non_projection,,,,,,,,,,,,,,,,graph-derived
3855,/model/layers.12/self_attn/ConstantOfShape,,ConstantOfShape,12,attention_non_projection,,,,,,,,,,,,,,,,graph-derived
3856,/model/layers.12/self_attn/Constant_39,,Constant,12,attention_non_projection,,,,,,,,,,,,,,,,graph-derived
3857,/model/layers.12/self_attn/Mul_4,,Mul,12,attention_non_projection,,,,,,,,,,,,,,,,graph-derived
3858,/model/layers.12/self_attn/Equal,,Equal,12,attention_non_projection,,,,,,,,,,,,,,,,graph-derived
3859,/model/layers.12/self_attn/Where,,Where,12,attention_non_projection,,,,,,,,,,,,,,,,graph-derived
3860,/model/layers.12/self_attn/Expand,,Expand,12,attention_non_projection,,,,,,,,,,,,,,,,graph-derived
3861,/model/layers.12/self_attn/Constant_40,,Constant,12,attention_non_projection,,,,,,,,,,,,,,,,graph-derived
3862,/model/layers.12/self_attn/Mul_5,,Mul,12,attention_non_projection,,,,,,,,,,,,,,,,graph-derived
3863,Constant_6601,,Constant,,other,,,,,,,,,,,,,,,,graph-derived
3864,/model/layers.12/self_attn/Unsqueeze_15,,Unsqueeze,12,attention_non_projection,,,,,,,,,,,,,,,,graph-derived
3865,Constant_6603,,Constant,,other,,,,,,,,,,,,,,,,graph-derived
3866,/model/layers.12/self_attn/Unsqueeze_16,,Unsqueeze,12,attention_non_projection,,,,,,,,,,,,,,,,graph-derived
3867,Constant_6605,,Constant,,other,,,,,,,,,,,,,,,,graph-derived
3868,/model/layers.12/self_attn/Unsqueeze_17,,Unsqueeze,12,attention_non_projection,,,,,,,,,,,,,,,,graph-derived
3869,Constant_6607,,Constant,,other,,,,,,,,,,,,,,,,graph-derived
3870,/model/layers.12/self_attn/Unsqueeze_18,,Unsqueeze,12,attention_non_projection,,,,,,,,,,,,,,,,graph-derived
3871,/model/layers.12/self_attn/Concat_8,,Concat,12,attention_non_projection,,,,,,,,,,,,,,,,graph-derived
3872,/model/layers.12/self_attn/Reshape_4,,Reshape,12,attention_non_projection,,,,,,,,,,,,,,,,graph-derived
3873,/model/layers.12/self_attn/Shape_9,,Shape,12,attention_non_projection,,,,,,,,,,,,,,,,graph-derived
3874,/model/layers.12/self_attn/Constant_41,,Constant,12,attention_non_projection,,,,,,,,,,,,,,,,graph-derived
3875,/model/layers.12/self_attn/Gather_8,,Gather,12,attention_non_projection,,,,,,,,,,,,,,,,graph-derived
3876,/model/layers.12/self_attn/Shape_10,,Shape,12,attention_non_projection,,,,,,,,,,,,,,,,graph-derived
3877,/model/layers.12/self_attn/Constant_42,,Constant,12,attention_non_projection,,,,,,,,,,,,,,,,graph-derived
3878,/model/layers.12/self_attn/Gather_9,,Gather,12,attention_non_projection,,,,,,,,,,,,,,,,graph-derived
3879,/model/layers.12/self_attn/Shape_11,,Shape,12,attention_non_projection,,,,,,,,,,,,,,,,graph-derived
3880,/model/layers.12/self_attn/Constant_43,,Constant,12,attention_non_projection,,,,,,,,,,,,,,,,graph-derived
3881,/model/layers.12/self_attn/Gather_10,,Gather,12,attention_non_projection,,,,,,,,,,,,,,,,graph-derived
3882,/model/layers.12/self_attn/Shape_12,,Shape,12,attention_non_projection,,,,,,,,,,,,,,,,graph-derived
3883,/model/layers.12/self_attn/Constant_44,,Constant,12,attention_non_projection,,,,,,,,,,,,,,,,graph-derived
3884,/model/layers.12/self_attn/Gather_11,,Gather,12,attention_non_projection,,,,,,,,,,,,,,,,graph-derived
3885,/model/layers.12/self_attn/Constant_45,,Constant,12,attention_non_projection,,,,,,,,,,,,,,,,graph-derived
3886,/model/layers.12/self_attn/Unsqueeze_19,,Unsqueeze,12,attention_non_projection,,,,,,,,,,,,,,,,graph-derived
3887,/model/layers.12/self_attn/Constant_46,,Constant,12,attention_non_projection,,,,,,,,,,,,,,,,graph-derived
3888,/model/layers.12/self_attn/Unsqueeze_20,,Unsqueeze,12,attention_non_projection,,,,,,,,,,,,,,,,graph-derived
3889,/model/layers.12/self_attn/Constant_47,,Constant,12,attention_non_projection,,,,,,,,,,,,,,,,graph-derived
3890,/model/layers.12/self_attn/Unsqueeze_21,,Unsqueeze,12,attention_non_projection,,,,,,,,,,,,,,,,graph-derived
3891,/model/layers.12/self_attn/Constant_48,,Constant,12,attention_non_projection,,,,,,,,,,,,,,,,graph-derived
3892,/model/layers.12/self_attn/Constant_49,,Constant,12,attention_non_projection,,,,,,,,,,,,,,,,graph-derived
3893,/model/layers.12/self_attn/Unsqueeze_22,,Unsqueeze,12,attention_non_projection,,,,,,,,,,,,,,,,graph-derived
3894,/model/layers.12/self_attn/Constant_50,,Constant,12,attention_non_projection,,,,,,,,,,,,,,,,graph-derived
3895,/model/layers.12/self_attn/Unsqueeze_23,,Unsqueeze,12,attention_non_projection,,,,,,,,,,,,,,,,graph-derived
3896,/model/layers.12/self_attn/Concat_9,,Concat,12,attention_non_projection,,,,,,,,,,,,,,,,graph-derived
3897,/model/layers.12/self_attn/Constant_51,,Constant,12,attention_non_projection,,,,,,,,,,,,,,,,graph-derived
3898,/model/layers.12/self_attn/Reshape_5,,Reshape,12,attention_non_projection,,,,,,,,,,,,,,,,graph-derived
3899,/model/layers.12/self_attn/Shape_13,,Shape,12,attention_non_projection,,,,,,,,,,,,,,,,graph-derived
3900,/model/layers.12/self_attn/ConstantOfShape_1,,ConstantOfShape,12,attention_non_projection,,,,,,,,,,,,,,,,graph-derived
3901,/model/layers.12/self_attn/Constant_52,,Constant,12,attention_non_projection,,,,,,,,,,,,,,,,graph-derived
3902,/model/layers.12/self_attn/Mul_6,,Mul,12,attention_non_projection,,,,,,,,,,,,,,,,graph-derived
3903,/model/layers.12/self_attn/Equal_1,,Equal,12,attention_non_projection,,,,,,,,,,,,,,,,graph-derived
3904,/model/layers.12/self_attn/Where_1,,Where,12,attention_non_projection,,,,,,,,,,,,,,,,graph-derived
3905,/model/layers.12/self_attn/Expand_1,,Expand,12,attention_non_projection,,,,,,,,,,,,,,,,graph-derived
3906,/model/layers.12/self_attn/Constant_53,,Constant,12,attention_non_projection,,,,,,,,,,,,,,,,graph-derived
3907,/model/layers.12/self_attn/Mul_7,,Mul,12,attention_non_projection,,,,,,,,,,,,,,,,graph-derived
3908,Constant_6646,,Constant,,other,,,,,,,,,,,,,,,,graph-derived
3909,/model/layers.12/self_attn/Unsqueeze_24,,Unsqueeze,12,attention_non_projection,,,,,,,,,,,,,,,,graph-derived
3910,Constant_6648,,Constant,,other,,,,,,,,,,,,,,,,graph-derived
3911,/model/layers.12/self_attn/Unsqueeze_25,,Unsqueeze,12,attention_non_projection,,,,,,,,,,,,,,,,graph-derived
3912,Constant_6650,,Constant,,other,,,,,,,,,,,,,,,,graph-derived
3913,/model/layers.12/self_attn/Unsqueeze_26,,Unsqueeze,12,attention_non_projection,,,,,,,,,,,,,,,,graph-derived
3914,Constant_6652,,Constant,,other,,,,,,,,,,,,,,,,graph-derived
3915,/model/layers.12/self_attn/Unsqueeze_27,,Unsqueeze,12,attention_non_projection,,,,,,,,,,,,,,,,graph-derived
3916,/model/layers.12/self_attn/Concat_10,,Concat,12,attention_non_projection,,,,,,,,,,,,,,,,graph-derived
3917,/model/layers.12/self_attn/Reshape_6,,Reshape,12,attention_non_projection,,,,,,,,,,,,,,,,graph-derived
3918,/model/layers.12/self_attn/Shape_14,,Shape,12,attention_non_projection,,,,,,,,,,,,,,,,graph-derived
3919,/model/layers.12/self_attn/Constant_54,,Constant,12,attention_non_projection,,,,,,,,,,,,,,,,graph-derived
3920,/model/layers.12/self_attn/Gather_12,,Gather,12,attention_non_projection,,,,,,,,,,,,,,,,graph-derived
3921,/model/layers.12/self_attn/Constant_55,,Constant,12,attention_non_projection,,,,,,,,,,,,,,,,graph-derived
3922,/model/layers.12/self_attn/Constant_56,,Constant,12,attention_non_projection,,,,,,,,,,,,,,,,graph-derived
3923,/model/layers.12/self_attn/Constant_57,,Constant,12,attention_non_projection,,,,,,,,,,,,,,,,graph-derived
3924,/model/layers.12/self_attn/Unsqueeze_28,,Unsqueeze,12,attention_non_projection,,,,,,,,,,,,,,,,graph-derived
3925,/model/layers.12/self_attn/Constant_58,,Constant,12,attention_non_projection,,,,,,,,,,,,,,,,graph-derived
3926,/model/layers.12/self_attn/Slice_4,,Slice,12,attention_non_projection,,,,,,,,,,,,,,,,graph-derived
3927,/model/layers.12/self_attn/Transpose_3,,Transpose,12,attention_non_projection,,,,,,,,,,,,,,,,graph-derived
3928,/model/layers.12/self_attn/Constant_59,,Constant,12,attention_non_projection,,,,,,,,,,,,,,,,graph-derived
3929,/model/layers.12/self_attn/Mul_8,,Mul,12,attention_non_projection,,,,,,,,,,,,,,,,graph-derived
3930,/model/layers.12/self_attn/Constant_60,,Constant,12,attention_non_projection,,,,,,,,,,,,,,,,graph-derived
3931,/model/layers.12/self_attn/Mul_9,,Mul,12,attention_non_projection,,,,,,,,,,,,,,,,graph-derived
3932,/model/layers.12/self_attn/MatMul,,MatMul,12,attention_non_projection,,,,,,,,,,,,,,,,graph-derived
3933,/model/layers.12/self_attn/Constant_61,,Constant,12,attention_non_projection,,,,,,,,,,,,,,,,graph-derived
3934,/model/layers.12/self_attn/Constant_62,,Constant,12,attention_non_projection,,,,,,,,,,,,,,,,graph-derived
3935,/model/layers.12/self_attn/Where_2,,Where,12,attention_non_projection,,,,,,,,,,,,,,,,graph-derived
3936,/model/layers.12/self_attn/Add_2,,Add,12,attention_non_projection,,,,,,,,,,,,,,,,graph-derived
3937,/model/layers.12/self_attn/Softmax,,Softmax,12,attention_non_projection,,,,,,,,,,,,,,,,graph-derived
3938,/model/layers.12/self_attn/IsNaN,,IsNaN,12,attention_non_projection,,,,,,,,,,,,,,,,graph-derived
3939,/model/layers.12/self_attn/Constant_63,,Constant,12,attention_non_projection,,,,,,,,,,,,,,,,graph-derived
3940,/model/layers.12/self_attn/Where_3,,Where,12,attention_non_projection,,,,,,,,,,,,,,,,graph-derived
3941,/model/layers.12/self_attn/MatMul_1,,MatMul,12,attention_non_projection,,,,,,,,,,,,,,,,graph-derived
3942,/model/layers.12/self_attn/Transpose_4,,Transpose,12,attention_non_projection,,,,,,,,,,,,,,,,graph-derived
3943,Constant_6681,,Constant,,other,,,,,,,,,,,,,,,,graph-derived
3944,/model/layers.12/self_attn/Unsqueeze_29,,Unsqueeze,12,attention_non_projection,,,,,,,,,,,,,,,,graph-derived
3945,Constant_6683,,Constant,,other,,,,,,,,,,,,,,,,graph-derived
3946,/model/layers.12/self_attn/Unsqueeze_30,,Unsqueeze,12,attention_non_projection,,,,,,,,,,,,,,,,graph-derived
3947,/model/layers.12/self_attn/Constant_64,,Constant,12,attention_non_projection,,,,,,,,,,,,,,,,graph-derived
3948,/model/layers.12/self_attn/Concat_11,,Concat,12,attention_non_projection,,,,,,,,,,,,,,,,graph-derived
3949,/model/layers.12/self_attn/Reshape_7,,Reshape,12,attention_non_projection,,,,,,,,,,,,,,,,graph-derived
3950,/model/layers.12/self_attn/o_proj/MatMul,,MatMul,12,attention_projection,o_proj,1024,1152,float,onnx::MatMul_10185,4718592,4096,4608,once_per_decode_token,model.onnx_data,2503465472,2503465472,3,2,2,graph-derived
3951,/model/layers.12/post_attention_layernorm/Cast,,Cast,12,other,,,,,,,,,,,,,,,,graph-derived
3952,/model/layers.12/post_attention_layernorm/Constant,,Constant,12,other,,,,,,,,,,,,,,,,graph-derived
3953,/model/layers.12/post_attention_layernorm/Pow,,Pow,12,other,,,,,,,,,,,,,,,,graph-derived
3954,/model/layers.12/post_attention_layernorm/ReduceMean,,ReduceMean,12,other,,,,,,,,,,,,,,,,graph-derived
3955,/model/layers.12/post_attention_layernorm/Constant_1,,Constant,12,other,,,,,,,,,,,,,,,,graph-derived
3956,/model/layers.12/post_attention_layernorm/Add,,Add,12,other,,,,,,,,,,,,,,,,graph-derived
3957,/model/layers.12/post_attention_layernorm/Sqrt,,Sqrt,12,other,,,,,,,,,,,,,,,,graph-derived
3958,/model/layers.12/post_attention_layernorm/Constant_2,,Constant,12,other,,,,,,,,,,,,,,,,graph-derived
3959,/model/layers.12/post_attention_layernorm/Div,,Div,12,other,,,,,,,,,,,,,,,,graph-derived
3960,/model/layers.12/post_attention_layernorm/Mul,,Mul,12,other,,,,,,,,,,,,,,,,graph-derived
3961,/model/layers.12/post_attention_layernorm/Mul_1,,Mul,12,other,,,,,,,,,,,,,,,,graph-derived
3962,/model/layers.12/Add,,Add,12,other,,,,,,,,,,,,,,,,graph-derived
3963,/model/layers.12/pre_feedforward_layernorm/Cast,,Cast,12,other,,,,,,,,,,,,,,,,graph-derived
3964,/model/layers.12/pre_feedforward_layernorm/Constant,,Constant,12,other,,,,,,,,,,,,,,,,graph-derived
3965,/model/layers.12/pre_feedforward_layernorm/Pow,,Pow,12,other,,,,,,,,,,,,,,,,graph-derived
3966,/model/layers.12/pre_feedforward_layernorm/ReduceMean,,ReduceMean,12,other,,,,,,,,,,,,,,,,graph-derived
3967,/model/layers.12/pre_feedforward_layernorm/Constant_1,,Constant,12,other,,,,,,,,,,,,,,,,graph-derived
3968,/model/layers.12/pre_feedforward_layernorm/Add,,Add,12,other,,,,,,,,,,,,,,,,graph-derived
3969,/model/layers.12/pre_feedforward_layernorm/Sqrt,,Sqrt,12,other,,,,,,,,,,,,,,,,graph-derived
3970,/model/layers.12/pre_feedforward_layernorm/Constant_2,,Constant,12,other,,,,,,,,,,,,,,,,graph-derived
3971,/model/layers.12/pre_feedforward_layernorm/Div,,Div,12,other,,,,,,,,,,,,,,,,graph-derived
3972,/model/layers.12/pre_feedforward_layernorm/Mul,,Mul,12,other,,,,,,,,,,,,,,,,graph-derived
3973,/model/layers.12/pre_feedforward_layernorm/Mul_1,,Mul,12,other,,,,,,,,,,,,,,,,graph-derived
3974,/model/layers.12/mlp/gate_proj/MatMul,,MatMul,12,mlp_projection,gate_proj,1152,6912,float,onnx::MatMul_10190,31850496,4608,27648,once_per_decode_token,model.onnx_data,2508193280,2508193280,0,3,0,graph-derived
3975,/model/layers.12/mlp/act_fn/Mul,,Mul,12,mlp_non_projection,,,,,,,,,,,,,,,,graph-derived
3976,/model/layers.12/mlp/act_fn/Mul_1,,Mul,12,mlp_non_projection,,,,,,,,,,,,,,,,graph-derived
3977,/model/layers.12/mlp/act_fn/Constant,,Constant,12,mlp_non_projection,,,,,,,,,,,,,,,,graph-derived
3978,/model/layers.12/mlp/act_fn/Mul_2,,Mul,12,mlp_non_projection,,,,,,,,,,,,,,,,graph-derived
3979,/model/layers.12/mlp/act_fn/Add,,Add,12,mlp_non_projection,,,,,,,,,,,,,,,,graph-derived
3980,/model/layers.12/mlp/act_fn/Constant_1,,Constant,12,mlp_non_projection,,,,,,,,,,,,,,,,graph-derived
3981,/model/layers.12/mlp/act_fn/Mul_3,,Mul,12,mlp_non_projection,,,,,,,,,,,,,,,,graph-derived
3982,/model/layers.12/mlp/act_fn/Tanh,,Tanh,12,mlp_non_projection,,,,,,,,,,,,,,,,graph-derived
3983,/model/layers.12/mlp/act_fn/Constant_2,,Constant,12,mlp_non_projection,,,,,,,,,,,,,,,,graph-derived
3984,/model/layers.12/mlp/act_fn/Add_1,,Add,12,mlp_non_projection,,,,,,,,,,,,,,,,graph-derived
3985,/model/layers.12/mlp/act_fn/Mul_4,,Mul,12,mlp_non_projection,,,,,,,,,,,,,,,,graph-derived
3986,/model/layers.12/mlp/act_fn/Constant_3,,Constant,12,mlp_non_projection,,,,,,,,,,,,,,,,graph-derived
3987,/model/layers.12/mlp/act_fn/Mul_5,,Mul,12,mlp_non_projection,,,,,,,,,,,,,,,,graph-derived
3988,/model/layers.12/mlp/up_proj/MatMul,,MatMul,12,mlp_projection,up_proj,1152,6912,float,onnx::MatMul_10191,31850496,4608,27648,once_per_decode_token,model.onnx_data,2540043776,2540043776,1,3,2,graph-derived
3989,/model/layers.12/mlp/Mul,,Mul,12,mlp_non_projection,,,,,,,,,,,,,,,,graph-derived
3990,/model/layers.12/mlp/down_proj/MatMul,,MatMul,12,mlp_projection,down_proj,6912,1152,float,onnx::MatMul_10192,31850496,27648,4608,once_per_decode_token,model.onnx_data,2571894272,2571894272,2,2,0,graph-derived
3991,/model/layers.12/post_feedforward_layernorm/Cast,,Cast,12,other,,,,,,,,,,,,,,,,graph-derived
3992,/model/layers.12/post_feedforward_layernorm/Constant,,Constant,12,other,,,,,,,,,,,,,,,,graph-derived
3993,/model/layers.12/post_feedforward_layernorm/Pow,,Pow,12,other,,,,,,,,,,,,,,,,graph-derived
3994,/model/layers.12/post_feedforward_layernorm/ReduceMean,,ReduceMean,12,other,,,,,,,,,,,,,,,,graph-derived
3995,/model/layers.12/post_feedforward_layernorm/Constant_1,,Constant,12,other,,,,,,,,,,,,,,,,graph-derived
3996,/model/layers.12/post_feedforward_layernorm/Add,,Add,12,other,,,,,,,,,,,,,,,,graph-derived
3997,/model/layers.12/post_feedforward_layernorm/Sqrt,,Sqrt,12,other,,,,,,,,,,,,,,,,graph-derived
3998,/model/layers.12/post_feedforward_layernorm/Constant_2,,Constant,12,other,,,,,,,,,,,,,,,,graph-derived
3999,/model/layers.12/post_feedforward_layernorm/Div,,Div,12,other,,,,,,,,,,,,,,,,graph-derived
4000,/model/layers.12/post_feedforward_layernorm/Mul,,Mul,12,other,,,,,,,,,,,,,,,,graph-derived
4001,/model/layers.12/post_feedforward_layernorm/Mul_1,,Mul,12,other,,,,,,,,,,,,,,,,graph-derived
4002,/model/layers.12/Add_1,,Add,12,other,,,,,,,,,,,,,,,,graph-derived
4003,/model/layers.13/input_layernorm/Cast,,Cast,13,other,,,,,,,,,,,,,,,,graph-derived
4004,/model/layers.13/input_layernorm/Constant,,Constant,13,other,,,,,,,,,,,,,,,,graph-derived
4005,/model/layers.13/input_layernorm/Pow,,Pow,13,other,,,,,,,,,,,,,,,,graph-derived
4006,/model/layers.13/input_layernorm/ReduceMean,,ReduceMean,13,other,,,,,,,,,,,,,,,,graph-derived
4007,/model/layers.13/input_layernorm/Constant_1,,Constant,13,other,,,,,,,,,,,,,,,,graph-derived
4008,/model/layers.13/input_layernorm/Add,,Add,13,other,,,,,,,,,,,,,,,,graph-derived
4009,/model/layers.13/input_layernorm/Sqrt,,Sqrt,13,other,,,,,,,,,,,,,,,,graph-derived
4010,/model/layers.13/input_layernorm/Constant_2,,Constant,13,other,,,,,,,,,,,,,,,,graph-derived
4011,/model/layers.13/input_layernorm/Div,,Div,13,other,,,,,,,,,,,,,,,,graph-derived
4012,/model/layers.13/input_layernorm/Mul,,Mul,13,other,,,,,,,,,,,,,,,,graph-derived
4013,/model/layers.13/input_layernorm/Mul_1,,Mul,13,other,,,,,,,,,,,,,,,,graph-derived
4014,/model/layers.13/self_attn/Shape,,Shape,13,attention_non_projection,,,,,,,,,,,,,,,,graph-derived
4015,/model/layers.13/self_attn/Constant,,Constant,13,attention_non_projection,,,,,,,,,,,,,,,,graph-derived
4016,/model/layers.13/self_attn/Gather,,Gather,13,attention_non_projection,,,,,,,,,,,,,,,,graph-derived
4017,/model/layers.13/self_attn/Shape_1,,Shape,13,attention_non_projection,,,,,,,,,,,,,,,,graph-derived
4018,/model/layers.13/self_attn/Constant_1,,Constant,13,attention_non_projection,,,,,,,,,,,,,,,,graph-derived
4019,/model/layers.13/self_attn/Gather_1,,Gather,13,attention_non_projection,,,,,,,,,,,,,,,,graph-derived
4020,/model/layers.13/self_attn/q_proj/MatMul,,MatMul,13,attention_projection,q_proj,1152,1024,float,onnx::MatMul_10197,4718592,4608,4096,once_per_decode_token,model.onnx_data,2603753984,2603753984,0,2,3,graph-derived
4021,Constant_6759,,Constant,,other,,,,,,,,,,,,,,,,graph-derived
4022,/model/layers.13/self_attn/Unsqueeze,,Unsqueeze,13,attention_non_projection,,,,,,,,,,,,,,,,graph-derived
4023,Constant_6761,,Constant,,other,,,,,,,,,,,,,,,,graph-derived
4024,/model/layers.13/self_attn/Unsqueeze_1,,Unsqueeze,13,attention_non_projection,,,,,,,,,,,,,,,,graph-derived
4025,/model/layers.13/self_attn/Constant_2,,Constant,13,attention_non_projection,,,,,,,,,,,,,,,,graph-derived
4026,/model/layers.13/self_attn/Constant_3,,Constant,13,attention_non_projection,,,,,,,,,,,,,,,,graph-derived
4027,/model/layers.13/self_attn/Concat,,Concat,13,attention_non_projection,,,,,,,,,,,,,,,,graph-derived
4028,Constant_6766,,Constant,,other,,,,,,,,,,,,,,,,graph-derived
4029,/model/layers.13/self_attn/Unsqueeze_2,,Unsqueeze,13,attention_non_projection,,,,,,,,,,,,,,,,graph-derived
4030,Constant_6768,,Constant,,other,,,,,,,,,,,,,,,,graph-derived
4031,/model/layers.13/self_attn/Unsqueeze_3,,Unsqueeze,13,attention_non_projection,,,,,,,,,,,,,,,,graph-derived
4032,/model/layers.13/self_attn/Constant_4,,Constant,13,attention_non_projection,,,,,,,,,,,,,,,,graph-derived
4033,/model/layers.13/self_attn/Constant_5,,Constant,13,attention_non_projection,,,,,,,,,,,,,,,,graph-derived
4034,/model/layers.13/self_attn/Concat_1,,Concat,13,attention_non_projection,,,,,,,,,,,,,,,,graph-derived
4035,Constant_6773,,Constant,,other,,,,,,,,,,,,,,,,graph-derived
4036,/model/layers.13/self_attn/Unsqueeze_4,,Unsqueeze,13,attention_non_projection,,,,,,,,,,,,,,,,graph-derived
4037,Constant_6775,,Constant,,other,,,,,,,,,,,,,,,,graph-derived
4038,/model/layers.13/self_attn/Unsqueeze_5,,Unsqueeze,13,attention_non_projection,,,,,,,,,,,,,,,,graph-derived
4039,/model/layers.13/self_attn/Constant_6,,Constant,13,attention_non_projection,,,,,,,,,,,,,,,,graph-derived
4040,/model/layers.13/self_attn/Constant_7,,Constant,13,attention_non_projection,,,,,,,,,,,,,,,,graph-derived
4041,/model/layers.13/self_attn/Concat_2,,Concat,13,attention_non_projection,,,,,,,,,,,,,,,,graph-derived
4042,/model/layers.13/self_attn/Reshape,,Reshape,13,attention_non_projection,,,,,,,,,,,,,,,,graph-derived
4043,/model/layers.13/self_attn/Transpose,,Transpose,13,attention_non_projection,,,,,,,,,,,,,,,,graph-derived
4044,/model/layers.13/self_attn/k_proj/MatMul,,MatMul,13,attention_projection,k_proj,1152,256,float,onnx::MatMul_10204,1179648,4608,1024,once_per_decode_token,model.onnx_data,2608472576,2608472576,1,3,1,graph-derived
4045,/model/layers.13/self_attn/Reshape_1,,Reshape,13,attention_non_projection,,,,,,,,,,,,,,,,graph-derived
4046,/model/layers.13/self_attn/Transpose_1,,Transpose,13,attention_non_projection,,,,,,,,,,,,,,,,graph-derived
4047,/model/layers.13/self_attn/v_proj/MatMul,,MatMul,13,attention_projection,v_proj,1152,256,float,onnx::MatMul_10205,1179648,4608,1024,once_per_decode_token,model.onnx_data,2609652224,2609652224,2,1,3,graph-derived
4048,/model/layers.13/self_attn/Reshape_2,,Reshape,13,attention_non_projection,,,,,,,,,,,,,,,,graph-derived
4049,/model/layers.13/self_attn/Transpose_2,,Transpose,13,attention_non_projection,,,,,,,,,,,,,,,,graph-derived
4050,/model/layers.13/self_attn/q_norm/Cast,,Cast,13,attention_non_projection,,,,,,,,,,,,,,,,graph-derived
4051,/model/layers.13/self_attn/q_norm/Constant,,Constant,13,attention_non_projection,,,,,,,,,,,,,,,,graph-derived
4052,/model/layers.13/self_attn/q_norm/Pow,,Pow,13,attention_non_projection,,,,,,,,,,,,,,,,graph-derived
4053,/model/layers.13/self_attn/q_norm/ReduceMean,,ReduceMean,13,attention_non_projection,,,,,,,,,,,,,,,,graph-derived
4054,/model/layers.13/self_attn/q_norm/Constant_1,,Constant,13,attention_non_projection,,,,,,,,,,,,,,,,graph-derived
4055,/model/layers.13/self_attn/q_norm/Add,,Add,13,attention_non_projection,,,,,,,,,,,,,,,,graph-derived
4056,/model/layers.13/self_attn/q_norm/Sqrt,,Sqrt,13,attention_non_projection,,,,,,,,,,,,,,,,graph-derived
4057,/model/layers.13/self_attn/q_norm/Constant_2,,Constant,13,attention_non_projection,,,,,,,,,,,,,,,,graph-derived
4058,/model/layers.13/self_attn/q_norm/Div,,Div,13,attention_non_projection,,,,,,,,,,,,,,,,graph-derived
4059,/model/layers.13/self_attn/q_norm/Mul,,Mul,13,attention_non_projection,,,,,,,,,,,,,,,,graph-derived
4060,/model/layers.13/self_attn/q_norm/Mul_1,,Mul,13,attention_non_projection,,,,,,,,,,,,,,,,graph-derived
4061,/model/layers.13/self_attn/k_norm/Cast,,Cast,13,attention_non_projection,,,,,,,,,,,,,,,,graph-derived
4062,/model/layers.13/self_attn/k_norm/Constant,,Constant,13,attention_non_projection,,,,,,,,,,,,,,,,graph-derived
4063,/model/layers.13/self_attn/k_norm/Pow,,Pow,13,attention_non_projection,,,,,,,,,,,,,,,,graph-derived
4064,/model/layers.13/self_attn/k_norm/ReduceMean,,ReduceMean,13,attention_non_projection,,,,,,,,,,,,,,,,graph-derived
4065,/model/layers.13/self_attn/k_norm/Constant_1,,Constant,13,attention_non_projection,,,,,,,,,,,,,,,,graph-derived
4066,/model/layers.13/self_attn/k_norm/Add,,Add,13,attention_non_projection,,,,,,,,,,,,,,,,graph-derived
4067,/model/layers.13/self_attn/k_norm/Sqrt,,Sqrt,13,attention_non_projection,,,,,,,,,,,,,,,,graph-derived
4068,/model/layers.13/self_attn/k_norm/Constant_2,,Constant,13,attention_non_projection,,,,,,,,,,,,,,,,graph-derived
4069,/model/layers.13/self_attn/k_norm/Div,,Div,13,attention_non_projection,,,,,,,,,,,,,,,,graph-derived
4070,/model/layers.13/self_attn/k_norm/Mul,,Mul,13,attention_non_projection,,,,,,,,,,,,,,,,graph-derived
4071,/model/layers.13/self_attn/k_norm/Mul_1,,Mul,13,attention_non_projection,,,,,,,,,,,,,,,,graph-derived
4072,/model/layers.13/self_attn/Mul,,Mul,13,attention_non_projection,,,,,,,,,,,,,,,,graph-derived
4073,/model/layers.13/self_attn/Shape_2,,Shape,13,attention_non_projection,,,,,,,,,,,,,,,,graph-derived
4074,/model/layers.13/self_attn/Constant_8,,Constant,13,attention_non_projection,,,,,,,,,,,,,,,,graph-derived
4075,/model/layers.13/self_attn/Gather_2,,Gather,13,attention_non_projection,,,,,,,,,,,,,,,,graph-derived
4076,/model/layers.13/self_attn/Constant_9,,Constant,13,attention_non_projection,,,,,,,,,,,,,,,,graph-derived
4077,/model/layers.13/self_attn/Div,,Div,13,attention_non_projection,,,,,,,,,,,,,,,,graph-derived
4078,/model/layers.13/self_attn/Cast,,Cast,13,attention_non_projection,,,,,,,,,,,,,,,,graph-derived
4079,/model/layers.13/self_attn/Cast_1,,Cast,13,attention_non_projection,,,,,,,,,,,,,,,,graph-derived
4080,/model/layers.13/self_attn/Constant_10,,Constant,13,attention_non_projection,,,,,,,,,,,,,,,,graph-derived
4081,/model/layers.13/self_attn/Constant_11,,Constant,13,attention_non_projection,,,,,,,,,,,,,,,,graph-derived
4082,/model/layers.13/self_attn/Constant_12,,Constant,13,attention_non_projection,,,,,,,,,,,,,,,,graph-derived
4083,/model/layers.13/self_attn/Unsqueeze_6,,Unsqueeze,13,attention_non_projection,,,,,,,,,,,,,,,,graph-derived
4084,/model/layers.13/self_attn/Constant_13,,Constant,13,attention_non_projection,,,,,,,,,,,,,,,,graph-derived
4085,/model/layers.13/self_attn/Slice,,Slice,13,attention_non_projection,,,,,,,,,,,,,,,,graph-derived
4086,/model/layers.13/self_attn/Constant_14,,Constant,13,attention_non_projection,,,,,,,,,,,,,,,,graph-derived
4087,/model/layers.13/self_attn/Constant_15,,Constant,13,attention_non_projection,,,,,,,,,,,,,,,,graph-derived
4088,/model/layers.13/self_attn/Unsqueeze_7,,Unsqueeze,13,attention_non_projection,,,,,,,,,,,,,,,,graph-derived
4089,/model/layers.13/self_attn/Constant_16,,Constant,13,attention_non_projection,,,,,,,,,,,,,,,,graph-derived
4090,/model/layers.13/self_attn/Constant_17,,Constant,13,attention_non_projection,,,,,,,,,,,,,,,,graph-derived
4091,/model/layers.13/self_attn/Slice_1,,Slice,13,attention_non_projection,,,,,,,,,,,,,,,,graph-derived
4092,/model/layers.13/self_attn/Neg,,Neg,13,attention_non_projection,,,,,,,,,,,,,,,,graph-derived
4093,/model/layers.13/self_attn/Concat_3,,Concat,13,attention_non_projection,,,,,,,,,,,,,,,,graph-derived
4094,/model/layers.13/self_attn/Mul_1,,Mul,13,attention_non_projection,,,,,,,,,,,,,,,,graph-derived
4095,/model/layers.13/self_attn/Add,,Add,13,attention_non_projection,,,,,,,,,,,,,,,,graph-derived
4096,/model/layers.13/self_attn/Mul_2,,Mul,13,attention_non_projection,,,,,,,,,,,,,,,,graph-derived
4097,/model/layers.13/self_attn/Shape_3,,Shape,13,attention_non_projection,,,,,,,,,,,,,,,,graph-derived
4098,/model/layers.13/self_attn/Constant_18,,Constant,13,attention_non_projection,,,,,,,,,,,,,,,,graph-derived
4099,/model/layers.13/self_attn/Gather_3,,Gather,13,attention_non_projection,,,,,,,,,,,,,,,,graph-derived
4100,/model/layers.13/self_attn/Constant_19,,Constant,13,attention_non_projection,,,,,,,,,,,,,,,,graph-derived
4101,/model/layers.13/self_attn/Div_1,,Div,13,attention_non_projection,,,,,,,,,,,,,,,,graph-derived
4102,/model/layers.13/self_attn/Cast_2,,Cast,13,attention_non_projection,,,,,,,,,,,,,,,,graph-derived
4103,/model/layers.13/self_attn/Cast_3,,Cast,13,attention_non_projection,,,,,,,,,,,,,,,,graph-derived
4104,/model/layers.13/self_attn/Constant_20,,Constant,13,attention_non_projection,,,,,,,,,,,,,,,,graph-derived
4105,/model/layers.13/self_attn/Constant_21,,Constant,13,attention_non_projection,,,,,,,,,,,,,,,,graph-derived
4106,/model/layers.13/self_attn/Constant_22,,Constant,13,attention_non_projection,,,,,,,,,,,,,,,,graph-derived
4107,/model/layers.13/self_attn/Unsqueeze_8,,Unsqueeze,13,attention_non_projection,,,,,,,,,,,,,,,,graph-derived
4108,/model/layers.13/self_attn/Constant_23,,Constant,13,attention_non_projection,,,,,,,,,,,,,,,,graph-derived
4109,/model/layers.13/self_attn/Slice_2,,Slice,13,attention_non_projection,,,,,,,,,,,,,,,,graph-derived
4110,/model/layers.13/self_attn/Constant_24,,Constant,13,attention_non_projection,,,,,,,,,,,,,,,,graph-derived
4111,/model/layers.13/self_attn/Constant_25,,Constant,13,attention_non_projection,,,,,,,,,,,,,,,,graph-derived
4112,/model/layers.13/self_attn/Unsqueeze_9,,Unsqueeze,13,attention_non_projection,,,,,,,,,,,,,,,,graph-derived
4113,/model/layers.13/self_attn/Constant_26,,Constant,13,attention_non_projection,,,,,,,,,,,,,,,,graph-derived
4114,/model/layers.13/self_attn/Constant_27,,Constant,13,attention_non_projection,,,,,,,,,,,,,,,,graph-derived
4115,/model/layers.13/self_attn/Slice_3,,Slice,13,attention_non_projection,,,,,,,,,,,,,,,,graph-derived
4116,/model/layers.13/self_attn/Neg_1,,Neg,13,attention_non_projection,,,,,,,,,,,,,,,,graph-derived
4117,/model/layers.13/self_attn/Concat_4,,Concat,13,attention_non_projection,,,,,,,,,,,,,,,,graph-derived
4118,/model/layers.13/self_attn/Mul_3,,Mul,13,attention_non_projection,,,,,,,,,,,,,,,,graph-derived
4119,/model/layers.13/self_attn/Add_1,,Add,13,attention_non_projection,,,,,,,,,,,,,,,,graph-derived
4120,/model/layers.13/self_attn/Concat_5,,Concat,13,attention_non_projection,,,,,,,,,,,,,,,,graph-derived
4121,/model/layers.13/self_attn/Concat_6,,Concat,13,attention_non_projection,,,,,,,,,,,,,,,,graph-derived
4122,/model/layers.13/self_attn/Shape_4,,Shape,13,attention_non_projection,,,,,,,,,,,,,,,,graph-derived
4123,/model/layers.13/self_attn/Constant_28,,Constant,13,attention_non_projection,,,,,,,,,,,,,,,,graph-derived
4124,/model/layers.13/self_attn/Gather_4,,Gather,13,attention_non_projection,,,,,,,,,,,,,,,,graph-derived
4125,/model/layers.13/self_attn/Shape_5,,Shape,13,attention_non_projection,,,,,,,,,,,,,,,,graph-derived
4126,/model/layers.13/self_attn/Constant_29,,Constant,13,attention_non_projection,,,,,,,,,,,,,,,,graph-derived
4127,/model/layers.13/self_attn/Gather_5,,Gather,13,attention_non_projection,,,,,,,,,,,,,,,,graph-derived
4128,/model/layers.13/self_attn/Shape_6,,Shape,13,attention_non_projection,,,,,,,,,,,,,,,,graph-derived
4129,/model/layers.13/self_attn/Constant_30,,Constant,13,attention_non_projection,,,,,,,,,,,,,,,,graph-derived
4130,/model/layers.13/self_attn/Gather_6,,Gather,13,attention_non_projection,,,,,,,,,,,,,,,,graph-derived
4131,/model/layers.13/self_attn/Shape_7,,Shape,13,attention_non_projection,,,,,,,,,,,,,,,,graph-derived
4132,/model/layers.13/self_attn/Constant_31,,Constant,13,attention_non_projection,,,,,,,,,,,,,,,,graph-derived
4133,/model/layers.13/self_attn/Gather_7,,Gather,13,attention_non_projection,,,,,,,,,,,,,,,,graph-derived
4134,/model/layers.13/self_attn/Constant_32,,Constant,13,attention_non_projection,,,,,,,,,,,,,,,,graph-derived
4135,/model/layers.13/self_attn/Unsqueeze_10,,Unsqueeze,13,attention_non_projection,,,,,,,,,,,,,,,,graph-derived
4136,/model/layers.13/self_attn/Constant_33,,Constant,13,attention_non_projection,,,,,,,,,,,,,,,,graph-derived
4137,/model/layers.13/self_attn/Unsqueeze_11,,Unsqueeze,13,attention_non_projection,,,,,,,,,,,,,,,,graph-derived
4138,/model/layers.13/self_attn/Constant_34,,Constant,13,attention_non_projection,,,,,,,,,,,,,,,,graph-derived
4139,/model/layers.13/self_attn/Unsqueeze_12,,Unsqueeze,13,attention_non_projection,,,,,,,,,,,,,,,,graph-derived
4140,/model/layers.13/self_attn/Constant_35,,Constant,13,attention_non_projection,,,,,,,,,,,,,,,,graph-derived
4141,/model/layers.13/self_attn/Constant_36,,Constant,13,attention_non_projection,,,,,,,,,,,,,,,,graph-derived
4142,/model/layers.13/self_attn/Unsqueeze_13,,Unsqueeze,13,attention_non_projection,,,,,,,,,,,,,,,,graph-derived
4143,/model/layers.13/self_attn/Constant_37,,Constant,13,attention_non_projection,,,,,,,,,,,,,,,,graph-derived
4144,/model/layers.13/self_attn/Unsqueeze_14,,Unsqueeze,13,attention_non_projection,,,,,,,,,,,,,,,,graph-derived
4145,/model/layers.13/self_attn/Concat_7,,Concat,13,attention_non_projection,,,,,,,,,,,,,,,,graph-derived
4146,/model/layers.13/self_attn/Constant_38,,Constant,13,attention_non_projection,,,,,,,,,,,,,,,,graph-derived
4147,/model/layers.13/self_attn/Reshape_3,,Reshape,13,attention_non_projection,,,,,,,,,,,,,,,,graph-derived
4148,/model/layers.13/self_attn/Shape_8,,Shape,13,attention_non_projection,,,,,,,,,,,,,,,,graph-derived
4149,/model/layers.13/self_attn/ConstantOfShape,,ConstantOfShape,13,attention_non_projection,,,,,,,,,,,,,,,,graph-derived
4150,/model/layers.13/self_attn/Constant_39,,Constant,13,attention_non_projection,,,,,,,,,,,,,,,,graph-derived
4151,/model/layers.13/self_attn/Mul_4,,Mul,13,attention_non_projection,,,,,,,,,,,,,,,,graph-derived
4152,/model/layers.13/self_attn/Equal,,Equal,13,attention_non_projection,,,,,,,,,,,,,,,,graph-derived
4153,/model/layers.13/self_attn/Where,,Where,13,attention_non_projection,,,,,,,,,,,,,,,,graph-derived
4154,/model/layers.13/self_attn/Expand,,Expand,13,attention_non_projection,,,,,,,,,,,,,,,,graph-derived
4155,/model/layers.13/self_attn/Constant_40,,Constant,13,attention_non_projection,,,,,,,,,,,,,,,,graph-derived
4156,/model/layers.13/self_attn/Mul_5,,Mul,13,attention_non_projection,,,,,,,,,,,,,,,,graph-derived
4157,Constant_6895,,Constant,,other,,,,,,,,,,,,,,,,graph-derived
4158,/model/layers.13/self_attn/Unsqueeze_15,,Unsqueeze,13,attention_non_projection,,,,,,,,,,,,,,,,graph-derived
4159,Constant_6897,,Constant,,other,,,,,,,,,,,,,,,,graph-derived
4160,/model/layers.13/self_attn/Unsqueeze_16,,Unsqueeze,13,attention_non_projection,,,,,,,,,,,,,,,,graph-derived
4161,Constant_6899,,Constant,,other,,,,,,,,,,,,,,,,graph-derived
4162,/model/layers.13/self_attn/Unsqueeze_17,,Unsqueeze,13,attention_non_projection,,,,,,,,,,,,,,,,graph-derived
4163,Constant_6901,,Constant,,other,,,,,,,,,,,,,,,,graph-derived
4164,/model/layers.13/self_attn/Unsqueeze_18,,Unsqueeze,13,attention_non_projection,,,,,,,,,,,,,,,,graph-derived
4165,/model/layers.13/self_attn/Concat_8,,Concat,13,attention_non_projection,,,,,,,,,,,,,,,,graph-derived
4166,/model/layers.13/self_attn/Reshape_4,,Reshape,13,attention_non_projection,,,,,,,,,,,,,,,,graph-derived
4167,/model/layers.13/self_attn/Shape_9,,Shape,13,attention_non_projection,,,,,,,,,,,,,,,,graph-derived
4168,/model/layers.13/self_attn/Constant_41,,Constant,13,attention_non_projection,,,,,,,,,,,,,,,,graph-derived
4169,/model/layers.13/self_attn/Gather_8,,Gather,13,attention_non_projection,,,,,,,,,,,,,,,,graph-derived
4170,/model/layers.13/self_attn/Shape_10,,Shape,13,attention_non_projection,,,,,,,,,,,,,,,,graph-derived
4171,/model/layers.13/self_attn/Constant_42,,Constant,13,attention_non_projection,,,,,,,,,,,,,,,,graph-derived
4172,/model/layers.13/self_attn/Gather_9,,Gather,13,attention_non_projection,,,,,,,,,,,,,,,,graph-derived
4173,/model/layers.13/self_attn/Shape_11,,Shape,13,attention_non_projection,,,,,,,,,,,,,,,,graph-derived
4174,/model/layers.13/self_attn/Constant_43,,Constant,13,attention_non_projection,,,,,,,,,,,,,,,,graph-derived
4175,/model/layers.13/self_attn/Gather_10,,Gather,13,attention_non_projection,,,,,,,,,,,,,,,,graph-derived
4176,/model/layers.13/self_attn/Shape_12,,Shape,13,attention_non_projection,,,,,,,,,,,,,,,,graph-derived
4177,/model/layers.13/self_attn/Constant_44,,Constant,13,attention_non_projection,,,,,,,,,,,,,,,,graph-derived
4178,/model/layers.13/self_attn/Gather_11,,Gather,13,attention_non_projection,,,,,,,,,,,,,,,,graph-derived
4179,/model/layers.13/self_attn/Constant_45,,Constant,13,attention_non_projection,,,,,,,,,,,,,,,,graph-derived
4180,/model/layers.13/self_attn/Unsqueeze_19,,Unsqueeze,13,attention_non_projection,,,,,,,,,,,,,,,,graph-derived
4181,/model/layers.13/self_attn/Constant_46,,Constant,13,attention_non_projection,,,,,,,,,,,,,,,,graph-derived
4182,/model/layers.13/self_attn/Unsqueeze_20,,Unsqueeze,13,attention_non_projection,,,,,,,,,,,,,,,,graph-derived
4183,/model/layers.13/self_attn/Constant_47,,Constant,13,attention_non_projection,,,,,,,,,,,,,,,,graph-derived
4184,/model/layers.13/self_attn/Unsqueeze_21,,Unsqueeze,13,attention_non_projection,,,,,,,,,,,,,,,,graph-derived
4185,/model/layers.13/self_attn/Constant_48,,Constant,13,attention_non_projection,,,,,,,,,,,,,,,,graph-derived
4186,/model/layers.13/self_attn/Constant_49,,Constant,13,attention_non_projection,,,,,,,,,,,,,,,,graph-derived
4187,/model/layers.13/self_attn/Unsqueeze_22,,Unsqueeze,13,attention_non_projection,,,,,,,,,,,,,,,,graph-derived
4188,/model/layers.13/self_attn/Constant_50,,Constant,13,attention_non_projection,,,,,,,,,,,,,,,,graph-derived
4189,/model/layers.13/self_attn/Unsqueeze_23,,Unsqueeze,13,attention_non_projection,,,,,,,,,,,,,,,,graph-derived
4190,/model/layers.13/self_attn/Concat_9,,Concat,13,attention_non_projection,,,,,,,,,,,,,,,,graph-derived
4191,/model/layers.13/self_attn/Constant_51,,Constant,13,attention_non_projection,,,,,,,,,,,,,,,,graph-derived
4192,/model/layers.13/self_attn/Reshape_5,,Reshape,13,attention_non_projection,,,,,,,,,,,,,,,,graph-derived
4193,/model/layers.13/self_attn/Shape_13,,Shape,13,attention_non_projection,,,,,,,,,,,,,,,,graph-derived
4194,/model/layers.13/self_attn/ConstantOfShape_1,,ConstantOfShape,13,attention_non_projection,,,,,,,,,,,,,,,,graph-derived
4195,/model/layers.13/self_attn/Constant_52,,Constant,13,attention_non_projection,,,,,,,,,,,,,,,,graph-derived
4196,/model/layers.13/self_attn/Mul_6,,Mul,13,attention_non_projection,,,,,,,,,,,,,,,,graph-derived
4197,/model/layers.13/self_attn/Equal_1,,Equal,13,attention_non_projection,,,,,,,,,,,,,,,,graph-derived
4198,/model/layers.13/self_attn/Where_1,,Where,13,attention_non_projection,,,,,,,,,,,,,,,,graph-derived
4199,/model/layers.13/self_attn/Expand_1,,Expand,13,attention_non_projection,,,,,,,,,,,,,,,,graph-derived
4200,/model/layers.13/self_attn/Constant_53,,Constant,13,attention_non_projection,,,,,,,,,,,,,,,,graph-derived
4201,/model/layers.13/self_attn/Mul_7,,Mul,13,attention_non_projection,,,,,,,,,,,,,,,,graph-derived
4202,Constant_6940,,Constant,,other,,,,,,,,,,,,,,,,graph-derived
4203,/model/layers.13/self_attn/Unsqueeze_24,,Unsqueeze,13,attention_non_projection,,,,,,,,,,,,,,,,graph-derived
4204,Constant_6942,,Constant,,other,,,,,,,,,,,,,,,,graph-derived
4205,/model/layers.13/self_attn/Unsqueeze_25,,Unsqueeze,13,attention_non_projection,,,,,,,,,,,,,,,,graph-derived
4206,Constant_6944,,Constant,,other,,,,,,,,,,,,,,,,graph-derived
4207,/model/layers.13/self_attn/Unsqueeze_26,,Unsqueeze,13,attention_non_projection,,,,,,,,,,,,,,,,graph-derived
4208,Constant_6946,,Constant,,other,,,,,,,,,,,,,,,,graph-derived
4209,/model/layers.13/self_attn/Unsqueeze_27,,Unsqueeze,13,attention_non_projection,,,,,,,,,,,,,,,,graph-derived
4210,/model/layers.13/self_attn/Concat_10,,Concat,13,attention_non_projection,,,,,,,,,,,,,,,,graph-derived
4211,/model/layers.13/self_attn/Reshape_6,,Reshape,13,attention_non_projection,,,,,,,,,,,,,,,,graph-derived
4212,/model/layers.13/self_attn/Shape_14,,Shape,13,attention_non_projection,,,,,,,,,,,,,,,,graph-derived
4213,/model/layers.13/self_attn/Constant_54,,Constant,13,attention_non_projection,,,,,,,,,,,,,,,,graph-derived
4214,/model/layers.13/self_attn/Gather_12,,Gather,13,attention_non_projection,,,,,,,,,,,,,,,,graph-derived
4215,/model/layers.13/self_attn/Constant_55,,Constant,13,attention_non_projection,,,,,,,,,,,,,,,,graph-derived
4216,/model/layers.13/self_attn/Constant_56,,Constant,13,attention_non_projection,,,,,,,,,,,,,,,,graph-derived
4217,/model/layers.13/self_attn/Constant_57,,Constant,13,attention_non_projection,,,,,,,,,,,,,,,,graph-derived
4218,/model/layers.13/self_attn/Unsqueeze_28,,Unsqueeze,13,attention_non_projection,,,,,,,,,,,,,,,,graph-derived
4219,/model/layers.13/self_attn/Constant_58,,Constant,13,attention_non_projection,,,,,,,,,,,,,,,,graph-derived
4220,/model/layers.13/self_attn/Slice_4,,Slice,13,attention_non_projection,,,,,,,,,,,,,,,,graph-derived
4221,/model/layers.13/self_attn/Transpose_3,,Transpose,13,attention_non_projection,,,,,,,,,,,,,,,,graph-derived
4222,/model/layers.13/self_attn/Constant_59,,Constant,13,attention_non_projection,,,,,,,,,,,,,,,,graph-derived
4223,/model/layers.13/self_attn/Mul_8,,Mul,13,attention_non_projection,,,,,,,,,,,,,,,,graph-derived
4224,/model/layers.13/self_attn/Constant_60,,Constant,13,attention_non_projection,,,,,,,,,,,,,,,,graph-derived
4225,/model/layers.13/self_attn/Mul_9,,Mul,13,attention_non_projection,,,,,,,,,,,,,,,,graph-derived
4226,/model/layers.13/self_attn/MatMul,,MatMul,13,attention_non_projection,,,,,,,,,,,,,,,,graph-derived
4227,/model/layers.13/self_attn/Constant_61,,Constant,13,attention_non_projection,,,,,,,,,,,,,,,,graph-derived
4228,/model/layers.13/self_attn/Constant_62,,Constant,13,attention_non_projection,,,,,,,,,,,,,,,,graph-derived
4229,/model/layers.13/self_attn/Where_2,,Where,13,attention_non_projection,,,,,,,,,,,,,,,,graph-derived
4230,/model/layers.13/self_attn/Add_2,,Add,13,attention_non_projection,,,,,,,,,,,,,,,,graph-derived
4231,/model/layers.13/self_attn/Softmax,,Softmax,13,attention_non_projection,,,,,,,,,,,,,,,,graph-derived
4232,/model/layers.13/self_attn/IsNaN,,IsNaN,13,attention_non_projection,,,,,,,,,,,,,,,,graph-derived
4233,/model/layers.13/self_attn/Constant_63,,Constant,13,attention_non_projection,,,,,,,,,,,,,,,,graph-derived
4234,/model/layers.13/self_attn/Where_3,,Where,13,attention_non_projection,,,,,,,,,,,,,,,,graph-derived
4235,/model/layers.13/self_attn/MatMul_1,,MatMul,13,attention_non_projection,,,,,,,,,,,,,,,,graph-derived
4236,/model/layers.13/self_attn/Transpose_4,,Transpose,13,attention_non_projection,,,,,,,,,,,,,,,,graph-derived
4237,Constant_6975,,Constant,,other,,,,,,,,,,,,,,,,graph-derived
4238,/model/layers.13/self_attn/Unsqueeze_29,,Unsqueeze,13,attention_non_projection,,,,,,,,,,,,,,,,graph-derived
4239,Constant_6977,,Constant,,other,,,,,,,,,,,,,,,,graph-derived
4240,/model/layers.13/self_attn/Unsqueeze_30,,Unsqueeze,13,attention_non_projection,,,,,,,,,,,,,,,,graph-derived
4241,/model/layers.13/self_attn/Constant_64,,Constant,13,attention_non_projection,,,,,,,,,,,,,,,,graph-derived
4242,/model/layers.13/self_attn/Concat_11,,Concat,13,attention_non_projection,,,,,,,,,,,,,,,,graph-derived
4243,/model/layers.13/self_attn/Reshape_7,,Reshape,13,attention_non_projection,,,,,,,,,,,,,,,,graph-derived
4244,/model/layers.13/self_attn/o_proj/MatMul,,MatMul,13,attention_projection,o_proj,1024,1152,float,onnx::MatMul_10232,4718592,4096,4608,once_per_decode_token,model.onnx_data,2610833920,2610833920,3,3,1,graph-derived
4245,/model/layers.13/post_attention_layernorm/Cast,,Cast,13,other,,,,,,,,,,,,,,,,graph-derived
4246,/model/layers.13/post_attention_layernorm/Constant,,Constant,13,other,,,,,,,,,,,,,,,,graph-derived
4247,/model/layers.13/post_attention_layernorm/Pow,,Pow,13,other,,,,,,,,,,,,,,,,graph-derived
4248,/model/layers.13/post_attention_layernorm/ReduceMean,,ReduceMean,13,other,,,,,,,,,,,,,,,,graph-derived
4249,/model/layers.13/post_attention_layernorm/Constant_1,,Constant,13,other,,,,,,,,,,,,,,,,graph-derived
4250,/model/layers.13/post_attention_layernorm/Add,,Add,13,other,,,,,,,,,,,,,,,,graph-derived
4251,/model/layers.13/post_attention_layernorm/Sqrt,,Sqrt,13,other,,,,,,,,,,,,,,,,graph-derived
4252,/model/layers.13/post_attention_layernorm/Constant_2,,Constant,13,other,,,,,,,,,,,,,,,,graph-derived
4253,/model/layers.13/post_attention_layernorm/Div,,Div,13,other,,,,,,,,,,,,,,,,graph-derived
4254,/model/layers.13/post_attention_layernorm/Mul,,Mul,13,other,,,,,,,,,,,,,,,,graph-derived
4255,/model/layers.13/post_attention_layernorm/Mul_1,,Mul,13,other,,,,,,,,,,,,,,,,graph-derived
4256,/model/layers.13/Add,,Add,13,other,,,,,,,,,,,,,,,,graph-derived
4257,/model/layers.13/pre_feedforward_layernorm/Cast,,Cast,13,other,,,,,,,,,,,,,,,,graph-derived
4258,/model/layers.13/pre_feedforward_layernorm/Constant,,Constant,13,other,,,,,,,,,,,,,,,,graph-derived
4259,/model/layers.13/pre_feedforward_layernorm/Pow,,Pow,13,other,,,,,,,,,,,,,,,,graph-derived
4260,/model/layers.13/pre_feedforward_layernorm/ReduceMean,,ReduceMean,13,other,,,,,,,,,,,,,,,,graph-derived
4261,/model/layers.13/pre_feedforward_layernorm/Constant_1,,Constant,13,other,,,,,,,,,,,,,,,,graph-derived
4262,/model/layers.13/pre_feedforward_layernorm/Add,,Add,13,other,,,,,,,,,,,,,,,,graph-derived
4263,/model/layers.13/pre_feedforward_layernorm/Sqrt,,Sqrt,13,other,,,,,,,,,,,,,,,,graph-derived
4264,/model/layers.13/pre_feedforward_layernorm/Constant_2,,Constant,13,other,,,,,,,,,,,,,,,,graph-derived
4265,/model/layers.13/pre_feedforward_layernorm/Div,,Div,13,other,,,,,,,,,,,,,,,,graph-derived
4266,/model/layers.13/pre_feedforward_layernorm/Mul,,Mul,13,other,,,,,,,,,,,,,,,,graph-derived
4267,/model/layers.13/pre_feedforward_layernorm/Mul_1,,Mul,13,other,,,,,,,,,,,,,,,,graph-derived
4268,/model/layers.13/mlp/gate_proj/MatMul,,MatMul,13,mlp_projection,gate_proj,1152,6912,float,onnx::MatMul_10237,31850496,4608,27648,once_per_decode_token,model.onnx_data,2615561728,2615561728,0,1,3,graph-derived
4269,/model/layers.13/mlp/act_fn/Mul,,Mul,13,mlp_non_projection,,,,,,,,,,,,,,,,graph-derived
4270,/model/layers.13/mlp/act_fn/Mul_1,,Mul,13,mlp_non_projection,,,,,,,,,,,,,,,,graph-derived
4271,/model/layers.13/mlp/act_fn/Constant,,Constant,13,mlp_non_projection,,,,,,,,,,,,,,,,graph-derived
4272,/model/layers.13/mlp/act_fn/Mul_2,,Mul,13,mlp_non_projection,,,,,,,,,,,,,,,,graph-derived
4273,/model/layers.13/mlp/act_fn/Add,,Add,13,mlp_non_projection,,,,,,,,,,,,,,,,graph-derived
4274,/model/layers.13/mlp/act_fn/Constant_1,,Constant,13,mlp_non_projection,,,,,,,,,,,,,,,,graph-derived
4275,/model/layers.13/mlp/act_fn/Mul_3,,Mul,13,mlp_non_projection,,,,,,,,,,,,,,,,graph-derived
4276,/model/layers.13/mlp/act_fn/Tanh,,Tanh,13,mlp_non_projection,,,,,,,,,,,,,,,,graph-derived
4277,/model/layers.13/mlp/act_fn/Constant_2,,Constant,13,mlp_non_projection,,,,,,,,,,,,,,,,graph-derived
4278,/model/layers.13/mlp/act_fn/Add_1,,Add,13,mlp_non_projection,,,,,,,,,,,,,,,,graph-derived
4279,/model/layers.13/mlp/act_fn/Mul_4,,Mul,13,mlp_non_projection,,,,,,,,,,,,,,,,graph-derived
4280,/model/layers.13/mlp/act_fn/Constant_3,,Constant,13,mlp_non_projection,,,,,,,,,,,,,,,,graph-derived
4281,/model/layers.13/mlp/act_fn/Mul_5,,Mul,13,mlp_non_projection,,,,,,,,,,,,,,,,graph-derived
4282,/model/layers.13/mlp/up_proj/MatMul,,MatMul,13,mlp_projection,up_proj,1152,6912,float,onnx::MatMul_10238,31850496,4608,27648,once_per_decode_token,model.onnx_data,2647412224,2647412224,1,0,1,graph-derived
4283,/model/layers.13/mlp/Mul,,Mul,13,mlp_non_projection,,,,,,,,,,,,,,,,graph-derived
4284,/model/layers.13/mlp/down_proj/MatMul,,MatMul,13,mlp_projection,down_proj,6912,1152,float,onnx::MatMul_10239,31850496,27648,4608,once_per_decode_token,model.onnx_data,2679262720,2679262720,2,0,3,graph-derived
4285,/model/layers.13/post_feedforward_layernorm/Cast,,Cast,13,other,,,,,,,,,,,,,,,,graph-derived
4286,/model/layers.13/post_feedforward_layernorm/Constant,,Constant,13,other,,,,,,,,,,,,,,,,graph-derived
4287,/model/layers.13/post_feedforward_layernorm/Pow,,Pow,13,other,,,,,,,,,,,,,,,,graph-derived
4288,/model/layers.13/post_feedforward_layernorm/ReduceMean,,ReduceMean,13,other,,,,,,,,,,,,,,,,graph-derived
4289,/model/layers.13/post_feedforward_layernorm/Constant_1,,Constant,13,other,,,,,,,,,,,,,,,,graph-derived
4290,/model/layers.13/post_feedforward_layernorm/Add,,Add,13,other,,,,,,,,,,,,,,,,graph-derived
4291,/model/layers.13/post_feedforward_layernorm/Sqrt,,Sqrt,13,other,,,,,,,,,,,,,,,,graph-derived
4292,/model/layers.13/post_feedforward_layernorm/Constant_2,,Constant,13,other,,,,,,,,,,,,,,,,graph-derived
4293,/model/layers.13/post_feedforward_layernorm/Div,,Div,13,other,,,,,,,,,,,,,,,,graph-derived
4294,/model/layers.13/post_feedforward_layernorm/Mul,,Mul,13,other,,,,,,,,,,,,,,,,graph-derived
4295,/model/layers.13/post_feedforward_layernorm/Mul_1,,Mul,13,other,,,,,,,,,,,,,,,,graph-derived
4296,/model/layers.13/Add_1,,Add,13,other,,,,,,,,,,,,,,,,graph-derived
4297,/model/layers.14/input_layernorm/Cast,,Cast,14,other,,,,,,,,,,,,,,,,graph-derived
4298,/model/layers.14/input_layernorm/Constant,,Constant,14,other,,,,,,,,,,,,,,,,graph-derived
4299,/model/layers.14/input_layernorm/Pow,,Pow,14,other,,,,,,,,,,,,,,,,graph-derived
4300,/model/layers.14/input_layernorm/ReduceMean,,ReduceMean,14,other,,,,,,,,,,,,,,,,graph-derived
4301,/model/layers.14/input_layernorm/Constant_1,,Constant,14,other,,,,,,,,,,,,,,,,graph-derived
4302,/model/layers.14/input_layernorm/Add,,Add,14,other,,,,,,,,,,,,,,,,graph-derived
4303,/model/layers.14/input_layernorm/Sqrt,,Sqrt,14,other,,,,,,,,,,,,,,,,graph-derived
4304,/model/layers.14/input_layernorm/Constant_2,,Constant,14,other,,,,,,,,,,,,,,,,graph-derived
4305,/model/layers.14/input_layernorm/Div,,Div,14,other,,,,,,,,,,,,,,,,graph-derived
4306,/model/layers.14/input_layernorm/Mul,,Mul,14,other,,,,,,,,,,,,,,,,graph-derived
4307,/model/layers.14/input_layernorm/Mul_1,,Mul,14,other,,,,,,,,,,,,,,,,graph-derived
4308,/model/layers.14/self_attn/Shape,,Shape,14,attention_non_projection,,,,,,,,,,,,,,,,graph-derived
4309,/model/layers.14/self_attn/Constant,,Constant,14,attention_non_projection,,,,,,,,,,,,,,,,graph-derived
4310,/model/layers.14/self_attn/Gather,,Gather,14,attention_non_projection,,,,,,,,,,,,,,,,graph-derived
4311,/model/layers.14/self_attn/Shape_1,,Shape,14,attention_non_projection,,,,,,,,,,,,,,,,graph-derived
4312,/model/layers.14/self_attn/Constant_1,,Constant,14,attention_non_projection,,,,,,,,,,,,,,,,graph-derived
4313,/model/layers.14/self_attn/Gather_1,,Gather,14,attention_non_projection,,,,,,,,,,,,,,,,graph-derived
4314,/model/layers.14/self_attn/q_proj/MatMul,,MatMul,14,attention_projection,q_proj,1152,1024,float,onnx::MatMul_10244,4718592,4608,4096,once_per_decode_token,model.onnx_data,2711122432,2711122432,0,3,2,graph-derived
4315,Constant_7053,,Constant,,other,,,,,,,,,,,,,,,,graph-derived
4316,/model/layers.14/self_attn/Unsqueeze,,Unsqueeze,14,attention_non_projection,,,,,,,,,,,,,,,,graph-derived
4317,Constant_7055,,Constant,,other,,,,,,,,,,,,,,,,graph-derived
4318,/model/layers.14/self_attn/Unsqueeze_1,,Unsqueeze,14,attention_non_projection,,,,,,,,,,,,,,,,graph-derived
4319,/model/layers.14/self_attn/Constant_2,,Constant,14,attention_non_projection,,,,,,,,,,,,,,,,graph-derived
4320,/model/layers.14/self_attn/Constant_3,,Constant,14,attention_non_projection,,,,,,,,,,,,,,,,graph-derived
4321,/model/layers.14/self_attn/Concat,,Concat,14,attention_non_projection,,,,,,,,,,,,,,,,graph-derived
4322,Constant_7060,,Constant,,other,,,,,,,,,,,,,,,,graph-derived
4323,/model/layers.14/self_attn/Unsqueeze_2,,Unsqueeze,14,attention_non_projection,,,,,,,,,,,,,,,,graph-derived
4324,Constant_7062,,Constant,,other,,,,,,,,,,,,,,,,graph-derived
4325,/model/layers.14/self_attn/Unsqueeze_3,,Unsqueeze,14,attention_non_projection,,,,,,,,,,,,,,,,graph-derived
4326,/model/layers.14/self_attn/Constant_4,,Constant,14,attention_non_projection,,,,,,,,,,,,,,,,graph-derived
4327,/model/layers.14/self_attn/Constant_5,,Constant,14,attention_non_projection,,,,,,,,,,,,,,,,graph-derived
4328,/model/layers.14/self_attn/Concat_1,,Concat,14,attention_non_projection,,,,,,,,,,,,,,,,graph-derived
4329,Constant_7067,,Constant,,other,,,,,,,,,,,,,,,,graph-derived
4330,/model/layers.14/self_attn/Unsqueeze_4,,Unsqueeze,14,attention_non_projection,,,,,,,,,,,,,,,,graph-derived
4331,Constant_7069,,Constant,,other,,,,,,,,,,,,,,,,graph-derived
4332,/model/layers.14/self_attn/Unsqueeze_5,,Unsqueeze,14,attention_non_projection,,,,,,,,,,,,,,,,graph-derived
4333,/model/layers.14/self_attn/Constant_6,,Constant,14,attention_non_projection,,,,,,,,,,,,,,,,graph-derived
4334,/model/layers.14/self_attn/Constant_7,,Constant,14,attention_non_projection,,,,,,,,,,,,,,,,graph-derived
4335,/model/layers.14/self_attn/Concat_2,,Concat,14,attention_non_projection,,,,,,,,,,,,,,,,graph-derived
4336,/model/layers.14/self_attn/Reshape,,Reshape,14,attention_non_projection,,,,,,,,,,,,,,,,graph-derived
4337,/model/layers.14/self_attn/Transpose,,Transpose,14,attention_non_projection,,,,,,,,,,,,,,,,graph-derived
4338,/model/layers.14/self_attn/k_proj/MatMul,,MatMul,14,attention_projection,k_proj,1152,256,float,onnx::MatMul_10251,1179648,4608,1024,once_per_decode_token,model.onnx_data,2715841024,2715841024,1,1,0,graph-derived
4339,/model/layers.14/self_attn/Reshape_1,,Reshape,14,attention_non_projection,,,,,,,,,,,,,,,,graph-derived
4340,/model/layers.14/self_attn/Transpose_1,,Transpose,14,attention_non_projection,,,,,,,,,,,,,,,,graph-derived
4341,/model/layers.14/self_attn/v_proj/MatMul,,MatMul,14,attention_projection,v_proj,1152,256,float,onnx::MatMul_10252,1179648,4608,1024,once_per_decode_token,model.onnx_data,2717020672,2717020672,2,3,2,graph-derived
4342,/model/layers.14/self_attn/Reshape_2,,Reshape,14,attention_non_projection,,,,,,,,,,,,,,,,graph-derived
4343,/model/layers.14/self_attn/Transpose_2,,Transpose,14,attention_non_projection,,,,,,,,,,,,,,,,graph-derived
4344,/model/layers.14/self_attn/q_norm/Cast,,Cast,14,attention_non_projection,,,,,,,,,,,,,,,,graph-derived
4345,/model/layers.14/self_attn/q_norm/Constant,,Constant,14,attention_non_projection,,,,,,,,,,,,,,,,graph-derived
4346,/model/layers.14/self_attn/q_norm/Pow,,Pow,14,attention_non_projection,,,,,,,,,,,,,,,,graph-derived
4347,/model/layers.14/self_attn/q_norm/ReduceMean,,ReduceMean,14,attention_non_projection,,,,,,,,,,,,,,,,graph-derived
4348,/model/layers.14/self_attn/q_norm/Constant_1,,Constant,14,attention_non_projection,,,,,,,,,,,,,,,,graph-derived
4349,/model/layers.14/self_attn/q_norm/Add,,Add,14,attention_non_projection,,,,,,,,,,,,,,,,graph-derived
4350,/model/layers.14/self_attn/q_norm/Sqrt,,Sqrt,14,attention_non_projection,,,,,,,,,,,,,,,,graph-derived
4351,/model/layers.14/self_attn/q_norm/Constant_2,,Constant,14,attention_non_projection,,,,,,,,,,,,,,,,graph-derived
4352,/model/layers.14/self_attn/q_norm/Div,,Div,14,attention_non_projection,,,,,,,,,,,,,,,,graph-derived
4353,/model/layers.14/self_attn/q_norm/Mul,,Mul,14,attention_non_projection,,,,,,,,,,,,,,,,graph-derived
4354,/model/layers.14/self_attn/q_norm/Mul_1,,Mul,14,attention_non_projection,,,,,,,,,,,,,,,,graph-derived
4355,/model/layers.14/self_attn/k_norm/Cast,,Cast,14,attention_non_projection,,,,,,,,,,,,,,,,graph-derived
4356,/model/layers.14/self_attn/k_norm/Constant,,Constant,14,attention_non_projection,,,,,,,,,,,,,,,,graph-derived
4357,/model/layers.14/self_attn/k_norm/Pow,,Pow,14,attention_non_projection,,,,,,,,,,,,,,,,graph-derived
4358,/model/layers.14/self_attn/k_norm/ReduceMean,,ReduceMean,14,attention_non_projection,,,,,,,,,,,,,,,,graph-derived
4359,/model/layers.14/self_attn/k_norm/Constant_1,,Constant,14,attention_non_projection,,,,,,,,,,,,,,,,graph-derived
4360,/model/layers.14/self_attn/k_norm/Add,,Add,14,attention_non_projection,,,,,,,,,,,,,,,,graph-derived
4361,/model/layers.14/self_attn/k_norm/Sqrt,,Sqrt,14,attention_non_projection,,,,,,,,,,,,,,,,graph-derived
4362,/model/layers.14/self_attn/k_norm/Constant_2,,Constant,14,attention_non_projection,,,,,,,,,,,,,,,,graph-derived
4363,/model/layers.14/self_attn/k_norm/Div,,Div,14,attention_non_projection,,,,,,,,,,,,,,,,graph-derived
4364,/model/layers.14/self_attn/k_norm/Mul,,Mul,14,attention_non_projection,,,,,,,,,,,,,,,,graph-derived
4365,/model/layers.14/self_attn/k_norm/Mul_1,,Mul,14,attention_non_projection,,,,,,,,,,,,,,,,graph-derived
4366,/model/layers.14/self_attn/Mul,,Mul,14,attention_non_projection,,,,,,,,,,,,,,,,graph-derived
4367,/model/layers.14/self_attn/Shape_2,,Shape,14,attention_non_projection,,,,,,,,,,,,,,,,graph-derived
4368,/model/layers.14/self_attn/Constant_8,,Constant,14,attention_non_projection,,,,,,,,,,,,,,,,graph-derived
4369,/model/layers.14/self_attn/Gather_2,,Gather,14,attention_non_projection,,,,,,,,,,,,,,,,graph-derived
4370,/model/layers.14/self_attn/Constant_9,,Constant,14,attention_non_projection,,,,,,,,,,,,,,,,graph-derived
4371,/model/layers.14/self_attn/Div,,Div,14,attention_non_projection,,,,,,,,,,,,,,,,graph-derived
4372,/model/layers.14/self_attn/Cast,,Cast,14,attention_non_projection,,,,,,,,,,,,,,,,graph-derived
4373,/model/layers.14/self_attn/Cast_1,,Cast,14,attention_non_projection,,,,,,,,,,,,,,,,graph-derived
4374,/model/layers.14/self_attn/Constant_10,,Constant,14,attention_non_projection,,,,,,,,,,,,,,,,graph-derived
4375,/model/layers.14/self_attn/Constant_11,,Constant,14,attention_non_projection,,,,,,,,,,,,,,,,graph-derived
4376,/model/layers.14/self_attn/Constant_12,,Constant,14,attention_non_projection,,,,,,,,,,,,,,,,graph-derived
4377,/model/layers.14/self_attn/Unsqueeze_6,,Unsqueeze,14,attention_non_projection,,,,,,,,,,,,,,,,graph-derived
4378,/model/layers.14/self_attn/Constant_13,,Constant,14,attention_non_projection,,,,,,,,,,,,,,,,graph-derived
4379,/model/layers.14/self_attn/Slice,,Slice,14,attention_non_projection,,,,,,,,,,,,,,,,graph-derived
4380,/model/layers.14/self_attn/Constant_14,,Constant,14,attention_non_projection,,,,,,,,,,,,,,,,graph-derived
4381,/model/layers.14/self_attn/Constant_15,,Constant,14,attention_non_projection,,,,,,,,,,,,,,,,graph-derived
4382,/model/layers.14/self_attn/Unsqueeze_7,,Unsqueeze,14,attention_non_projection,,,,,,,,,,,,,,,,graph-derived
4383,/model/layers.14/self_attn/Constant_16,,Constant,14,attention_non_projection,,,,,,,,,,,,,,,,graph-derived
4384,/model/layers.14/self_attn/Constant_17,,Constant,14,attention_non_projection,,,,,,,,,,,,,,,,graph-derived
4385,/model/layers.14/self_attn/Slice_1,,Slice,14,attention_non_projection,,,,,,,,,,,,,,,,graph-derived
4386,/model/layers.14/self_attn/Neg,,Neg,14,attention_non_projection,,,,,,,,,,,,,,,,graph-derived
4387,/model/layers.14/self_attn/Concat_3,,Concat,14,attention_non_projection,,,,,,,,,,,,,,,,graph-derived
4388,/model/layers.14/self_attn/Mul_1,,Mul,14,attention_non_projection,,,,,,,,,,,,,,,,graph-derived
4389,/model/layers.14/self_attn/Add,,Add,14,attention_non_projection,,,,,,,,,,,,,,,,graph-derived
4390,/model/layers.14/self_attn/Mul_2,,Mul,14,attention_non_projection,,,,,,,,,,,,,,,,graph-derived
4391,/model/layers.14/self_attn/Shape_3,,Shape,14,attention_non_projection,,,,,,,,,,,,,,,,graph-derived
4392,/model/layers.14/self_attn/Constant_18,,Constant,14,attention_non_projection,,,,,,,,,,,,,,,,graph-derived
4393,/model/layers.14/self_attn/Gather_3,,Gather,14,attention_non_projection,,,,,,,,,,,,,,,,graph-derived
4394,/model/layers.14/self_attn/Constant_19,,Constant,14,attention_non_projection,,,,,,,,,,,,,,,,graph-derived
4395,/model/layers.14/self_attn/Div_1,,Div,14,attention_non_projection,,,,,,,,,,,,,,,,graph-derived
4396,/model/layers.14/self_attn/Cast_2,,Cast,14,attention_non_projection,,,,,,,,,,,,,,,,graph-derived
4397,/model/layers.14/self_attn/Cast_3,,Cast,14,attention_non_projection,,,,,,,,,,,,,,,,graph-derived
4398,/model/layers.14/self_attn/Constant_20,,Constant,14,attention_non_projection,,,,,,,,,,,,,,,,graph-derived
4399,/model/layers.14/self_attn/Constant_21,,Constant,14,attention_non_projection,,,,,,,,,,,,,,,,graph-derived
4400,/model/layers.14/self_attn/Constant_22,,Constant,14,attention_non_projection,,,,,,,,,,,,,,,,graph-derived
4401,/model/layers.14/self_attn/Unsqueeze_8,,Unsqueeze,14,attention_non_projection,,,,,,,,,,,,,,,,graph-derived
4402,/model/layers.14/self_attn/Constant_23,,Constant,14,attention_non_projection,,,,,,,,,,,,,,,,graph-derived
4403,/model/layers.14/self_attn/Slice_2,,Slice,14,attention_non_projection,,,,,,,,,,,,,,,,graph-derived
4404,/model/layers.14/self_attn/Constant_24,,Constant,14,attention_non_projection,,,,,,,,,,,,,,,,graph-derived
4405,/model/layers.14/self_attn/Constant_25,,Constant,14,attention_non_projection,,,,,,,,,,,,,,,,graph-derived
4406,/model/layers.14/self_attn/Unsqueeze_9,,Unsqueeze,14,attention_non_projection,,,,,,,,,,,,,,,,graph-derived
4407,/model/layers.14/self_attn/Constant_26,,Constant,14,attention_non_projection,,,,,,,,,,,,,,,,graph-derived
4408,/model/layers.14/self_attn/Constant_27,,Constant,14,attention_non_projection,,,,,,,,,,,,,,,,graph-derived
4409,/model/layers.14/self_attn/Slice_3,,Slice,14,attention_non_projection,,,,,,,,,,,,,,,,graph-derived
4410,/model/layers.14/self_attn/Neg_1,,Neg,14,attention_non_projection,,,,,,,,,,,,,,,,graph-derived
4411,/model/layers.14/self_attn/Concat_4,,Concat,14,attention_non_projection,,,,,,,,,,,,,,,,graph-derived
4412,/model/layers.14/self_attn/Mul_3,,Mul,14,attention_non_projection,,,,,,,,,,,,,,,,graph-derived
4413,/model/layers.14/self_attn/Add_1,,Add,14,attention_non_projection,,,,,,,,,,,,,,,,graph-derived
4414,/model/layers.14/self_attn/Concat_5,,Concat,14,attention_non_projection,,,,,,,,,,,,,,,,graph-derived
4415,/model/layers.14/self_attn/Concat_6,,Concat,14,attention_non_projection,,,,,,,,,,,,,,,,graph-derived
4416,/model/layers.14/self_attn/Shape_4,,Shape,14,attention_non_projection,,,,,,,,,,,,,,,,graph-derived
4417,/model/layers.14/self_attn/Constant_28,,Constant,14,attention_non_projection,,,,,,,,,,,,,,,,graph-derived
4418,/model/layers.14/self_attn/Gather_4,,Gather,14,attention_non_projection,,,,,,,,,,,,,,,,graph-derived
4419,/model/layers.14/self_attn/Shape_5,,Shape,14,attention_non_projection,,,,,,,,,,,,,,,,graph-derived
4420,/model/layers.14/self_attn/Constant_29,,Constant,14,attention_non_projection,,,,,,,,,,,,,,,,graph-derived
4421,/model/layers.14/self_attn/Gather_5,,Gather,14,attention_non_projection,,,,,,,,,,,,,,,,graph-derived
4422,/model/layers.14/self_attn/Shape_6,,Shape,14,attention_non_projection,,,,,,,,,,,,,,,,graph-derived
4423,/model/layers.14/self_attn/Constant_30,,Constant,14,attention_non_projection,,,,,,,,,,,,,,,,graph-derived
4424,/model/layers.14/self_attn/Gather_6,,Gather,14,attention_non_projection,,,,,,,,,,,,,,,,graph-derived
4425,/model/layers.14/self_attn/Shape_7,,Shape,14,attention_non_projection,,,,,,,,,,,,,,,,graph-derived
4426,/model/layers.14/self_attn/Constant_31,,Constant,14,attention_non_projection,,,,,,,,,,,,,,,,graph-derived
4427,/model/layers.14/self_attn/Gather_7,,Gather,14,attention_non_projection,,,,,,,,,,,,,,,,graph-derived
4428,/model/layers.14/self_attn/Constant_32,,Constant,14,attention_non_projection,,,,,,,,,,,,,,,,graph-derived
4429,/model/layers.14/self_attn/Unsqueeze_10,,Unsqueeze,14,attention_non_projection,,,,,,,,,,,,,,,,graph-derived
4430,/model/layers.14/self_attn/Constant_33,,Constant,14,attention_non_projection,,,,,,,,,,,,,,,,graph-derived
4431,/model/layers.14/self_attn/Unsqueeze_11,,Unsqueeze,14,attention_non_projection,,,,,,,,,,,,,,,,graph-derived
4432,/model/layers.14/self_attn/Constant_34,,Constant,14,attention_non_projection,,,,,,,,,,,,,,,,graph-derived
4433,/model/layers.14/self_attn/Unsqueeze_12,,Unsqueeze,14,attention_non_projection,,,,,,,,,,,,,,,,graph-derived
4434,/model/layers.14/self_attn/Constant_35,,Constant,14,attention_non_projection,,,,,,,,,,,,,,,,graph-derived
4435,/model/layers.14/self_attn/Constant_36,,Constant,14,attention_non_projection,,,,,,,,,,,,,,,,graph-derived
4436,/model/layers.14/self_attn/Unsqueeze_13,,Unsqueeze,14,attention_non_projection,,,,,,,,,,,,,,,,graph-derived
4437,/model/layers.14/self_attn/Constant_37,,Constant,14,attention_non_projection,,,,,,,,,,,,,,,,graph-derived
4438,/model/layers.14/self_attn/Unsqueeze_14,,Unsqueeze,14,attention_non_projection,,,,,,,,,,,,,,,,graph-derived
4439,/model/layers.14/self_attn/Concat_7,,Concat,14,attention_non_projection,,,,,,,,,,,,,,,,graph-derived
4440,/model/layers.14/self_attn/Constant_38,,Constant,14,attention_non_projection,,,,,,,,,,,,,,,,graph-derived
4441,/model/layers.14/self_attn/Reshape_3,,Reshape,14,attention_non_projection,,,,,,,,,,,,,,,,graph-derived
4442,/model/layers.14/self_attn/Shape_8,,Shape,14,attention_non_projection,,,,,,,,,,,,,,,,graph-derived
4443,/model/layers.14/self_attn/ConstantOfShape,,ConstantOfShape,14,attention_non_projection,,,,,,,,,,,,,,,,graph-derived
4444,/model/layers.14/self_attn/Constant_39,,Constant,14,attention_non_projection,,,,,,,,,,,,,,,,graph-derived
4445,/model/layers.14/self_attn/Mul_4,,Mul,14,attention_non_projection,,,,,,,,,,,,,,,,graph-derived
4446,/model/layers.14/self_attn/Equal,,Equal,14,attention_non_projection,,,,,,,,,,,,,,,,graph-derived
4447,/model/layers.14/self_attn/Where,,Where,14,attention_non_projection,,,,,,,,,,,,,,,,graph-derived
4448,/model/layers.14/self_attn/Expand,,Expand,14,attention_non_projection,,,,,,,,,,,,,,,,graph-derived
4449,/model/layers.14/self_attn/Constant_40,,Constant,14,attention_non_projection,,,,,,,,,,,,,,,,graph-derived
4450,/model/layers.14/self_attn/Mul_5,,Mul,14,attention_non_projection,,,,,,,,,,,,,,,,graph-derived
4451,Constant_7189,,Constant,,other,,,,,,,,,,,,,,,,graph-derived
4452,/model/layers.14/self_attn/Unsqueeze_15,,Unsqueeze,14,attention_non_projection,,,,,,,,,,,,,,,,graph-derived
4453,Constant_7191,,Constant,,other,,,,,,,,,,,,,,,,graph-derived
4454,/model/layers.14/self_attn/Unsqueeze_16,,Unsqueeze,14,attention_non_projection,,,,,,,,,,,,,,,,graph-derived
4455,Constant_7193,,Constant,,other,,,,,,,,,,,,,,,,graph-derived
4456,/model/layers.14/self_attn/Unsqueeze_17,,Unsqueeze,14,attention_non_projection,,,,,,,,,,,,,,,,graph-derived
4457,Constant_7195,,Constant,,other,,,,,,,,,,,,,,,,graph-derived
4458,/model/layers.14/self_attn/Unsqueeze_18,,Unsqueeze,14,attention_non_projection,,,,,,,,,,,,,,,,graph-derived
4459,/model/layers.14/self_attn/Concat_8,,Concat,14,attention_non_projection,,,,,,,,,,,,,,,,graph-derived
4460,/model/layers.14/self_attn/Reshape_4,,Reshape,14,attention_non_projection,,,,,,,,,,,,,,,,graph-derived
4461,/model/layers.14/self_attn/Shape_9,,Shape,14,attention_non_projection,,,,,,,,,,,,,,,,graph-derived
4462,/model/layers.14/self_attn/Constant_41,,Constant,14,attention_non_projection,,,,,,,,,,,,,,,,graph-derived
4463,/model/layers.14/self_attn/Gather_8,,Gather,14,attention_non_projection,,,,,,,,,,,,,,,,graph-derived
4464,/model/layers.14/self_attn/Shape_10,,Shape,14,attention_non_projection,,,,,,,,,,,,,,,,graph-derived
4465,/model/layers.14/self_attn/Constant_42,,Constant,14,attention_non_projection,,,,,,,,,,,,,,,,graph-derived
4466,/model/layers.14/self_attn/Gather_9,,Gather,14,attention_non_projection,,,,,,,,,,,,,,,,graph-derived
4467,/model/layers.14/self_attn/Shape_11,,Shape,14,attention_non_projection,,,,,,,,,,,,,,,,graph-derived
4468,/model/layers.14/self_attn/Constant_43,,Constant,14,attention_non_projection,,,,,,,,,,,,,,,,graph-derived
4469,/model/layers.14/self_attn/Gather_10,,Gather,14,attention_non_projection,,,,,,,,,,,,,,,,graph-derived
4470,/model/layers.14/self_attn/Shape_12,,Shape,14,attention_non_projection,,,,,,,,,,,,,,,,graph-derived
4471,/model/layers.14/self_attn/Constant_44,,Constant,14,attention_non_projection,,,,,,,,,,,,,,,,graph-derived
4472,/model/layers.14/self_attn/Gather_11,,Gather,14,attention_non_projection,,,,,,,,,,,,,,,,graph-derived
4473,/model/layers.14/self_attn/Constant_45,,Constant,14,attention_non_projection,,,,,,,,,,,,,,,,graph-derived
4474,/model/layers.14/self_attn/Unsqueeze_19,,Unsqueeze,14,attention_non_projection,,,,,,,,,,,,,,,,graph-derived
4475,/model/layers.14/self_attn/Constant_46,,Constant,14,attention_non_projection,,,,,,,,,,,,,,,,graph-derived
4476,/model/layers.14/self_attn/Unsqueeze_20,,Unsqueeze,14,attention_non_projection,,,,,,,,,,,,,,,,graph-derived
4477,/model/layers.14/self_attn/Constant_47,,Constant,14,attention_non_projection,,,,,,,,,,,,,,,,graph-derived
4478,/model/layers.14/self_attn/Unsqueeze_21,,Unsqueeze,14,attention_non_projection,,,,,,,,,,,,,,,,graph-derived
4479,/model/layers.14/self_attn/Constant_48,,Constant,14,attention_non_projection,,,,,,,,,,,,,,,,graph-derived
4480,/model/layers.14/self_attn/Constant_49,,Constant,14,attention_non_projection,,,,,,,,,,,,,,,,graph-derived
4481,/model/layers.14/self_attn/Unsqueeze_22,,Unsqueeze,14,attention_non_projection,,,,,,,,,,,,,,,,graph-derived
4482,/model/layers.14/self_attn/Constant_50,,Constant,14,attention_non_projection,,,,,,,,,,,,,,,,graph-derived
4483,/model/layers.14/self_attn/Unsqueeze_23,,Unsqueeze,14,attention_non_projection,,,,,,,,,,,,,,,,graph-derived
4484,/model/layers.14/self_attn/Concat_9,,Concat,14,attention_non_projection,,,,,,,,,,,,,,,,graph-derived
4485,/model/layers.14/self_attn/Constant_51,,Constant,14,attention_non_projection,,,,,,,,,,,,,,,,graph-derived
4486,/model/layers.14/self_attn/Reshape_5,,Reshape,14,attention_non_projection,,,,,,,,,,,,,,,,graph-derived
4487,/model/layers.14/self_attn/Shape_13,,Shape,14,attention_non_projection,,,,,,,,,,,,,,,,graph-derived
4488,/model/layers.14/self_attn/ConstantOfShape_1,,ConstantOfShape,14,attention_non_projection,,,,,,,,,,,,,,,,graph-derived
4489,/model/layers.14/self_attn/Constant_52,,Constant,14,attention_non_projection,,,,,,,,,,,,,,,,graph-derived
4490,/model/layers.14/self_attn/Mul_6,,Mul,14,attention_non_projection,,,,,,,,,,,,,,,,graph-derived
4491,/model/layers.14/self_attn/Equal_1,,Equal,14,attention_non_projection,,,,,,,,,,,,,,,,graph-derived
4492,/model/layers.14/self_attn/Where_1,,Where,14,attention_non_projection,,,,,,,,,,,,,,,,graph-derived
4493,/model/layers.14/self_attn/Expand_1,,Expand,14,attention_non_projection,,,,,,,,,,,,,,,,graph-derived
4494,/model/layers.14/self_attn/Constant_53,,Constant,14,attention_non_projection,,,,,,,,,,,,,,,,graph-derived
4495,/model/layers.14/self_attn/Mul_7,,Mul,14,attention_non_projection,,,,,,,,,,,,,,,,graph-derived
4496,Constant_7234,,Constant,,other,,,,,,,,,,,,,,,,graph-derived
4497,/model/layers.14/self_attn/Unsqueeze_24,,Unsqueeze,14,attention_non_projection,,,,,,,,,,,,,,,,graph-derived
4498,Constant_7236,,Constant,,other,,,,,,,,,,,,,,,,graph-derived
4499,/model/layers.14/self_attn/Unsqueeze_25,,Unsqueeze,14,attention_non_projection,,,,,,,,,,,,,,,,graph-derived
4500,Constant_7238,,Constant,,other,,,,,,,,,,,,,,,,graph-derived
4501,/model/layers.14/self_attn/Unsqueeze_26,,Unsqueeze,14,attention_non_projection,,,,,,,,,,,,,,,,graph-derived
4502,Constant_7240,,Constant,,other,,,,,,,,,,,,,,,,graph-derived
4503,/model/layers.14/self_attn/Unsqueeze_27,,Unsqueeze,14,attention_non_projection,,,,,,,,,,,,,,,,graph-derived
4504,/model/layers.14/self_attn/Concat_10,,Concat,14,attention_non_projection,,,,,,,,,,,,,,,,graph-derived
4505,/model/layers.14/self_attn/Reshape_6,,Reshape,14,attention_non_projection,,,,,,,,,,,,,,,,graph-derived
4506,/model/layers.14/self_attn/Shape_14,,Shape,14,attention_non_projection,,,,,,,,,,,,,,,,graph-derived
4507,/model/layers.14/self_attn/Constant_54,,Constant,14,attention_non_projection,,,,,,,,,,,,,,,,graph-derived
4508,/model/layers.14/self_attn/Gather_12,,Gather,14,attention_non_projection,,,,,,,,,,,,,,,,graph-derived
4509,/model/layers.14/self_attn/Constant_55,,Constant,14,attention_non_projection,,,,,,,,,,,,,,,,graph-derived
4510,/model/layers.14/self_attn/Constant_56,,Constant,14,attention_non_projection,,,,,,,,,,,,,,,,graph-derived
4511,/model/layers.14/self_attn/Constant_57,,Constant,14,attention_non_projection,,,,,,,,,,,,,,,,graph-derived
4512,/model/layers.14/self_attn/Unsqueeze_28,,Unsqueeze,14,attention_non_projection,,,,,,,,,,,,,,,,graph-derived
4513,/model/layers.14/self_attn/Constant_58,,Constant,14,attention_non_projection,,,,,,,,,,,,,,,,graph-derived
4514,/model/layers.14/self_attn/Slice_4,,Slice,14,attention_non_projection,,,,,,,,,,,,,,,,graph-derived
4515,/model/layers.14/self_attn/Transpose_3,,Transpose,14,attention_non_projection,,,,,,,,,,,,,,,,graph-derived
4516,/model/layers.14/self_attn/Constant_59,,Constant,14,attention_non_projection,,,,,,,,,,,,,,,,graph-derived
4517,/model/layers.14/self_attn/Mul_8,,Mul,14,attention_non_projection,,,,,,,,,,,,,,,,graph-derived
4518,/model/layers.14/self_attn/Constant_60,,Constant,14,attention_non_projection,,,,,,,,,,,,,,,,graph-derived
4519,/model/layers.14/self_attn/Mul_9,,Mul,14,attention_non_projection,,,,,,,,,,,,,,,,graph-derived
4520,/model/layers.14/self_attn/MatMul,,MatMul,14,attention_non_projection,,,,,,,,,,,,,,,,graph-derived
4521,/model/layers.14/self_attn/Constant_61,,Constant,14,attention_non_projection,,,,,,,,,,,,,,,,graph-derived
4522,/model/layers.14/self_attn/Constant_62,,Constant,14,attention_non_projection,,,,,,,,,,,,,,,,graph-derived
4523,/model/layers.14/self_attn/Where_2,,Where,14,attention_non_projection,,,,,,,,,,,,,,,,graph-derived
4524,/model/layers.14/self_attn/Add_2,,Add,14,attention_non_projection,,,,,,,,,,,,,,,,graph-derived
4525,/model/layers.14/self_attn/Softmax,,Softmax,14,attention_non_projection,,,,,,,,,,,,,,,,graph-derived
4526,/model/layers.14/self_attn/IsNaN,,IsNaN,14,attention_non_projection,,,,,,,,,,,,,,,,graph-derived
4527,/model/layers.14/self_attn/Constant_63,,Constant,14,attention_non_projection,,,,,,,,,,,,,,,,graph-derived
4528,/model/layers.14/self_attn/Where_3,,Where,14,attention_non_projection,,,,,,,,,,,,,,,,graph-derived
4529,/model/layers.14/self_attn/MatMul_1,,MatMul,14,attention_non_projection,,,,,,,,,,,,,,,,graph-derived
4530,/model/layers.14/self_attn/Transpose_4,,Transpose,14,attention_non_projection,,,,,,,,,,,,,,,,graph-derived
4531,Constant_7269,,Constant,,other,,,,,,,,,,,,,,,,graph-derived
4532,/model/layers.14/self_attn/Unsqueeze_29,,Unsqueeze,14,attention_non_projection,,,,,,,,,,,,,,,,graph-derived
4533,Constant_7271,,Constant,,other,,,,,,,,,,,,,,,,graph-derived
4534,/model/layers.14/self_attn/Unsqueeze_30,,Unsqueeze,14,attention_non_projection,,,,,,,,,,,,,,,,graph-derived
4535,/model/layers.14/self_attn/Constant_64,,Constant,14,attention_non_projection,,,,,,,,,,,,,,,,graph-derived
4536,/model/layers.14/self_attn/Concat_11,,Concat,14,attention_non_projection,,,,,,,,,,,,,,,,graph-derived
4537,/model/layers.14/self_attn/Reshape_7,,Reshape,14,attention_non_projection,,,,,,,,,,,,,,,,graph-derived
4538,/model/layers.14/self_attn/o_proj/MatMul,,MatMul,14,attention_projection,o_proj,1024,1152,float,onnx::MatMul_10279,4718592,4096,4608,once_per_decode_token,model.onnx_data,2718202368,2718202368,3,1,0,graph-derived
4539,/model/layers.14/post_attention_layernorm/Cast,,Cast,14,other,,,,,,,,,,,,,,,,graph-derived
4540,/model/layers.14/post_attention_layernorm/Constant,,Constant,14,other,,,,,,,,,,,,,,,,graph-derived
4541,/model/layers.14/post_attention_layernorm/Pow,,Pow,14,other,,,,,,,,,,,,,,,,graph-derived
4542,/model/layers.14/post_attention_layernorm/ReduceMean,,ReduceMean,14,other,,,,,,,,,,,,,,,,graph-derived
4543,/model/layers.14/post_attention_layernorm/Constant_1,,Constant,14,other,,,,,,,,,,,,,,,,graph-derived
4544,/model/layers.14/post_attention_layernorm/Add,,Add,14,other,,,,,,,,,,,,,,,,graph-derived
4545,/model/layers.14/post_attention_layernorm/Sqrt,,Sqrt,14,other,,,,,,,,,,,,,,,,graph-derived
4546,/model/layers.14/post_attention_layernorm/Constant_2,,Constant,14,other,,,,,,,,,,,,,,,,graph-derived
4547,/model/layers.14/post_attention_layernorm/Div,,Div,14,other,,,,,,,,,,,,,,,,graph-derived
4548,/model/layers.14/post_attention_layernorm/Mul,,Mul,14,other,,,,,,,,,,,,,,,,graph-derived
4549,/model/layers.14/post_attention_layernorm/Mul_1,,Mul,14,other,,,,,,,,,,,,,,,,graph-derived
4550,/model/layers.14/Add,,Add,14,other,,,,,,,,,,,,,,,,graph-derived
4551,/model/layers.14/pre_feedforward_layernorm/Cast,,Cast,14,other,,,,,,,,,,,,,,,,graph-derived
4552,/model/layers.14/pre_feedforward_layernorm/Constant,,Constant,14,other,,,,,,,,,,,,,,,,graph-derived
4553,/model/layers.14/pre_feedforward_layernorm/Pow,,Pow,14,other,,,,,,,,,,,,,,,,graph-derived
4554,/model/layers.14/pre_feedforward_layernorm/ReduceMean,,ReduceMean,14,other,,,,,,,,,,,,,,,,graph-derived
4555,/model/layers.14/pre_feedforward_layernorm/Constant_1,,Constant,14,other,,,,,,,,,,,,,,,,graph-derived
4556,/model/layers.14/pre_feedforward_layernorm/Add,,Add,14,other,,,,,,,,,,,,,,,,graph-derived
4557,/model/layers.14/pre_feedforward_layernorm/Sqrt,,Sqrt,14,other,,,,,,,,,,,,,,,,graph-derived
4558,/model/layers.14/pre_feedforward_layernorm/Constant_2,,Constant,14,other,,,,,,,,,,,,,,,,graph-derived
4559,/model/layers.14/pre_feedforward_layernorm/Div,,Div,14,other,,,,,,,,,,,,,,,,graph-derived
4560,/model/layers.14/pre_feedforward_layernorm/Mul,,Mul,14,other,,,,,,,,,,,,,,,,graph-derived
4561,/model/layers.14/pre_feedforward_layernorm/Mul_1,,Mul,14,other,,,,,,,,,,,,,,,,graph-derived
4562,/model/layers.14/mlp/gate_proj/MatMul,,MatMul,14,mlp_projection,gate_proj,1152,6912,float,onnx::MatMul_10284,31850496,4608,27648,once_per_decode_token,model.onnx_data,2722930176,2722930176,0,2,2,graph-derived
4563,/model/layers.14/mlp/act_fn/Mul,,Mul,14,mlp_non_projection,,,,,,,,,,,,,,,,graph-derived
4564,/model/layers.14/mlp/act_fn/Mul_1,,Mul,14,mlp_non_projection,,,,,,,,,,,,,,,,graph-derived
4565,/model/layers.14/mlp/act_fn/Constant,,Constant,14,mlp_non_projection,,,,,,,,,,,,,,,,graph-derived
4566,/model/layers.14/mlp/act_fn/Mul_2,,Mul,14,mlp_non_projection,,,,,,,,,,,,,,,,graph-derived
4567,/model/layers.14/mlp/act_fn/Add,,Add,14,mlp_non_projection,,,,,,,,,,,,,,,,graph-derived
4568,/model/layers.14/mlp/act_fn/Constant_1,,Constant,14,mlp_non_projection,,,,,,,,,,,,,,,,graph-derived
4569,/model/layers.14/mlp/act_fn/Mul_3,,Mul,14,mlp_non_projection,,,,,,,,,,,,,,,,graph-derived
4570,/model/layers.14/mlp/act_fn/Tanh,,Tanh,14,mlp_non_projection,,,,,,,,,,,,,,,,graph-derived
4571,/model/layers.14/mlp/act_fn/Constant_2,,Constant,14,mlp_non_projection,,,,,,,,,,,,,,,,graph-derived
4572,/model/layers.14/mlp/act_fn/Add_1,,Add,14,mlp_non_projection,,,,,,,,,,,,,,,,graph-derived
4573,/model/layers.14/mlp/act_fn/Mul_4,,Mul,14,mlp_non_projection,,,,,,,,,,,,,,,,graph-derived
4574,/model/layers.14/mlp/act_fn/Constant_3,,Constant,14,mlp_non_projection,,,,,,,,,,,,,,,,graph-derived
4575,/model/layers.14/mlp/act_fn/Mul_5,,Mul,14,mlp_non_projection,,,,,,,,,,,,,,,,graph-derived
4576,/model/layers.14/mlp/up_proj/MatMul,,MatMul,14,mlp_projection,up_proj,1152,6912,float,onnx::MatMul_10285,31850496,4608,27648,once_per_decode_token,model.onnx_data,2754780672,2754780672,1,2,0,graph-derived
4577,/model/layers.14/mlp/Mul,,Mul,14,mlp_non_projection,,,,,,,,,,,,,,,,graph-derived
4578,/model/layers.14/mlp/down_proj/MatMul,,MatMul,14,mlp_projection,down_proj,6912,1152,float,onnx::MatMul_10286,31850496,27648,4608,once_per_decode_token,model.onnx_data,2786631168,2786631168,2,1,2,graph-derived
4579,/model/layers.14/post_feedforward_layernorm/Cast,,Cast,14,other,,,,,,,,,,,,,,,,graph-derived
4580,/model/layers.14/post_feedforward_layernorm/Constant,,Constant,14,other,,,,,,,,,,,,,,,,graph-derived
4581,/model/layers.14/post_feedforward_layernorm/Pow,,Pow,14,other,,,,,,,,,,,,,,,,graph-derived
4582,/model/layers.14/post_feedforward_layernorm/ReduceMean,,ReduceMean,14,other,,,,,,,,,,,,,,,,graph-derived
4583,/model/layers.14/post_feedforward_layernorm/Constant_1,,Constant,14,other,,,,,,,,,,,,,,,,graph-derived
4584,/model/layers.14/post_feedforward_layernorm/Add,,Add,14,other,,,,,,,,,,,,,,,,graph-derived
4585,/model/layers.14/post_feedforward_layernorm/Sqrt,,Sqrt,14,other,,,,,,,,,,,,,,,,graph-derived
4586,/model/layers.14/post_feedforward_layernorm/Constant_2,,Constant,14,other,,,,,,,,,,,,,,,,graph-derived
4587,/model/layers.14/post_feedforward_layernorm/Div,,Div,14,other,,,,,,,,,,,,,,,,graph-derived
4588,/model/layers.14/post_feedforward_layernorm/Mul,,Mul,14,other,,,,,,,,,,,,,,,,graph-derived
4589,/model/layers.14/post_feedforward_layernorm/Mul_1,,Mul,14,other,,,,,,,,,,,,,,,,graph-derived
4590,/model/layers.14/Add_1,,Add,14,other,,,,,,,,,,,,,,,,graph-derived
4591,/model/layers.15/input_layernorm/Cast,,Cast,15,other,,,,,,,,,,,,,,,,graph-derived
4592,/model/layers.15/input_layernorm/Constant,,Constant,15,other,,,,,,,,,,,,,,,,graph-derived
4593,/model/layers.15/input_layernorm/Pow,,Pow,15,other,,,,,,,,,,,,,,,,graph-derived
4594,/model/layers.15/input_layernorm/ReduceMean,,ReduceMean,15,other,,,,,,,,,,,,,,,,graph-derived
4595,/model/layers.15/input_layernorm/Constant_1,,Constant,15,other,,,,,,,,,,,,,,,,graph-derived
4596,/model/layers.15/input_layernorm/Add,,Add,15,other,,,,,,,,,,,,,,,,graph-derived
4597,/model/layers.15/input_layernorm/Sqrt,,Sqrt,15,other,,,,,,,,,,,,,,,,graph-derived
4598,/model/layers.15/input_layernorm/Constant_2,,Constant,15,other,,,,,,,,,,,,,,,,graph-derived
4599,/model/layers.15/input_layernorm/Div,,Div,15,other,,,,,,,,,,,,,,,,graph-derived
4600,/model/layers.15/input_layernorm/Mul,,Mul,15,other,,,,,,,,,,,,,,,,graph-derived
4601,/model/layers.15/input_layernorm/Mul_1,,Mul,15,other,,,,,,,,,,,,,,,,graph-derived
4602,/model/layers.15/self_attn/Shape,,Shape,15,attention_non_projection,,,,,,,,,,,,,,,,graph-derived
4603,/model/layers.15/self_attn/Constant,,Constant,15,attention_non_projection,,,,,,,,,,,,,,,,graph-derived
4604,/model/layers.15/self_attn/Gather,,Gather,15,attention_non_projection,,,,,,,,,,,,,,,,graph-derived
4605,/model/layers.15/self_attn/Shape_1,,Shape,15,attention_non_projection,,,,,,,,,,,,,,,,graph-derived
4606,/model/layers.15/self_attn/Constant_1,,Constant,15,attention_non_projection,,,,,,,,,,,,,,,,graph-derived
4607,/model/layers.15/self_attn/Gather_1,,Gather,15,attention_non_projection,,,,,,,,,,,,,,,,graph-derived
4608,/model/layers.15/self_attn/q_proj/MatMul,,MatMul,15,attention_projection,q_proj,1152,1024,float,onnx::MatMul_10291,4718592,4608,4096,once_per_decode_token,model.onnx_data,2818490880,2818490880,0,0,1,graph-derived
4609,Constant_7347,,Constant,,other,,,,,,,,,,,,,,,,graph-derived
4610,/model/layers.15/self_attn/Unsqueeze,,Unsqueeze,15,attention_non_projection,,,,,,,,,,,,,,,,graph-derived
4611,Constant_7349,,Constant,,other,,,,,,,,,,,,,,,,graph-derived
4612,/model/layers.15/self_attn/Unsqueeze_1,,Unsqueeze,15,attention_non_projection,,,,,,,,,,,,,,,,graph-derived
4613,/model/layers.15/self_attn/Constant_2,,Constant,15,attention_non_projection,,,,,,,,,,,,,,,,graph-derived
4614,/model/layers.15/self_attn/Constant_3,,Constant,15,attention_non_projection,,,,,,,,,,,,,,,,graph-derived
4615,/model/layers.15/self_attn/Concat,,Concat,15,attention_non_projection,,,,,,,,,,,,,,,,graph-derived
4616,Constant_7354,,Constant,,other,,,,,,,,,,,,,,,,graph-derived
4617,/model/layers.15/self_attn/Unsqueeze_2,,Unsqueeze,15,attention_non_projection,,,,,,,,,,,,,,,,graph-derived
4618,Constant_7356,,Constant,,other,,,,,,,,,,,,,,,,graph-derived
4619,/model/layers.15/self_attn/Unsqueeze_3,,Unsqueeze,15,attention_non_projection,,,,,,,,,,,,,,,,graph-derived
4620,/model/layers.15/self_attn/Constant_4,,Constant,15,attention_non_projection,,,,,,,,,,,,,,,,graph-derived
4621,/model/layers.15/self_attn/Constant_5,,Constant,15,attention_non_projection,,,,,,,,,,,,,,,,graph-derived
4622,/model/layers.15/self_attn/Concat_1,,Concat,15,attention_non_projection,,,,,,,,,,,,,,,,graph-derived
4623,Constant_7361,,Constant,,other,,,,,,,,,,,,,,,,graph-derived
4624,/model/layers.15/self_attn/Unsqueeze_4,,Unsqueeze,15,attention_non_projection,,,,,,,,,,,,,,,,graph-derived
4625,Constant_7363,,Constant,,other,,,,,,,,,,,,,,,,graph-derived
4626,/model/layers.15/self_attn/Unsqueeze_5,,Unsqueeze,15,attention_non_projection,,,,,,,,,,,,,,,,graph-derived
4627,/model/layers.15/self_attn/Constant_6,,Constant,15,attention_non_projection,,,,,,,,,,,,,,,,graph-derived
4628,/model/layers.15/self_attn/Constant_7,,Constant,15,attention_non_projection,,,,,,,,,,,,,,,,graph-derived
4629,/model/layers.15/self_attn/Concat_2,,Concat,15,attention_non_projection,,,,,,,,,,,,,,,,graph-derived
4630,/model/layers.15/self_attn/Reshape,,Reshape,15,attention_non_projection,,,,,,,,,,,,,,,,graph-derived
4631,/model/layers.15/self_attn/Transpose,,Transpose,15,attention_non_projection,,,,,,,,,,,,,,,,graph-derived
4632,/model/layers.15/self_attn/k_proj/MatMul,,MatMul,15,attention_projection,k_proj,1152,256,float,onnx::MatMul_10298,1179648,4608,1024,once_per_decode_token,model.onnx_data,2823209472,2823209472,1,2,3,graph-derived
4633,/model/layers.15/self_attn/Reshape_1,,Reshape,15,attention_non_projection,,,,,,,,,,,,,,,,graph-derived
4634,/model/layers.15/self_attn/Transpose_1,,Transpose,15,attention_non_projection,,,,,,,,,,,,,,,,graph-derived
4635,/model/layers.15/self_attn/v_proj/MatMul,,MatMul,15,attention_projection,v_proj,1152,256,float,onnx::MatMul_10299,1179648,4608,1024,once_per_decode_token,model.onnx_data,2824389120,2824389120,2,0,1,graph-derived
4636,/model/layers.15/self_attn/Reshape_2,,Reshape,15,attention_non_projection,,,,,,,,,,,,,,,,graph-derived
4637,/model/layers.15/self_attn/Transpose_2,,Transpose,15,attention_non_projection,,,,,,,,,,,,,,,,graph-derived
4638,/model/layers.15/self_attn/q_norm/Cast,,Cast,15,attention_non_projection,,,,,,,,,,,,,,,,graph-derived
4639,/model/layers.15/self_attn/q_norm/Constant,,Constant,15,attention_non_projection,,,,,,,,,,,,,,,,graph-derived
4640,/model/layers.15/self_attn/q_norm/Pow,,Pow,15,attention_non_projection,,,,,,,,,,,,,,,,graph-derived
4641,/model/layers.15/self_attn/q_norm/ReduceMean,,ReduceMean,15,attention_non_projection,,,,,,,,,,,,,,,,graph-derived
4642,/model/layers.15/self_attn/q_norm/Constant_1,,Constant,15,attention_non_projection,,,,,,,,,,,,,,,,graph-derived
4643,/model/layers.15/self_attn/q_norm/Add,,Add,15,attention_non_projection,,,,,,,,,,,,,,,,graph-derived
4644,/model/layers.15/self_attn/q_norm/Sqrt,,Sqrt,15,attention_non_projection,,,,,,,,,,,,,,,,graph-derived
4645,/model/layers.15/self_attn/q_norm/Constant_2,,Constant,15,attention_non_projection,,,,,,,,,,,,,,,,graph-derived
4646,/model/layers.15/self_attn/q_norm/Div,,Div,15,attention_non_projection,,,,,,,,,,,,,,,,graph-derived
4647,/model/layers.15/self_attn/q_norm/Mul,,Mul,15,attention_non_projection,,,,,,,,,,,,,,,,graph-derived
4648,/model/layers.15/self_attn/q_norm/Mul_1,,Mul,15,attention_non_projection,,,,,,,,,,,,,,,,graph-derived
4649,/model/layers.15/self_attn/k_norm/Cast,,Cast,15,attention_non_projection,,,,,,,,,,,,,,,,graph-derived
4650,/model/layers.15/self_attn/k_norm/Constant,,Constant,15,attention_non_projection,,,,,,,,,,,,,,,,graph-derived
4651,/model/layers.15/self_attn/k_norm/Pow,,Pow,15,attention_non_projection,,,,,,,,,,,,,,,,graph-derived
4652,/model/layers.15/self_attn/k_norm/ReduceMean,,ReduceMean,15,attention_non_projection,,,,,,,,,,,,,,,,graph-derived
4653,/model/layers.15/self_attn/k_norm/Constant_1,,Constant,15,attention_non_projection,,,,,,,,,,,,,,,,graph-derived
4654,/model/layers.15/self_attn/k_norm/Add,,Add,15,attention_non_projection,,,,,,,,,,,,,,,,graph-derived
4655,/model/layers.15/self_attn/k_norm/Sqrt,,Sqrt,15,attention_non_projection,,,,,,,,,,,,,,,,graph-derived
4656,/model/layers.15/self_attn/k_norm/Constant_2,,Constant,15,attention_non_projection,,,,,,,,,,,,,,,,graph-derived
4657,/model/layers.15/self_attn/k_norm/Div,,Div,15,attention_non_projection,,,,,,,,,,,,,,,,graph-derived
4658,/model/layers.15/self_attn/k_norm/Mul,,Mul,15,attention_non_projection,,,,,,,,,,,,,,,,graph-derived
4659,/model/layers.15/self_attn/k_norm/Mul_1,,Mul,15,attention_non_projection,,,,,,,,,,,,,,,,graph-derived
4660,/model/layers.15/self_attn/Mul,,Mul,15,attention_non_projection,,,,,,,,,,,,,,,,graph-derived
4661,/model/layers.15/self_attn/Shape_2,,Shape,15,attention_non_projection,,,,,,,,,,,,,,,,graph-derived
4662,/model/layers.15/self_attn/Constant_8,,Constant,15,attention_non_projection,,,,,,,,,,,,,,,,graph-derived
4663,/model/layers.15/self_attn/Gather_2,,Gather,15,attention_non_projection,,,,,,,,,,,,,,,,graph-derived
4664,/model/layers.15/self_attn/Constant_9,,Constant,15,attention_non_projection,,,,,,,,,,,,,,,,graph-derived
4665,/model/layers.15/self_attn/Div,,Div,15,attention_non_projection,,,,,,,,,,,,,,,,graph-derived
4666,/model/layers.15/self_attn/Cast,,Cast,15,attention_non_projection,,,,,,,,,,,,,,,,graph-derived
4667,/model/layers.15/self_attn/Cast_1,,Cast,15,attention_non_projection,,,,,,,,,,,,,,,,graph-derived
4668,/model/layers.15/self_attn/Constant_10,,Constant,15,attention_non_projection,,,,,,,,,,,,,,,,graph-derived
4669,/model/layers.15/self_attn/Constant_11,,Constant,15,attention_non_projection,,,,,,,,,,,,,,,,graph-derived
4670,/model/layers.15/self_attn/Constant_12,,Constant,15,attention_non_projection,,,,,,,,,,,,,,,,graph-derived
4671,/model/layers.15/self_attn/Unsqueeze_6,,Unsqueeze,15,attention_non_projection,,,,,,,,,,,,,,,,graph-derived
4672,/model/layers.15/self_attn/Constant_13,,Constant,15,attention_non_projection,,,,,,,,,,,,,,,,graph-derived
4673,/model/layers.15/self_attn/Slice,,Slice,15,attention_non_projection,,,,,,,,,,,,,,,,graph-derived
4674,/model/layers.15/self_attn/Constant_14,,Constant,15,attention_non_projection,,,,,,,,,,,,,,,,graph-derived
4675,/model/layers.15/self_attn/Constant_15,,Constant,15,attention_non_projection,,,,,,,,,,,,,,,,graph-derived
4676,/model/layers.15/self_attn/Unsqueeze_7,,Unsqueeze,15,attention_non_projection,,,,,,,,,,,,,,,,graph-derived
4677,/model/layers.15/self_attn/Constant_16,,Constant,15,attention_non_projection,,,,,,,,,,,,,,,,graph-derived
4678,/model/layers.15/self_attn/Constant_17,,Constant,15,attention_non_projection,,,,,,,,,,,,,,,,graph-derived
4679,/model/layers.15/self_attn/Slice_1,,Slice,15,attention_non_projection,,,,,,,,,,,,,,,,graph-derived
4680,/model/layers.15/self_attn/Neg,,Neg,15,attention_non_projection,,,,,,,,,,,,,,,,graph-derived
4681,/model/layers.15/self_attn/Concat_3,,Concat,15,attention_non_projection,,,,,,,,,,,,,,,,graph-derived
4682,/model/layers.15/self_attn/Mul_1,,Mul,15,attention_non_projection,,,,,,,,,,,,,,,,graph-derived
4683,/model/layers.15/self_attn/Add,,Add,15,attention_non_projection,,,,,,,,,,,,,,,,graph-derived
4684,/model/layers.15/self_attn/Mul_2,,Mul,15,attention_non_projection,,,,,,,,,,,,,,,,graph-derived
4685,/model/layers.15/self_attn/Shape_3,,Shape,15,attention_non_projection,,,,,,,,,,,,,,,,graph-derived
4686,/model/layers.15/self_attn/Constant_18,,Constant,15,attention_non_projection,,,,,,,,,,,,,,,,graph-derived
4687,/model/layers.15/self_attn/Gather_3,,Gather,15,attention_non_projection,,,,,,,,,,,,,,,,graph-derived
4688,/model/layers.15/self_attn/Constant_19,,Constant,15,attention_non_projection,,,,,,,,,,,,,,,,graph-derived
4689,/model/layers.15/self_attn/Div_1,,Div,15,attention_non_projection,,,,,,,,,,,,,,,,graph-derived
4690,/model/layers.15/self_attn/Cast_2,,Cast,15,attention_non_projection,,,,,,,,,,,,,,,,graph-derived
4691,/model/layers.15/self_attn/Cast_3,,Cast,15,attention_non_projection,,,,,,,,,,,,,,,,graph-derived
4692,/model/layers.15/self_attn/Constant_20,,Constant,15,attention_non_projection,,,,,,,,,,,,,,,,graph-derived
4693,/model/layers.15/self_attn/Constant_21,,Constant,15,attention_non_projection,,,,,,,,,,,,,,,,graph-derived
4694,/model/layers.15/self_attn/Constant_22,,Constant,15,attention_non_projection,,,,,,,,,,,,,,,,graph-derived
4695,/model/layers.15/self_attn/Unsqueeze_8,,Unsqueeze,15,attention_non_projection,,,,,,,,,,,,,,,,graph-derived
4696,/model/layers.15/self_attn/Constant_23,,Constant,15,attention_non_projection,,,,,,,,,,,,,,,,graph-derived
4697,/model/layers.15/self_attn/Slice_2,,Slice,15,attention_non_projection,,,,,,,,,,,,,,,,graph-derived
4698,/model/layers.15/self_attn/Constant_24,,Constant,15,attention_non_projection,,,,,,,,,,,,,,,,graph-derived
4699,/model/layers.15/self_attn/Constant_25,,Constant,15,attention_non_projection,,,,,,,,,,,,,,,,graph-derived
4700,/model/layers.15/self_attn/Unsqueeze_9,,Unsqueeze,15,attention_non_projection,,,,,,,,,,,,,,,,graph-derived
4701,/model/layers.15/self_attn/Constant_26,,Constant,15,attention_non_projection,,,,,,,,,,,,,,,,graph-derived
4702,/model/layers.15/self_attn/Constant_27,,Constant,15,attention_non_projection,,,,,,,,,,,,,,,,graph-derived
4703,/model/layers.15/self_attn/Slice_3,,Slice,15,attention_non_projection,,,,,,,,,,,,,,,,graph-derived
4704,/model/layers.15/self_attn/Neg_1,,Neg,15,attention_non_projection,,,,,,,,,,,,,,,,graph-derived
4705,/model/layers.15/self_attn/Concat_4,,Concat,15,attention_non_projection,,,,,,,,,,,,,,,,graph-derived
4706,/model/layers.15/self_attn/Mul_3,,Mul,15,attention_non_projection,,,,,,,,,,,,,,,,graph-derived
4707,/model/layers.15/self_attn/Add_1,,Add,15,attention_non_projection,,,,,,,,,,,,,,,,graph-derived
4708,/model/layers.15/self_attn/Concat_5,,Concat,15,attention_non_projection,,,,,,,,,,,,,,,,graph-derived
4709,/model/layers.15/self_attn/Concat_6,,Concat,15,attention_non_projection,,,,,,,,,,,,,,,,graph-derived
4710,/model/layers.15/self_attn/Shape_4,,Shape,15,attention_non_projection,,,,,,,,,,,,,,,,graph-derived
4711,/model/layers.15/self_attn/Constant_28,,Constant,15,attention_non_projection,,,,,,,,,,,,,,,,graph-derived
4712,/model/layers.15/self_attn/Gather_4,,Gather,15,attention_non_projection,,,,,,,,,,,,,,,,graph-derived
4713,/model/layers.15/self_attn/Shape_5,,Shape,15,attention_non_projection,,,,,,,,,,,,,,,,graph-derived
4714,/model/layers.15/self_attn/Constant_29,,Constant,15,attention_non_projection,,,,,,,,,,,,,,,,graph-derived
4715,/model/layers.15/self_attn/Gather_5,,Gather,15,attention_non_projection,,,,,,,,,,,,,,,,graph-derived
4716,/model/layers.15/self_attn/Shape_6,,Shape,15,attention_non_projection,,,,,,,,,,,,,,,,graph-derived
4717,/model/layers.15/self_attn/Constant_30,,Constant,15,attention_non_projection,,,,,,,,,,,,,,,,graph-derived
4718,/model/layers.15/self_attn/Gather_6,,Gather,15,attention_non_projection,,,,,,,,,,,,,,,,graph-derived
4719,/model/layers.15/self_attn/Shape_7,,Shape,15,attention_non_projection,,,,,,,,,,,,,,,,graph-derived
4720,/model/layers.15/self_attn/Constant_31,,Constant,15,attention_non_projection,,,,,,,,,,,,,,,,graph-derived
4721,/model/layers.15/self_attn/Gather_7,,Gather,15,attention_non_projection,,,,,,,,,,,,,,,,graph-derived
4722,/model/layers.15/self_attn/Constant_32,,Constant,15,attention_non_projection,,,,,,,,,,,,,,,,graph-derived
4723,/model/layers.15/self_attn/Unsqueeze_10,,Unsqueeze,15,attention_non_projection,,,,,,,,,,,,,,,,graph-derived
4724,/model/layers.15/self_attn/Constant_33,,Constant,15,attention_non_projection,,,,,,,,,,,,,,,,graph-derived
4725,/model/layers.15/self_attn/Unsqueeze_11,,Unsqueeze,15,attention_non_projection,,,,,,,,,,,,,,,,graph-derived
4726,/model/layers.15/self_attn/Constant_34,,Constant,15,attention_non_projection,,,,,,,,,,,,,,,,graph-derived
4727,/model/layers.15/self_attn/Unsqueeze_12,,Unsqueeze,15,attention_non_projection,,,,,,,,,,,,,,,,graph-derived
4728,/model/layers.15/self_attn/Constant_35,,Constant,15,attention_non_projection,,,,,,,,,,,,,,,,graph-derived
4729,/model/layers.15/self_attn/Constant_36,,Constant,15,attention_non_projection,,,,,,,,,,,,,,,,graph-derived
4730,/model/layers.15/self_attn/Unsqueeze_13,,Unsqueeze,15,attention_non_projection,,,,,,,,,,,,,,,,graph-derived
4731,/model/layers.15/self_attn/Constant_37,,Constant,15,attention_non_projection,,,,,,,,,,,,,,,,graph-derived
4732,/model/layers.15/self_attn/Unsqueeze_14,,Unsqueeze,15,attention_non_projection,,,,,,,,,,,,,,,,graph-derived
4733,/model/layers.15/self_attn/Concat_7,,Concat,15,attention_non_projection,,,,,,,,,,,,,,,,graph-derived
4734,/model/layers.15/self_attn/Constant_38,,Constant,15,attention_non_projection,,,,,,,,,,,,,,,,graph-derived
4735,/model/layers.15/self_attn/Reshape_3,,Reshape,15,attention_non_projection,,,,,,,,,,,,,,,,graph-derived
4736,/model/layers.15/self_attn/Shape_8,,Shape,15,attention_non_projection,,,,,,,,,,,,,,,,graph-derived
4737,/model/layers.15/self_attn/ConstantOfShape,,ConstantOfShape,15,attention_non_projection,,,,,,,,,,,,,,,,graph-derived
4738,/model/layers.15/self_attn/Constant_39,,Constant,15,attention_non_projection,,,,,,,,,,,,,,,,graph-derived
4739,/model/layers.15/self_attn/Mul_4,,Mul,15,attention_non_projection,,,,,,,,,,,,,,,,graph-derived
4740,/model/layers.15/self_attn/Equal,,Equal,15,attention_non_projection,,,,,,,,,,,,,,,,graph-derived
4741,/model/layers.15/self_attn/Where,,Where,15,attention_non_projection,,,,,,,,,,,,,,,,graph-derived
4742,/model/layers.15/self_attn/Expand,,Expand,15,attention_non_projection,,,,,,,,,,,,,,,,graph-derived
4743,/model/layers.15/self_attn/Constant_40,,Constant,15,attention_non_projection,,,,,,,,,,,,,,,,graph-derived
4744,/model/layers.15/self_attn/Mul_5,,Mul,15,attention_non_projection,,,,,,,,,,,,,,,,graph-derived
4745,Constant_7483,,Constant,,other,,,,,,,,,,,,,,,,graph-derived
4746,/model/layers.15/self_attn/Unsqueeze_15,,Unsqueeze,15,attention_non_projection,,,,,,,,,,,,,,,,graph-derived
4747,Constant_7485,,Constant,,other,,,,,,,,,,,,,,,,graph-derived
4748,/model/layers.15/self_attn/Unsqueeze_16,,Unsqueeze,15,attention_non_projection,,,,,,,,,,,,,,,,graph-derived
4749,Constant_7487,,Constant,,other,,,,,,,,,,,,,,,,graph-derived
4750,/model/layers.15/self_attn/Unsqueeze_17,,Unsqueeze,15,attention_non_projection,,,,,,,,,,,,,,,,graph-derived
4751,Constant_7489,,Constant,,other,,,,,,,,,,,,,,,,graph-derived
4752,/model/layers.15/self_attn/Unsqueeze_18,,Unsqueeze,15,attention_non_projection,,,,,,,,,,,,,,,,graph-derived
4753,/model/layers.15/self_attn/Concat_8,,Concat,15,attention_non_projection,,,,,,,,,,,,,,,,graph-derived
4754,/model/layers.15/self_attn/Reshape_4,,Reshape,15,attention_non_projection,,,,,,,,,,,,,,,,graph-derived
4755,/model/layers.15/self_attn/Shape_9,,Shape,15,attention_non_projection,,,,,,,,,,,,,,,,graph-derived
4756,/model/layers.15/self_attn/Constant_41,,Constant,15,attention_non_projection,,,,,,,,,,,,,,,,graph-derived
4757,/model/layers.15/self_attn/Gather_8,,Gather,15,attention_non_projection,,,,,,,,,,,,,,,,graph-derived
4758,/model/layers.15/self_attn/Shape_10,,Shape,15,attention_non_projection,,,,,,,,,,,,,,,,graph-derived
4759,/model/layers.15/self_attn/Constant_42,,Constant,15,attention_non_projection,,,,,,,,,,,,,,,,graph-derived
4760,/model/layers.15/self_attn/Gather_9,,Gather,15,attention_non_projection,,,,,,,,,,,,,,,,graph-derived
4761,/model/layers.15/self_attn/Shape_11,,Shape,15,attention_non_projection,,,,,,,,,,,,,,,,graph-derived
4762,/model/layers.15/self_attn/Constant_43,,Constant,15,attention_non_projection,,,,,,,,,,,,,,,,graph-derived
4763,/model/layers.15/self_attn/Gather_10,,Gather,15,attention_non_projection,,,,,,,,,,,,,,,,graph-derived
4764,/model/layers.15/self_attn/Shape_12,,Shape,15,attention_non_projection,,,,,,,,,,,,,,,,graph-derived
4765,/model/layers.15/self_attn/Constant_44,,Constant,15,attention_non_projection,,,,,,,,,,,,,,,,graph-derived
4766,/model/layers.15/self_attn/Gather_11,,Gather,15,attention_non_projection,,,,,,,,,,,,,,,,graph-derived
4767,/model/layers.15/self_attn/Constant_45,,Constant,15,attention_non_projection,,,,,,,,,,,,,,,,graph-derived
4768,/model/layers.15/self_attn/Unsqueeze_19,,Unsqueeze,15,attention_non_projection,,,,,,,,,,,,,,,,graph-derived
4769,/model/layers.15/self_attn/Constant_46,,Constant,15,attention_non_projection,,,,,,,,,,,,,,,,graph-derived
4770,/model/layers.15/self_attn/Unsqueeze_20,,Unsqueeze,15,attention_non_projection,,,,,,,,,,,,,,,,graph-derived
4771,/model/layers.15/self_attn/Constant_47,,Constant,15,attention_non_projection,,,,,,,,,,,,,,,,graph-derived
4772,/model/layers.15/self_attn/Unsqueeze_21,,Unsqueeze,15,attention_non_projection,,,,,,,,,,,,,,,,graph-derived
4773,/model/layers.15/self_attn/Constant_48,,Constant,15,attention_non_projection,,,,,,,,,,,,,,,,graph-derived
4774,/model/layers.15/self_attn/Constant_49,,Constant,15,attention_non_projection,,,,,,,,,,,,,,,,graph-derived
4775,/model/layers.15/self_attn/Unsqueeze_22,,Unsqueeze,15,attention_non_projection,,,,,,,,,,,,,,,,graph-derived
4776,/model/layers.15/self_attn/Constant_50,,Constant,15,attention_non_projection,,,,,,,,,,,,,,,,graph-derived
4777,/model/layers.15/self_attn/Unsqueeze_23,,Unsqueeze,15,attention_non_projection,,,,,,,,,,,,,,,,graph-derived
4778,/model/layers.15/self_attn/Concat_9,,Concat,15,attention_non_projection,,,,,,,,,,,,,,,,graph-derived
4779,/model/layers.15/self_attn/Constant_51,,Constant,15,attention_non_projection,,,,,,,,,,,,,,,,graph-derived
4780,/model/layers.15/self_attn/Reshape_5,,Reshape,15,attention_non_projection,,,,,,,,,,,,,,,,graph-derived
4781,/model/layers.15/self_attn/Shape_13,,Shape,15,attention_non_projection,,,,,,,,,,,,,,,,graph-derived
4782,/model/layers.15/self_attn/ConstantOfShape_1,,ConstantOfShape,15,attention_non_projection,,,,,,,,,,,,,,,,graph-derived
4783,/model/layers.15/self_attn/Constant_52,,Constant,15,attention_non_projection,,,,,,,,,,,,,,,,graph-derived
4784,/model/layers.15/self_attn/Mul_6,,Mul,15,attention_non_projection,,,,,,,,,,,,,,,,graph-derived
4785,/model/layers.15/self_attn/Equal_1,,Equal,15,attention_non_projection,,,,,,,,,,,,,,,,graph-derived
4786,/model/layers.15/self_attn/Where_1,,Where,15,attention_non_projection,,,,,,,,,,,,,,,,graph-derived
4787,/model/layers.15/self_attn/Expand_1,,Expand,15,attention_non_projection,,,,,,,,,,,,,,,,graph-derived
4788,/model/layers.15/self_attn/Constant_53,,Constant,15,attention_non_projection,,,,,,,,,,,,,,,,graph-derived
4789,/model/layers.15/self_attn/Mul_7,,Mul,15,attention_non_projection,,,,,,,,,,,,,,,,graph-derived
4790,Constant_7528,,Constant,,other,,,,,,,,,,,,,,,,graph-derived
4791,/model/layers.15/self_attn/Unsqueeze_24,,Unsqueeze,15,attention_non_projection,,,,,,,,,,,,,,,,graph-derived
4792,Constant_7530,,Constant,,other,,,,,,,,,,,,,,,,graph-derived
4793,/model/layers.15/self_attn/Unsqueeze_25,,Unsqueeze,15,attention_non_projection,,,,,,,,,,,,,,,,graph-derived
4794,Constant_7532,,Constant,,other,,,,,,,,,,,,,,,,graph-derived
4795,/model/layers.15/self_attn/Unsqueeze_26,,Unsqueeze,15,attention_non_projection,,,,,,,,,,,,,,,,graph-derived
4796,Constant_7534,,Constant,,other,,,,,,,,,,,,,,,,graph-derived
4797,/model/layers.15/self_attn/Unsqueeze_27,,Unsqueeze,15,attention_non_projection,,,,,,,,,,,,,,,,graph-derived
4798,/model/layers.15/self_attn/Concat_10,,Concat,15,attention_non_projection,,,,,,,,,,,,,,,,graph-derived
4799,/model/layers.15/self_attn/Reshape_6,,Reshape,15,attention_non_projection,,,,,,,,,,,,,,,,graph-derived
4800,/model/layers.15/self_attn/Shape_14,,Shape,15,attention_non_projection,,,,,,,,,,,,,,,,graph-derived
4801,/model/layers.15/self_attn/Constant_54,,Constant,15,attention_non_projection,,,,,,,,,,,,,,,,graph-derived
4802,/model/layers.15/self_attn/Gather_12,,Gather,15,attention_non_projection,,,,,,,,,,,,,,,,graph-derived
4803,/model/layers.15/self_attn/Constant_55,,Constant,15,attention_non_projection,,,,,,,,,,,,,,,,graph-derived
4804,/model/layers.15/self_attn/Constant_56,,Constant,15,attention_non_projection,,,,,,,,,,,,,,,,graph-derived
4805,/model/layers.15/self_attn/Constant_57,,Constant,15,attention_non_projection,,,,,,,,,,,,,,,,graph-derived
4806,/model/layers.15/self_attn/Unsqueeze_28,,Unsqueeze,15,attention_non_projection,,,,,,,,,,,,,,,,graph-derived
4807,/model/layers.15/self_attn/Constant_58,,Constant,15,attention_non_projection,,,,,,,,,,,,,,,,graph-derived
4808,/model/layers.15/self_attn/Slice_4,,Slice,15,attention_non_projection,,,,,,,,,,,,,,,,graph-derived
4809,/model/layers.15/self_attn/Transpose_3,,Transpose,15,attention_non_projection,,,,,,,,,,,,,,,,graph-derived
4810,/model/layers.15/self_attn/Constant_59,,Constant,15,attention_non_projection,,,,,,,,,,,,,,,,graph-derived
4811,/model/layers.15/self_attn/Mul_8,,Mul,15,attention_non_projection,,,,,,,,,,,,,,,,graph-derived
4812,/model/layers.15/self_attn/Constant_60,,Constant,15,attention_non_projection,,,,,,,,,,,,,,,,graph-derived
4813,/model/layers.15/self_attn/Mul_9,,Mul,15,attention_non_projection,,,,,,,,,,,,,,,,graph-derived
4814,/model/layers.15/self_attn/MatMul,,MatMul,15,attention_non_projection,,,,,,,,,,,,,,,,graph-derived
4815,/model/layers.15/self_attn/Constant_61,,Constant,15,attention_non_projection,,,,,,,,,,,,,,,,graph-derived
4816,/model/layers.15/self_attn/Constant_62,,Constant,15,attention_non_projection,,,,,,,,,,,,,,,,graph-derived
4817,/model/layers.15/self_attn/Where_2,,Where,15,attention_non_projection,,,,,,,,,,,,,,,,graph-derived
4818,/model/layers.15/self_attn/Add_2,,Add,15,attention_non_projection,,,,,,,,,,,,,,,,graph-derived
4819,/model/layers.15/self_attn/Softmax,,Softmax,15,attention_non_projection,,,,,,,,,,,,,,,,graph-derived
4820,/model/layers.15/self_attn/IsNaN,,IsNaN,15,attention_non_projection,,,,,,,,,,,,,,,,graph-derived
4821,/model/layers.15/self_attn/Constant_63,,Constant,15,attention_non_projection,,,,,,,,,,,,,,,,graph-derived
4822,/model/layers.15/self_attn/Where_3,,Where,15,attention_non_projection,,,,,,,,,,,,,,,,graph-derived
4823,/model/layers.15/self_attn/MatMul_1,,MatMul,15,attention_non_projection,,,,,,,,,,,,,,,,graph-derived
4824,/model/layers.15/self_attn/Transpose_4,,Transpose,15,attention_non_projection,,,,,,,,,,,,,,,,graph-derived
4825,Constant_7563,,Constant,,other,,,,,,,,,,,,,,,,graph-derived
4826,/model/layers.15/self_attn/Unsqueeze_29,,Unsqueeze,15,attention_non_projection,,,,,,,,,,,,,,,,graph-derived
4827,Constant_7565,,Constant,,other,,,,,,,,,,,,,,,,graph-derived
4828,/model/layers.15/self_attn/Unsqueeze_30,,Unsqueeze,15,attention_non_projection,,,,,,,,,,,,,,,,graph-derived
4829,/model/layers.15/self_attn/Constant_64,,Constant,15,attention_non_projection,,,,,,,,,,,,,,,,graph-derived
4830,/model/layers.15/self_attn/Concat_11,,Concat,15,attention_non_projection,,,,,,,,,,,,,,,,graph-derived
4831,/model/layers.15/self_attn/Reshape_7,,Reshape,15,attention_non_projection,,,,,,,,,,,,,,,,graph-derived
4832,/model/layers.15/self_attn/o_proj/MatMul,,MatMul,15,attention_projection,o_proj,1024,1152,float,onnx::MatMul_10326,4718592,4096,4608,once_per_decode_token,model.onnx_data,2825570816,2825570816,3,2,3,graph-derived
4833,/model/layers.15/post_attention_layernorm/Cast,,Cast,15,other,,,,,,,,,,,,,,,,graph-derived
4834,/model/layers.15/post_attention_layernorm/Constant,,Constant,15,other,,,,,,,,,,,,,,,,graph-derived
4835,/model/layers.15/post_attention_layernorm/Pow,,Pow,15,other,,,,,,,,,,,,,,,,graph-derived
4836,/model/layers.15/post_attention_layernorm/ReduceMean,,ReduceMean,15,other,,,,,,,,,,,,,,,,graph-derived
4837,/model/layers.15/post_attention_layernorm/Constant_1,,Constant,15,other,,,,,,,,,,,,,,,,graph-derived
4838,/model/layers.15/post_attention_layernorm/Add,,Add,15,other,,,,,,,,,,,,,,,,graph-derived
4839,/model/layers.15/post_attention_layernorm/Sqrt,,Sqrt,15,other,,,,,,,,,,,,,,,,graph-derived
4840,/model/layers.15/post_attention_layernorm/Constant_2,,Constant,15,other,,,,,,,,,,,,,,,,graph-derived
4841,/model/layers.15/post_attention_layernorm/Div,,Div,15,other,,,,,,,,,,,,,,,,graph-derived
4842,/model/layers.15/post_attention_layernorm/Mul,,Mul,15,other,,,,,,,,,,,,,,,,graph-derived
4843,/model/layers.15/post_attention_layernorm/Mul_1,,Mul,15,other,,,,,,,,,,,,,,,,graph-derived
4844,/model/layers.15/Add,,Add,15,other,,,,,,,,,,,,,,,,graph-derived
4845,/model/layers.15/pre_feedforward_layernorm/Cast,,Cast,15,other,,,,,,,,,,,,,,,,graph-derived
4846,/model/layers.15/pre_feedforward_layernorm/Constant,,Constant,15,other,,,,,,,,,,,,,,,,graph-derived
4847,/model/layers.15/pre_feedforward_layernorm/Pow,,Pow,15,other,,,,,,,,,,,,,,,,graph-derived
4848,/model/layers.15/pre_feedforward_layernorm/ReduceMean,,ReduceMean,15,other,,,,,,,,,,,,,,,,graph-derived
4849,/model/layers.15/pre_feedforward_layernorm/Constant_1,,Constant,15,other,,,,,,,,,,,,,,,,graph-derived
4850,/model/layers.15/pre_feedforward_layernorm/Add,,Add,15,other,,,,,,,,,,,,,,,,graph-derived
4851,/model/layers.15/pre_feedforward_layernorm/Sqrt,,Sqrt,15,other,,,,,,,,,,,,,,,,graph-derived
4852,/model/layers.15/pre_feedforward_layernorm/Constant_2,,Constant,15,other,,,,,,,,,,,,,,,,graph-derived
4853,/model/layers.15/pre_feedforward_layernorm/Div,,Div,15,other,,,,,,,,,,,,,,,,graph-derived
4854,/model/layers.15/pre_feedforward_layernorm/Mul,,Mul,15,other,,,,,,,,,,,,,,,,graph-derived
4855,/model/layers.15/pre_feedforward_layernorm/Mul_1,,Mul,15,other,,,,,,,,,,,,,,,,graph-derived
4856,/model/layers.15/mlp/gate_proj/MatMul,,MatMul,15,mlp_projection,gate_proj,1152,6912,float,onnx::MatMul_10331,31850496,4608,27648,once_per_decode_token,model.onnx_data,2830298624,2830298624,0,0,1,graph-derived
4857,/model/layers.15/mlp/act_fn/Mul,,Mul,15,mlp_non_projection,,,,,,,,,,,,,,,,graph-derived
4858,/model/layers.15/mlp/act_fn/Mul_1,,Mul,15,mlp_non_projection,,,,,,,,,,,,,,,,graph-derived
4859,/model/layers.15/mlp/act_fn/Constant,,Constant,15,mlp_non_projection,,,,,,,,,,,,,,,,graph-derived
4860,/model/layers.15/mlp/act_fn/Mul_2,,Mul,15,mlp_non_projection,,,,,,,,,,,,,,,,graph-derived
4861,/model/layers.15/mlp/act_fn/Add,,Add,15,mlp_non_projection,,,,,,,,,,,,,,,,graph-derived
4862,/model/layers.15/mlp/act_fn/Constant_1,,Constant,15,mlp_non_projection,,,,,,,,,,,,,,,,graph-derived
4863,/model/layers.15/mlp/act_fn/Mul_3,,Mul,15,mlp_non_projection,,,,,,,,,,,,,,,,graph-derived
4864,/model/layers.15/mlp/act_fn/Tanh,,Tanh,15,mlp_non_projection,,,,,,,,,,,,,,,,graph-derived
4865,/model/layers.15/mlp/act_fn/Constant_2,,Constant,15,mlp_non_projection,,,,,,,,,,,,,,,,graph-derived
4866,/model/layers.15/mlp/act_fn/Add_1,,Add,15,mlp_non_projection,,,,,,,,,,,,,,,,graph-derived
4867,/model/layers.15/mlp/act_fn/Mul_4,,Mul,15,mlp_non_projection,,,,,,,,,,,,,,,,graph-derived
4868,/model/layers.15/mlp/act_fn/Constant_3,,Constant,15,mlp_non_projection,,,,,,,,,,,,,,,,graph-derived
4869,/model/layers.15/mlp/act_fn/Mul_5,,Mul,15,mlp_non_projection,,,,,,,,,,,,,,,,graph-derived
4870,/model/layers.15/mlp/up_proj/MatMul,,MatMul,15,mlp_projection,up_proj,1152,6912,float,onnx::MatMul_10332,31850496,4608,27648,once_per_decode_token,model.onnx_data,2862149120,2862149120,1,3,3,graph-derived
4871,/model/layers.15/mlp/Mul,,Mul,15,mlp_non_projection,,,,,,,,,,,,,,,,graph-derived
4872,/model/layers.15/mlp/down_proj/MatMul,,MatMul,15,mlp_projection,down_proj,6912,1152,float,onnx::MatMul_10333,31850496,27648,4608,once_per_decode_token,model.onnx_data,2893999616,2893999616,2,2,1,graph-derived
4873,/model/layers.15/post_feedforward_layernorm/Cast,,Cast,15,other,,,,,,,,,,,,,,,,graph-derived
4874,/model/layers.15/post_feedforward_layernorm/Constant,,Constant,15,other,,,,,,,,,,,,,,,,graph-derived
4875,/model/layers.15/post_feedforward_layernorm/Pow,,Pow,15,other,,,,,,,,,,,,,,,,graph-derived
4876,/model/layers.15/post_feedforward_layernorm/ReduceMean,,ReduceMean,15,other,,,,,,,,,,,,,,,,graph-derived
4877,/model/layers.15/post_feedforward_layernorm/Constant_1,,Constant,15,other,,,,,,,,,,,,,,,,graph-derived
4878,/model/layers.15/post_feedforward_layernorm/Add,,Add,15,other,,,,,,,,,,,,,,,,graph-derived
4879,/model/layers.15/post_feedforward_layernorm/Sqrt,,Sqrt,15,other,,,,,,,,,,,,,,,,graph-derived
4880,/model/layers.15/post_feedforward_layernorm/Constant_2,,Constant,15,other,,,,,,,,,,,,,,,,graph-derived
4881,/model/layers.15/post_feedforward_layernorm/Div,,Div,15,other,,,,,,,,,,,,,,,,graph-derived
4882,/model/layers.15/post_feedforward_layernorm/Mul,,Mul,15,other,,,,,,,,,,,,,,,,graph-derived
4883,/model/layers.15/post_feedforward_layernorm/Mul_1,,Mul,15,other,,,,,,,,,,,,,,,,graph-derived
4884,/model/layers.15/Add_1,,Add,15,other,,,,,,,,,,,,,,,,graph-derived
4885,/model/layers.16/input_layernorm/Cast,,Cast,16,other,,,,,,,,,,,,,,,,graph-derived
4886,/model/layers.16/input_layernorm/Constant,,Constant,16,other,,,,,,,,,,,,,,,,graph-derived
4887,/model/layers.16/input_layernorm/Pow,,Pow,16,other,,,,,,,,,,,,,,,,graph-derived
4888,/model/layers.16/input_layernorm/ReduceMean,,ReduceMean,16,other,,,,,,,,,,,,,,,,graph-derived
4889,/model/layers.16/input_layernorm/Constant_1,,Constant,16,other,,,,,,,,,,,,,,,,graph-derived
4890,/model/layers.16/input_layernorm/Add,,Add,16,other,,,,,,,,,,,,,,,,graph-derived
4891,/model/layers.16/input_layernorm/Sqrt,,Sqrt,16,other,,,,,,,,,,,,,,,,graph-derived
4892,/model/layers.16/input_layernorm/Constant_2,,Constant,16,other,,,,,,,,,,,,,,,,graph-derived
4893,/model/layers.16/input_layernorm/Div,,Div,16,other,,,,,,,,,,,,,,,,graph-derived
4894,/model/layers.16/input_layernorm/Mul,,Mul,16,other,,,,,,,,,,,,,,,,graph-derived
4895,/model/layers.16/input_layernorm/Mul_1,,Mul,16,other,,,,,,,,,,,,,,,,graph-derived
4896,/model/layers.16/self_attn/Shape,,Shape,16,attention_non_projection,,,,,,,,,,,,,,,,graph-derived
4897,/model/layers.16/self_attn/Constant,,Constant,16,attention_non_projection,,,,,,,,,,,,,,,,graph-derived
4898,/model/layers.16/self_attn/Gather,,Gather,16,attention_non_projection,,,,,,,,,,,,,,,,graph-derived
4899,/model/layers.16/self_attn/Shape_1,,Shape,16,attention_non_projection,,,,,,,,,,,,,,,,graph-derived
4900,/model/layers.16/self_attn/Constant_1,,Constant,16,attention_non_projection,,,,,,,,,,,,,,,,graph-derived
4901,/model/layers.16/self_attn/Gather_1,,Gather,16,attention_non_projection,,,,,,,,,,,,,,,,graph-derived
4902,/model/layers.16/self_attn/q_proj/MatMul,,MatMul,16,attention_projection,q_proj,1152,1024,float,onnx::MatMul_10338,4718592,4608,4096,once_per_decode_token,model.onnx_data,2925859328,2925859328,0,2,0,graph-derived
4903,Constant_7641,,Constant,,other,,,,,,,,,,,,,,,,graph-derived
4904,/model/layers.16/self_attn/Unsqueeze,,Unsqueeze,16,attention_non_projection,,,,,,,,,,,,,,,,graph-derived
4905,Constant_7643,,Constant,,other,,,,,,,,,,,,,,,,graph-derived
4906,/model/layers.16/self_attn/Unsqueeze_1,,Unsqueeze,16,attention_non_projection,,,,,,,,,,,,,,,,graph-derived
4907,/model/layers.16/self_attn/Constant_2,,Constant,16,attention_non_projection,,,,,,,,,,,,,,,,graph-derived
4908,/model/layers.16/self_attn/Constant_3,,Constant,16,attention_non_projection,,,,,,,,,,,,,,,,graph-derived
4909,/model/layers.16/self_attn/Concat,,Concat,16,attention_non_projection,,,,,,,,,,,,,,,,graph-derived
4910,Constant_7648,,Constant,,other,,,,,,,,,,,,,,,,graph-derived
4911,/model/layers.16/self_attn/Unsqueeze_2,,Unsqueeze,16,attention_non_projection,,,,,,,,,,,,,,,,graph-derived
4912,Constant_7650,,Constant,,other,,,,,,,,,,,,,,,,graph-derived
4913,/model/layers.16/self_attn/Unsqueeze_3,,Unsqueeze,16,attention_non_projection,,,,,,,,,,,,,,,,graph-derived
4914,/model/layers.16/self_attn/Constant_4,,Constant,16,attention_non_projection,,,,,,,,,,,,,,,,graph-derived
4915,/model/layers.16/self_attn/Constant_5,,Constant,16,attention_non_projection,,,,,,,,,,,,,,,,graph-derived
4916,/model/layers.16/self_attn/Concat_1,,Concat,16,attention_non_projection,,,,,,,,,,,,,,,,graph-derived
4917,Constant_7655,,Constant,,other,,,,,,,,,,,,,,,,graph-derived
4918,/model/layers.16/self_attn/Unsqueeze_4,,Unsqueeze,16,attention_non_projection,,,,,,,,,,,,,,,,graph-derived
4919,Constant_7657,,Constant,,other,,,,,,,,,,,,,,,,graph-derived
4920,/model/layers.16/self_attn/Unsqueeze_5,,Unsqueeze,16,attention_non_projection,,,,,,,,,,,,,,,,graph-derived
4921,/model/layers.16/self_attn/Constant_6,,Constant,16,attention_non_projection,,,,,,,,,,,,,,,,graph-derived
4922,/model/layers.16/self_attn/Constant_7,,Constant,16,attention_non_projection,,,,,,,,,,,,,,,,graph-derived
4923,/model/layers.16/self_attn/Concat_2,,Concat,16,attention_non_projection,,,,,,,,,,,,,,,,graph-derived
4924,/model/layers.16/self_attn/Reshape,,Reshape,16,attention_non_projection,,,,,,,,,,,,,,,,graph-derived
4925,/model/layers.16/self_attn/Transpose,,Transpose,16,attention_non_projection,,,,,,,,,,,,,,,,graph-derived
4926,/model/layers.16/self_attn/k_proj/MatMul,,MatMul,16,attention_projection,k_proj,1152,256,float,onnx::MatMul_10345,1179648,4608,1024,once_per_decode_token,model.onnx_data,2930577920,2930577920,1,3,2,graph-derived
4927,/model/layers.16/self_attn/Reshape_1,,Reshape,16,attention_non_projection,,,,,,,,,,,,,,,,graph-derived
4928,/model/layers.16/self_attn/Transpose_1,,Transpose,16,attention_non_projection,,,,,,,,,,,,,,,,graph-derived
4929,/model/layers.16/self_attn/v_proj/MatMul,,MatMul,16,attention_projection,v_proj,1152,256,float,onnx::MatMul_10346,1179648,4608,1024,once_per_decode_token,model.onnx_data,2931757568,2931757568,2,1,0,graph-derived
4930,/model/layers.16/self_attn/Reshape_2,,Reshape,16,attention_non_projection,,,,,,,,,,,,,,,,graph-derived
4931,/model/layers.16/self_attn/Transpose_2,,Transpose,16,attention_non_projection,,,,,,,,,,,,,,,,graph-derived
4932,/model/layers.16/self_attn/q_norm/Cast,,Cast,16,attention_non_projection,,,,,,,,,,,,,,,,graph-derived
4933,/model/layers.16/self_attn/q_norm/Constant,,Constant,16,attention_non_projection,,,,,,,,,,,,,,,,graph-derived
4934,/model/layers.16/self_attn/q_norm/Pow,,Pow,16,attention_non_projection,,,,,,,,,,,,,,,,graph-derived
4935,/model/layers.16/self_attn/q_norm/ReduceMean,,ReduceMean,16,attention_non_projection,,,,,,,,,,,,,,,,graph-derived
4936,/model/layers.16/self_attn/q_norm/Constant_1,,Constant,16,attention_non_projection,,,,,,,,,,,,,,,,graph-derived
4937,/model/layers.16/self_attn/q_norm/Add,,Add,16,attention_non_projection,,,,,,,,,,,,,,,,graph-derived
4938,/model/layers.16/self_attn/q_norm/Sqrt,,Sqrt,16,attention_non_projection,,,,,,,,,,,,,,,,graph-derived
4939,/model/layers.16/self_attn/q_norm/Constant_2,,Constant,16,attention_non_projection,,,,,,,,,,,,,,,,graph-derived
4940,/model/layers.16/self_attn/q_norm/Div,,Div,16,attention_non_projection,,,,,,,,,,,,,,,,graph-derived
4941,/model/layers.16/self_attn/q_norm/Mul,,Mul,16,attention_non_projection,,,,,,,,,,,,,,,,graph-derived
4942,/model/layers.16/self_attn/q_norm/Mul_1,,Mul,16,attention_non_projection,,,,,,,,,,,,,,,,graph-derived
4943,/model/layers.16/self_attn/k_norm/Cast,,Cast,16,attention_non_projection,,,,,,,,,,,,,,,,graph-derived
4944,/model/layers.16/self_attn/k_norm/Constant,,Constant,16,attention_non_projection,,,,,,,,,,,,,,,,graph-derived
4945,/model/layers.16/self_attn/k_norm/Pow,,Pow,16,attention_non_projection,,,,,,,,,,,,,,,,graph-derived
4946,/model/layers.16/self_attn/k_norm/ReduceMean,,ReduceMean,16,attention_non_projection,,,,,,,,,,,,,,,,graph-derived
4947,/model/layers.16/self_attn/k_norm/Constant_1,,Constant,16,attention_non_projection,,,,,,,,,,,,,,,,graph-derived
4948,/model/layers.16/self_attn/k_norm/Add,,Add,16,attention_non_projection,,,,,,,,,,,,,,,,graph-derived
4949,/model/layers.16/self_attn/k_norm/Sqrt,,Sqrt,16,attention_non_projection,,,,,,,,,,,,,,,,graph-derived
4950,/model/layers.16/self_attn/k_norm/Constant_2,,Constant,16,attention_non_projection,,,,,,,,,,,,,,,,graph-derived
4951,/model/layers.16/self_attn/k_norm/Div,,Div,16,attention_non_projection,,,,,,,,,,,,,,,,graph-derived
4952,/model/layers.16/self_attn/k_norm/Mul,,Mul,16,attention_non_projection,,,,,,,,,,,,,,,,graph-derived
4953,/model/layers.16/self_attn/k_norm/Mul_1,,Mul,16,attention_non_projection,,,,,,,,,,,,,,,,graph-derived
4954,/model/layers.16/self_attn/Mul,,Mul,16,attention_non_projection,,,,,,,,,,,,,,,,graph-derived
4955,/model/layers.16/self_attn/Shape_2,,Shape,16,attention_non_projection,,,,,,,,,,,,,,,,graph-derived
4956,/model/layers.16/self_attn/Constant_8,,Constant,16,attention_non_projection,,,,,,,,,,,,,,,,graph-derived
4957,/model/layers.16/self_attn/Gather_2,,Gather,16,attention_non_projection,,,,,,,,,,,,,,,,graph-derived
4958,/model/layers.16/self_attn/Constant_9,,Constant,16,attention_non_projection,,,,,,,,,,,,,,,,graph-derived
4959,/model/layers.16/self_attn/Div,,Div,16,attention_non_projection,,,,,,,,,,,,,,,,graph-derived
4960,/model/layers.16/self_attn/Cast,,Cast,16,attention_non_projection,,,,,,,,,,,,,,,,graph-derived
4961,/model/layers.16/self_attn/Cast_1,,Cast,16,attention_non_projection,,,,,,,,,,,,,,,,graph-derived
4962,/model/layers.16/self_attn/Constant_10,,Constant,16,attention_non_projection,,,,,,,,,,,,,,,,graph-derived
4963,/model/layers.16/self_attn/Constant_11,,Constant,16,attention_non_projection,,,,,,,,,,,,,,,,graph-derived
4964,/model/layers.16/self_attn/Constant_12,,Constant,16,attention_non_projection,,,,,,,,,,,,,,,,graph-derived
4965,/model/layers.16/self_attn/Unsqueeze_6,,Unsqueeze,16,attention_non_projection,,,,,,,,,,,,,,,,graph-derived
4966,/model/layers.16/self_attn/Constant_13,,Constant,16,attention_non_projection,,,,,,,,,,,,,,,,graph-derived
4967,/model/layers.16/self_attn/Slice,,Slice,16,attention_non_projection,,,,,,,,,,,,,,,,graph-derived
4968,/model/layers.16/self_attn/Constant_14,,Constant,16,attention_non_projection,,,,,,,,,,,,,,,,graph-derived
4969,/model/layers.16/self_attn/Constant_15,,Constant,16,attention_non_projection,,,,,,,,,,,,,,,,graph-derived
4970,/model/layers.16/self_attn/Unsqueeze_7,,Unsqueeze,16,attention_non_projection,,,,,,,,,,,,,,,,graph-derived
4971,/model/layers.16/self_attn/Constant_16,,Constant,16,attention_non_projection,,,,,,,,,,,,,,,,graph-derived
4972,/model/layers.16/self_attn/Constant_17,,Constant,16,attention_non_projection,,,,,,,,,,,,,,,,graph-derived
4973,/model/layers.16/self_attn/Slice_1,,Slice,16,attention_non_projection,,,,,,,,,,,,,,,,graph-derived
4974,/model/layers.16/self_attn/Neg,,Neg,16,attention_non_projection,,,,,,,,,,,,,,,,graph-derived
4975,/model/layers.16/self_attn/Concat_3,,Concat,16,attention_non_projection,,,,,,,,,,,,,,,,graph-derived
4976,/model/layers.16/self_attn/Mul_1,,Mul,16,attention_non_projection,,,,,,,,,,,,,,,,graph-derived
4977,/model/layers.16/self_attn/Add,,Add,16,attention_non_projection,,,,,,,,,,,,,,,,graph-derived
4978,/model/layers.16/self_attn/Mul_2,,Mul,16,attention_non_projection,,,,,,,,,,,,,,,,graph-derived
4979,/model/layers.16/self_attn/Shape_3,,Shape,16,attention_non_projection,,,,,,,,,,,,,,,,graph-derived
4980,/model/layers.16/self_attn/Constant_18,,Constant,16,attention_non_projection,,,,,,,,,,,,,,,,graph-derived
4981,/model/layers.16/self_attn/Gather_3,,Gather,16,attention_non_projection,,,,,,,,,,,,,,,,graph-derived
4982,/model/layers.16/self_attn/Constant_19,,Constant,16,attention_non_projection,,,,,,,,,,,,,,,,graph-derived
4983,/model/layers.16/self_attn/Div_1,,Div,16,attention_non_projection,,,,,,,,,,,,,,,,graph-derived
4984,/model/layers.16/self_attn/Cast_2,,Cast,16,attention_non_projection,,,,,,,,,,,,,,,,graph-derived
4985,/model/layers.16/self_attn/Cast_3,,Cast,16,attention_non_projection,,,,,,,,,,,,,,,,graph-derived
4986,/model/layers.16/self_attn/Constant_20,,Constant,16,attention_non_projection,,,,,,,,,,,,,,,,graph-derived
4987,/model/layers.16/self_attn/Constant_21,,Constant,16,attention_non_projection,,,,,,,,,,,,,,,,graph-derived
4988,/model/layers.16/self_attn/Constant_22,,Constant,16,attention_non_projection,,,,,,,,,,,,,,,,graph-derived
4989,/model/layers.16/self_attn/Unsqueeze_8,,Unsqueeze,16,attention_non_projection,,,,,,,,,,,,,,,,graph-derived
4990,/model/layers.16/self_attn/Constant_23,,Constant,16,attention_non_projection,,,,,,,,,,,,,,,,graph-derived
4991,/model/layers.16/self_attn/Slice_2,,Slice,16,attention_non_projection,,,,,,,,,,,,,,,,graph-derived
4992,/model/layers.16/self_attn/Constant_24,,Constant,16,attention_non_projection,,,,,,,,,,,,,,,,graph-derived
4993,/model/layers.16/self_attn/Constant_25,,Constant,16,attention_non_projection,,,,,,,,,,,,,,,,graph-derived
4994,/model/layers.16/self_attn/Unsqueeze_9,,Unsqueeze,16,attention_non_projection,,,,,,,,,,,,,,,,graph-derived
4995,/model/layers.16/self_attn/Constant_26,,Constant,16,attention_non_projection,,,,,,,,,,,,,,,,graph-derived
4996,/model/layers.16/self_attn/Constant_27,,Constant,16,attention_non_projection,,,,,,,,,,,,,,,,graph-derived
4997,/model/layers.16/self_attn/Slice_3,,Slice,16,attention_non_projection,,,,,,,,,,,,,,,,graph-derived
4998,/model/layers.16/self_attn/Neg_1,,Neg,16,attention_non_projection,,,,,,,,,,,,,,,,graph-derived
4999,/model/layers.16/self_attn/Concat_4,,Concat,16,attention_non_projection,,,,,,,,,,,,,,,,graph-derived
5000,/model/layers.16/self_attn/Mul_3,,Mul,16,attention_non_projection,,,,,,,,,,,,,,,,graph-derived
5001,/model/layers.16/self_attn/Add_1,,Add,16,attention_non_projection,,,,,,,,,,,,,,,,graph-derived
5002,/model/layers.16/self_attn/Concat_5,,Concat,16,attention_non_projection,,,,,,,,,,,,,,,,graph-derived
5003,/model/layers.16/self_attn/Concat_6,,Concat,16,attention_non_projection,,,,,,,,,,,,,,,,graph-derived
5004,/model/layers.16/self_attn/Shape_4,,Shape,16,attention_non_projection,,,,,,,,,,,,,,,,graph-derived
5005,/model/layers.16/self_attn/Constant_28,,Constant,16,attention_non_projection,,,,,,,,,,,,,,,,graph-derived
5006,/model/layers.16/self_attn/Gather_4,,Gather,16,attention_non_projection,,,,,,,,,,,,,,,,graph-derived
5007,/model/layers.16/self_attn/Shape_5,,Shape,16,attention_non_projection,,,,,,,,,,,,,,,,graph-derived
5008,/model/layers.16/self_attn/Constant_29,,Constant,16,attention_non_projection,,,,,,,,,,,,,,,,graph-derived
5009,/model/layers.16/self_attn/Gather_5,,Gather,16,attention_non_projection,,,,,,,,,,,,,,,,graph-derived
5010,/model/layers.16/self_attn/Shape_6,,Shape,16,attention_non_projection,,,,,,,,,,,,,,,,graph-derived
5011,/model/layers.16/self_attn/Constant_30,,Constant,16,attention_non_projection,,,,,,,,,,,,,,,,graph-derived
5012,/model/layers.16/self_attn/Gather_6,,Gather,16,attention_non_projection,,,,,,,,,,,,,,,,graph-derived
5013,/model/layers.16/self_attn/Shape_7,,Shape,16,attention_non_projection,,,,,,,,,,,,,,,,graph-derived
5014,/model/layers.16/self_attn/Constant_31,,Constant,16,attention_non_projection,,,,,,,,,,,,,,,,graph-derived
5015,/model/layers.16/self_attn/Gather_7,,Gather,16,attention_non_projection,,,,,,,,,,,,,,,,graph-derived
5016,/model/layers.16/self_attn/Constant_32,,Constant,16,attention_non_projection,,,,,,,,,,,,,,,,graph-derived
5017,/model/layers.16/self_attn/Unsqueeze_10,,Unsqueeze,16,attention_non_projection,,,,,,,,,,,,,,,,graph-derived
5018,/model/layers.16/self_attn/Constant_33,,Constant,16,attention_non_projection,,,,,,,,,,,,,,,,graph-derived
5019,/model/layers.16/self_attn/Unsqueeze_11,,Unsqueeze,16,attention_non_projection,,,,,,,,,,,,,,,,graph-derived
5020,/model/layers.16/self_attn/Constant_34,,Constant,16,attention_non_projection,,,,,,,,,,,,,,,,graph-derived
5021,/model/layers.16/self_attn/Unsqueeze_12,,Unsqueeze,16,attention_non_projection,,,,,,,,,,,,,,,,graph-derived
5022,/model/layers.16/self_attn/Constant_35,,Constant,16,attention_non_projection,,,,,,,,,,,,,,,,graph-derived
5023,/model/layers.16/self_attn/Constant_36,,Constant,16,attention_non_projection,,,,,,,,,,,,,,,,graph-derived
5024,/model/layers.16/self_attn/Unsqueeze_13,,Unsqueeze,16,attention_non_projection,,,,,,,,,,,,,,,,graph-derived
5025,/model/layers.16/self_attn/Constant_37,,Constant,16,attention_non_projection,,,,,,,,,,,,,,,,graph-derived
5026,/model/layers.16/self_attn/Unsqueeze_14,,Unsqueeze,16,attention_non_projection,,,,,,,,,,,,,,,,graph-derived
5027,/model/layers.16/self_attn/Concat_7,,Concat,16,attention_non_projection,,,,,,,,,,,,,,,,graph-derived
5028,/model/layers.16/self_attn/Constant_38,,Constant,16,attention_non_projection,,,,,,,,,,,,,,,,graph-derived
5029,/model/layers.16/self_attn/Reshape_3,,Reshape,16,attention_non_projection,,,,,,,,,,,,,,,,graph-derived
5030,/model/layers.16/self_attn/Shape_8,,Shape,16,attention_non_projection,,,,,,,,,,,,,,,,graph-derived
5031,/model/layers.16/self_attn/ConstantOfShape,,ConstantOfShape,16,attention_non_projection,,,,,,,,,,,,,,,,graph-derived
5032,/model/layers.16/self_attn/Constant_39,,Constant,16,attention_non_projection,,,,,,,,,,,,,,,,graph-derived
5033,/model/layers.16/self_attn/Mul_4,,Mul,16,attention_non_projection,,,,,,,,,,,,,,,,graph-derived
5034,/model/layers.16/self_attn/Equal,,Equal,16,attention_non_projection,,,,,,,,,,,,,,,,graph-derived
5035,/model/layers.16/self_attn/Where,,Where,16,attention_non_projection,,,,,,,,,,,,,,,,graph-derived
5036,/model/layers.16/self_attn/Expand,,Expand,16,attention_non_projection,,,,,,,,,,,,,,,,graph-derived
5037,/model/layers.16/self_attn/Constant_40,,Constant,16,attention_non_projection,,,,,,,,,,,,,,,,graph-derived
5038,/model/layers.16/self_attn/Mul_5,,Mul,16,attention_non_projection,,,,,,,,,,,,,,,,graph-derived
5039,Constant_7777,,Constant,,other,,,,,,,,,,,,,,,,graph-derived
5040,/model/layers.16/self_attn/Unsqueeze_15,,Unsqueeze,16,attention_non_projection,,,,,,,,,,,,,,,,graph-derived
5041,Constant_7779,,Constant,,other,,,,,,,,,,,,,,,,graph-derived
5042,/model/layers.16/self_attn/Unsqueeze_16,,Unsqueeze,16,attention_non_projection,,,,,,,,,,,,,,,,graph-derived
5043,Constant_7781,,Constant,,other,,,,,,,,,,,,,,,,graph-derived
5044,/model/layers.16/self_attn/Unsqueeze_17,,Unsqueeze,16,attention_non_projection,,,,,,,,,,,,,,,,graph-derived
5045,Constant_7783,,Constant,,other,,,,,,,,,,,,,,,,graph-derived
5046,/model/layers.16/self_attn/Unsqueeze_18,,Unsqueeze,16,attention_non_projection,,,,,,,,,,,,,,,,graph-derived
5047,/model/layers.16/self_attn/Concat_8,,Concat,16,attention_non_projection,,,,,,,,,,,,,,,,graph-derived
5048,/model/layers.16/self_attn/Reshape_4,,Reshape,16,attention_non_projection,,,,,,,,,,,,,,,,graph-derived
5049,/model/layers.16/self_attn/Shape_9,,Shape,16,attention_non_projection,,,,,,,,,,,,,,,,graph-derived
5050,/model/layers.16/self_attn/Constant_41,,Constant,16,attention_non_projection,,,,,,,,,,,,,,,,graph-derived
5051,/model/layers.16/self_attn/Gather_8,,Gather,16,attention_non_projection,,,,,,,,,,,,,,,,graph-derived
5052,/model/layers.16/self_attn/Shape_10,,Shape,16,attention_non_projection,,,,,,,,,,,,,,,,graph-derived
5053,/model/layers.16/self_attn/Constant_42,,Constant,16,attention_non_projection,,,,,,,,,,,,,,,,graph-derived
5054,/model/layers.16/self_attn/Gather_9,,Gather,16,attention_non_projection,,,,,,,,,,,,,,,,graph-derived
5055,/model/layers.16/self_attn/Shape_11,,Shape,16,attention_non_projection,,,,,,,,,,,,,,,,graph-derived
5056,/model/layers.16/self_attn/Constant_43,,Constant,16,attention_non_projection,,,,,,,,,,,,,,,,graph-derived
5057,/model/layers.16/self_attn/Gather_10,,Gather,16,attention_non_projection,,,,,,,,,,,,,,,,graph-derived
5058,/model/layers.16/self_attn/Shape_12,,Shape,16,attention_non_projection,,,,,,,,,,,,,,,,graph-derived
5059,/model/layers.16/self_attn/Constant_44,,Constant,16,attention_non_projection,,,,,,,,,,,,,,,,graph-derived
5060,/model/layers.16/self_attn/Gather_11,,Gather,16,attention_non_projection,,,,,,,,,,,,,,,,graph-derived
5061,/model/layers.16/self_attn/Constant_45,,Constant,16,attention_non_projection,,,,,,,,,,,,,,,,graph-derived
5062,/model/layers.16/self_attn/Unsqueeze_19,,Unsqueeze,16,attention_non_projection,,,,,,,,,,,,,,,,graph-derived
5063,/model/layers.16/self_attn/Constant_46,,Constant,16,attention_non_projection,,,,,,,,,,,,,,,,graph-derived
5064,/model/layers.16/self_attn/Unsqueeze_20,,Unsqueeze,16,attention_non_projection,,,,,,,,,,,,,,,,graph-derived
5065,/model/layers.16/self_attn/Constant_47,,Constant,16,attention_non_projection,,,,,,,,,,,,,,,,graph-derived
5066,/model/layers.16/self_attn/Unsqueeze_21,,Unsqueeze,16,attention_non_projection,,,,,,,,,,,,,,,,graph-derived
5067,/model/layers.16/self_attn/Constant_48,,Constant,16,attention_non_projection,,,,,,,,,,,,,,,,graph-derived
5068,/model/layers.16/self_attn/Constant_49,,Constant,16,attention_non_projection,,,,,,,,,,,,,,,,graph-derived
5069,/model/layers.16/self_attn/Unsqueeze_22,,Unsqueeze,16,attention_non_projection,,,,,,,,,,,,,,,,graph-derived
5070,/model/layers.16/self_attn/Constant_50,,Constant,16,attention_non_projection,,,,,,,,,,,,,,,,graph-derived
5071,/model/layers.16/self_attn/Unsqueeze_23,,Unsqueeze,16,attention_non_projection,,,,,,,,,,,,,,,,graph-derived
5072,/model/layers.16/self_attn/Concat_9,,Concat,16,attention_non_projection,,,,,,,,,,,,,,,,graph-derived
5073,/model/layers.16/self_attn/Constant_51,,Constant,16,attention_non_projection,,,,,,,,,,,,,,,,graph-derived
5074,/model/layers.16/self_attn/Reshape_5,,Reshape,16,attention_non_projection,,,,,,,,,,,,,,,,graph-derived
5075,/model/layers.16/self_attn/Shape_13,,Shape,16,attention_non_projection,,,,,,,,,,,,,,,,graph-derived
5076,/model/layers.16/self_attn/ConstantOfShape_1,,ConstantOfShape,16,attention_non_projection,,,,,,,,,,,,,,,,graph-derived
5077,/model/layers.16/self_attn/Constant_52,,Constant,16,attention_non_projection,,,,,,,,,,,,,,,,graph-derived
5078,/model/layers.16/self_attn/Mul_6,,Mul,16,attention_non_projection,,,,,,,,,,,,,,,,graph-derived
5079,/model/layers.16/self_attn/Equal_1,,Equal,16,attention_non_projection,,,,,,,,,,,,,,,,graph-derived
5080,/model/layers.16/self_attn/Where_1,,Where,16,attention_non_projection,,,,,,,,,,,,,,,,graph-derived
5081,/model/layers.16/self_attn/Expand_1,,Expand,16,attention_non_projection,,,,,,,,,,,,,,,,graph-derived
5082,/model/layers.16/self_attn/Constant_53,,Constant,16,attention_non_projection,,,,,,,,,,,,,,,,graph-derived
5083,/model/layers.16/self_attn/Mul_7,,Mul,16,attention_non_projection,,,,,,,,,,,,,,,,graph-derived
5084,Constant_7822,,Constant,,other,,,,,,,,,,,,,,,,graph-derived
5085,/model/layers.16/self_attn/Unsqueeze_24,,Unsqueeze,16,attention_non_projection,,,,,,,,,,,,,,,,graph-derived
5086,Constant_7824,,Constant,,other,,,,,,,,,,,,,,,,graph-derived
5087,/model/layers.16/self_attn/Unsqueeze_25,,Unsqueeze,16,attention_non_projection,,,,,,,,,,,,,,,,graph-derived
5088,Constant_7826,,Constant,,other,,,,,,,,,,,,,,,,graph-derived
5089,/model/layers.16/self_attn/Unsqueeze_26,,Unsqueeze,16,attention_non_projection,,,,,,,,,,,,,,,,graph-derived
5090,Constant_7828,,Constant,,other,,,,,,,,,,,,,,,,graph-derived
5091,/model/layers.16/self_attn/Unsqueeze_27,,Unsqueeze,16,attention_non_projection,,,,,,,,,,,,,,,,graph-derived
5092,/model/layers.16/self_attn/Concat_10,,Concat,16,attention_non_projection,,,,,,,,,,,,,,,,graph-derived
5093,/model/layers.16/self_attn/Reshape_6,,Reshape,16,attention_non_projection,,,,,,,,,,,,,,,,graph-derived
5094,/model/layers.16/self_attn/Shape_14,,Shape,16,attention_non_projection,,,,,,,,,,,,,,,,graph-derived
5095,/model/layers.16/self_attn/Constant_54,,Constant,16,attention_non_projection,,,,,,,,,,,,,,,,graph-derived
5096,/model/layers.16/self_attn/Gather_12,,Gather,16,attention_non_projection,,,,,,,,,,,,,,,,graph-derived
5097,/model/layers.16/self_attn/Constant_55,,Constant,16,attention_non_projection,,,,,,,,,,,,,,,,graph-derived
5098,/model/layers.16/self_attn/Constant_56,,Constant,16,attention_non_projection,,,,,,,,,,,,,,,,graph-derived
5099,/model/layers.16/self_attn/Constant_57,,Constant,16,attention_non_projection,,,,,,,,,,,,,,,,graph-derived
5100,/model/layers.16/self_attn/Unsqueeze_28,,Unsqueeze,16,attention_non_projection,,,,,,,,,,,,,,,,graph-derived
5101,/model/layers.16/self_attn/Constant_58,,Constant,16,attention_non_projection,,,,,,,,,,,,,,,,graph-derived
5102,/model/layers.16/self_attn/Slice_4,,Slice,16,attention_non_projection,,,,,,,,,,,,,,,,graph-derived
5103,/model/layers.16/self_attn/Transpose_3,,Transpose,16,attention_non_projection,,,,,,,,,,,,,,,,graph-derived
5104,/model/layers.16/self_attn/Constant_59,,Constant,16,attention_non_projection,,,,,,,,,,,,,,,,graph-derived
5105,/model/layers.16/self_attn/Mul_8,,Mul,16,attention_non_projection,,,,,,,,,,,,,,,,graph-derived
5106,/model/layers.16/self_attn/Constant_60,,Constant,16,attention_non_projection,,,,,,,,,,,,,,,,graph-derived
5107,/model/layers.16/self_attn/Mul_9,,Mul,16,attention_non_projection,,,,,,,,,,,,,,,,graph-derived
5108,/model/layers.16/self_attn/MatMul,,MatMul,16,attention_non_projection,,,,,,,,,,,,,,,,graph-derived
5109,/model/layers.16/self_attn/Constant_61,,Constant,16,attention_non_projection,,,,,,,,,,,,,,,,graph-derived
5110,/model/layers.16/self_attn/Constant_62,,Constant,16,attention_non_projection,,,,,,,,,,,,,,,,graph-derived
5111,/model/layers.16/self_attn/Where_2,,Where,16,attention_non_projection,,,,,,,,,,,,,,,,graph-derived
5112,/model/layers.16/self_attn/Add_2,,Add,16,attention_non_projection,,,,,,,,,,,,,,,,graph-derived
5113,/model/layers.16/self_attn/Softmax,,Softmax,16,attention_non_projection,,,,,,,,,,,,,,,,graph-derived
5114,/model/layers.16/self_attn/IsNaN,,IsNaN,16,attention_non_projection,,,,,,,,,,,,,,,,graph-derived
5115,/model/layers.16/self_attn/Constant_63,,Constant,16,attention_non_projection,,,,,,,,,,,,,,,,graph-derived
5116,/model/layers.16/self_attn/Where_3,,Where,16,attention_non_projection,,,,,,,,,,,,,,,,graph-derived
5117,/model/layers.16/self_attn/MatMul_1,,MatMul,16,attention_non_projection,,,,,,,,,,,,,,,,graph-derived
5118,/model/layers.16/self_attn/Transpose_4,,Transpose,16,attention_non_projection,,,,,,,,,,,,,,,,graph-derived
5119,Constant_7857,,Constant,,other,,,,,,,,,,,,,,,,graph-derived
5120,/model/layers.16/self_attn/Unsqueeze_29,,Unsqueeze,16,attention_non_projection,,,,,,,,,,,,,,,,graph-derived
5121,Constant_7859,,Constant,,other,,,,,,,,,,,,,,,,graph-derived
5122,/model/layers.16/self_attn/Unsqueeze_30,,Unsqueeze,16,attention_non_projection,,,,,,,,,,,,,,,,graph-derived
5123,/model/layers.16/self_attn/Constant_64,,Constant,16,attention_non_projection,,,,,,,,,,,,,,,,graph-derived
5124,/model/layers.16/self_attn/Concat_11,,Concat,16,attention_non_projection,,,,,,,,,,,,,,,,graph-derived
5125,/model/layers.16/self_attn/Reshape_7,,Reshape,16,attention_non_projection,,,,,,,,,,,,,,,,graph-derived
5126,/model/layers.16/self_attn/o_proj/MatMul,,MatMul,16,attention_projection,o_proj,1024,1152,float,onnx::MatMul_10373,4718592,4096,4608,once_per_decode_token,model.onnx_data,2932939264,2932939264,3,0,2,graph-derived
5127,/model/layers.16/post_attention_layernorm/Cast,,Cast,16,other,,,,,,,,,,,,,,,,graph-derived
5128,/model/layers.16/post_attention_layernorm/Constant,,Constant,16,other,,,,,,,,,,,,,,,,graph-derived
5129,/model/layers.16/post_attention_layernorm/Pow,,Pow,16,other,,,,,,,,,,,,,,,,graph-derived
5130,/model/layers.16/post_attention_layernorm/ReduceMean,,ReduceMean,16,other,,,,,,,,,,,,,,,,graph-derived
5131,/model/layers.16/post_attention_layernorm/Constant_1,,Constant,16,other,,,,,,,,,,,,,,,,graph-derived
5132,/model/layers.16/post_attention_layernorm/Add,,Add,16,other,,,,,,,,,,,,,,,,graph-derived
5133,/model/layers.16/post_attention_layernorm/Sqrt,,Sqrt,16,other,,,,,,,,,,,,,,,,graph-derived
5134,/model/layers.16/post_attention_layernorm/Constant_2,,Constant,16,other,,,,,,,,,,,,,,,,graph-derived
5135,/model/layers.16/post_attention_layernorm/Div,,Div,16,other,,,,,,,,,,,,,,,,graph-derived
5136,/model/layers.16/post_attention_layernorm/Mul,,Mul,16,other,,,,,,,,,,,,,,,,graph-derived
5137,/model/layers.16/post_attention_layernorm/Mul_1,,Mul,16,other,,,,,,,,,,,,,,,,graph-derived
5138,/model/layers.16/Add,,Add,16,other,,,,,,,,,,,,,,,,graph-derived
5139,/model/layers.16/pre_feedforward_layernorm/Cast,,Cast,16,other,,,,,,,,,,,,,,,,graph-derived
5140,/model/layers.16/pre_feedforward_layernorm/Constant,,Constant,16,other,,,,,,,,,,,,,,,,graph-derived
5141,/model/layers.16/pre_feedforward_layernorm/Pow,,Pow,16,other,,,,,,,,,,,,,,,,graph-derived
5142,/model/layers.16/pre_feedforward_layernorm/ReduceMean,,ReduceMean,16,other,,,,,,,,,,,,,,,,graph-derived
5143,/model/layers.16/pre_feedforward_layernorm/Constant_1,,Constant,16,other,,,,,,,,,,,,,,,,graph-derived
5144,/model/layers.16/pre_feedforward_layernorm/Add,,Add,16,other,,,,,,,,,,,,,,,,graph-derived
5145,/model/layers.16/pre_feedforward_layernorm/Sqrt,,Sqrt,16,other,,,,,,,,,,,,,,,,graph-derived
5146,/model/layers.16/pre_feedforward_layernorm/Constant_2,,Constant,16,other,,,,,,,,,,,,,,,,graph-derived
5147,/model/layers.16/pre_feedforward_layernorm/Div,,Div,16,other,,,,,,,,,,,,,,,,graph-derived
5148,/model/layers.16/pre_feedforward_layernorm/Mul,,Mul,16,other,,,,,,,,,,,,,,,,graph-derived
5149,/model/layers.16/pre_feedforward_layernorm/Mul_1,,Mul,16,other,,,,,,,,,,,,,,,,graph-derived
5150,/model/layers.16/mlp/gate_proj/MatMul,,MatMul,16,mlp_projection,gate_proj,1152,6912,float,onnx::MatMul_10378,31850496,4608,27648,once_per_decode_token,model.onnx_data,2937667072,2937667072,0,1,0,graph-derived
5151,/model/layers.16/mlp/act_fn/Mul,,Mul,16,mlp_non_projection,,,,,,,,,,,,,,,,graph-derived
5152,/model/layers.16/mlp/act_fn/Mul_1,,Mul,16,mlp_non_projection,,,,,,,,,,,,,,,,graph-derived
5153,/model/layers.16/mlp/act_fn/Constant,,Constant,16,mlp_non_projection,,,,,,,,,,,,,,,,graph-derived
5154,/model/layers.16/mlp/act_fn/Mul_2,,Mul,16,mlp_non_projection,,,,,,,,,,,,,,,,graph-derived
5155,/model/layers.16/mlp/act_fn/Add,,Add,16,mlp_non_projection,,,,,,,,,,,,,,,,graph-derived
5156,/model/layers.16/mlp/act_fn/Constant_1,,Constant,16,mlp_non_projection,,,,,,,,,,,,,,,,graph-derived
5157,/model/layers.16/mlp/act_fn/Mul_3,,Mul,16,mlp_non_projection,,,,,,,,,,,,,,,,graph-derived
5158,/model/layers.16/mlp/act_fn/Tanh,,Tanh,16,mlp_non_projection,,,,,,,,,,,,,,,,graph-derived
5159,/model/layers.16/mlp/act_fn/Constant_2,,Constant,16,mlp_non_projection,,,,,,,,,,,,,,,,graph-derived
5160,/model/layers.16/mlp/act_fn/Add_1,,Add,16,mlp_non_projection,,,,,,,,,,,,,,,,graph-derived
5161,/model/layers.16/mlp/act_fn/Mul_4,,Mul,16,mlp_non_projection,,,,,,,,,,,,,,,,graph-derived
5162,/model/layers.16/mlp/act_fn/Constant_3,,Constant,16,mlp_non_projection,,,,,,,,,,,,,,,,graph-derived
5163,/model/layers.16/mlp/act_fn/Mul_5,,Mul,16,mlp_non_projection,,,,,,,,,,,,,,,,graph-derived
5164,/model/layers.16/mlp/up_proj/MatMul,,MatMul,16,mlp_projection,up_proj,1152,6912,float,onnx::MatMul_10379,31850496,4608,27648,once_per_decode_token,model.onnx_data,2969517568,2969517568,1,0,2,graph-derived
5165,/model/layers.16/mlp/Mul,,Mul,16,mlp_non_projection,,,,,,,,,,,,,,,,graph-derived
5166,/model/layers.16/mlp/down_proj/MatMul,,MatMul,16,mlp_projection,down_proj,6912,1152,float,onnx::MatMul_10380,31850496,27648,4608,once_per_decode_token,model.onnx_data,3001368064,3001368064,2,0,0,graph-derived
5167,/model/layers.16/post_feedforward_layernorm/Cast,,Cast,16,other,,,,,,,,,,,,,,,,graph-derived
5168,/model/layers.16/post_feedforward_layernorm/Constant,,Constant,16,other,,,,,,,,,,,,,,,,graph-derived
5169,/model/layers.16/post_feedforward_layernorm/Pow,,Pow,16,other,,,,,,,,,,,,,,,,graph-derived
5170,/model/layers.16/post_feedforward_layernorm/ReduceMean,,ReduceMean,16,other,,,,,,,,,,,,,,,,graph-derived
5171,/model/layers.16/post_feedforward_layernorm/Constant_1,,Constant,16,other,,,,,,,,,,,,,,,,graph-derived
5172,/model/layers.16/post_feedforward_layernorm/Add,,Add,16,other,,,,,,,,,,,,,,,,graph-derived
5173,/model/layers.16/post_feedforward_layernorm/Sqrt,,Sqrt,16,other,,,,,,,,,,,,,,,,graph-derived
5174,/model/layers.16/post_feedforward_layernorm/Constant_2,,Constant,16,other,,,,,,,,,,,,,,,,graph-derived
5175,/model/layers.16/post_feedforward_layernorm/Div,,Div,16,other,,,,,,,,,,,,,,,,graph-derived
5176,/model/layers.16/post_feedforward_layernorm/Mul,,Mul,16,other,,,,,,,,,,,,,,,,graph-derived
5177,/model/layers.16/post_feedforward_layernorm/Mul_1,,Mul,16,other,,,,,,,,,,,,,,,,graph-derived
5178,/model/layers.16/Add_1,,Add,16,other,,,,,,,,,,,,,,,,graph-derived
5179,/model/layers.17/input_layernorm/Cast,,Cast,17,other,,,,,,,,,,,,,,,,graph-derived
5180,/model/layers.17/input_layernorm/Constant,,Constant,17,other,,,,,,,,,,,,,,,,graph-derived
5181,/model/layers.17/input_layernorm/Pow,,Pow,17,other,,,,,,,,,,,,,,,,graph-derived
5182,/model/layers.17/input_layernorm/ReduceMean,,ReduceMean,17,other,,,,,,,,,,,,,,,,graph-derived
5183,/model/layers.17/input_layernorm/Constant_1,,Constant,17,other,,,,,,,,,,,,,,,,graph-derived
5184,/model/layers.17/input_layernorm/Add,,Add,17,other,,,,,,,,,,,,,,,,graph-derived
5185,/model/layers.17/input_layernorm/Sqrt,,Sqrt,17,other,,,,,,,,,,,,,,,,graph-derived
5186,/model/layers.17/input_layernorm/Constant_2,,Constant,17,other,,,,,,,,,,,,,,,,graph-derived
5187,/model/layers.17/input_layernorm/Div,,Div,17,other,,,,,,,,,,,,,,,,graph-derived
5188,/model/layers.17/input_layernorm/Mul,,Mul,17,other,,,,,,,,,,,,,,,,graph-derived
5189,/model/layers.17/input_layernorm/Mul_1,,Mul,17,other,,,,,,,,,,,,,,,,graph-derived
5190,/model/layers.17/self_attn/Shape,,Shape,17,attention_non_projection,,,,,,,,,,,,,,,,graph-derived
5191,/model/layers.17/self_attn/Constant,,Constant,17,attention_non_projection,,,,,,,,,,,,,,,,graph-derived
5192,/model/layers.17/self_attn/Gather,,Gather,17,attention_non_projection,,,,,,,,,,,,,,,,graph-derived
5193,/model/layers.17/self_attn/Shape_1,,Shape,17,attention_non_projection,,,,,,,,,,,,,,,,graph-derived
5194,/model/layers.17/self_attn/Constant_1,,Constant,17,attention_non_projection,,,,,,,,,,,,,,,,graph-derived
5195,/model/layers.17/self_attn/Gather_1,,Gather,17,attention_non_projection,,,,,,,,,,,,,,,,graph-derived
5196,/model/layers.17/self_attn/q_proj/MatMul,,MatMul,17,attention_projection,q_proj,1152,1024,float,onnx::MatMul_10385,4718592,4608,4096,once_per_decode_token,model.onnx_data,3033227776,3033227776,0,3,3,graph-derived
5197,Constant_7935,,Constant,,other,,,,,,,,,,,,,,,,graph-derived
5198,/model/layers.17/self_attn/Unsqueeze,,Unsqueeze,17,attention_non_projection,,,,,,,,,,,,,,,,graph-derived
5199,Constant_7937,,Constant,,other,,,,,,,,,,,,,,,,graph-derived
5200,/model/layers.17/self_attn/Unsqueeze_1,,Unsqueeze,17,attention_non_projection,,,,,,,,,,,,,,,,graph-derived
5201,/model/layers.17/self_attn/Constant_2,,Constant,17,attention_non_projection,,,,,,,,,,,,,,,,graph-derived
5202,/model/layers.17/self_attn/Constant_3,,Constant,17,attention_non_projection,,,,,,,,,,,,,,,,graph-derived
5203,/model/layers.17/self_attn/Concat,,Concat,17,attention_non_projection,,,,,,,,,,,,,,,,graph-derived
5204,Constant_7942,,Constant,,other,,,,,,,,,,,,,,,,graph-derived
5205,/model/layers.17/self_attn/Unsqueeze_2,,Unsqueeze,17,attention_non_projection,,,,,,,,,,,,,,,,graph-derived
5206,Constant_7944,,Constant,,other,,,,,,,,,,,,,,,,graph-derived
5207,/model/layers.17/self_attn/Unsqueeze_3,,Unsqueeze,17,attention_non_projection,,,,,,,,,,,,,,,,graph-derived
5208,/model/layers.17/self_attn/Constant_4,,Constant,17,attention_non_projection,,,,,,,,,,,,,,,,graph-derived
5209,/model/layers.17/self_attn/Constant_5,,Constant,17,attention_non_projection,,,,,,,,,,,,,,,,graph-derived
5210,/model/layers.17/self_attn/Concat_1,,Concat,17,attention_non_projection,,,,,,,,,,,,,,,,graph-derived
5211,Constant_7949,,Constant,,other,,,,,,,,,,,,,,,,graph-derived
5212,/model/layers.17/self_attn/Unsqueeze_4,,Unsqueeze,17,attention_non_projection,,,,,,,,,,,,,,,,graph-derived
5213,Constant_7951,,Constant,,other,,,,,,,,,,,,,,,,graph-derived
5214,/model/layers.17/self_attn/Unsqueeze_5,,Unsqueeze,17,attention_non_projection,,,,,,,,,,,,,,,,graph-derived
5215,/model/layers.17/self_attn/Constant_6,,Constant,17,attention_non_projection,,,,,,,,,,,,,,,,graph-derived
5216,/model/layers.17/self_attn/Constant_7,,Constant,17,attention_non_projection,,,,,,,,,,,,,,,,graph-derived
5217,/model/layers.17/self_attn/Concat_2,,Concat,17,attention_non_projection,,,,,,,,,,,,,,,,graph-derived
5218,/model/layers.17/self_attn/Reshape,,Reshape,17,attention_non_projection,,,,,,,,,,,,,,,,graph-derived
5219,/model/layers.17/self_attn/Transpose,,Transpose,17,attention_non_projection,,,,,,,,,,,,,,,,graph-derived
5220,/model/layers.17/self_attn/k_proj/MatMul,,MatMul,17,attention_projection,k_proj,1152,256,float,onnx::MatMul_10392,1179648,4608,1024,once_per_decode_token,model.onnx_data,3037946368,3037946368,1,1,1,graph-derived
5221,/model/layers.17/self_attn/Reshape_1,,Reshape,17,attention_non_projection,,,,,,,,,,,,,,,,graph-derived
5222,/model/layers.17/self_attn/Transpose_1,,Transpose,17,attention_non_projection,,,,,,,,,,,,,,,,graph-derived
5223,/model/layers.17/self_attn/v_proj/MatMul,,MatMul,17,attention_projection,v_proj,1152,256,float,onnx::MatMul_10393,1179648,4608,1024,once_per_decode_token,model.onnx_data,3039126016,3039126016,2,3,3,graph-derived
5224,/model/layers.17/self_attn/Reshape_2,,Reshape,17,attention_non_projection,,,,,,,,,,,,,,,,graph-derived
5225,/model/layers.17/self_attn/Transpose_2,,Transpose,17,attention_non_projection,,,,,,,,,,,,,,,,graph-derived
5226,/model/layers.17/self_attn/q_norm/Cast,,Cast,17,attention_non_projection,,,,,,,,,,,,,,,,graph-derived
5227,/model/layers.17/self_attn/q_norm/Constant,,Constant,17,attention_non_projection,,,,,,,,,,,,,,,,graph-derived
5228,/model/layers.17/self_attn/q_norm/Pow,,Pow,17,attention_non_projection,,,,,,,,,,,,,,,,graph-derived
5229,/model/layers.17/self_attn/q_norm/ReduceMean,,ReduceMean,17,attention_non_projection,,,,,,,,,,,,,,,,graph-derived
5230,/model/layers.17/self_attn/q_norm/Constant_1,,Constant,17,attention_non_projection,,,,,,,,,,,,,,,,graph-derived
5231,/model/layers.17/self_attn/q_norm/Add,,Add,17,attention_non_projection,,,,,,,,,,,,,,,,graph-derived
5232,/model/layers.17/self_attn/q_norm/Sqrt,,Sqrt,17,attention_non_projection,,,,,,,,,,,,,,,,graph-derived
5233,/model/layers.17/self_attn/q_norm/Constant_2,,Constant,17,attention_non_projection,,,,,,,,,,,,,,,,graph-derived
5234,/model/layers.17/self_attn/q_norm/Div,,Div,17,attention_non_projection,,,,,,,,,,,,,,,,graph-derived
5235,/model/layers.17/self_attn/q_norm/Mul,,Mul,17,attention_non_projection,,,,,,,,,,,,,,,,graph-derived
5236,/model/layers.17/self_attn/q_norm/Mul_1,,Mul,17,attention_non_projection,,,,,,,,,,,,,,,,graph-derived
5237,/model/layers.17/self_attn/k_norm/Cast,,Cast,17,attention_non_projection,,,,,,,,,,,,,,,,graph-derived
5238,/model/layers.17/self_attn/k_norm/Constant,,Constant,17,attention_non_projection,,,,,,,,,,,,,,,,graph-derived
5239,/model/layers.17/self_attn/k_norm/Pow,,Pow,17,attention_non_projection,,,,,,,,,,,,,,,,graph-derived
5240,/model/layers.17/self_attn/k_norm/ReduceMean,,ReduceMean,17,attention_non_projection,,,,,,,,,,,,,,,,graph-derived
5241,/model/layers.17/self_attn/k_norm/Constant_1,,Constant,17,attention_non_projection,,,,,,,,,,,,,,,,graph-derived
5242,/model/layers.17/self_attn/k_norm/Add,,Add,17,attention_non_projection,,,,,,,,,,,,,,,,graph-derived
5243,/model/layers.17/self_attn/k_norm/Sqrt,,Sqrt,17,attention_non_projection,,,,,,,,,,,,,,,,graph-derived
5244,/model/layers.17/self_attn/k_norm/Constant_2,,Constant,17,attention_non_projection,,,,,,,,,,,,,,,,graph-derived
5245,/model/layers.17/self_attn/k_norm/Div,,Div,17,attention_non_projection,,,,,,,,,,,,,,,,graph-derived
5246,/model/layers.17/self_attn/k_norm/Mul,,Mul,17,attention_non_projection,,,,,,,,,,,,,,,,graph-derived
5247,/model/layers.17/self_attn/k_norm/Mul_1,,Mul,17,attention_non_projection,,,,,,,,,,,,,,,,graph-derived
5248,/model/layers.17/self_attn/Mul,,Mul,17,attention_non_projection,,,,,,,,,,,,,,,,graph-derived
5249,/model/layers.17/self_attn/Shape_2,,Shape,17,attention_non_projection,,,,,,,,,,,,,,,,graph-derived
5250,/model/layers.17/self_attn/Constant_8,,Constant,17,attention_non_projection,,,,,,,,,,,,,,,,graph-derived
5251,/model/layers.17/self_attn/Gather_2,,Gather,17,attention_non_projection,,,,,,,,,,,,,,,,graph-derived
5252,/model/layers.17/self_attn/Constant_9,,Constant,17,attention_non_projection,,,,,,,,,,,,,,,,graph-derived
5253,/model/layers.17/self_attn/Div,,Div,17,attention_non_projection,,,,,,,,,,,,,,,,graph-derived
5254,/model/layers.17/self_attn/Cast,,Cast,17,attention_non_projection,,,,,,,,,,,,,,,,graph-derived
5255,/model/layers.17/self_attn/Cast_1,,Cast,17,attention_non_projection,,,,,,,,,,,,,,,,graph-derived
5256,/model/layers.17/self_attn/Constant_10,,Constant,17,attention_non_projection,,,,,,,,,,,,,,,,graph-derived
5257,/model/layers.17/self_attn/Constant_11,,Constant,17,attention_non_projection,,,,,,,,,,,,,,,,graph-derived
5258,/model/layers.17/self_attn/Constant_12,,Constant,17,attention_non_projection,,,,,,,,,,,,,,,,graph-derived
5259,/model/layers.17/self_attn/Unsqueeze_6,,Unsqueeze,17,attention_non_projection,,,,,,,,,,,,,,,,graph-derived
5260,/model/layers.17/self_attn/Constant_13,,Constant,17,attention_non_projection,,,,,,,,,,,,,,,,graph-derived
5261,/model/layers.17/self_attn/Slice,,Slice,17,attention_non_projection,,,,,,,,,,,,,,,,graph-derived
5262,/model/layers.17/self_attn/Constant_14,,Constant,17,attention_non_projection,,,,,,,,,,,,,,,,graph-derived
5263,/model/layers.17/self_attn/Constant_15,,Constant,17,attention_non_projection,,,,,,,,,,,,,,,,graph-derived
5264,/model/layers.17/self_attn/Unsqueeze_7,,Unsqueeze,17,attention_non_projection,,,,,,,,,,,,,,,,graph-derived
5265,/model/layers.17/self_attn/Constant_16,,Constant,17,attention_non_projection,,,,,,,,,,,,,,,,graph-derived
5266,/model/layers.17/self_attn/Constant_17,,Constant,17,attention_non_projection,,,,,,,,,,,,,,,,graph-derived
5267,/model/layers.17/self_attn/Slice_1,,Slice,17,attention_non_projection,,,,,,,,,,,,,,,,graph-derived
5268,/model/layers.17/self_attn/Neg,,Neg,17,attention_non_projection,,,,,,,,,,,,,,,,graph-derived
5269,/model/layers.17/self_attn/Concat_3,,Concat,17,attention_non_projection,,,,,,,,,,,,,,,,graph-derived
5270,/model/layers.17/self_attn/Mul_1,,Mul,17,attention_non_projection,,,,,,,,,,,,,,,,graph-derived
5271,/model/layers.17/self_attn/Add,,Add,17,attention_non_projection,,,,,,,,,,,,,,,,graph-derived
5272,/model/layers.17/self_attn/Mul_2,,Mul,17,attention_non_projection,,,,,,,,,,,,,,,,graph-derived
5273,/model/layers.17/self_attn/Shape_3,,Shape,17,attention_non_projection,,,,,,,,,,,,,,,,graph-derived
5274,/model/layers.17/self_attn/Constant_18,,Constant,17,attention_non_projection,,,,,,,,,,,,,,,,graph-derived
5275,/model/layers.17/self_attn/Gather_3,,Gather,17,attention_non_projection,,,,,,,,,,,,,,,,graph-derived
5276,/model/layers.17/self_attn/Constant_19,,Constant,17,attention_non_projection,,,,,,,,,,,,,,,,graph-derived
5277,/model/layers.17/self_attn/Div_1,,Div,17,attention_non_projection,,,,,,,,,,,,,,,,graph-derived
5278,/model/layers.17/self_attn/Cast_2,,Cast,17,attention_non_projection,,,,,,,,,,,,,,,,graph-derived
5279,/model/layers.17/self_attn/Cast_3,,Cast,17,attention_non_projection,,,,,,,,,,,,,,,,graph-derived
5280,/model/layers.17/self_attn/Constant_20,,Constant,17,attention_non_projection,,,,,,,,,,,,,,,,graph-derived
5281,/model/layers.17/self_attn/Constant_21,,Constant,17,attention_non_projection,,,,,,,,,,,,,,,,graph-derived
5282,/model/layers.17/self_attn/Constant_22,,Constant,17,attention_non_projection,,,,,,,,,,,,,,,,graph-derived
5283,/model/layers.17/self_attn/Unsqueeze_8,,Unsqueeze,17,attention_non_projection,,,,,,,,,,,,,,,,graph-derived
5284,/model/layers.17/self_attn/Constant_23,,Constant,17,attention_non_projection,,,,,,,,,,,,,,,,graph-derived
5285,/model/layers.17/self_attn/Slice_2,,Slice,17,attention_non_projection,,,,,,,,,,,,,,,,graph-derived
5286,/model/layers.17/self_attn/Constant_24,,Constant,17,attention_non_projection,,,,,,,,,,,,,,,,graph-derived
5287,/model/layers.17/self_attn/Constant_25,,Constant,17,attention_non_projection,,,,,,,,,,,,,,,,graph-derived
5288,/model/layers.17/self_attn/Unsqueeze_9,,Unsqueeze,17,attention_non_projection,,,,,,,,,,,,,,,,graph-derived
5289,/model/layers.17/self_attn/Constant_26,,Constant,17,attention_non_projection,,,,,,,,,,,,,,,,graph-derived
5290,/model/layers.17/self_attn/Constant_27,,Constant,17,attention_non_projection,,,,,,,,,,,,,,,,graph-derived
5291,/model/layers.17/self_attn/Slice_3,,Slice,17,attention_non_projection,,,,,,,,,,,,,,,,graph-derived
5292,/model/layers.17/self_attn/Neg_1,,Neg,17,attention_non_projection,,,,,,,,,,,,,,,,graph-derived
5293,/model/layers.17/self_attn/Concat_4,,Concat,17,attention_non_projection,,,,,,,,,,,,,,,,graph-derived
5294,/model/layers.17/self_attn/Mul_3,,Mul,17,attention_non_projection,,,,,,,,,,,,,,,,graph-derived
5295,/model/layers.17/self_attn/Add_1,,Add,17,attention_non_projection,,,,,,,,,,,,,,,,graph-derived
5296,/model/layers.17/self_attn/Concat_5,,Concat,17,attention_non_projection,,,,,,,,,,,,,,,,graph-derived
5297,/model/layers.17/self_attn/Concat_6,,Concat,17,attention_non_projection,,,,,,,,,,,,,,,,graph-derived
5298,/model/layers.17/self_attn/Shape_4,,Shape,17,attention_non_projection,,,,,,,,,,,,,,,,graph-derived
5299,/model/layers.17/self_attn/Constant_28,,Constant,17,attention_non_projection,,,,,,,,,,,,,,,,graph-derived
5300,/model/layers.17/self_attn/Gather_4,,Gather,17,attention_non_projection,,,,,,,,,,,,,,,,graph-derived
5301,/model/layers.17/self_attn/Shape_5,,Shape,17,attention_non_projection,,,,,,,,,,,,,,,,graph-derived
5302,/model/layers.17/self_attn/Constant_29,,Constant,17,attention_non_projection,,,,,,,,,,,,,,,,graph-derived
5303,/model/layers.17/self_attn/Gather_5,,Gather,17,attention_non_projection,,,,,,,,,,,,,,,,graph-derived
5304,/model/layers.17/self_attn/Shape_6,,Shape,17,attention_non_projection,,,,,,,,,,,,,,,,graph-derived
5305,/model/layers.17/self_attn/Constant_30,,Constant,17,attention_non_projection,,,,,,,,,,,,,,,,graph-derived
5306,/model/layers.17/self_attn/Gather_6,,Gather,17,attention_non_projection,,,,,,,,,,,,,,,,graph-derived
5307,/model/layers.17/self_attn/Shape_7,,Shape,17,attention_non_projection,,,,,,,,,,,,,,,,graph-derived
5308,/model/layers.17/self_attn/Constant_31,,Constant,17,attention_non_projection,,,,,,,,,,,,,,,,graph-derived
5309,/model/layers.17/self_attn/Gather_7,,Gather,17,attention_non_projection,,,,,,,,,,,,,,,,graph-derived
5310,/model/layers.17/self_attn/Constant_32,,Constant,17,attention_non_projection,,,,,,,,,,,,,,,,graph-derived
5311,/model/layers.17/self_attn/Unsqueeze_10,,Unsqueeze,17,attention_non_projection,,,,,,,,,,,,,,,,graph-derived
5312,/model/layers.17/self_attn/Constant_33,,Constant,17,attention_non_projection,,,,,,,,,,,,,,,,graph-derived
5313,/model/layers.17/self_attn/Unsqueeze_11,,Unsqueeze,17,attention_non_projection,,,,,,,,,,,,,,,,graph-derived
5314,/model/layers.17/self_attn/Constant_34,,Constant,17,attention_non_projection,,,,,,,,,,,,,,,,graph-derived
5315,/model/layers.17/self_attn/Unsqueeze_12,,Unsqueeze,17,attention_non_projection,,,,,,,,,,,,,,,,graph-derived
5316,/model/layers.17/self_attn/Constant_35,,Constant,17,attention_non_projection,,,,,,,,,,,,,,,,graph-derived
5317,/model/layers.17/self_attn/Constant_36,,Constant,17,attention_non_projection,,,,,,,,,,,,,,,,graph-derived
5318,/model/layers.17/self_attn/Unsqueeze_13,,Unsqueeze,17,attention_non_projection,,,,,,,,,,,,,,,,graph-derived
5319,/model/layers.17/self_attn/Constant_37,,Constant,17,attention_non_projection,,,,,,,,,,,,,,,,graph-derived
5320,/model/layers.17/self_attn/Unsqueeze_14,,Unsqueeze,17,attention_non_projection,,,,,,,,,,,,,,,,graph-derived
5321,/model/layers.17/self_attn/Concat_7,,Concat,17,attention_non_projection,,,,,,,,,,,,,,,,graph-derived
5322,/model/layers.17/self_attn/Constant_38,,Constant,17,attention_non_projection,,,,,,,,,,,,,,,,graph-derived
5323,/model/layers.17/self_attn/Reshape_3,,Reshape,17,attention_non_projection,,,,,,,,,,,,,,,,graph-derived
5324,/model/layers.17/self_attn/Shape_8,,Shape,17,attention_non_projection,,,,,,,,,,,,,,,,graph-derived
5325,/model/layers.17/self_attn/ConstantOfShape,,ConstantOfShape,17,attention_non_projection,,,,,,,,,,,,,,,,graph-derived
5326,/model/layers.17/self_attn/Constant_39,,Constant,17,attention_non_projection,,,,,,,,,,,,,,,,graph-derived
5327,/model/layers.17/self_attn/Mul_4,,Mul,17,attention_non_projection,,,,,,,,,,,,,,,,graph-derived
5328,/model/layers.17/self_attn/Equal,,Equal,17,attention_non_projection,,,,,,,,,,,,,,,,graph-derived
5329,/model/layers.17/self_attn/Where,,Where,17,attention_non_projection,,,,,,,,,,,,,,,,graph-derived
5330,/model/layers.17/self_attn/Expand,,Expand,17,attention_non_projection,,,,,,,,,,,,,,,,graph-derived
5331,/model/layers.17/self_attn/Constant_40,,Constant,17,attention_non_projection,,,,,,,,,,,,,,,,graph-derived
5332,/model/layers.17/self_attn/Mul_5,,Mul,17,attention_non_projection,,,,,,,,,,,,,,,,graph-derived
5333,Constant_8071,,Constant,,other,,,,,,,,,,,,,,,,graph-derived
5334,/model/layers.17/self_attn/Unsqueeze_15,,Unsqueeze,17,attention_non_projection,,,,,,,,,,,,,,,,graph-derived
5335,Constant_8073,,Constant,,other,,,,,,,,,,,,,,,,graph-derived
5336,/model/layers.17/self_attn/Unsqueeze_16,,Unsqueeze,17,attention_non_projection,,,,,,,,,,,,,,,,graph-derived
5337,Constant_8075,,Constant,,other,,,,,,,,,,,,,,,,graph-derived
5338,/model/layers.17/self_attn/Unsqueeze_17,,Unsqueeze,17,attention_non_projection,,,,,,,,,,,,,,,,graph-derived
5339,Constant_8077,,Constant,,other,,,,,,,,,,,,,,,,graph-derived
5340,/model/layers.17/self_attn/Unsqueeze_18,,Unsqueeze,17,attention_non_projection,,,,,,,,,,,,,,,,graph-derived
5341,/model/layers.17/self_attn/Concat_8,,Concat,17,attention_non_projection,,,,,,,,,,,,,,,,graph-derived
5342,/model/layers.17/self_attn/Reshape_4,,Reshape,17,attention_non_projection,,,,,,,,,,,,,,,,graph-derived
5343,/model/layers.17/self_attn/Shape_9,,Shape,17,attention_non_projection,,,,,,,,,,,,,,,,graph-derived
5344,/model/layers.17/self_attn/Constant_41,,Constant,17,attention_non_projection,,,,,,,,,,,,,,,,graph-derived
5345,/model/layers.17/self_attn/Gather_8,,Gather,17,attention_non_projection,,,,,,,,,,,,,,,,graph-derived
5346,/model/layers.17/self_attn/Shape_10,,Shape,17,attention_non_projection,,,,,,,,,,,,,,,,graph-derived
5347,/model/layers.17/self_attn/Constant_42,,Constant,17,attention_non_projection,,,,,,,,,,,,,,,,graph-derived
5348,/model/layers.17/self_attn/Gather_9,,Gather,17,attention_non_projection,,,,,,,,,,,,,,,,graph-derived
5349,/model/layers.17/self_attn/Shape_11,,Shape,17,attention_non_projection,,,,,,,,,,,,,,,,graph-derived
5350,/model/layers.17/self_attn/Constant_43,,Constant,17,attention_non_projection,,,,,,,,,,,,,,,,graph-derived
5351,/model/layers.17/self_attn/Gather_10,,Gather,17,attention_non_projection,,,,,,,,,,,,,,,,graph-derived
5352,/model/layers.17/self_attn/Shape_12,,Shape,17,attention_non_projection,,,,,,,,,,,,,,,,graph-derived
5353,/model/layers.17/self_attn/Constant_44,,Constant,17,attention_non_projection,,,,,,,,,,,,,,,,graph-derived
5354,/model/layers.17/self_attn/Gather_11,,Gather,17,attention_non_projection,,,,,,,,,,,,,,,,graph-derived
5355,/model/layers.17/self_attn/Constant_45,,Constant,17,attention_non_projection,,,,,,,,,,,,,,,,graph-derived
5356,/model/layers.17/self_attn/Unsqueeze_19,,Unsqueeze,17,attention_non_projection,,,,,,,,,,,,,,,,graph-derived
5357,/model/layers.17/self_attn/Constant_46,,Constant,17,attention_non_projection,,,,,,,,,,,,,,,,graph-derived
5358,/model/layers.17/self_attn/Unsqueeze_20,,Unsqueeze,17,attention_non_projection,,,,,,,,,,,,,,,,graph-derived
5359,/model/layers.17/self_attn/Constant_47,,Constant,17,attention_non_projection,,,,,,,,,,,,,,,,graph-derived
5360,/model/layers.17/self_attn/Unsqueeze_21,,Unsqueeze,17,attention_non_projection,,,,,,,,,,,,,,,,graph-derived
5361,/model/layers.17/self_attn/Constant_48,,Constant,17,attention_non_projection,,,,,,,,,,,,,,,,graph-derived
5362,/model/layers.17/self_attn/Constant_49,,Constant,17,attention_non_projection,,,,,,,,,,,,,,,,graph-derived
5363,/model/layers.17/self_attn/Unsqueeze_22,,Unsqueeze,17,attention_non_projection,,,,,,,,,,,,,,,,graph-derived
5364,/model/layers.17/self_attn/Constant_50,,Constant,17,attention_non_projection,,,,,,,,,,,,,,,,graph-derived
5365,/model/layers.17/self_attn/Unsqueeze_23,,Unsqueeze,17,attention_non_projection,,,,,,,,,,,,,,,,graph-derived
5366,/model/layers.17/self_attn/Concat_9,,Concat,17,attention_non_projection,,,,,,,,,,,,,,,,graph-derived
5367,/model/layers.17/self_attn/Constant_51,,Constant,17,attention_non_projection,,,,,,,,,,,,,,,,graph-derived
5368,/model/layers.17/self_attn/Reshape_5,,Reshape,17,attention_non_projection,,,,,,,,,,,,,,,,graph-derived
5369,/model/layers.17/self_attn/Shape_13,,Shape,17,attention_non_projection,,,,,,,,,,,,,,,,graph-derived
5370,/model/layers.17/self_attn/ConstantOfShape_1,,ConstantOfShape,17,attention_non_projection,,,,,,,,,,,,,,,,graph-derived
5371,/model/layers.17/self_attn/Constant_52,,Constant,17,attention_non_projection,,,,,,,,,,,,,,,,graph-derived
5372,/model/layers.17/self_attn/Mul_6,,Mul,17,attention_non_projection,,,,,,,,,,,,,,,,graph-derived
5373,/model/layers.17/self_attn/Equal_1,,Equal,17,attention_non_projection,,,,,,,,,,,,,,,,graph-derived
5374,/model/layers.17/self_attn/Where_1,,Where,17,attention_non_projection,,,,,,,,,,,,,,,,graph-derived
5375,/model/layers.17/self_attn/Expand_1,,Expand,17,attention_non_projection,,,,,,,,,,,,,,,,graph-derived
5376,/model/layers.17/self_attn/Constant_53,,Constant,17,attention_non_projection,,,,,,,,,,,,,,,,graph-derived
5377,/model/layers.17/self_attn/Mul_7,,Mul,17,attention_non_projection,,,,,,,,,,,,,,,,graph-derived
5378,Constant_8116,,Constant,,other,,,,,,,,,,,,,,,,graph-derived
5379,/model/layers.17/self_attn/Unsqueeze_24,,Unsqueeze,17,attention_non_projection,,,,,,,,,,,,,,,,graph-derived
5380,Constant_8118,,Constant,,other,,,,,,,,,,,,,,,,graph-derived
5381,/model/layers.17/self_attn/Unsqueeze_25,,Unsqueeze,17,attention_non_projection,,,,,,,,,,,,,,,,graph-derived
5382,Constant_8120,,Constant,,other,,,,,,,,,,,,,,,,graph-derived
5383,/model/layers.17/self_attn/Unsqueeze_26,,Unsqueeze,17,attention_non_projection,,,,,,,,,,,,,,,,graph-derived
5384,Constant_8122,,Constant,,other,,,,,,,,,,,,,,,,graph-derived
5385,/model/layers.17/self_attn/Unsqueeze_27,,Unsqueeze,17,attention_non_projection,,,,,,,,,,,,,,,,graph-derived
5386,/model/layers.17/self_attn/Concat_10,,Concat,17,attention_non_projection,,,,,,,,,,,,,,,,graph-derived
5387,/model/layers.17/self_attn/Reshape_6,,Reshape,17,attention_non_projection,,,,,,,,,,,,,,,,graph-derived
5388,/model/layers.17/self_attn/Shape_14,,Shape,17,attention_non_projection,,,,,,,,,,,,,,,,graph-derived
5389,/model/layers.17/self_attn/Constant_54,,Constant,17,attention_non_projection,,,,,,,,,,,,,,,,graph-derived
5390,/model/layers.17/self_attn/Gather_12,,Gather,17,attention_non_projection,,,,,,,,,,,,,,,,graph-derived
5391,/model/layers.17/self_attn/Constant_55,,Constant,17,attention_non_projection,,,,,,,,,,,,,,,,graph-derived
5392,/model/layers.17/self_attn/Constant_56,,Constant,17,attention_non_projection,,,,,,,,,,,,,,,,graph-derived
5393,/model/layers.17/self_attn/Constant_57,,Constant,17,attention_non_projection,,,,,,,,,,,,,,,,graph-derived
5394,/model/layers.17/self_attn/Unsqueeze_28,,Unsqueeze,17,attention_non_projection,,,,,,,,,,,,,,,,graph-derived
5395,/model/layers.17/self_attn/Constant_58,,Constant,17,attention_non_projection,,,,,,,,,,,,,,,,graph-derived
5396,/model/layers.17/self_attn/Slice_4,,Slice,17,attention_non_projection,,,,,,,,,,,,,,,,graph-derived
5397,/model/layers.17/self_attn/Transpose_3,,Transpose,17,attention_non_projection,,,,,,,,,,,,,,,,graph-derived
5398,/model/layers.17/self_attn/Constant_59,,Constant,17,attention_non_projection,,,,,,,,,,,,,,,,graph-derived
5399,/model/layers.17/self_attn/Mul_8,,Mul,17,attention_non_projection,,,,,,,,,,,,,,,,graph-derived
5400,/model/layers.17/self_attn/Constant_60,,Constant,17,attention_non_projection,,,,,,,,,,,,,,,,graph-derived
5401,/model/layers.17/self_attn/Mul_9,,Mul,17,attention_non_projection,,,,,,,,,,,,,,,,graph-derived
5402,/model/layers.17/self_attn/MatMul,,MatMul,17,attention_non_projection,,,,,,,,,,,,,,,,graph-derived
5403,/model/layers.17/self_attn/Constant_61,,Constant,17,attention_non_projection,,,,,,,,,,,,,,,,graph-derived
5404,/model/layers.17/self_attn/Constant_62,,Constant,17,attention_non_projection,,,,,,,,,,,,,,,,graph-derived
5405,/model/layers.17/self_attn/Where_2,,Where,17,attention_non_projection,,,,,,,,,,,,,,,,graph-derived
5406,/model/layers.17/self_attn/Add_2,,Add,17,attention_non_projection,,,,,,,,,,,,,,,,graph-derived
5407,/model/layers.17/self_attn/Softmax,,Softmax,17,attention_non_projection,,,,,,,,,,,,,,,,graph-derived
5408,/model/layers.17/self_attn/IsNaN,,IsNaN,17,attention_non_projection,,,,,,,,,,,,,,,,graph-derived
5409,/model/layers.17/self_attn/Constant_63,,Constant,17,attention_non_projection,,,,,,,,,,,,,,,,graph-derived
5410,/model/layers.17/self_attn/Where_3,,Where,17,attention_non_projection,,,,,,,,,,,,,,,,graph-derived
5411,/model/layers.17/self_attn/MatMul_1,,MatMul,17,attention_non_projection,,,,,,,,,,,,,,,,graph-derived
5412,/model/layers.17/self_attn/Transpose_4,,Transpose,17,attention_non_projection,,,,,,,,,,,,,,,,graph-derived
5413,Constant_8151,,Constant,,other,,,,,,,,,,,,,,,,graph-derived
5414,/model/layers.17/self_attn/Unsqueeze_29,,Unsqueeze,17,attention_non_projection,,,,,,,,,,,,,,,,graph-derived
5415,Constant_8153,,Constant,,other,,,,,,,,,,,,,,,,graph-derived
5416,/model/layers.17/self_attn/Unsqueeze_30,,Unsqueeze,17,attention_non_projection,,,,,,,,,,,,,,,,graph-derived
5417,/model/layers.17/self_attn/Constant_64,,Constant,17,attention_non_projection,,,,,,,,,,,,,,,,graph-derived
5418,/model/layers.17/self_attn/Concat_11,,Concat,17,attention_non_projection,,,,,,,,,,,,,,,,graph-derived
5419,/model/layers.17/self_attn/Reshape_7,,Reshape,17,attention_non_projection,,,,,,,,,,,,,,,,graph-derived
5420,/model/layers.17/self_attn/o_proj/MatMul,,MatMul,17,attention_projection,o_proj,1024,1152,float,onnx::MatMul_10420,4718592,4096,4608,once_per_decode_token,model.onnx_data,3040307712,3040307712,3,1,1,graph-derived
5421,/model/layers.17/post_attention_layernorm/Cast,,Cast,17,other,,,,,,,,,,,,,,,,graph-derived
5422,/model/layers.17/post_attention_layernorm/Constant,,Constant,17,other,,,,,,,,,,,,,,,,graph-derived
5423,/model/layers.17/post_attention_layernorm/Pow,,Pow,17,other,,,,,,,,,,,,,,,,graph-derived
5424,/model/layers.17/post_attention_layernorm/ReduceMean,,ReduceMean,17,other,,,,,,,,,,,,,,,,graph-derived
5425,/model/layers.17/post_attention_layernorm/Constant_1,,Constant,17,other,,,,,,,,,,,,,,,,graph-derived
5426,/model/layers.17/post_attention_layernorm/Add,,Add,17,other,,,,,,,,,,,,,,,,graph-derived
5427,/model/layers.17/post_attention_layernorm/Sqrt,,Sqrt,17,other,,,,,,,,,,,,,,,,graph-derived
5428,/model/layers.17/post_attention_layernorm/Constant_2,,Constant,17,other,,,,,,,,,,,,,,,,graph-derived
5429,/model/layers.17/post_attention_layernorm/Div,,Div,17,other,,,,,,,,,,,,,,,,graph-derived
5430,/model/layers.17/post_attention_layernorm/Mul,,Mul,17,other,,,,,,,,,,,,,,,,graph-derived
5431,/model/layers.17/post_attention_layernorm/Mul_1,,Mul,17,other,,,,,,,,,,,,,,,,graph-derived
5432,/model/layers.17/Add,,Add,17,other,,,,,,,,,,,,,,,,graph-derived
5433,/model/layers.17/pre_feedforward_layernorm/Cast,,Cast,17,other,,,,,,,,,,,,,,,,graph-derived
5434,/model/layers.17/pre_feedforward_layernorm/Constant,,Constant,17,other,,,,,,,,,,,,,,,,graph-derived
5435,/model/layers.17/pre_feedforward_layernorm/Pow,,Pow,17,other,,,,,,,,,,,,,,,,graph-derived
5436,/model/layers.17/pre_feedforward_layernorm/ReduceMean,,ReduceMean,17,other,,,,,,,,,,,,,,,,graph-derived
5437,/model/layers.17/pre_feedforward_layernorm/Constant_1,,Constant,17,other,,,,,,,,,,,,,,,,graph-derived
5438,/model/layers.17/pre_feedforward_layernorm/Add,,Add,17,other,,,,,,,,,,,,,,,,graph-derived
5439,/model/layers.17/pre_feedforward_layernorm/Sqrt,,Sqrt,17,other,,,,,,,,,,,,,,,,graph-derived
5440,/model/layers.17/pre_feedforward_layernorm/Constant_2,,Constant,17,other,,,,,,,,,,,,,,,,graph-derived
5441,/model/layers.17/pre_feedforward_layernorm/Div,,Div,17,other,,,,,,,,,,,,,,,,graph-derived
5442,/model/layers.17/pre_feedforward_layernorm/Mul,,Mul,17,other,,,,,,,,,,,,,,,,graph-derived
5443,/model/layers.17/pre_feedforward_layernorm/Mul_1,,Mul,17,other,,,,,,,,,,,,,,,,graph-derived
5444,/model/layers.17/mlp/gate_proj/MatMul,,MatMul,17,mlp_projection,gate_proj,1152,6912,float,onnx::MatMul_10425,31850496,4608,27648,once_per_decode_token,model.onnx_data,3045035520,3045035520,0,2,3,graph-derived
5445,/model/layers.17/mlp/act_fn/Mul,,Mul,17,mlp_non_projection,,,,,,,,,,,,,,,,graph-derived
5446,/model/layers.17/mlp/act_fn/Mul_1,,Mul,17,mlp_non_projection,,,,,,,,,,,,,,,,graph-derived
5447,/model/layers.17/mlp/act_fn/Constant,,Constant,17,mlp_non_projection,,,,,,,,,,,,,,,,graph-derived
5448,/model/layers.17/mlp/act_fn/Mul_2,,Mul,17,mlp_non_projection,,,,,,,,,,,,,,,,graph-derived
5449,/model/layers.17/mlp/act_fn/Add,,Add,17,mlp_non_projection,,,,,,,,,,,,,,,,graph-derived
5450,/model/layers.17/mlp/act_fn/Constant_1,,Constant,17,mlp_non_projection,,,,,,,,,,,,,,,,graph-derived
5451,/model/layers.17/mlp/act_fn/Mul_3,,Mul,17,mlp_non_projection,,,,,,,,,,,,,,,,graph-derived
5452,/model/layers.17/mlp/act_fn/Tanh,,Tanh,17,mlp_non_projection,,,,,,,,,,,,,,,,graph-derived
5453,/model/layers.17/mlp/act_fn/Constant_2,,Constant,17,mlp_non_projection,,,,,,,,,,,,,,,,graph-derived
5454,/model/layers.17/mlp/act_fn/Add_1,,Add,17,mlp_non_projection,,,,,,,,,,,,,,,,graph-derived
5455,/model/layers.17/mlp/act_fn/Mul_4,,Mul,17,mlp_non_projection,,,,,,,,,,,,,,,,graph-derived
5456,/model/layers.17/mlp/act_fn/Constant_3,,Constant,17,mlp_non_projection,,,,,,,,,,,,,,,,graph-derived
5457,/model/layers.17/mlp/act_fn/Mul_5,,Mul,17,mlp_non_projection,,,,,,,,,,,,,,,,graph-derived
5458,/model/layers.17/mlp/up_proj/MatMul,,MatMul,17,mlp_projection,up_proj,1152,6912,float,onnx::MatMul_10426,31850496,4608,27648,once_per_decode_token,model.onnx_data,3076886016,3076886016,1,2,1,graph-derived
5459,/model/layers.17/mlp/Mul,,Mul,17,mlp_non_projection,,,,,,,,,,,,,,,,graph-derived
5460,/model/layers.17/mlp/down_proj/MatMul,,MatMul,17,mlp_projection,down_proj,6912,1152,float,onnx::MatMul_10427,31850496,27648,4608,once_per_decode_token,model.onnx_data,3108736512,3108736512,2,1,3,graph-derived
5461,/model/layers.17/post_feedforward_layernorm/Cast,,Cast,17,other,,,,,,,,,,,,,,,,graph-derived
5462,/model/layers.17/post_feedforward_layernorm/Constant,,Constant,17,other,,,,,,,,,,,,,,,,graph-derived
5463,/model/layers.17/post_feedforward_layernorm/Pow,,Pow,17,other,,,,,,,,,,,,,,,,graph-derived
5464,/model/layers.17/post_feedforward_layernorm/ReduceMean,,ReduceMean,17,other,,,,,,,,,,,,,,,,graph-derived
5465,/model/layers.17/post_feedforward_layernorm/Constant_1,,Constant,17,other,,,,,,,,,,,,,,,,graph-derived
5466,/model/layers.17/post_feedforward_layernorm/Add,,Add,17,other,,,,,,,,,,,,,,,,graph-derived
5467,/model/layers.17/post_feedforward_layernorm/Sqrt,,Sqrt,17,other,,,,,,,,,,,,,,,,graph-derived
5468,/model/layers.17/post_feedforward_layernorm/Constant_2,,Constant,17,other,,,,,,,,,,,,,,,,graph-derived
5469,/model/layers.17/post_feedforward_layernorm/Div,,Div,17,other,,,,,,,,,,,,,,,,graph-derived
5470,/model/layers.17/post_feedforward_layernorm/Mul,,Mul,17,other,,,,,,,,,,,,,,,,graph-derived
5471,/model/layers.17/post_feedforward_layernorm/Mul_1,,Mul,17,other,,,,,,,,,,,,,,,,graph-derived
5472,/model/layers.17/Add_1,,Add,17,other,,,,,,,,,,,,,,,,graph-derived
5473,/model/layers.18/input_layernorm/Cast,,Cast,18,other,,,,,,,,,,,,,,,,graph-derived
5474,/model/layers.18/input_layernorm/Constant,,Constant,18,other,,,,,,,,,,,,,,,,graph-derived
5475,/model/layers.18/input_layernorm/Pow,,Pow,18,other,,,,,,,,,,,,,,,,graph-derived
5476,/model/layers.18/input_layernorm/ReduceMean,,ReduceMean,18,other,,,,,,,,,,,,,,,,graph-derived
5477,/model/layers.18/input_layernorm/Constant_1,,Constant,18,other,,,,,,,,,,,,,,,,graph-derived
5478,/model/layers.18/input_layernorm/Add,,Add,18,other,,,,,,,,,,,,,,,,graph-derived
5479,/model/layers.18/input_layernorm/Sqrt,,Sqrt,18,other,,,,,,,,,,,,,,,,graph-derived
5480,/model/layers.18/input_layernorm/Constant_2,,Constant,18,other,,,,,,,,,,,,,,,,graph-derived
5481,/model/layers.18/input_layernorm/Div,,Div,18,other,,,,,,,,,,,,,,,,graph-derived
5482,/model/layers.18/input_layernorm/Mul,,Mul,18,other,,,,,,,,,,,,,,,,graph-derived
5483,/model/layers.18/input_layernorm/Mul_1,,Mul,18,other,,,,,,,,,,,,,,,,graph-derived
5484,/model/layers.18/self_attn/Shape,,Shape,18,attention_non_projection,,,,,,,,,,,,,,,,graph-derived
5485,/model/layers.18/self_attn/Constant,,Constant,18,attention_non_projection,,,,,,,,,,,,,,,,graph-derived
5486,/model/layers.18/self_attn/Gather,,Gather,18,attention_non_projection,,,,,,,,,,,,,,,,graph-derived
5487,/model/layers.18/self_attn/Shape_1,,Shape,18,attention_non_projection,,,,,,,,,,,,,,,,graph-derived
5488,/model/layers.18/self_attn/Constant_1,,Constant,18,attention_non_projection,,,,,,,,,,,,,,,,graph-derived
5489,/model/layers.18/self_attn/Gather_1,,Gather,18,attention_non_projection,,,,,,,,,,,,,,,,graph-derived
5490,/model/layers.18/self_attn/q_proj/MatMul,,MatMul,18,attention_projection,q_proj,1152,1024,float,onnx::MatMul_10432,4718592,4608,4096,once_per_decode_token,model.onnx_data,3140596224,3140596224,0,1,2,graph-derived
5491,Constant_8229,,Constant,,other,,,,,,,,,,,,,,,,graph-derived
5492,/model/layers.18/self_attn/Unsqueeze,,Unsqueeze,18,attention_non_projection,,,,,,,,,,,,,,,,graph-derived
5493,Constant_8231,,Constant,,other,,,,,,,,,,,,,,,,graph-derived
5494,/model/layers.18/self_attn/Unsqueeze_1,,Unsqueeze,18,attention_non_projection,,,,,,,,,,,,,,,,graph-derived
5495,/model/layers.18/self_attn/Constant_2,,Constant,18,attention_non_projection,,,,,,,,,,,,,,,,graph-derived
5496,/model/layers.18/self_attn/Constant_3,,Constant,18,attention_non_projection,,,,,,,,,,,,,,,,graph-derived
5497,/model/layers.18/self_attn/Concat,,Concat,18,attention_non_projection,,,,,,,,,,,,,,,,graph-derived
5498,Constant_8236,,Constant,,other,,,,,,,,,,,,,,,,graph-derived
5499,/model/layers.18/self_attn/Unsqueeze_2,,Unsqueeze,18,attention_non_projection,,,,,,,,,,,,,,,,graph-derived
5500,Constant_8238,,Constant,,other,,,,,,,,,,,,,,,,graph-derived
5501,/model/layers.18/self_attn/Unsqueeze_3,,Unsqueeze,18,attention_non_projection,,,,,,,,,,,,,,,,graph-derived
5502,/model/layers.18/self_attn/Constant_4,,Constant,18,attention_non_projection,,,,,,,,,,,,,,,,graph-derived
5503,/model/layers.18/self_attn/Constant_5,,Constant,18,attention_non_projection,,,,,,,,,,,,,,,,graph-derived
5504,/model/layers.18/self_attn/Concat_1,,Concat,18,attention_non_projection,,,,,,,,,,,,,,,,graph-derived
5505,Constant_8243,,Constant,,other,,,,,,,,,,,,,,,,graph-derived
5506,/model/layers.18/self_attn/Unsqueeze_4,,Unsqueeze,18,attention_non_projection,,,,,,,,,,,,,,,,graph-derived
5507,Constant_8245,,Constant,,other,,,,,,,,,,,,,,,,graph-derived
5508,/model/layers.18/self_attn/Unsqueeze_5,,Unsqueeze,18,attention_non_projection,,,,,,,,,,,,,,,,graph-derived
5509,/model/layers.18/self_attn/Constant_6,,Constant,18,attention_non_projection,,,,,,,,,,,,,,,,graph-derived
5510,/model/layers.18/self_attn/Constant_7,,Constant,18,attention_non_projection,,,,,,,,,,,,,,,,graph-derived
5511,/model/layers.18/self_attn/Concat_2,,Concat,18,attention_non_projection,,,,,,,,,,,,,,,,graph-derived
5512,/model/layers.18/self_attn/Reshape,,Reshape,18,attention_non_projection,,,,,,,,,,,,,,,,graph-derived
5513,/model/layers.18/self_attn/Transpose,,Transpose,18,attention_non_projection,,,,,,,,,,,,,,,,graph-derived
5514,/model/layers.18/self_attn/k_proj/MatMul,,MatMul,18,attention_projection,k_proj,1152,256,float,onnx::MatMul_10439,1179648,4608,1024,once_per_decode_token,model.onnx_data,3145314816,3145314816,1,2,0,graph-derived
5515,/model/layers.18/self_attn/Reshape_1,,Reshape,18,attention_non_projection,,,,,,,,,,,,,,,,graph-derived
5516,/model/layers.18/self_attn/Transpose_1,,Transpose,18,attention_non_projection,,,,,,,,,,,,,,,,graph-derived
5517,/model/layers.18/self_attn/v_proj/MatMul,,MatMul,18,attention_projection,v_proj,1152,256,float,onnx::MatMul_10440,1179648,4608,1024,once_per_decode_token,model.onnx_data,3146494464,3146494464,2,0,2,graph-derived
5518,/model/layers.18/self_attn/Reshape_2,,Reshape,18,attention_non_projection,,,,,,,,,,,,,,,,graph-derived
5519,/model/layers.18/self_attn/Transpose_2,,Transpose,18,attention_non_projection,,,,,,,,,,,,,,,,graph-derived
5520,/model/layers.18/self_attn/q_norm/Cast,,Cast,18,attention_non_projection,,,,,,,,,,,,,,,,graph-derived
5521,/model/layers.18/self_attn/q_norm/Constant,,Constant,18,attention_non_projection,,,,,,,,,,,,,,,,graph-derived
5522,/model/layers.18/self_attn/q_norm/Pow,,Pow,18,attention_non_projection,,,,,,,,,,,,,,,,graph-derived
5523,/model/layers.18/self_attn/q_norm/ReduceMean,,ReduceMean,18,attention_non_projection,,,,,,,,,,,,,,,,graph-derived
5524,/model/layers.18/self_attn/q_norm/Constant_1,,Constant,18,attention_non_projection,,,,,,,,,,,,,,,,graph-derived
5525,/model/layers.18/self_attn/q_norm/Add,,Add,18,attention_non_projection,,,,,,,,,,,,,,,,graph-derived
5526,/model/layers.18/self_attn/q_norm/Sqrt,,Sqrt,18,attention_non_projection,,,,,,,,,,,,,,,,graph-derived
5527,/model/layers.18/self_attn/q_norm/Constant_2,,Constant,18,attention_non_projection,,,,,,,,,,,,,,,,graph-derived
5528,/model/layers.18/self_attn/q_norm/Div,,Div,18,attention_non_projection,,,,,,,,,,,,,,,,graph-derived
5529,/model/layers.18/self_attn/q_norm/Mul,,Mul,18,attention_non_projection,,,,,,,,,,,,,,,,graph-derived
5530,/model/layers.18/self_attn/q_norm/Mul_1,,Mul,18,attention_non_projection,,,,,,,,,,,,,,,,graph-derived
5531,/model/layers.18/self_attn/k_norm/Cast,,Cast,18,attention_non_projection,,,,,,,,,,,,,,,,graph-derived
5532,/model/layers.18/self_attn/k_norm/Constant,,Constant,18,attention_non_projection,,,,,,,,,,,,,,,,graph-derived
5533,/model/layers.18/self_attn/k_norm/Pow,,Pow,18,attention_non_projection,,,,,,,,,,,,,,,,graph-derived
5534,/model/layers.18/self_attn/k_norm/ReduceMean,,ReduceMean,18,attention_non_projection,,,,,,,,,,,,,,,,graph-derived
5535,/model/layers.18/self_attn/k_norm/Constant_1,,Constant,18,attention_non_projection,,,,,,,,,,,,,,,,graph-derived
5536,/model/layers.18/self_attn/k_norm/Add,,Add,18,attention_non_projection,,,,,,,,,,,,,,,,graph-derived
5537,/model/layers.18/self_attn/k_norm/Sqrt,,Sqrt,18,attention_non_projection,,,,,,,,,,,,,,,,graph-derived
5538,/model/layers.18/self_attn/k_norm/Constant_2,,Constant,18,attention_non_projection,,,,,,,,,,,,,,,,graph-derived
5539,/model/layers.18/self_attn/k_norm/Div,,Div,18,attention_non_projection,,,,,,,,,,,,,,,,graph-derived
5540,/model/layers.18/self_attn/k_norm/Mul,,Mul,18,attention_non_projection,,,,,,,,,,,,,,,,graph-derived
5541,/model/layers.18/self_attn/k_norm/Mul_1,,Mul,18,attention_non_projection,,,,,,,,,,,,,,,,graph-derived
5542,/model/layers.18/self_attn/Mul,,Mul,18,attention_non_projection,,,,,,,,,,,,,,,,graph-derived
5543,/model/layers.18/self_attn/Shape_2,,Shape,18,attention_non_projection,,,,,,,,,,,,,,,,graph-derived
5544,/model/layers.18/self_attn/Constant_8,,Constant,18,attention_non_projection,,,,,,,,,,,,,,,,graph-derived
5545,/model/layers.18/self_attn/Gather_2,,Gather,18,attention_non_projection,,,,,,,,,,,,,,,,graph-derived
5546,/model/layers.18/self_attn/Constant_9,,Constant,18,attention_non_projection,,,,,,,,,,,,,,,,graph-derived
5547,/model/layers.18/self_attn/Div,,Div,18,attention_non_projection,,,,,,,,,,,,,,,,graph-derived
5548,/model/layers.18/self_attn/Cast,,Cast,18,attention_non_projection,,,,,,,,,,,,,,,,graph-derived
5549,/model/layers.18/self_attn/Cast_1,,Cast,18,attention_non_projection,,,,,,,,,,,,,,,,graph-derived
5550,/model/layers.18/self_attn/Constant_10,,Constant,18,attention_non_projection,,,,,,,,,,,,,,,,graph-derived
5551,/model/layers.18/self_attn/Constant_11,,Constant,18,attention_non_projection,,,,,,,,,,,,,,,,graph-derived
5552,/model/layers.18/self_attn/Constant_12,,Constant,18,attention_non_projection,,,,,,,,,,,,,,,,graph-derived
5553,/model/layers.18/self_attn/Unsqueeze_6,,Unsqueeze,18,attention_non_projection,,,,,,,,,,,,,,,,graph-derived
5554,/model/layers.18/self_attn/Constant_13,,Constant,18,attention_non_projection,,,,,,,,,,,,,,,,graph-derived
5555,/model/layers.18/self_attn/Slice,,Slice,18,attention_non_projection,,,,,,,,,,,,,,,,graph-derived
5556,/model/layers.18/self_attn/Constant_14,,Constant,18,attention_non_projection,,,,,,,,,,,,,,,,graph-derived
5557,/model/layers.18/self_attn/Constant_15,,Constant,18,attention_non_projection,,,,,,,,,,,,,,,,graph-derived
5558,/model/layers.18/self_attn/Unsqueeze_7,,Unsqueeze,18,attention_non_projection,,,,,,,,,,,,,,,,graph-derived
5559,/model/layers.18/self_attn/Constant_16,,Constant,18,attention_non_projection,,,,,,,,,,,,,,,,graph-derived
5560,/model/layers.18/self_attn/Constant_17,,Constant,18,attention_non_projection,,,,,,,,,,,,,,,,graph-derived
5561,/model/layers.18/self_attn/Slice_1,,Slice,18,attention_non_projection,,,,,,,,,,,,,,,,graph-derived
5562,/model/layers.18/self_attn/Neg,,Neg,18,attention_non_projection,,,,,,,,,,,,,,,,graph-derived
5563,/model/layers.18/self_attn/Concat_3,,Concat,18,attention_non_projection,,,,,,,,,,,,,,,,graph-derived
5564,/model/layers.18/self_attn/Mul_1,,Mul,18,attention_non_projection,,,,,,,,,,,,,,,,graph-derived
5565,/model/layers.18/self_attn/Add,,Add,18,attention_non_projection,,,,,,,,,,,,,,,,graph-derived
5566,/model/layers.18/self_attn/Mul_2,,Mul,18,attention_non_projection,,,,,,,,,,,,,,,,graph-derived
5567,/model/layers.18/self_attn/Shape_3,,Shape,18,attention_non_projection,,,,,,,,,,,,,,,,graph-derived
5568,/model/layers.18/self_attn/Constant_18,,Constant,18,attention_non_projection,,,,,,,,,,,,,,,,graph-derived
5569,/model/layers.18/self_attn/Gather_3,,Gather,18,attention_non_projection,,,,,,,,,,,,,,,,graph-derived
5570,/model/layers.18/self_attn/Constant_19,,Constant,18,attention_non_projection,,,,,,,,,,,,,,,,graph-derived
5571,/model/layers.18/self_attn/Div_1,,Div,18,attention_non_projection,,,,,,,,,,,,,,,,graph-derived
5572,/model/layers.18/self_attn/Cast_2,,Cast,18,attention_non_projection,,,,,,,,,,,,,,,,graph-derived
5573,/model/layers.18/self_attn/Cast_3,,Cast,18,attention_non_projection,,,,,,,,,,,,,,,,graph-derived
5574,/model/layers.18/self_attn/Constant_20,,Constant,18,attention_non_projection,,,,,,,,,,,,,,,,graph-derived
5575,/model/layers.18/self_attn/Constant_21,,Constant,18,attention_non_projection,,,,,,,,,,,,,,,,graph-derived
5576,/model/layers.18/self_attn/Constant_22,,Constant,18,attention_non_projection,,,,,,,,,,,,,,,,graph-derived
5577,/model/layers.18/self_attn/Unsqueeze_8,,Unsqueeze,18,attention_non_projection,,,,,,,,,,,,,,,,graph-derived
5578,/model/layers.18/self_attn/Constant_23,,Constant,18,attention_non_projection,,,,,,,,,,,,,,,,graph-derived
5579,/model/layers.18/self_attn/Slice_2,,Slice,18,attention_non_projection,,,,,,,,,,,,,,,,graph-derived
5580,/model/layers.18/self_attn/Constant_24,,Constant,18,attention_non_projection,,,,,,,,,,,,,,,,graph-derived
5581,/model/layers.18/self_attn/Constant_25,,Constant,18,attention_non_projection,,,,,,,,,,,,,,,,graph-derived
5582,/model/layers.18/self_attn/Unsqueeze_9,,Unsqueeze,18,attention_non_projection,,,,,,,,,,,,,,,,graph-derived
5583,/model/layers.18/self_attn/Constant_26,,Constant,18,attention_non_projection,,,,,,,,,,,,,,,,graph-derived
5584,/model/layers.18/self_attn/Constant_27,,Constant,18,attention_non_projection,,,,,,,,,,,,,,,,graph-derived
5585,/model/layers.18/self_attn/Slice_3,,Slice,18,attention_non_projection,,,,,,,,,,,,,,,,graph-derived
5586,/model/layers.18/self_attn/Neg_1,,Neg,18,attention_non_projection,,,,,,,,,,,,,,,,graph-derived
5587,/model/layers.18/self_attn/Concat_4,,Concat,18,attention_non_projection,,,,,,,,,,,,,,,,graph-derived
5588,/model/layers.18/self_attn/Mul_3,,Mul,18,attention_non_projection,,,,,,,,,,,,,,,,graph-derived
5589,/model/layers.18/self_attn/Add_1,,Add,18,attention_non_projection,,,,,,,,,,,,,,,,graph-derived
5590,/model/layers.18/self_attn/Concat_5,,Concat,18,attention_non_projection,,,,,,,,,,,,,,,,graph-derived
5591,/model/layers.18/self_attn/Concat_6,,Concat,18,attention_non_projection,,,,,,,,,,,,,,,,graph-derived
5592,/model/layers.18/self_attn/Shape_4,,Shape,18,attention_non_projection,,,,,,,,,,,,,,,,graph-derived
5593,/model/layers.18/self_attn/Constant_28,,Constant,18,attention_non_projection,,,,,,,,,,,,,,,,graph-derived
5594,/model/layers.18/self_attn/Gather_4,,Gather,18,attention_non_projection,,,,,,,,,,,,,,,,graph-derived
5595,/model/layers.18/self_attn/Shape_5,,Shape,18,attention_non_projection,,,,,,,,,,,,,,,,graph-derived
5596,/model/layers.18/self_attn/Constant_29,,Constant,18,attention_non_projection,,,,,,,,,,,,,,,,graph-derived
5597,/model/layers.18/self_attn/Gather_5,,Gather,18,attention_non_projection,,,,,,,,,,,,,,,,graph-derived
5598,/model/layers.18/self_attn/Shape_6,,Shape,18,attention_non_projection,,,,,,,,,,,,,,,,graph-derived
5599,/model/layers.18/self_attn/Constant_30,,Constant,18,attention_non_projection,,,,,,,,,,,,,,,,graph-derived
5600,/model/layers.18/self_attn/Gather_6,,Gather,18,attention_non_projection,,,,,,,,,,,,,,,,graph-derived
5601,/model/layers.18/self_attn/Shape_7,,Shape,18,attention_non_projection,,,,,,,,,,,,,,,,graph-derived
5602,/model/layers.18/self_attn/Constant_31,,Constant,18,attention_non_projection,,,,,,,,,,,,,,,,graph-derived
5603,/model/layers.18/self_attn/Gather_7,,Gather,18,attention_non_projection,,,,,,,,,,,,,,,,graph-derived
5604,/model/layers.18/self_attn/Constant_32,,Constant,18,attention_non_projection,,,,,,,,,,,,,,,,graph-derived
5605,/model/layers.18/self_attn/Unsqueeze_10,,Unsqueeze,18,attention_non_projection,,,,,,,,,,,,,,,,graph-derived
5606,/model/layers.18/self_attn/Constant_33,,Constant,18,attention_non_projection,,,,,,,,,,,,,,,,graph-derived
5607,/model/layers.18/self_attn/Unsqueeze_11,,Unsqueeze,18,attention_non_projection,,,,,,,,,,,,,,,,graph-derived
5608,/model/layers.18/self_attn/Constant_34,,Constant,18,attention_non_projection,,,,,,,,,,,,,,,,graph-derived
5609,/model/layers.18/self_attn/Unsqueeze_12,,Unsqueeze,18,attention_non_projection,,,,,,,,,,,,,,,,graph-derived
5610,/model/layers.18/self_attn/Constant_35,,Constant,18,attention_non_projection,,,,,,,,,,,,,,,,graph-derived
5611,/model/layers.18/self_attn/Constant_36,,Constant,18,attention_non_projection,,,,,,,,,,,,,,,,graph-derived
5612,/model/layers.18/self_attn/Unsqueeze_13,,Unsqueeze,18,attention_non_projection,,,,,,,,,,,,,,,,graph-derived
5613,/model/layers.18/self_attn/Constant_37,,Constant,18,attention_non_projection,,,,,,,,,,,,,,,,graph-derived
5614,/model/layers.18/self_attn/Unsqueeze_14,,Unsqueeze,18,attention_non_projection,,,,,,,,,,,,,,,,graph-derived
5615,/model/layers.18/self_attn/Concat_7,,Concat,18,attention_non_projection,,,,,,,,,,,,,,,,graph-derived
5616,/model/layers.18/self_attn/Constant_38,,Constant,18,attention_non_projection,,,,,,,,,,,,,,,,graph-derived
5617,/model/layers.18/self_attn/Reshape_3,,Reshape,18,attention_non_projection,,,,,,,,,,,,,,,,graph-derived
5618,/model/layers.18/self_attn/Shape_8,,Shape,18,attention_non_projection,,,,,,,,,,,,,,,,graph-derived
5619,/model/layers.18/self_attn/ConstantOfShape,,ConstantOfShape,18,attention_non_projection,,,,,,,,,,,,,,,,graph-derived
5620,/model/layers.18/self_attn/Constant_39,,Constant,18,attention_non_projection,,,,,,,,,,,,,,,,graph-derived
5621,/model/layers.18/self_attn/Mul_4,,Mul,18,attention_non_projection,,,,,,,,,,,,,,,,graph-derived
5622,/model/layers.18/self_attn/Equal,,Equal,18,attention_non_projection,,,,,,,,,,,,,,,,graph-derived
5623,/model/layers.18/self_attn/Where,,Where,18,attention_non_projection,,,,,,,,,,,,,,,,graph-derived
5624,/model/layers.18/self_attn/Expand,,Expand,18,attention_non_projection,,,,,,,,,,,,,,,,graph-derived
5625,/model/layers.18/self_attn/Constant_40,,Constant,18,attention_non_projection,,,,,,,,,,,,,,,,graph-derived
5626,/model/layers.18/self_attn/Mul_5,,Mul,18,attention_non_projection,,,,,,,,,,,,,,,,graph-derived
5627,Constant_8365,,Constant,,other,,,,,,,,,,,,,,,,graph-derived
5628,/model/layers.18/self_attn/Unsqueeze_15,,Unsqueeze,18,attention_non_projection,,,,,,,,,,,,,,,,graph-derived
5629,Constant_8367,,Constant,,other,,,,,,,,,,,,,,,,graph-derived
5630,/model/layers.18/self_attn/Unsqueeze_16,,Unsqueeze,18,attention_non_projection,,,,,,,,,,,,,,,,graph-derived
5631,Constant_8369,,Constant,,other,,,,,,,,,,,,,,,,graph-derived
5632,/model/layers.18/self_attn/Unsqueeze_17,,Unsqueeze,18,attention_non_projection,,,,,,,,,,,,,,,,graph-derived
5633,Constant_8371,,Constant,,other,,,,,,,,,,,,,,,,graph-derived
5634,/model/layers.18/self_attn/Unsqueeze_18,,Unsqueeze,18,attention_non_projection,,,,,,,,,,,,,,,,graph-derived
5635,/model/layers.18/self_attn/Concat_8,,Concat,18,attention_non_projection,,,,,,,,,,,,,,,,graph-derived
5636,/model/layers.18/self_attn/Reshape_4,,Reshape,18,attention_non_projection,,,,,,,,,,,,,,,,graph-derived
5637,/model/layers.18/self_attn/Shape_9,,Shape,18,attention_non_projection,,,,,,,,,,,,,,,,graph-derived
5638,/model/layers.18/self_attn/Constant_41,,Constant,18,attention_non_projection,,,,,,,,,,,,,,,,graph-derived
5639,/model/layers.18/self_attn/Gather_8,,Gather,18,attention_non_projection,,,,,,,,,,,,,,,,graph-derived
5640,/model/layers.18/self_attn/Shape_10,,Shape,18,attention_non_projection,,,,,,,,,,,,,,,,graph-derived
5641,/model/layers.18/self_attn/Constant_42,,Constant,18,attention_non_projection,,,,,,,,,,,,,,,,graph-derived
5642,/model/layers.18/self_attn/Gather_9,,Gather,18,attention_non_projection,,,,,,,,,,,,,,,,graph-derived
5643,/model/layers.18/self_attn/Shape_11,,Shape,18,attention_non_projection,,,,,,,,,,,,,,,,graph-derived
5644,/model/layers.18/self_attn/Constant_43,,Constant,18,attention_non_projection,,,,,,,,,,,,,,,,graph-derived
5645,/model/layers.18/self_attn/Gather_10,,Gather,18,attention_non_projection,,,,,,,,,,,,,,,,graph-derived
5646,/model/layers.18/self_attn/Shape_12,,Shape,18,attention_non_projection,,,,,,,,,,,,,,,,graph-derived
5647,/model/layers.18/self_attn/Constant_44,,Constant,18,attention_non_projection,,,,,,,,,,,,,,,,graph-derived
5648,/model/layers.18/self_attn/Gather_11,,Gather,18,attention_non_projection,,,,,,,,,,,,,,,,graph-derived
5649,/model/layers.18/self_attn/Constant_45,,Constant,18,attention_non_projection,,,,,,,,,,,,,,,,graph-derived
5650,/model/layers.18/self_attn/Unsqueeze_19,,Unsqueeze,18,attention_non_projection,,,,,,,,,,,,,,,,graph-derived
5651,/model/layers.18/self_attn/Constant_46,,Constant,18,attention_non_projection,,,,,,,,,,,,,,,,graph-derived
5652,/model/layers.18/self_attn/Unsqueeze_20,,Unsqueeze,18,attention_non_projection,,,,,,,,,,,,,,,,graph-derived
5653,/model/layers.18/self_attn/Constant_47,,Constant,18,attention_non_projection,,,,,,,,,,,,,,,,graph-derived
5654,/model/layers.18/self_attn/Unsqueeze_21,,Unsqueeze,18,attention_non_projection,,,,,,,,,,,,,,,,graph-derived
5655,/model/layers.18/self_attn/Constant_48,,Constant,18,attention_non_projection,,,,,,,,,,,,,,,,graph-derived
5656,/model/layers.18/self_attn/Constant_49,,Constant,18,attention_non_projection,,,,,,,,,,,,,,,,graph-derived
5657,/model/layers.18/self_attn/Unsqueeze_22,,Unsqueeze,18,attention_non_projection,,,,,,,,,,,,,,,,graph-derived
5658,/model/layers.18/self_attn/Constant_50,,Constant,18,attention_non_projection,,,,,,,,,,,,,,,,graph-derived
5659,/model/layers.18/self_attn/Unsqueeze_23,,Unsqueeze,18,attention_non_projection,,,,,,,,,,,,,,,,graph-derived
5660,/model/layers.18/self_attn/Concat_9,,Concat,18,attention_non_projection,,,,,,,,,,,,,,,,graph-derived
5661,/model/layers.18/self_attn/Constant_51,,Constant,18,attention_non_projection,,,,,,,,,,,,,,,,graph-derived
5662,/model/layers.18/self_attn/Reshape_5,,Reshape,18,attention_non_projection,,,,,,,,,,,,,,,,graph-derived
5663,/model/layers.18/self_attn/Shape_13,,Shape,18,attention_non_projection,,,,,,,,,,,,,,,,graph-derived
5664,/model/layers.18/self_attn/ConstantOfShape_1,,ConstantOfShape,18,attention_non_projection,,,,,,,,,,,,,,,,graph-derived
5665,/model/layers.18/self_attn/Constant_52,,Constant,18,attention_non_projection,,,,,,,,,,,,,,,,graph-derived
5666,/model/layers.18/self_attn/Mul_6,,Mul,18,attention_non_projection,,,,,,,,,,,,,,,,graph-derived
5667,/model/layers.18/self_attn/Equal_1,,Equal,18,attention_non_projection,,,,,,,,,,,,,,,,graph-derived
5668,/model/layers.18/self_attn/Where_1,,Where,18,attention_non_projection,,,,,,,,,,,,,,,,graph-derived
5669,/model/layers.18/self_attn/Expand_1,,Expand,18,attention_non_projection,,,,,,,,,,,,,,,,graph-derived
5670,/model/layers.18/self_attn/Constant_53,,Constant,18,attention_non_projection,,,,,,,,,,,,,,,,graph-derived
5671,/model/layers.18/self_attn/Mul_7,,Mul,18,attention_non_projection,,,,,,,,,,,,,,,,graph-derived
5672,Constant_8410,,Constant,,other,,,,,,,,,,,,,,,,graph-derived
5673,/model/layers.18/self_attn/Unsqueeze_24,,Unsqueeze,18,attention_non_projection,,,,,,,,,,,,,,,,graph-derived
5674,Constant_8412,,Constant,,other,,,,,,,,,,,,,,,,graph-derived
5675,/model/layers.18/self_attn/Unsqueeze_25,,Unsqueeze,18,attention_non_projection,,,,,,,,,,,,,,,,graph-derived
5676,Constant_8414,,Constant,,other,,,,,,,,,,,,,,,,graph-derived
5677,/model/layers.18/self_attn/Unsqueeze_26,,Unsqueeze,18,attention_non_projection,,,,,,,,,,,,,,,,graph-derived
5678,Constant_8416,,Constant,,other,,,,,,,,,,,,,,,,graph-derived
5679,/model/layers.18/self_attn/Unsqueeze_27,,Unsqueeze,18,attention_non_projection,,,,,,,,,,,,,,,,graph-derived
5680,/model/layers.18/self_attn/Concat_10,,Concat,18,attention_non_projection,,,,,,,,,,,,,,,,graph-derived
5681,/model/layers.18/self_attn/Reshape_6,,Reshape,18,attention_non_projection,,,,,,,,,,,,,,,,graph-derived
5682,/model/layers.18/self_attn/Shape_14,,Shape,18,attention_non_projection,,,,,,,,,,,,,,,,graph-derived
5683,/model/layers.18/self_attn/Constant_54,,Constant,18,attention_non_projection,,,,,,,,,,,,,,,,graph-derived
5684,/model/layers.18/self_attn/Gather_12,,Gather,18,attention_non_projection,,,,,,,,,,,,,,,,graph-derived
5685,/model/layers.18/self_attn/Constant_55,,Constant,18,attention_non_projection,,,,,,,,,,,,,,,,graph-derived
5686,/model/layers.18/self_attn/Constant_56,,Constant,18,attention_non_projection,,,,,,,,,,,,,,,,graph-derived
5687,/model/layers.18/self_attn/Constant_57,,Constant,18,attention_non_projection,,,,,,,,,,,,,,,,graph-derived
5688,/model/layers.18/self_attn/Unsqueeze_28,,Unsqueeze,18,attention_non_projection,,,,,,,,,,,,,,,,graph-derived
5689,/model/layers.18/self_attn/Constant_58,,Constant,18,attention_non_projection,,,,,,,,,,,,,,,,graph-derived
5690,/model/layers.18/self_attn/Slice_4,,Slice,18,attention_non_projection,,,,,,,,,,,,,,,,graph-derived
5691,/model/layers.18/self_attn/Transpose_3,,Transpose,18,attention_non_projection,,,,,,,,,,,,,,,,graph-derived
5692,/model/layers.18/self_attn/Constant_59,,Constant,18,attention_non_projection,,,,,,,,,,,,,,,,graph-derived
5693,/model/layers.18/self_attn/Mul_8,,Mul,18,attention_non_projection,,,,,,,,,,,,,,,,graph-derived
5694,/model/layers.18/self_attn/Constant_60,,Constant,18,attention_non_projection,,,,,,,,,,,,,,,,graph-derived
5695,/model/layers.18/self_attn/Mul_9,,Mul,18,attention_non_projection,,,,,,,,,,,,,,,,graph-derived
5696,/model/layers.18/self_attn/MatMul,,MatMul,18,attention_non_projection,,,,,,,,,,,,,,,,graph-derived
5697,/model/layers.18/self_attn/Constant_61,,Constant,18,attention_non_projection,,,,,,,,,,,,,,,,graph-derived
5698,/model/layers.18/self_attn/Constant_62,,Constant,18,attention_non_projection,,,,,,,,,,,,,,,,graph-derived
5699,/model/layers.18/self_attn/Where_2,,Where,18,attention_non_projection,,,,,,,,,,,,,,,,graph-derived
5700,/model/layers.18/self_attn/Add_2,,Add,18,attention_non_projection,,,,,,,,,,,,,,,,graph-derived
5701,/model/layers.18/self_attn/Softmax,,Softmax,18,attention_non_projection,,,,,,,,,,,,,,,,graph-derived
5702,/model/layers.18/self_attn/IsNaN,,IsNaN,18,attention_non_projection,,,,,,,,,,,,,,,,graph-derived
5703,/model/layers.18/self_attn/Constant_63,,Constant,18,attention_non_projection,,,,,,,,,,,,,,,,graph-derived
5704,/model/layers.18/self_attn/Where_3,,Where,18,attention_non_projection,,,,,,,,,,,,,,,,graph-derived
5705,/model/layers.18/self_attn/MatMul_1,,MatMul,18,attention_non_projection,,,,,,,,,,,,,,,,graph-derived
5706,/model/layers.18/self_attn/Transpose_4,,Transpose,18,attention_non_projection,,,,,,,,,,,,,,,,graph-derived
5707,Constant_8445,,Constant,,other,,,,,,,,,,,,,,,,graph-derived
5708,/model/layers.18/self_attn/Unsqueeze_29,,Unsqueeze,18,attention_non_projection,,,,,,,,,,,,,,,,graph-derived
5709,Constant_8447,,Constant,,other,,,,,,,,,,,,,,,,graph-derived
5710,/model/layers.18/self_attn/Unsqueeze_30,,Unsqueeze,18,attention_non_projection,,,,,,,,,,,,,,,,graph-derived
5711,/model/layers.18/self_attn/Constant_64,,Constant,18,attention_non_projection,,,,,,,,,,,,,,,,graph-derived
5712,/model/layers.18/self_attn/Concat_11,,Concat,18,attention_non_projection,,,,,,,,,,,,,,,,graph-derived
5713,/model/layers.18/self_attn/Reshape_7,,Reshape,18,attention_non_projection,,,,,,,,,,,,,,,,graph-derived
5714,/model/layers.18/self_attn/o_proj/MatMul,,MatMul,18,attention_projection,o_proj,1024,1152,float,onnx::MatMul_10467,4718592,4096,4608,once_per_decode_token,model.onnx_data,3147676160,3147676160,3,2,0,graph-derived
5715,/model/layers.18/post_attention_layernorm/Cast,,Cast,18,other,,,,,,,,,,,,,,,,graph-derived
5716,/model/layers.18/post_attention_layernorm/Constant,,Constant,18,other,,,,,,,,,,,,,,,,graph-derived
5717,/model/layers.18/post_attention_layernorm/Pow,,Pow,18,other,,,,,,,,,,,,,,,,graph-derived
5718,/model/layers.18/post_attention_layernorm/ReduceMean,,ReduceMean,18,other,,,,,,,,,,,,,,,,graph-derived
5719,/model/layers.18/post_attention_layernorm/Constant_1,,Constant,18,other,,,,,,,,,,,,,,,,graph-derived
5720,/model/layers.18/post_attention_layernorm/Add,,Add,18,other,,,,,,,,,,,,,,,,graph-derived
5721,/model/layers.18/post_attention_layernorm/Sqrt,,Sqrt,18,other,,,,,,,,,,,,,,,,graph-derived
5722,/model/layers.18/post_attention_layernorm/Constant_2,,Constant,18,other,,,,,,,,,,,,,,,,graph-derived
5723,/model/layers.18/post_attention_layernorm/Div,,Div,18,other,,,,,,,,,,,,,,,,graph-derived
5724,/model/layers.18/post_attention_layernorm/Mul,,Mul,18,other,,,,,,,,,,,,,,,,graph-derived
5725,/model/layers.18/post_attention_layernorm/Mul_1,,Mul,18,other,,,,,,,,,,,,,,,,graph-derived
5726,/model/layers.18/Add,,Add,18,other,,,,,,,,,,,,,,,,graph-derived
5727,/model/layers.18/pre_feedforward_layernorm/Cast,,Cast,18,other,,,,,,,,,,,,,,,,graph-derived
5728,/model/layers.18/pre_feedforward_layernorm/Constant,,Constant,18,other,,,,,,,,,,,,,,,,graph-derived
5729,/model/layers.18/pre_feedforward_layernorm/Pow,,Pow,18,other,,,,,,,,,,,,,,,,graph-derived
5730,/model/layers.18/pre_feedforward_layernorm/ReduceMean,,ReduceMean,18,other,,,,,,,,,,,,,,,,graph-derived
5731,/model/layers.18/pre_feedforward_layernorm/Constant_1,,Constant,18,other,,,,,,,,,,,,,,,,graph-derived
5732,/model/layers.18/pre_feedforward_layernorm/Add,,Add,18,other,,,,,,,,,,,,,,,,graph-derived
5733,/model/layers.18/pre_feedforward_layernorm/Sqrt,,Sqrt,18,other,,,,,,,,,,,,,,,,graph-derived
5734,/model/layers.18/pre_feedforward_layernorm/Constant_2,,Constant,18,other,,,,,,,,,,,,,,,,graph-derived
5735,/model/layers.18/pre_feedforward_layernorm/Div,,Div,18,other,,,,,,,,,,,,,,,,graph-derived
5736,/model/layers.18/pre_feedforward_layernorm/Mul,,Mul,18,other,,,,,,,,,,,,,,,,graph-derived
5737,/model/layers.18/pre_feedforward_layernorm/Mul_1,,Mul,18,other,,,,,,,,,,,,,,,,graph-derived
5738,/model/layers.18/mlp/gate_proj/MatMul,,MatMul,18,mlp_projection,gate_proj,1152,6912,float,onnx::MatMul_10472,31850496,4608,27648,once_per_decode_token,model.onnx_data,3152403968,3152403968,0,0,2,graph-derived
5739,/model/layers.18/mlp/act_fn/Mul,,Mul,18,mlp_non_projection,,,,,,,,,,,,,,,,graph-derived
5740,/model/layers.18/mlp/act_fn/Mul_1,,Mul,18,mlp_non_projection,,,,,,,,,,,,,,,,graph-derived
5741,/model/layers.18/mlp/act_fn/Constant,,Constant,18,mlp_non_projection,,,,,,,,,,,,,,,,graph-derived
5742,/model/layers.18/mlp/act_fn/Mul_2,,Mul,18,mlp_non_projection,,,,,,,,,,,,,,,,graph-derived
5743,/model/layers.18/mlp/act_fn/Add,,Add,18,mlp_non_projection,,,,,,,,,,,,,,,,graph-derived
5744,/model/layers.18/mlp/act_fn/Constant_1,,Constant,18,mlp_non_projection,,,,,,,,,,,,,,,,graph-derived
5745,/model/layers.18/mlp/act_fn/Mul_3,,Mul,18,mlp_non_projection,,,,,,,,,,,,,,,,graph-derived
5746,/model/layers.18/mlp/act_fn/Tanh,,Tanh,18,mlp_non_projection,,,,,,,,,,,,,,,,graph-derived
5747,/model/layers.18/mlp/act_fn/Constant_2,,Constant,18,mlp_non_projection,,,,,,,,,,,,,,,,graph-derived
5748,/model/layers.18/mlp/act_fn/Add_1,,Add,18,mlp_non_projection,,,,,,,,,,,,,,,,graph-derived
5749,/model/layers.18/mlp/act_fn/Mul_4,,Mul,18,mlp_non_projection,,,,,,,,,,,,,,,,graph-derived
5750,/model/layers.18/mlp/act_fn/Constant_3,,Constant,18,mlp_non_projection,,,,,,,,,,,,,,,,graph-derived
5751,/model/layers.18/mlp/act_fn/Mul_5,,Mul,18,mlp_non_projection,,,,,,,,,,,,,,,,graph-derived
5752,/model/layers.18/mlp/up_proj/MatMul,,MatMul,18,mlp_projection,up_proj,1152,6912,float,onnx::MatMul_10473,31850496,4608,27648,once_per_decode_token,model.onnx_data,3184254464,3184254464,1,3,0,graph-derived
5753,/model/layers.18/mlp/Mul,,Mul,18,mlp_non_projection,,,,,,,,,,,,,,,,graph-derived
5754,/model/layers.18/mlp/down_proj/MatMul,,MatMul,18,mlp_projection,down_proj,6912,1152,float,onnx::MatMul_10474,31850496,27648,4608,once_per_decode_token,model.onnx_data,3216104960,3216104960,2,3,2,graph-derived
5755,/model/layers.18/post_feedforward_layernorm/Cast,,Cast,18,other,,,,,,,,,,,,,,,,graph-derived
5756,/model/layers.18/post_feedforward_layernorm/Constant,,Constant,18,other,,,,,,,,,,,,,,,,graph-derived
5757,/model/layers.18/post_feedforward_layernorm/Pow,,Pow,18,other,,,,,,,,,,,,,,,,graph-derived
5758,/model/layers.18/post_feedforward_layernorm/ReduceMean,,ReduceMean,18,other,,,,,,,,,,,,,,,,graph-derived
5759,/model/layers.18/post_feedforward_layernorm/Constant_1,,Constant,18,other,,,,,,,,,,,,,,,,graph-derived
5760,/model/layers.18/post_feedforward_layernorm/Add,,Add,18,other,,,,,,,,,,,,,,,,graph-derived
5761,/model/layers.18/post_feedforward_layernorm/Sqrt,,Sqrt,18,other,,,,,,,,,,,,,,,,graph-derived
5762,/model/layers.18/post_feedforward_layernorm/Constant_2,,Constant,18,other,,,,,,,,,,,,,,,,graph-derived
5763,/model/layers.18/post_feedforward_layernorm/Div,,Div,18,other,,,,,,,,,,,,,,,,graph-derived
5764,/model/layers.18/post_feedforward_layernorm/Mul,,Mul,18,other,,,,,,,,,,,,,,,,graph-derived
5765,/model/layers.18/post_feedforward_layernorm/Mul_1,,Mul,18,other,,,,,,,,,,,,,,,,graph-derived
5766,/model/layers.18/Add_1,,Add,18,other,,,,,,,,,,,,,,,,graph-derived
5767,/model/layers.19/input_layernorm/Cast,,Cast,19,other,,,,,,,,,,,,,,,,graph-derived
5768,/model/layers.19/input_layernorm/Constant,,Constant,19,other,,,,,,,,,,,,,,,,graph-derived
5769,/model/layers.19/input_layernorm/Pow,,Pow,19,other,,,,,,,,,,,,,,,,graph-derived
5770,/model/layers.19/input_layernorm/ReduceMean,,ReduceMean,19,other,,,,,,,,,,,,,,,,graph-derived
5771,/model/layers.19/input_layernorm/Constant_1,,Constant,19,other,,,,,,,,,,,,,,,,graph-derived
5772,/model/layers.19/input_layernorm/Add,,Add,19,other,,,,,,,,,,,,,,,,graph-derived
5773,/model/layers.19/input_layernorm/Sqrt,,Sqrt,19,other,,,,,,,,,,,,,,,,graph-derived
5774,/model/layers.19/input_layernorm/Constant_2,,Constant,19,other,,,,,,,,,,,,,,,,graph-derived
5775,/model/layers.19/input_layernorm/Div,,Div,19,other,,,,,,,,,,,,,,,,graph-derived
5776,/model/layers.19/input_layernorm/Mul,,Mul,19,other,,,,,,,,,,,,,,,,graph-derived
5777,/model/layers.19/input_layernorm/Mul_1,,Mul,19,other,,,,,,,,,,,,,,,,graph-derived
5778,/model/layers.19/self_attn/Shape,,Shape,19,attention_non_projection,,,,,,,,,,,,,,,,graph-derived
5779,/model/layers.19/self_attn/Constant,,Constant,19,attention_non_projection,,,,,,,,,,,,,,,,graph-derived
5780,/model/layers.19/self_attn/Gather,,Gather,19,attention_non_projection,,,,,,,,,,,,,,,,graph-derived
5781,/model/layers.19/self_attn/Shape_1,,Shape,19,attention_non_projection,,,,,,,,,,,,,,,,graph-derived
5782,/model/layers.19/self_attn/Constant_1,,Constant,19,attention_non_projection,,,,,,,,,,,,,,,,graph-derived
5783,/model/layers.19/self_attn/Gather_1,,Gather,19,attention_non_projection,,,,,,,,,,,,,,,,graph-derived
5784,/model/layers.19/self_attn/q_proj/MatMul,,MatMul,19,attention_projection,q_proj,1152,1024,float,onnx::MatMul_10479,4718592,4608,4096,once_per_decode_token,model.onnx_data,3247964672,3247964672,0,2,1,graph-derived
5785,Constant_8523,,Constant,,other,,,,,,,,,,,,,,,,graph-derived
5786,/model/layers.19/self_attn/Unsqueeze,,Unsqueeze,19,attention_non_projection,,,,,,,,,,,,,,,,graph-derived
5787,Constant_8525,,Constant,,other,,,,,,,,,,,,,,,,graph-derived
5788,/model/layers.19/self_attn/Unsqueeze_1,,Unsqueeze,19,attention_non_projection,,,,,,,,,,,,,,,,graph-derived
5789,/model/layers.19/self_attn/Constant_2,,Constant,19,attention_non_projection,,,,,,,,,,,,,,,,graph-derived
5790,/model/layers.19/self_attn/Constant_3,,Constant,19,attention_non_projection,,,,,,,,,,,,,,,,graph-derived
5791,/model/layers.19/self_attn/Concat,,Concat,19,attention_non_projection,,,,,,,,,,,,,,,,graph-derived
5792,Constant_8530,,Constant,,other,,,,,,,,,,,,,,,,graph-derived
5793,/model/layers.19/self_attn/Unsqueeze_2,,Unsqueeze,19,attention_non_projection,,,,,,,,,,,,,,,,graph-derived
5794,Constant_8532,,Constant,,other,,,,,,,,,,,,,,,,graph-derived
5795,/model/layers.19/self_attn/Unsqueeze_3,,Unsqueeze,19,attention_non_projection,,,,,,,,,,,,,,,,graph-derived
5796,/model/layers.19/self_attn/Constant_4,,Constant,19,attention_non_projection,,,,,,,,,,,,,,,,graph-derived
5797,/model/layers.19/self_attn/Constant_5,,Constant,19,attention_non_projection,,,,,,,,,,,,,,,,graph-derived
5798,/model/layers.19/self_attn/Concat_1,,Concat,19,attention_non_projection,,,,,,,,,,,,,,,,graph-derived
5799,Constant_8537,,Constant,,other,,,,,,,,,,,,,,,,graph-derived
5800,/model/layers.19/self_attn/Unsqueeze_4,,Unsqueeze,19,attention_non_projection,,,,,,,,,,,,,,,,graph-derived
5801,Constant_8539,,Constant,,other,,,,,,,,,,,,,,,,graph-derived
5802,/model/layers.19/self_attn/Unsqueeze_5,,Unsqueeze,19,attention_non_projection,,,,,,,,,,,,,,,,graph-derived
5803,/model/layers.19/self_attn/Constant_6,,Constant,19,attention_non_projection,,,,,,,,,,,,,,,,graph-derived
5804,/model/layers.19/self_attn/Constant_7,,Constant,19,attention_non_projection,,,,,,,,,,,,,,,,graph-derived
5805,/model/layers.19/self_attn/Concat_2,,Concat,19,attention_non_projection,,,,,,,,,,,,,,,,graph-derived
5806,/model/layers.19/self_attn/Reshape,,Reshape,19,attention_non_projection,,,,,,,,,,,,,,,,graph-derived
5807,/model/layers.19/self_attn/Transpose,,Transpose,19,attention_non_projection,,,,,,,,,,,,,,,,graph-derived
5808,/model/layers.19/self_attn/k_proj/MatMul,,MatMul,19,attention_projection,k_proj,1152,256,float,onnx::MatMul_10486,1179648,4608,1024,once_per_decode_token,model.onnx_data,3252683264,3252683264,1,0,3,graph-derived
5809,/model/layers.19/self_attn/Reshape_1,,Reshape,19,attention_non_projection,,,,,,,,,,,,,,,,graph-derived
5810,/model/layers.19/self_attn/Transpose_1,,Transpose,19,attention_non_projection,,,,,,,,,,,,,,,,graph-derived
5811,/model/layers.19/self_attn/v_proj/MatMul,,MatMul,19,attention_projection,v_proj,1152,256,float,onnx::MatMul_10487,1179648,4608,1024,once_per_decode_token,model.onnx_data,3253862912,3253862912,2,2,1,graph-derived
5812,/model/layers.19/self_attn/Reshape_2,,Reshape,19,attention_non_projection,,,,,,,,,,,,,,,,graph-derived
5813,/model/layers.19/self_attn/Transpose_2,,Transpose,19,attention_non_projection,,,,,,,,,,,,,,,,graph-derived
5814,/model/layers.19/self_attn/q_norm/Cast,,Cast,19,attention_non_projection,,,,,,,,,,,,,,,,graph-derived
5815,/model/layers.19/self_attn/q_norm/Constant,,Constant,19,attention_non_projection,,,,,,,,,,,,,,,,graph-derived
5816,/model/layers.19/self_attn/q_norm/Pow,,Pow,19,attention_non_projection,,,,,,,,,,,,,,,,graph-derived
5817,/model/layers.19/self_attn/q_norm/ReduceMean,,ReduceMean,19,attention_non_projection,,,,,,,,,,,,,,,,graph-derived
5818,/model/layers.19/self_attn/q_norm/Constant_1,,Constant,19,attention_non_projection,,,,,,,,,,,,,,,,graph-derived
5819,/model/layers.19/self_attn/q_norm/Add,,Add,19,attention_non_projection,,,,,,,,,,,,,,,,graph-derived
5820,/model/layers.19/self_attn/q_norm/Sqrt,,Sqrt,19,attention_non_projection,,,,,,,,,,,,,,,,graph-derived
5821,/model/layers.19/self_attn/q_norm/Constant_2,,Constant,19,attention_non_projection,,,,,,,,,,,,,,,,graph-derived
5822,/model/layers.19/self_attn/q_norm/Div,,Div,19,attention_non_projection,,,,,,,,,,,,,,,,graph-derived
5823,/model/layers.19/self_attn/q_norm/Mul,,Mul,19,attention_non_projection,,,,,,,,,,,,,,,,graph-derived
5824,/model/layers.19/self_attn/q_norm/Mul_1,,Mul,19,attention_non_projection,,,,,,,,,,,,,,,,graph-derived
5825,/model/layers.19/self_attn/k_norm/Cast,,Cast,19,attention_non_projection,,,,,,,,,,,,,,,,graph-derived
5826,/model/layers.19/self_attn/k_norm/Constant,,Constant,19,attention_non_projection,,,,,,,,,,,,,,,,graph-derived
5827,/model/layers.19/self_attn/k_norm/Pow,,Pow,19,attention_non_projection,,,,,,,,,,,,,,,,graph-derived
5828,/model/layers.19/self_attn/k_norm/ReduceMean,,ReduceMean,19,attention_non_projection,,,,,,,,,,,,,,,,graph-derived
5829,/model/layers.19/self_attn/k_norm/Constant_1,,Constant,19,attention_non_projection,,,,,,,,,,,,,,,,graph-derived
5830,/model/layers.19/self_attn/k_norm/Add,,Add,19,attention_non_projection,,,,,,,,,,,,,,,,graph-derived
5831,/model/layers.19/self_attn/k_norm/Sqrt,,Sqrt,19,attention_non_projection,,,,,,,,,,,,,,,,graph-derived
5832,/model/layers.19/self_attn/k_norm/Constant_2,,Constant,19,attention_non_projection,,,,,,,,,,,,,,,,graph-derived
5833,/model/layers.19/self_attn/k_norm/Div,,Div,19,attention_non_projection,,,,,,,,,,,,,,,,graph-derived
5834,/model/layers.19/self_attn/k_norm/Mul,,Mul,19,attention_non_projection,,,,,,,,,,,,,,,,graph-derived
5835,/model/layers.19/self_attn/k_norm/Mul_1,,Mul,19,attention_non_projection,,,,,,,,,,,,,,,,graph-derived
5836,/model/layers.19/self_attn/Mul,,Mul,19,attention_non_projection,,,,,,,,,,,,,,,,graph-derived
5837,/model/layers.19/self_attn/Shape_2,,Shape,19,attention_non_projection,,,,,,,,,,,,,,,,graph-derived
5838,/model/layers.19/self_attn/Constant_8,,Constant,19,attention_non_projection,,,,,,,,,,,,,,,,graph-derived
5839,/model/layers.19/self_attn/Gather_2,,Gather,19,attention_non_projection,,,,,,,,,,,,,,,,graph-derived
5840,/model/layers.19/self_attn/Constant_9,,Constant,19,attention_non_projection,,,,,,,,,,,,,,,,graph-derived
5841,/model/layers.19/self_attn/Div,,Div,19,attention_non_projection,,,,,,,,,,,,,,,,graph-derived
5842,/model/layers.19/self_attn/Cast,,Cast,19,attention_non_projection,,,,,,,,,,,,,,,,graph-derived
5843,/model/layers.19/self_attn/Cast_1,,Cast,19,attention_non_projection,,,,,,,,,,,,,,,,graph-derived
5844,/model/layers.19/self_attn/Constant_10,,Constant,19,attention_non_projection,,,,,,,,,,,,,,,,graph-derived
5845,/model/layers.19/self_attn/Constant_11,,Constant,19,attention_non_projection,,,,,,,,,,,,,,,,graph-derived
5846,/model/layers.19/self_attn/Constant_12,,Constant,19,attention_non_projection,,,,,,,,,,,,,,,,graph-derived
5847,/model/layers.19/self_attn/Unsqueeze_6,,Unsqueeze,19,attention_non_projection,,,,,,,,,,,,,,,,graph-derived
5848,/model/layers.19/self_attn/Constant_13,,Constant,19,attention_non_projection,,,,,,,,,,,,,,,,graph-derived
5849,/model/layers.19/self_attn/Slice,,Slice,19,attention_non_projection,,,,,,,,,,,,,,,,graph-derived
5850,/model/layers.19/self_attn/Constant_14,,Constant,19,attention_non_projection,,,,,,,,,,,,,,,,graph-derived
5851,/model/layers.19/self_attn/Constant_15,,Constant,19,attention_non_projection,,,,,,,,,,,,,,,,graph-derived
5852,/model/layers.19/self_attn/Unsqueeze_7,,Unsqueeze,19,attention_non_projection,,,,,,,,,,,,,,,,graph-derived
5853,/model/layers.19/self_attn/Constant_16,,Constant,19,attention_non_projection,,,,,,,,,,,,,,,,graph-derived
5854,/model/layers.19/self_attn/Constant_17,,Constant,19,attention_non_projection,,,,,,,,,,,,,,,,graph-derived
5855,/model/layers.19/self_attn/Slice_1,,Slice,19,attention_non_projection,,,,,,,,,,,,,,,,graph-derived
5856,/model/layers.19/self_attn/Neg,,Neg,19,attention_non_projection,,,,,,,,,,,,,,,,graph-derived
5857,/model/layers.19/self_attn/Concat_3,,Concat,19,attention_non_projection,,,,,,,,,,,,,,,,graph-derived
5858,/model/layers.19/self_attn/Mul_1,,Mul,19,attention_non_projection,,,,,,,,,,,,,,,,graph-derived
5859,/model/layers.19/self_attn/Add,,Add,19,attention_non_projection,,,,,,,,,,,,,,,,graph-derived
5860,/model/layers.19/self_attn/Mul_2,,Mul,19,attention_non_projection,,,,,,,,,,,,,,,,graph-derived
5861,/model/layers.19/self_attn/Shape_3,,Shape,19,attention_non_projection,,,,,,,,,,,,,,,,graph-derived
5862,/model/layers.19/self_attn/Constant_18,,Constant,19,attention_non_projection,,,,,,,,,,,,,,,,graph-derived
5863,/model/layers.19/self_attn/Gather_3,,Gather,19,attention_non_projection,,,,,,,,,,,,,,,,graph-derived
5864,/model/layers.19/self_attn/Constant_19,,Constant,19,attention_non_projection,,,,,,,,,,,,,,,,graph-derived
5865,/model/layers.19/self_attn/Div_1,,Div,19,attention_non_projection,,,,,,,,,,,,,,,,graph-derived
5866,/model/layers.19/self_attn/Cast_2,,Cast,19,attention_non_projection,,,,,,,,,,,,,,,,graph-derived
5867,/model/layers.19/self_attn/Cast_3,,Cast,19,attention_non_projection,,,,,,,,,,,,,,,,graph-derived
5868,/model/layers.19/self_attn/Constant_20,,Constant,19,attention_non_projection,,,,,,,,,,,,,,,,graph-derived
5869,/model/layers.19/self_attn/Constant_21,,Constant,19,attention_non_projection,,,,,,,,,,,,,,,,graph-derived
5870,/model/layers.19/self_attn/Constant_22,,Constant,19,attention_non_projection,,,,,,,,,,,,,,,,graph-derived
5871,/model/layers.19/self_attn/Unsqueeze_8,,Unsqueeze,19,attention_non_projection,,,,,,,,,,,,,,,,graph-derived
5872,/model/layers.19/self_attn/Constant_23,,Constant,19,attention_non_projection,,,,,,,,,,,,,,,,graph-derived
5873,/model/layers.19/self_attn/Slice_2,,Slice,19,attention_non_projection,,,,,,,,,,,,,,,,graph-derived
5874,/model/layers.19/self_attn/Constant_24,,Constant,19,attention_non_projection,,,,,,,,,,,,,,,,graph-derived
5875,/model/layers.19/self_attn/Constant_25,,Constant,19,attention_non_projection,,,,,,,,,,,,,,,,graph-derived
5876,/model/layers.19/self_attn/Unsqueeze_9,,Unsqueeze,19,attention_non_projection,,,,,,,,,,,,,,,,graph-derived
5877,/model/layers.19/self_attn/Constant_26,,Constant,19,attention_non_projection,,,,,,,,,,,,,,,,graph-derived
5878,/model/layers.19/self_attn/Constant_27,,Constant,19,attention_non_projection,,,,,,,,,,,,,,,,graph-derived
5879,/model/layers.19/self_attn/Slice_3,,Slice,19,attention_non_projection,,,,,,,,,,,,,,,,graph-derived
5880,/model/layers.19/self_attn/Neg_1,,Neg,19,attention_non_projection,,,,,,,,,,,,,,,,graph-derived
5881,/model/layers.19/self_attn/Concat_4,,Concat,19,attention_non_projection,,,,,,,,,,,,,,,,graph-derived
5882,/model/layers.19/self_attn/Mul_3,,Mul,19,attention_non_projection,,,,,,,,,,,,,,,,graph-derived
5883,/model/layers.19/self_attn/Add_1,,Add,19,attention_non_projection,,,,,,,,,,,,,,,,graph-derived
5884,/model/layers.19/self_attn/Concat_5,,Concat,19,attention_non_projection,,,,,,,,,,,,,,,,graph-derived
5885,/model/layers.19/self_attn/Concat_6,,Concat,19,attention_non_projection,,,,,,,,,,,,,,,,graph-derived
5886,/model/layers.19/self_attn/Shape_4,,Shape,19,attention_non_projection,,,,,,,,,,,,,,,,graph-derived
5887,/model/layers.19/self_attn/Constant_28,,Constant,19,attention_non_projection,,,,,,,,,,,,,,,,graph-derived
5888,/model/layers.19/self_attn/Gather_4,,Gather,19,attention_non_projection,,,,,,,,,,,,,,,,graph-derived
5889,/model/layers.19/self_attn/Shape_5,,Shape,19,attention_non_projection,,,,,,,,,,,,,,,,graph-derived
5890,/model/layers.19/self_attn/Constant_29,,Constant,19,attention_non_projection,,,,,,,,,,,,,,,,graph-derived
5891,/model/layers.19/self_attn/Gather_5,,Gather,19,attention_non_projection,,,,,,,,,,,,,,,,graph-derived
5892,/model/layers.19/self_attn/Shape_6,,Shape,19,attention_non_projection,,,,,,,,,,,,,,,,graph-derived
5893,/model/layers.19/self_attn/Constant_30,,Constant,19,attention_non_projection,,,,,,,,,,,,,,,,graph-derived
5894,/model/layers.19/self_attn/Gather_6,,Gather,19,attention_non_projection,,,,,,,,,,,,,,,,graph-derived
5895,/model/layers.19/self_attn/Shape_7,,Shape,19,attention_non_projection,,,,,,,,,,,,,,,,graph-derived
5896,/model/layers.19/self_attn/Constant_31,,Constant,19,attention_non_projection,,,,,,,,,,,,,,,,graph-derived
5897,/model/layers.19/self_attn/Gather_7,,Gather,19,attention_non_projection,,,,,,,,,,,,,,,,graph-derived
5898,/model/layers.19/self_attn/Constant_32,,Constant,19,attention_non_projection,,,,,,,,,,,,,,,,graph-derived
5899,/model/layers.19/self_attn/Unsqueeze_10,,Unsqueeze,19,attention_non_projection,,,,,,,,,,,,,,,,graph-derived
5900,/model/layers.19/self_attn/Constant_33,,Constant,19,attention_non_projection,,,,,,,,,,,,,,,,graph-derived
5901,/model/layers.19/self_attn/Unsqueeze_11,,Unsqueeze,19,attention_non_projection,,,,,,,,,,,,,,,,graph-derived
5902,/model/layers.19/self_attn/Constant_34,,Constant,19,attention_non_projection,,,,,,,,,,,,,,,,graph-derived
5903,/model/layers.19/self_attn/Unsqueeze_12,,Unsqueeze,19,attention_non_projection,,,,,,,,,,,,,,,,graph-derived
5904,/model/layers.19/self_attn/Constant_35,,Constant,19,attention_non_projection,,,,,,,,,,,,,,,,graph-derived
5905,/model/layers.19/self_attn/Constant_36,,Constant,19,attention_non_projection,,,,,,,,,,,,,,,,graph-derived
5906,/model/layers.19/self_attn/Unsqueeze_13,,Unsqueeze,19,attention_non_projection,,,,,,,,,,,,,,,,graph-derived
5907,/model/layers.19/self_attn/Constant_37,,Constant,19,attention_non_projection,,,,,,,,,,,,,,,,graph-derived
5908,/model/layers.19/self_attn/Unsqueeze_14,,Unsqueeze,19,attention_non_projection,,,,,,,,,,,,,,,,graph-derived
5909,/model/layers.19/self_attn/Concat_7,,Concat,19,attention_non_projection,,,,,,,,,,,,,,,,graph-derived
5910,/model/layers.19/self_attn/Constant_38,,Constant,19,attention_non_projection,,,,,,,,,,,,,,,,graph-derived
5911,/model/layers.19/self_attn/Reshape_3,,Reshape,19,attention_non_projection,,,,,,,,,,,,,,,,graph-derived
5912,/model/layers.19/self_attn/Shape_8,,Shape,19,attention_non_projection,,,,,,,,,,,,,,,,graph-derived
5913,/model/layers.19/self_attn/ConstantOfShape,,ConstantOfShape,19,attention_non_projection,,,,,,,,,,,,,,,,graph-derived
5914,/model/layers.19/self_attn/Constant_39,,Constant,19,attention_non_projection,,,,,,,,,,,,,,,,graph-derived
5915,/model/layers.19/self_attn/Mul_4,,Mul,19,attention_non_projection,,,,,,,,,,,,,,,,graph-derived
5916,/model/layers.19/self_attn/Equal,,Equal,19,attention_non_projection,,,,,,,,,,,,,,,,graph-derived
5917,/model/layers.19/self_attn/Where,,Where,19,attention_non_projection,,,,,,,,,,,,,,,,graph-derived
5918,/model/layers.19/self_attn/Expand,,Expand,19,attention_non_projection,,,,,,,,,,,,,,,,graph-derived
5919,/model/layers.19/self_attn/Constant_40,,Constant,19,attention_non_projection,,,,,,,,,,,,,,,,graph-derived
5920,/model/layers.19/self_attn/Mul_5,,Mul,19,attention_non_projection,,,,,,,,,,,,,,,,graph-derived
5921,Constant_8659,,Constant,,other,,,,,,,,,,,,,,,,graph-derived
5922,/model/layers.19/self_attn/Unsqueeze_15,,Unsqueeze,19,attention_non_projection,,,,,,,,,,,,,,,,graph-derived
5923,Constant_8661,,Constant,,other,,,,,,,,,,,,,,,,graph-derived
5924,/model/layers.19/self_attn/Unsqueeze_16,,Unsqueeze,19,attention_non_projection,,,,,,,,,,,,,,,,graph-derived
5925,Constant_8663,,Constant,,other,,,,,,,,,,,,,,,,graph-derived
5926,/model/layers.19/self_attn/Unsqueeze_17,,Unsqueeze,19,attention_non_projection,,,,,,,,,,,,,,,,graph-derived
5927,Constant_8665,,Constant,,other,,,,,,,,,,,,,,,,graph-derived
5928,/model/layers.19/self_attn/Unsqueeze_18,,Unsqueeze,19,attention_non_projection,,,,,,,,,,,,,,,,graph-derived
5929,/model/layers.19/self_attn/Concat_8,,Concat,19,attention_non_projection,,,,,,,,,,,,,,,,graph-derived
5930,/model/layers.19/self_attn/Reshape_4,,Reshape,19,attention_non_projection,,,,,,,,,,,,,,,,graph-derived
5931,/model/layers.19/self_attn/Shape_9,,Shape,19,attention_non_projection,,,,,,,,,,,,,,,,graph-derived
5932,/model/layers.19/self_attn/Constant_41,,Constant,19,attention_non_projection,,,,,,,,,,,,,,,,graph-derived
5933,/model/layers.19/self_attn/Gather_8,,Gather,19,attention_non_projection,,,,,,,,,,,,,,,,graph-derived
5934,/model/layers.19/self_attn/Shape_10,,Shape,19,attention_non_projection,,,,,,,,,,,,,,,,graph-derived
5935,/model/layers.19/self_attn/Constant_42,,Constant,19,attention_non_projection,,,,,,,,,,,,,,,,graph-derived
5936,/model/layers.19/self_attn/Gather_9,,Gather,19,attention_non_projection,,,,,,,,,,,,,,,,graph-derived
5937,/model/layers.19/self_attn/Shape_11,,Shape,19,attention_non_projection,,,,,,,,,,,,,,,,graph-derived
5938,/model/layers.19/self_attn/Constant_43,,Constant,19,attention_non_projection,,,,,,,,,,,,,,,,graph-derived
5939,/model/layers.19/self_attn/Gather_10,,Gather,19,attention_non_projection,,,,,,,,,,,,,,,,graph-derived
5940,/model/layers.19/self_attn/Shape_12,,Shape,19,attention_non_projection,,,,,,,,,,,,,,,,graph-derived
5941,/model/layers.19/self_attn/Constant_44,,Constant,19,attention_non_projection,,,,,,,,,,,,,,,,graph-derived
5942,/model/layers.19/self_attn/Gather_11,,Gather,19,attention_non_projection,,,,,,,,,,,,,,,,graph-derived
5943,/model/layers.19/self_attn/Constant_45,,Constant,19,attention_non_projection,,,,,,,,,,,,,,,,graph-derived
5944,/model/layers.19/self_attn/Unsqueeze_19,,Unsqueeze,19,attention_non_projection,,,,,,,,,,,,,,,,graph-derived
5945,/model/layers.19/self_attn/Constant_46,,Constant,19,attention_non_projection,,,,,,,,,,,,,,,,graph-derived
5946,/model/layers.19/self_attn/Unsqueeze_20,,Unsqueeze,19,attention_non_projection,,,,,,,,,,,,,,,,graph-derived
5947,/model/layers.19/self_attn/Constant_47,,Constant,19,attention_non_projection,,,,,,,,,,,,,,,,graph-derived
5948,/model/layers.19/self_attn/Unsqueeze_21,,Unsqueeze,19,attention_non_projection,,,,,,,,,,,,,,,,graph-derived
5949,/model/layers.19/self_attn/Constant_48,,Constant,19,attention_non_projection,,,,,,,,,,,,,,,,graph-derived
5950,/model/layers.19/self_attn/Constant_49,,Constant,19,attention_non_projection,,,,,,,,,,,,,,,,graph-derived
5951,/model/layers.19/self_attn/Unsqueeze_22,,Unsqueeze,19,attention_non_projection,,,,,,,,,,,,,,,,graph-derived
5952,/model/layers.19/self_attn/Constant_50,,Constant,19,attention_non_projection,,,,,,,,,,,,,,,,graph-derived
5953,/model/layers.19/self_attn/Unsqueeze_23,,Unsqueeze,19,attention_non_projection,,,,,,,,,,,,,,,,graph-derived
5954,/model/layers.19/self_attn/Concat_9,,Concat,19,attention_non_projection,,,,,,,,,,,,,,,,graph-derived
5955,/model/layers.19/self_attn/Constant_51,,Constant,19,attention_non_projection,,,,,,,,,,,,,,,,graph-derived
5956,/model/layers.19/self_attn/Reshape_5,,Reshape,19,attention_non_projection,,,,,,,,,,,,,,,,graph-derived
5957,/model/layers.19/self_attn/Shape_13,,Shape,19,attention_non_projection,,,,,,,,,,,,,,,,graph-derived
5958,/model/layers.19/self_attn/ConstantOfShape_1,,ConstantOfShape,19,attention_non_projection,,,,,,,,,,,,,,,,graph-derived
5959,/model/layers.19/self_attn/Constant_52,,Constant,19,attention_non_projection,,,,,,,,,,,,,,,,graph-derived
5960,/model/layers.19/self_attn/Mul_6,,Mul,19,attention_non_projection,,,,,,,,,,,,,,,,graph-derived
5961,/model/layers.19/self_attn/Equal_1,,Equal,19,attention_non_projection,,,,,,,,,,,,,,,,graph-derived
5962,/model/layers.19/self_attn/Where_1,,Where,19,attention_non_projection,,,,,,,,,,,,,,,,graph-derived
5963,/model/layers.19/self_attn/Expand_1,,Expand,19,attention_non_projection,,,,,,,,,,,,,,,,graph-derived
5964,/model/layers.19/self_attn/Constant_53,,Constant,19,attention_non_projection,,,,,,,,,,,,,,,,graph-derived
5965,/model/layers.19/self_attn/Mul_7,,Mul,19,attention_non_projection,,,,,,,,,,,,,,,,graph-derived
5966,Constant_8704,,Constant,,other,,,,,,,,,,,,,,,,graph-derived
5967,/model/layers.19/self_attn/Unsqueeze_24,,Unsqueeze,19,attention_non_projection,,,,,,,,,,,,,,,,graph-derived
5968,Constant_8706,,Constant,,other,,,,,,,,,,,,,,,,graph-derived
5969,/model/layers.19/self_attn/Unsqueeze_25,,Unsqueeze,19,attention_non_projection,,,,,,,,,,,,,,,,graph-derived
5970,Constant_8708,,Constant,,other,,,,,,,,,,,,,,,,graph-derived
5971,/model/layers.19/self_attn/Unsqueeze_26,,Unsqueeze,19,attention_non_projection,,,,,,,,,,,,,,,,graph-derived
5972,Constant_8710,,Constant,,other,,,,,,,,,,,,,,,,graph-derived
5973,/model/layers.19/self_attn/Unsqueeze_27,,Unsqueeze,19,attention_non_projection,,,,,,,,,,,,,,,,graph-derived
5974,/model/layers.19/self_attn/Concat_10,,Concat,19,attention_non_projection,,,,,,,,,,,,,,,,graph-derived
5975,/model/layers.19/self_attn/Reshape_6,,Reshape,19,attention_non_projection,,,,,,,,,,,,,,,,graph-derived
5976,/model/layers.19/self_attn/Shape_14,,Shape,19,attention_non_projection,,,,,,,,,,,,,,,,graph-derived
5977,/model/layers.19/self_attn/Constant_54,,Constant,19,attention_non_projection,,,,,,,,,,,,,,,,graph-derived
5978,/model/layers.19/self_attn/Gather_12,,Gather,19,attention_non_projection,,,,,,,,,,,,,,,,graph-derived
5979,/model/layers.19/self_attn/Constant_55,,Constant,19,attention_non_projection,,,,,,,,,,,,,,,,graph-derived
5980,/model/layers.19/self_attn/Constant_56,,Constant,19,attention_non_projection,,,,,,,,,,,,,,,,graph-derived
5981,/model/layers.19/self_attn/Constant_57,,Constant,19,attention_non_projection,,,,,,,,,,,,,,,,graph-derived
5982,/model/layers.19/self_attn/Unsqueeze_28,,Unsqueeze,19,attention_non_projection,,,,,,,,,,,,,,,,graph-derived
5983,/model/layers.19/self_attn/Constant_58,,Constant,19,attention_non_projection,,,,,,,,,,,,,,,,graph-derived
5984,/model/layers.19/self_attn/Slice_4,,Slice,19,attention_non_projection,,,,,,,,,,,,,,,,graph-derived
5985,/model/layers.19/self_attn/Transpose_3,,Transpose,19,attention_non_projection,,,,,,,,,,,,,,,,graph-derived
5986,/model/layers.19/self_attn/Constant_59,,Constant,19,attention_non_projection,,,,,,,,,,,,,,,,graph-derived
5987,/model/layers.19/self_attn/Mul_8,,Mul,19,attention_non_projection,,,,,,,,,,,,,,,,graph-derived
5988,/model/layers.19/self_attn/Constant_60,,Constant,19,attention_non_projection,,,,,,,,,,,,,,,,graph-derived
5989,/model/layers.19/self_attn/Mul_9,,Mul,19,attention_non_projection,,,,,,,,,,,,,,,,graph-derived
5990,/model/layers.19/self_attn/MatMul,,MatMul,19,attention_non_projection,,,,,,,,,,,,,,,,graph-derived
5991,/model/layers.19/self_attn/Constant_61,,Constant,19,attention_non_projection,,,,,,,,,,,,,,,,graph-derived
5992,/model/layers.19/self_attn/Constant_62,,Constant,19,attention_non_projection,,,,,,,,,,,,,,,,graph-derived
5993,/model/layers.19/self_attn/Where_2,,Where,19,attention_non_projection,,,,,,,,,,,,,,,,graph-derived
5994,/model/layers.19/self_attn/Add_2,,Add,19,attention_non_projection,,,,,,,,,,,,,,,,graph-derived
5995,/model/layers.19/self_attn/Softmax,,Softmax,19,attention_non_projection,,,,,,,,,,,,,,,,graph-derived
5996,/model/layers.19/self_attn/IsNaN,,IsNaN,19,attention_non_projection,,,,,,,,,,,,,,,,graph-derived
5997,/model/layers.19/self_attn/Constant_63,,Constant,19,attention_non_projection,,,,,,,,,,,,,,,,graph-derived
5998,/model/layers.19/self_attn/Where_3,,Where,19,attention_non_projection,,,,,,,,,,,,,,,,graph-derived
5999,/model/layers.19/self_attn/MatMul_1,,MatMul,19,attention_non_projection,,,,,,,,,,,,,,,,graph-derived
6000,/model/layers.19/self_attn/Transpose_4,,Transpose,19,attention_non_projection,,,,,,,,,,,,,,,,graph-derived
6001,Constant_8739,,Constant,,other,,,,,,,,,,,,,,,,graph-derived
6002,/model/layers.19/self_attn/Unsqueeze_29,,Unsqueeze,19,attention_non_projection,,,,,,,,,,,,,,,,graph-derived
6003,Constant_8741,,Constant,,other,,,,,,,,,,,,,,,,graph-derived
6004,/model/layers.19/self_attn/Unsqueeze_30,,Unsqueeze,19,attention_non_projection,,,,,,,,,,,,,,,,graph-derived
6005,/model/layers.19/self_attn/Constant_64,,Constant,19,attention_non_projection,,,,,,,,,,,,,,,,graph-derived
6006,/model/layers.19/self_attn/Concat_11,,Concat,19,attention_non_projection,,,,,,,,,,,,,,,,graph-derived
6007,/model/layers.19/self_attn/Reshape_7,,Reshape,19,attention_non_projection,,,,,,,,,,,,,,,,graph-derived
6008,/model/layers.19/self_attn/o_proj/MatMul,,MatMul,19,attention_projection,o_proj,1024,1152,float,onnx::MatMul_10514,4718592,4096,4608,once_per_decode_token,model.onnx_data,3255044608,3255044608,3,0,3,graph-derived
6009,/model/layers.19/post_attention_layernorm/Cast,,Cast,19,other,,,,,,,,,,,,,,,,graph-derived
6010,/model/layers.19/post_attention_layernorm/Constant,,Constant,19,other,,,,,,,,,,,,,,,,graph-derived
6011,/model/layers.19/post_attention_layernorm/Pow,,Pow,19,other,,,,,,,,,,,,,,,,graph-derived
6012,/model/layers.19/post_attention_layernorm/ReduceMean,,ReduceMean,19,other,,,,,,,,,,,,,,,,graph-derived
6013,/model/layers.19/post_attention_layernorm/Constant_1,,Constant,19,other,,,,,,,,,,,,,,,,graph-derived
6014,/model/layers.19/post_attention_layernorm/Add,,Add,19,other,,,,,,,,,,,,,,,,graph-derived
6015,/model/layers.19/post_attention_layernorm/Sqrt,,Sqrt,19,other,,,,,,,,,,,,,,,,graph-derived
6016,/model/layers.19/post_attention_layernorm/Constant_2,,Constant,19,other,,,,,,,,,,,,,,,,graph-derived
6017,/model/layers.19/post_attention_layernorm/Div,,Div,19,other,,,,,,,,,,,,,,,,graph-derived
6018,/model/layers.19/post_attention_layernorm/Mul,,Mul,19,other,,,,,,,,,,,,,,,,graph-derived
6019,/model/layers.19/post_attention_layernorm/Mul_1,,Mul,19,other,,,,,,,,,,,,,,,,graph-derived
6020,/model/layers.19/Add,,Add,19,other,,,,,,,,,,,,,,,,graph-derived
6021,/model/layers.19/pre_feedforward_layernorm/Cast,,Cast,19,other,,,,,,,,,,,,,,,,graph-derived
6022,/model/layers.19/pre_feedforward_layernorm/Constant,,Constant,19,other,,,,,,,,,,,,,,,,graph-derived
6023,/model/layers.19/pre_feedforward_layernorm/Pow,,Pow,19,other,,,,,,,,,,,,,,,,graph-derived
6024,/model/layers.19/pre_feedforward_layernorm/ReduceMean,,ReduceMean,19,other,,,,,,,,,,,,,,,,graph-derived
6025,/model/layers.19/pre_feedforward_layernorm/Constant_1,,Constant,19,other,,,,,,,,,,,,,,,,graph-derived
6026,/model/layers.19/pre_feedforward_layernorm/Add,,Add,19,other,,,,,,,,,,,,,,,,graph-derived
6027,/model/layers.19/pre_feedforward_layernorm/Sqrt,,Sqrt,19,other,,,,,,,,,,,,,,,,graph-derived
6028,/model/layers.19/pre_feedforward_layernorm/Constant_2,,Constant,19,other,,,,,,,,,,,,,,,,graph-derived
6029,/model/layers.19/pre_feedforward_layernorm/Div,,Div,19,other,,,,,,,,,,,,,,,,graph-derived
6030,/model/layers.19/pre_feedforward_layernorm/Mul,,Mul,19,other,,,,,,,,,,,,,,,,graph-derived
6031,/model/layers.19/pre_feedforward_layernorm/Mul_1,,Mul,19,other,,,,,,,,,,,,,,,,graph-derived
6032,/model/layers.19/mlp/gate_proj/MatMul,,MatMul,19,mlp_projection,gate_proj,1152,6912,float,onnx::MatMul_10519,31850496,4608,27648,once_per_decode_token,model.onnx_data,3259772416,3259772416,0,1,1,graph-derived
6033,/model/layers.19/mlp/act_fn/Mul,,Mul,19,mlp_non_projection,,,,,,,,,,,,,,,,graph-derived
6034,/model/layers.19/mlp/act_fn/Mul_1,,Mul,19,mlp_non_projection,,,,,,,,,,,,,,,,graph-derived
6035,/model/layers.19/mlp/act_fn/Constant,,Constant,19,mlp_non_projection,,,,,,,,,,,,,,,,graph-derived
6036,/model/layers.19/mlp/act_fn/Mul_2,,Mul,19,mlp_non_projection,,,,,,,,,,,,,,,,graph-derived
6037,/model/layers.19/mlp/act_fn/Add,,Add,19,mlp_non_projection,,,,,,,,,,,,,,,,graph-derived
6038,/model/layers.19/mlp/act_fn/Constant_1,,Constant,19,mlp_non_projection,,,,,,,,,,,,,,,,graph-derived
6039,/model/layers.19/mlp/act_fn/Mul_3,,Mul,19,mlp_non_projection,,,,,,,,,,,,,,,,graph-derived
6040,/model/layers.19/mlp/act_fn/Tanh,,Tanh,19,mlp_non_projection,,,,,,,,,,,,,,,,graph-derived
6041,/model/layers.19/mlp/act_fn/Constant_2,,Constant,19,mlp_non_projection,,,,,,,,,,,,,,,,graph-derived
6042,/model/layers.19/mlp/act_fn/Add_1,,Add,19,mlp_non_projection,,,,,,,,,,,,,,,,graph-derived
6043,/model/layers.19/mlp/act_fn/Mul_4,,Mul,19,mlp_non_projection,,,,,,,,,,,,,,,,graph-derived
6044,/model/layers.19/mlp/act_fn/Constant_3,,Constant,19,mlp_non_projection,,,,,,,,,,,,,,,,graph-derived
6045,/model/layers.19/mlp/act_fn/Mul_5,,Mul,19,mlp_non_projection,,,,,,,,,,,,,,,,graph-derived
6046,/model/layers.19/mlp/up_proj/MatMul,,MatMul,19,mlp_projection,up_proj,1152,6912,float,onnx::MatMul_10520,31850496,4608,27648,once_per_decode_token,model.onnx_data,3291622912,3291622912,1,1,3,graph-derived
6047,/model/layers.19/mlp/Mul,,Mul,19,mlp_non_projection,,,,,,,,,,,,,,,,graph-derived
6048,/model/layers.19/mlp/down_proj/MatMul,,MatMul,19,mlp_projection,down_proj,6912,1152,float,onnx::MatMul_10521,31850496,27648,4608,once_per_decode_token,model.onnx_data,3323473408,3323473408,2,0,1,graph-derived
6049,/model/layers.19/post_feedforward_layernorm/Cast,,Cast,19,other,,,,,,,,,,,,,,,,graph-derived
6050,/model/layers.19/post_feedforward_layernorm/Constant,,Constant,19,other,,,,,,,,,,,,,,,,graph-derived
6051,/model/layers.19/post_feedforward_layernorm/Pow,,Pow,19,other,,,,,,,,,,,,,,,,graph-derived
6052,/model/layers.19/post_feedforward_layernorm/ReduceMean,,ReduceMean,19,other,,,,,,,,,,,,,,,,graph-derived
6053,/model/layers.19/post_feedforward_layernorm/Constant_1,,Constant,19,other,,,,,,,,,,,,,,,,graph-derived
6054,/model/layers.19/post_feedforward_layernorm/Add,,Add,19,other,,,,,,,,,,,,,,,,graph-derived
6055,/model/layers.19/post_feedforward_layernorm/Sqrt,,Sqrt,19,other,,,,,,,,,,,,,,,,graph-derived
6056,/model/layers.19/post_feedforward_layernorm/Constant_2,,Constant,19,other,,,,,,,,,,,,,,,,graph-derived
6057,/model/layers.19/post_feedforward_layernorm/Div,,Div,19,other,,,,,,,,,,,,,,,,graph-derived
6058,/model/layers.19/post_feedforward_layernorm/Mul,,Mul,19,other,,,,,,,,,,,,,,,,graph-derived
6059,/model/layers.19/post_feedforward_layernorm/Mul_1,,Mul,19,other,,,,,,,,,,,,,,,,graph-derived
6060,/model/layers.19/Add_1,,Add,19,other,,,,,,,,,,,,,,,,graph-derived
6061,/model/layers.20/input_layernorm/Cast,,Cast,20,other,,,,,,,,,,,,,,,,graph-derived
6062,/model/layers.20/input_layernorm/Constant,,Constant,20,other,,,,,,,,,,,,,,,,graph-derived
6063,/model/layers.20/input_layernorm/Pow,,Pow,20,other,,,,,,,,,,,,,,,,graph-derived
6064,/model/layers.20/input_layernorm/ReduceMean,,ReduceMean,20,other,,,,,,,,,,,,,,,,graph-derived
6065,/model/layers.20/input_layernorm/Constant_1,,Constant,20,other,,,,,,,,,,,,,,,,graph-derived
6066,/model/layers.20/input_layernorm/Add,,Add,20,other,,,,,,,,,,,,,,,,graph-derived
6067,/model/layers.20/input_layernorm/Sqrt,,Sqrt,20,other,,,,,,,,,,,,,,,,graph-derived
6068,/model/layers.20/input_layernorm/Constant_2,,Constant,20,other,,,,,,,,,,,,,,,,graph-derived
6069,/model/layers.20/input_layernorm/Div,,Div,20,other,,,,,,,,,,,,,,,,graph-derived
6070,/model/layers.20/input_layernorm/Mul,,Mul,20,other,,,,,,,,,,,,,,,,graph-derived
6071,/model/layers.20/input_layernorm/Mul_1,,Mul,20,other,,,,,,,,,,,,,,,,graph-derived
6072,/model/layers.20/self_attn/Shape,,Shape,20,attention_non_projection,,,,,,,,,,,,,,,,graph-derived
6073,/model/layers.20/self_attn/Constant,,Constant,20,attention_non_projection,,,,,,,,,,,,,,,,graph-derived
6074,/model/layers.20/self_attn/Gather,,Gather,20,attention_non_projection,,,,,,,,,,,,,,,,graph-derived
6075,/model/layers.20/self_attn/Shape_1,,Shape,20,attention_non_projection,,,,,,,,,,,,,,,,graph-derived
6076,/model/layers.20/self_attn/Constant_1,,Constant,20,attention_non_projection,,,,,,,,,,,,,,,,graph-derived
6077,/model/layers.20/self_attn/Gather_1,,Gather,20,attention_non_projection,,,,,,,,,,,,,,,,graph-derived
6078,/model/layers.20/self_attn/q_proj/MatMul,,MatMul,20,attention_projection,q_proj,1152,1024,float,onnx::MatMul_10526,4718592,4608,4096,once_per_decode_token,model.onnx_data,3355333120,3355333120,0,3,0,graph-derived
6079,Constant_8817,,Constant,,other,,,,,,,,,,,,,,,,graph-derived
6080,/model/layers.20/self_attn/Unsqueeze,,Unsqueeze,20,attention_non_projection,,,,,,,,,,,,,,,,graph-derived
6081,Constant_8819,,Constant,,other,,,,,,,,,,,,,,,,graph-derived
6082,/model/layers.20/self_attn/Unsqueeze_1,,Unsqueeze,20,attention_non_projection,,,,,,,,,,,,,,,,graph-derived
6083,/model/layers.20/self_attn/Constant_2,,Constant,20,attention_non_projection,,,,,,,,,,,,,,,,graph-derived
6084,/model/layers.20/self_attn/Constant_3,,Constant,20,attention_non_projection,,,,,,,,,,,,,,,,graph-derived
6085,/model/layers.20/self_attn/Concat,,Concat,20,attention_non_projection,,,,,,,,,,,,,,,,graph-derived
6086,Constant_8824,,Constant,,other,,,,,,,,,,,,,,,,graph-derived
6087,/model/layers.20/self_attn/Unsqueeze_2,,Unsqueeze,20,attention_non_projection,,,,,,,,,,,,,,,,graph-derived
6088,Constant_8826,,Constant,,other,,,,,,,,,,,,,,,,graph-derived
6089,/model/layers.20/self_attn/Unsqueeze_3,,Unsqueeze,20,attention_non_projection,,,,,,,,,,,,,,,,graph-derived
6090,/model/layers.20/self_attn/Constant_4,,Constant,20,attention_non_projection,,,,,,,,,,,,,,,,graph-derived
6091,/model/layers.20/self_attn/Constant_5,,Constant,20,attention_non_projection,,,,,,,,,,,,,,,,graph-derived
6092,/model/layers.20/self_attn/Concat_1,,Concat,20,attention_non_projection,,,,,,,,,,,,,,,,graph-derived
6093,Constant_8831,,Constant,,other,,,,,,,,,,,,,,,,graph-derived
6094,/model/layers.20/self_attn/Unsqueeze_4,,Unsqueeze,20,attention_non_projection,,,,,,,,,,,,,,,,graph-derived
6095,Constant_8833,,Constant,,other,,,,,,,,,,,,,,,,graph-derived
6096,/model/layers.20/self_attn/Unsqueeze_5,,Unsqueeze,20,attention_non_projection,,,,,,,,,,,,,,,,graph-derived
6097,/model/layers.20/self_attn/Constant_6,,Constant,20,attention_non_projection,,,,,,,,,,,,,,,,graph-derived
6098,/model/layers.20/self_attn/Constant_7,,Constant,20,attention_non_projection,,,,,,,,,,,,,,,,graph-derived
6099,/model/layers.20/self_attn/Concat_2,,Concat,20,attention_non_projection,,,,,,,,,,,,,,,,graph-derived
6100,/model/layers.20/self_attn/Reshape,,Reshape,20,attention_non_projection,,,,,,,,,,,,,,,,graph-derived
6101,/model/layers.20/self_attn/Transpose,,Transpose,20,attention_non_projection,,,,,,,,,,,,,,,,graph-derived
6102,/model/layers.20/self_attn/k_proj/MatMul,,MatMul,20,attention_projection,k_proj,1152,256,float,onnx::MatMul_10533,1179648,4608,1024,once_per_decode_token,model.onnx_data,3360051712,3360051712,1,1,2,graph-derived
6103,/model/layers.20/self_attn/Reshape_1,,Reshape,20,attention_non_projection,,,,,,,,,,,,,,,,graph-derived
6104,/model/layers.20/self_attn/Transpose_1,,Transpose,20,attention_non_projection,,,,,,,,,,,,,,,,graph-derived
6105,/model/layers.20/self_attn/v_proj/MatMul,,MatMul,20,attention_projection,v_proj,1152,256,float,onnx::MatMul_10534,1179648,4608,1024,once_per_decode_token,model.onnx_data,3361231360,3361231360,2,3,0,graph-derived
6106,/model/layers.20/self_attn/Reshape_2,,Reshape,20,attention_non_projection,,,,,,,,,,,,,,,,graph-derived
6107,/model/layers.20/self_attn/Transpose_2,,Transpose,20,attention_non_projection,,,,,,,,,,,,,,,,graph-derived
6108,/model/layers.20/self_attn/q_norm/Cast,,Cast,20,attention_non_projection,,,,,,,,,,,,,,,,graph-derived
6109,/model/layers.20/self_attn/q_norm/Constant,,Constant,20,attention_non_projection,,,,,,,,,,,,,,,,graph-derived
6110,/model/layers.20/self_attn/q_norm/Pow,,Pow,20,attention_non_projection,,,,,,,,,,,,,,,,graph-derived
6111,/model/layers.20/self_attn/q_norm/ReduceMean,,ReduceMean,20,attention_non_projection,,,,,,,,,,,,,,,,graph-derived
6112,/model/layers.20/self_attn/q_norm/Constant_1,,Constant,20,attention_non_projection,,,,,,,,,,,,,,,,graph-derived
6113,/model/layers.20/self_attn/q_norm/Add,,Add,20,attention_non_projection,,,,,,,,,,,,,,,,graph-derived
6114,/model/layers.20/self_attn/q_norm/Sqrt,,Sqrt,20,attention_non_projection,,,,,,,,,,,,,,,,graph-derived
6115,/model/layers.20/self_attn/q_norm/Constant_2,,Constant,20,attention_non_projection,,,,,,,,,,,,,,,,graph-derived
6116,/model/layers.20/self_attn/q_norm/Div,,Div,20,attention_non_projection,,,,,,,,,,,,,,,,graph-derived
6117,/model/layers.20/self_attn/q_norm/Mul,,Mul,20,attention_non_projection,,,,,,,,,,,,,,,,graph-derived
6118,/model/layers.20/self_attn/q_norm/Mul_1,,Mul,20,attention_non_projection,,,,,,,,,,,,,,,,graph-derived
6119,/model/layers.20/self_attn/k_norm/Cast,,Cast,20,attention_non_projection,,,,,,,,,,,,,,,,graph-derived
6120,/model/layers.20/self_attn/k_norm/Constant,,Constant,20,attention_non_projection,,,,,,,,,,,,,,,,graph-derived
6121,/model/layers.20/self_attn/k_norm/Pow,,Pow,20,attention_non_projection,,,,,,,,,,,,,,,,graph-derived
6122,/model/layers.20/self_attn/k_norm/ReduceMean,,ReduceMean,20,attention_non_projection,,,,,,,,,,,,,,,,graph-derived
6123,/model/layers.20/self_attn/k_norm/Constant_1,,Constant,20,attention_non_projection,,,,,,,,,,,,,,,,graph-derived
6124,/model/layers.20/self_attn/k_norm/Add,,Add,20,attention_non_projection,,,,,,,,,,,,,,,,graph-derived
6125,/model/layers.20/self_attn/k_norm/Sqrt,,Sqrt,20,attention_non_projection,,,,,,,,,,,,,,,,graph-derived
6126,/model/layers.20/self_attn/k_norm/Constant_2,,Constant,20,attention_non_projection,,,,,,,,,,,,,,,,graph-derived
6127,/model/layers.20/self_attn/k_norm/Div,,Div,20,attention_non_projection,,,,,,,,,,,,,,,,graph-derived
6128,/model/layers.20/self_attn/k_norm/Mul,,Mul,20,attention_non_projection,,,,,,,,,,,,,,,,graph-derived
6129,/model/layers.20/self_attn/k_norm/Mul_1,,Mul,20,attention_non_projection,,,,,,,,,,,,,,,,graph-derived
6130,/model/layers.20/self_attn/Mul,,Mul,20,attention_non_projection,,,,,,,,,,,,,,,,graph-derived
6131,/model/layers.20/self_attn/Shape_2,,Shape,20,attention_non_projection,,,,,,,,,,,,,,,,graph-derived
6132,/model/layers.20/self_attn/Constant_8,,Constant,20,attention_non_projection,,,,,,,,,,,,,,,,graph-derived
6133,/model/layers.20/self_attn/Gather_2,,Gather,20,attention_non_projection,,,,,,,,,,,,,,,,graph-derived
6134,/model/layers.20/self_attn/Constant_9,,Constant,20,attention_non_projection,,,,,,,,,,,,,,,,graph-derived
6135,/model/layers.20/self_attn/Div,,Div,20,attention_non_projection,,,,,,,,,,,,,,,,graph-derived
6136,/model/layers.20/self_attn/Cast,,Cast,20,attention_non_projection,,,,,,,,,,,,,,,,graph-derived
6137,/model/layers.20/self_attn/Cast_1,,Cast,20,attention_non_projection,,,,,,,,,,,,,,,,graph-derived
6138,/model/layers.20/self_attn/Constant_10,,Constant,20,attention_non_projection,,,,,,,,,,,,,,,,graph-derived
6139,/model/layers.20/self_attn/Constant_11,,Constant,20,attention_non_projection,,,,,,,,,,,,,,,,graph-derived
6140,/model/layers.20/self_attn/Constant_12,,Constant,20,attention_non_projection,,,,,,,,,,,,,,,,graph-derived
6141,/model/layers.20/self_attn/Unsqueeze_6,,Unsqueeze,20,attention_non_projection,,,,,,,,,,,,,,,,graph-derived
6142,/model/layers.20/self_attn/Constant_13,,Constant,20,attention_non_projection,,,,,,,,,,,,,,,,graph-derived
6143,/model/layers.20/self_attn/Slice,,Slice,20,attention_non_projection,,,,,,,,,,,,,,,,graph-derived
6144,/model/layers.20/self_attn/Constant_14,,Constant,20,attention_non_projection,,,,,,,,,,,,,,,,graph-derived
6145,/model/layers.20/self_attn/Constant_15,,Constant,20,attention_non_projection,,,,,,,,,,,,,,,,graph-derived
6146,/model/layers.20/self_attn/Unsqueeze_7,,Unsqueeze,20,attention_non_projection,,,,,,,,,,,,,,,,graph-derived
6147,/model/layers.20/self_attn/Constant_16,,Constant,20,attention_non_projection,,,,,,,,,,,,,,,,graph-derived
6148,/model/layers.20/self_attn/Constant_17,,Constant,20,attention_non_projection,,,,,,,,,,,,,,,,graph-derived
6149,/model/layers.20/self_attn/Slice_1,,Slice,20,attention_non_projection,,,,,,,,,,,,,,,,graph-derived
6150,/model/layers.20/self_attn/Neg,,Neg,20,attention_non_projection,,,,,,,,,,,,,,,,graph-derived
6151,/model/layers.20/self_attn/Concat_3,,Concat,20,attention_non_projection,,,,,,,,,,,,,,,,graph-derived
6152,/model/layers.20/self_attn/Mul_1,,Mul,20,attention_non_projection,,,,,,,,,,,,,,,,graph-derived
6153,/model/layers.20/self_attn/Add,,Add,20,attention_non_projection,,,,,,,,,,,,,,,,graph-derived
6154,/model/layers.20/self_attn/Mul_2,,Mul,20,attention_non_projection,,,,,,,,,,,,,,,,graph-derived
6155,/model/layers.20/self_attn/Shape_3,,Shape,20,attention_non_projection,,,,,,,,,,,,,,,,graph-derived
6156,/model/layers.20/self_attn/Constant_18,,Constant,20,attention_non_projection,,,,,,,,,,,,,,,,graph-derived
6157,/model/layers.20/self_attn/Gather_3,,Gather,20,attention_non_projection,,,,,,,,,,,,,,,,graph-derived
6158,/model/layers.20/self_attn/Constant_19,,Constant,20,attention_non_projection,,,,,,,,,,,,,,,,graph-derived
6159,/model/layers.20/self_attn/Div_1,,Div,20,attention_non_projection,,,,,,,,,,,,,,,,graph-derived
6160,/model/layers.20/self_attn/Cast_2,,Cast,20,attention_non_projection,,,,,,,,,,,,,,,,graph-derived
6161,/model/layers.20/self_attn/Cast_3,,Cast,20,attention_non_projection,,,,,,,,,,,,,,,,graph-derived
6162,/model/layers.20/self_attn/Constant_20,,Constant,20,attention_non_projection,,,,,,,,,,,,,,,,graph-derived
6163,/model/layers.20/self_attn/Constant_21,,Constant,20,attention_non_projection,,,,,,,,,,,,,,,,graph-derived
6164,/model/layers.20/self_attn/Constant_22,,Constant,20,attention_non_projection,,,,,,,,,,,,,,,,graph-derived
6165,/model/layers.20/self_attn/Unsqueeze_8,,Unsqueeze,20,attention_non_projection,,,,,,,,,,,,,,,,graph-derived
6166,/model/layers.20/self_attn/Constant_23,,Constant,20,attention_non_projection,,,,,,,,,,,,,,,,graph-derived
6167,/model/layers.20/self_attn/Slice_2,,Slice,20,attention_non_projection,,,,,,,,,,,,,,,,graph-derived
6168,/model/layers.20/self_attn/Constant_24,,Constant,20,attention_non_projection,,,,,,,,,,,,,,,,graph-derived
6169,/model/layers.20/self_attn/Constant_25,,Constant,20,attention_non_projection,,,,,,,,,,,,,,,,graph-derived
6170,/model/layers.20/self_attn/Unsqueeze_9,,Unsqueeze,20,attention_non_projection,,,,,,,,,,,,,,,,graph-derived
6171,/model/layers.20/self_attn/Constant_26,,Constant,20,attention_non_projection,,,,,,,,,,,,,,,,graph-derived
6172,/model/layers.20/self_attn/Constant_27,,Constant,20,attention_non_projection,,,,,,,,,,,,,,,,graph-derived
6173,/model/layers.20/self_attn/Slice_3,,Slice,20,attention_non_projection,,,,,,,,,,,,,,,,graph-derived
6174,/model/layers.20/self_attn/Neg_1,,Neg,20,attention_non_projection,,,,,,,,,,,,,,,,graph-derived
6175,/model/layers.20/self_attn/Concat_4,,Concat,20,attention_non_projection,,,,,,,,,,,,,,,,graph-derived
6176,/model/layers.20/self_attn/Mul_3,,Mul,20,attention_non_projection,,,,,,,,,,,,,,,,graph-derived
6177,/model/layers.20/self_attn/Add_1,,Add,20,attention_non_projection,,,,,,,,,,,,,,,,graph-derived
6178,/model/layers.20/self_attn/Concat_5,,Concat,20,attention_non_projection,,,,,,,,,,,,,,,,graph-derived
6179,/model/layers.20/self_attn/Concat_6,,Concat,20,attention_non_projection,,,,,,,,,,,,,,,,graph-derived
6180,/model/layers.20/self_attn/Shape_4,,Shape,20,attention_non_projection,,,,,,,,,,,,,,,,graph-derived
6181,/model/layers.20/self_attn/Constant_28,,Constant,20,attention_non_projection,,,,,,,,,,,,,,,,graph-derived
6182,/model/layers.20/self_attn/Gather_4,,Gather,20,attention_non_projection,,,,,,,,,,,,,,,,graph-derived
6183,/model/layers.20/self_attn/Shape_5,,Shape,20,attention_non_projection,,,,,,,,,,,,,,,,graph-derived
6184,/model/layers.20/self_attn/Constant_29,,Constant,20,attention_non_projection,,,,,,,,,,,,,,,,graph-derived
6185,/model/layers.20/self_attn/Gather_5,,Gather,20,attention_non_projection,,,,,,,,,,,,,,,,graph-derived
6186,/model/layers.20/self_attn/Shape_6,,Shape,20,attention_non_projection,,,,,,,,,,,,,,,,graph-derived
6187,/model/layers.20/self_attn/Constant_30,,Constant,20,attention_non_projection,,,,,,,,,,,,,,,,graph-derived
6188,/model/layers.20/self_attn/Gather_6,,Gather,20,attention_non_projection,,,,,,,,,,,,,,,,graph-derived
6189,/model/layers.20/self_attn/Shape_7,,Shape,20,attention_non_projection,,,,,,,,,,,,,,,,graph-derived
6190,/model/layers.20/self_attn/Constant_31,,Constant,20,attention_non_projection,,,,,,,,,,,,,,,,graph-derived
6191,/model/layers.20/self_attn/Gather_7,,Gather,20,attention_non_projection,,,,,,,,,,,,,,,,graph-derived
6192,/model/layers.20/self_attn/Constant_32,,Constant,20,attention_non_projection,,,,,,,,,,,,,,,,graph-derived
6193,/model/layers.20/self_attn/Unsqueeze_10,,Unsqueeze,20,attention_non_projection,,,,,,,,,,,,,,,,graph-derived
6194,/model/layers.20/self_attn/Constant_33,,Constant,20,attention_non_projection,,,,,,,,,,,,,,,,graph-derived
6195,/model/layers.20/self_attn/Unsqueeze_11,,Unsqueeze,20,attention_non_projection,,,,,,,,,,,,,,,,graph-derived
6196,/model/layers.20/self_attn/Constant_34,,Constant,20,attention_non_projection,,,,,,,,,,,,,,,,graph-derived
6197,/model/layers.20/self_attn/Unsqueeze_12,,Unsqueeze,20,attention_non_projection,,,,,,,,,,,,,,,,graph-derived
6198,/model/layers.20/self_attn/Constant_35,,Constant,20,attention_non_projection,,,,,,,,,,,,,,,,graph-derived
6199,/model/layers.20/self_attn/Constant_36,,Constant,20,attention_non_projection,,,,,,,,,,,,,,,,graph-derived
6200,/model/layers.20/self_attn/Unsqueeze_13,,Unsqueeze,20,attention_non_projection,,,,,,,,,,,,,,,,graph-derived
6201,/model/layers.20/self_attn/Constant_37,,Constant,20,attention_non_projection,,,,,,,,,,,,,,,,graph-derived
6202,/model/layers.20/self_attn/Unsqueeze_14,,Unsqueeze,20,attention_non_projection,,,,,,,,,,,,,,,,graph-derived
6203,/model/layers.20/self_attn/Concat_7,,Concat,20,attention_non_projection,,,,,,,,,,,,,,,,graph-derived
6204,/model/layers.20/self_attn/Constant_38,,Constant,20,attention_non_projection,,,,,,,,,,,,,,,,graph-derived
6205,/model/layers.20/self_attn/Reshape_3,,Reshape,20,attention_non_projection,,,,,,,,,,,,,,,,graph-derived
6206,/model/layers.20/self_attn/Shape_8,,Shape,20,attention_non_projection,,,,,,,,,,,,,,,,graph-derived
6207,/model/layers.20/self_attn/ConstantOfShape,,ConstantOfShape,20,attention_non_projection,,,,,,,,,,,,,,,,graph-derived
6208,/model/layers.20/self_attn/Constant_39,,Constant,20,attention_non_projection,,,,,,,,,,,,,,,,graph-derived
6209,/model/layers.20/self_attn/Mul_4,,Mul,20,attention_non_projection,,,,,,,,,,,,,,,,graph-derived
6210,/model/layers.20/self_attn/Equal,,Equal,20,attention_non_projection,,,,,,,,,,,,,,,,graph-derived
6211,/model/layers.20/self_attn/Where,,Where,20,attention_non_projection,,,,,,,,,,,,,,,,graph-derived
6212,/model/layers.20/self_attn/Expand,,Expand,20,attention_non_projection,,,,,,,,,,,,,,,,graph-derived
6213,/model/layers.20/self_attn/Constant_40,,Constant,20,attention_non_projection,,,,,,,,,,,,,,,,graph-derived
6214,/model/layers.20/self_attn/Mul_5,,Mul,20,attention_non_projection,,,,,,,,,,,,,,,,graph-derived
6215,Constant_8953,,Constant,,other,,,,,,,,,,,,,,,,graph-derived
6216,/model/layers.20/self_attn/Unsqueeze_15,,Unsqueeze,20,attention_non_projection,,,,,,,,,,,,,,,,graph-derived
6217,Constant_8955,,Constant,,other,,,,,,,,,,,,,,,,graph-derived
6218,/model/layers.20/self_attn/Unsqueeze_16,,Unsqueeze,20,attention_non_projection,,,,,,,,,,,,,,,,graph-derived
6219,Constant_8957,,Constant,,other,,,,,,,,,,,,,,,,graph-derived
6220,/model/layers.20/self_attn/Unsqueeze_17,,Unsqueeze,20,attention_non_projection,,,,,,,,,,,,,,,,graph-derived
6221,Constant_8959,,Constant,,other,,,,,,,,,,,,,,,,graph-derived
6222,/model/layers.20/self_attn/Unsqueeze_18,,Unsqueeze,20,attention_non_projection,,,,,,,,,,,,,,,,graph-derived
6223,/model/layers.20/self_attn/Concat_8,,Concat,20,attention_non_projection,,,,,,,,,,,,,,,,graph-derived
6224,/model/layers.20/self_attn/Reshape_4,,Reshape,20,attention_non_projection,,,,,,,,,,,,,,,,graph-derived
6225,/model/layers.20/self_attn/Shape_9,,Shape,20,attention_non_projection,,,,,,,,,,,,,,,,graph-derived
6226,/model/layers.20/self_attn/Constant_41,,Constant,20,attention_non_projection,,,,,,,,,,,,,,,,graph-derived
6227,/model/layers.20/self_attn/Gather_8,,Gather,20,attention_non_projection,,,,,,,,,,,,,,,,graph-derived
6228,/model/layers.20/self_attn/Shape_10,,Shape,20,attention_non_projection,,,,,,,,,,,,,,,,graph-derived
6229,/model/layers.20/self_attn/Constant_42,,Constant,20,attention_non_projection,,,,,,,,,,,,,,,,graph-derived
6230,/model/layers.20/self_attn/Gather_9,,Gather,20,attention_non_projection,,,,,,,,,,,,,,,,graph-derived
6231,/model/layers.20/self_attn/Shape_11,,Shape,20,attention_non_projection,,,,,,,,,,,,,,,,graph-derived
6232,/model/layers.20/self_attn/Constant_43,,Constant,20,attention_non_projection,,,,,,,,,,,,,,,,graph-derived
6233,/model/layers.20/self_attn/Gather_10,,Gather,20,attention_non_projection,,,,,,,,,,,,,,,,graph-derived
6234,/model/layers.20/self_attn/Shape_12,,Shape,20,attention_non_projection,,,,,,,,,,,,,,,,graph-derived
6235,/model/layers.20/self_attn/Constant_44,,Constant,20,attention_non_projection,,,,,,,,,,,,,,,,graph-derived
6236,/model/layers.20/self_attn/Gather_11,,Gather,20,attention_non_projection,,,,,,,,,,,,,,,,graph-derived
6237,/model/layers.20/self_attn/Constant_45,,Constant,20,attention_non_projection,,,,,,,,,,,,,,,,graph-derived
6238,/model/layers.20/self_attn/Unsqueeze_19,,Unsqueeze,20,attention_non_projection,,,,,,,,,,,,,,,,graph-derived
6239,/model/layers.20/self_attn/Constant_46,,Constant,20,attention_non_projection,,,,,,,,,,,,,,,,graph-derived
6240,/model/layers.20/self_attn/Unsqueeze_20,,Unsqueeze,20,attention_non_projection,,,,,,,,,,,,,,,,graph-derived
6241,/model/layers.20/self_attn/Constant_47,,Constant,20,attention_non_projection,,,,,,,,,,,,,,,,graph-derived
6242,/model/layers.20/self_attn/Unsqueeze_21,,Unsqueeze,20,attention_non_projection,,,,,,,,,,,,,,,,graph-derived
6243,/model/layers.20/self_attn/Constant_48,,Constant,20,attention_non_projection,,,,,,,,,,,,,,,,graph-derived
6244,/model/layers.20/self_attn/Constant_49,,Constant,20,attention_non_projection,,,,,,,,,,,,,,,,graph-derived
6245,/model/layers.20/self_attn/Unsqueeze_22,,Unsqueeze,20,attention_non_projection,,,,,,,,,,,,,,,,graph-derived
6246,/model/layers.20/self_attn/Constant_50,,Constant,20,attention_non_projection,,,,,,,,,,,,,,,,graph-derived
6247,/model/layers.20/self_attn/Unsqueeze_23,,Unsqueeze,20,attention_non_projection,,,,,,,,,,,,,,,,graph-derived
6248,/model/layers.20/self_attn/Concat_9,,Concat,20,attention_non_projection,,,,,,,,,,,,,,,,graph-derived
6249,/model/layers.20/self_attn/Constant_51,,Constant,20,attention_non_projection,,,,,,,,,,,,,,,,graph-derived
6250,/model/layers.20/self_attn/Reshape_5,,Reshape,20,attention_non_projection,,,,,,,,,,,,,,,,graph-derived
6251,/model/layers.20/self_attn/Shape_13,,Shape,20,attention_non_projection,,,,,,,,,,,,,,,,graph-derived
6252,/model/layers.20/self_attn/ConstantOfShape_1,,ConstantOfShape,20,attention_non_projection,,,,,,,,,,,,,,,,graph-derived
6253,/model/layers.20/self_attn/Constant_52,,Constant,20,attention_non_projection,,,,,,,,,,,,,,,,graph-derived
6254,/model/layers.20/self_attn/Mul_6,,Mul,20,attention_non_projection,,,,,,,,,,,,,,,,graph-derived
6255,/model/layers.20/self_attn/Equal_1,,Equal,20,attention_non_projection,,,,,,,,,,,,,,,,graph-derived
6256,/model/layers.20/self_attn/Where_1,,Where,20,attention_non_projection,,,,,,,,,,,,,,,,graph-derived
6257,/model/layers.20/self_attn/Expand_1,,Expand,20,attention_non_projection,,,,,,,,,,,,,,,,graph-derived
6258,/model/layers.20/self_attn/Constant_53,,Constant,20,attention_non_projection,,,,,,,,,,,,,,,,graph-derived
6259,/model/layers.20/self_attn/Mul_7,,Mul,20,attention_non_projection,,,,,,,,,,,,,,,,graph-derived
6260,Constant_8998,,Constant,,other,,,,,,,,,,,,,,,,graph-derived
6261,/model/layers.20/self_attn/Unsqueeze_24,,Unsqueeze,20,attention_non_projection,,,,,,,,,,,,,,,,graph-derived
6262,Constant_9000,,Constant,,other,,,,,,,,,,,,,,,,graph-derived
6263,/model/layers.20/self_attn/Unsqueeze_25,,Unsqueeze,20,attention_non_projection,,,,,,,,,,,,,,,,graph-derived
6264,Constant_9002,,Constant,,other,,,,,,,,,,,,,,,,graph-derived
6265,/model/layers.20/self_attn/Unsqueeze_26,,Unsqueeze,20,attention_non_projection,,,,,,,,,,,,,,,,graph-derived
6266,Constant_9004,,Constant,,other,,,,,,,,,,,,,,,,graph-derived
6267,/model/layers.20/self_attn/Unsqueeze_27,,Unsqueeze,20,attention_non_projection,,,,,,,,,,,,,,,,graph-derived
6268,/model/layers.20/self_attn/Concat_10,,Concat,20,attention_non_projection,,,,,,,,,,,,,,,,graph-derived
6269,/model/layers.20/self_attn/Reshape_6,,Reshape,20,attention_non_projection,,,,,,,,,,,,,,,,graph-derived
6270,/model/layers.20/self_attn/Shape_14,,Shape,20,attention_non_projection,,,,,,,,,,,,,,,,graph-derived
6271,/model/layers.20/self_attn/Constant_54,,Constant,20,attention_non_projection,,,,,,,,,,,,,,,,graph-derived
6272,/model/layers.20/self_attn/Gather_12,,Gather,20,attention_non_projection,,,,,,,,,,,,,,,,graph-derived
6273,/model/layers.20/self_attn/Constant_55,,Constant,20,attention_non_projection,,,,,,,,,,,,,,,,graph-derived
6274,/model/layers.20/self_attn/Constant_56,,Constant,20,attention_non_projection,,,,,,,,,,,,,,,,graph-derived
6275,/model/layers.20/self_attn/Constant_57,,Constant,20,attention_non_projection,,,,,,,,,,,,,,,,graph-derived
6276,/model/layers.20/self_attn/Unsqueeze_28,,Unsqueeze,20,attention_non_projection,,,,,,,,,,,,,,,,graph-derived
6277,/model/layers.20/self_attn/Constant_58,,Constant,20,attention_non_projection,,,,,,,,,,,,,,,,graph-derived
6278,/model/layers.20/self_attn/Slice_4,,Slice,20,attention_non_projection,,,,,,,,,,,,,,,,graph-derived
6279,/model/layers.20/self_attn/Transpose_3,,Transpose,20,attention_non_projection,,,,,,,,,,,,,,,,graph-derived
6280,/model/layers.20/self_attn/Constant_59,,Constant,20,attention_non_projection,,,,,,,,,,,,,,,,graph-derived
6281,/model/layers.20/self_attn/Mul_8,,Mul,20,attention_non_projection,,,,,,,,,,,,,,,,graph-derived
6282,/model/layers.20/self_attn/Constant_60,,Constant,20,attention_non_projection,,,,,,,,,,,,,,,,graph-derived
6283,/model/layers.20/self_attn/Mul_9,,Mul,20,attention_non_projection,,,,,,,,,,,,,,,,graph-derived
6284,/model/layers.20/self_attn/MatMul,,MatMul,20,attention_non_projection,,,,,,,,,,,,,,,,graph-derived
6285,/model/layers.20/self_attn/Constant_61,,Constant,20,attention_non_projection,,,,,,,,,,,,,,,,graph-derived
6286,/model/layers.20/self_attn/Constant_62,,Constant,20,attention_non_projection,,,,,,,,,,,,,,,,graph-derived
6287,/model/layers.20/self_attn/Where_2,,Where,20,attention_non_projection,,,,,,,,,,,,,,,,graph-derived
6288,/model/layers.20/self_attn/Add_2,,Add,20,attention_non_projection,,,,,,,,,,,,,,,,graph-derived
6289,/model/layers.20/self_attn/Softmax,,Softmax,20,attention_non_projection,,,,,,,,,,,,,,,,graph-derived
6290,/model/layers.20/self_attn/IsNaN,,IsNaN,20,attention_non_projection,,,,,,,,,,,,,,,,graph-derived
6291,/model/layers.20/self_attn/Constant_63,,Constant,20,attention_non_projection,,,,,,,,,,,,,,,,graph-derived
6292,/model/layers.20/self_attn/Where_3,,Where,20,attention_non_projection,,,,,,,,,,,,,,,,graph-derived
6293,/model/layers.20/self_attn/MatMul_1,,MatMul,20,attention_non_projection,,,,,,,,,,,,,,,,graph-derived
6294,/model/layers.20/self_attn/Transpose_4,,Transpose,20,attention_non_projection,,,,,,,,,,,,,,,,graph-derived
6295,Constant_9033,,Constant,,other,,,,,,,,,,,,,,,,graph-derived
6296,/model/layers.20/self_attn/Unsqueeze_29,,Unsqueeze,20,attention_non_projection,,,,,,,,,,,,,,,,graph-derived
6297,Constant_9035,,Constant,,other,,,,,,,,,,,,,,,,graph-derived
6298,/model/layers.20/self_attn/Unsqueeze_30,,Unsqueeze,20,attention_non_projection,,,,,,,,,,,,,,,,graph-derived
6299,/model/layers.20/self_attn/Constant_64,,Constant,20,attention_non_projection,,,,,,,,,,,,,,,,graph-derived
6300,/model/layers.20/self_attn/Concat_11,,Concat,20,attention_non_projection,,,,,,,,,,,,,,,,graph-derived
6301,/model/layers.20/self_attn/Reshape_7,,Reshape,20,attention_non_projection,,,,,,,,,,,,,,,,graph-derived
6302,/model/layers.20/self_attn/o_proj/MatMul,,MatMul,20,attention_projection,o_proj,1024,1152,float,onnx::MatMul_10561,4718592,4096,4608,once_per_decode_token,model.onnx_data,3362413056,3362413056,3,1,2,graph-derived
6303,/model/layers.20/post_attention_layernorm/Cast,,Cast,20,other,,,,,,,,,,,,,,,,graph-derived
6304,/model/layers.20/post_attention_layernorm/Constant,,Constant,20,other,,,,,,,,,,,,,,,,graph-derived
6305,/model/layers.20/post_attention_layernorm/Pow,,Pow,20,other,,,,,,,,,,,,,,,,graph-derived
6306,/model/layers.20/post_attention_layernorm/ReduceMean,,ReduceMean,20,other,,,,,,,,,,,,,,,,graph-derived
6307,/model/layers.20/post_attention_layernorm/Constant_1,,Constant,20,other,,,,,,,,,,,,,,,,graph-derived
6308,/model/layers.20/post_attention_layernorm/Add,,Add,20,other,,,,,,,,,,,,,,,,graph-derived
6309,/model/layers.20/post_attention_layernorm/Sqrt,,Sqrt,20,other,,,,,,,,,,,,,,,,graph-derived
6310,/model/layers.20/post_attention_layernorm/Constant_2,,Constant,20,other,,,,,,,,,,,,,,,,graph-derived
6311,/model/layers.20/post_attention_layernorm/Div,,Div,20,other,,,,,,,,,,,,,,,,graph-derived
6312,/model/layers.20/post_attention_layernorm/Mul,,Mul,20,other,,,,,,,,,,,,,,,,graph-derived
6313,/model/layers.20/post_attention_layernorm/Mul_1,,Mul,20,other,,,,,,,,,,,,,,,,graph-derived
6314,/model/layers.20/Add,,Add,20,other,,,,,,,,,,,,,,,,graph-derived
6315,/model/layers.20/pre_feedforward_layernorm/Cast,,Cast,20,other,,,,,,,,,,,,,,,,graph-derived
6316,/model/layers.20/pre_feedforward_layernorm/Constant,,Constant,20,other,,,,,,,,,,,,,,,,graph-derived
6317,/model/layers.20/pre_feedforward_layernorm/Pow,,Pow,20,other,,,,,,,,,,,,,,,,graph-derived
6318,/model/layers.20/pre_feedforward_layernorm/ReduceMean,,ReduceMean,20,other,,,,,,,,,,,,,,,,graph-derived
6319,/model/layers.20/pre_feedforward_layernorm/Constant_1,,Constant,20,other,,,,,,,,,,,,,,,,graph-derived
6320,/model/layers.20/pre_feedforward_layernorm/Add,,Add,20,other,,,,,,,,,,,,,,,,graph-derived
6321,/model/layers.20/pre_feedforward_layernorm/Sqrt,,Sqrt,20,other,,,,,,,,,,,,,,,,graph-derived
6322,/model/layers.20/pre_feedforward_layernorm/Constant_2,,Constant,20,other,,,,,,,,,,,,,,,,graph-derived
6323,/model/layers.20/pre_feedforward_layernorm/Div,,Div,20,other,,,,,,,,,,,,,,,,graph-derived
6324,/model/layers.20/pre_feedforward_layernorm/Mul,,Mul,20,other,,,,,,,,,,,,,,,,graph-derived
6325,/model/layers.20/pre_feedforward_layernorm/Mul_1,,Mul,20,other,,,,,,,,,,,,,,,,graph-derived
6326,/model/layers.20/mlp/gate_proj/MatMul,,MatMul,20,mlp_projection,gate_proj,1152,6912,float,onnx::MatMul_10566,31850496,4608,27648,once_per_decode_token,model.onnx_data,3367140864,3367140864,0,3,0,graph-derived
6327,/model/layers.20/mlp/act_fn/Mul,,Mul,20,mlp_non_projection,,,,,,,,,,,,,,,,graph-derived
6328,/model/layers.20/mlp/act_fn/Mul_1,,Mul,20,mlp_non_projection,,,,,,,,,,,,,,,,graph-derived
6329,/model/layers.20/mlp/act_fn/Constant,,Constant,20,mlp_non_projection,,,,,,,,,,,,,,,,graph-derived
6330,/model/layers.20/mlp/act_fn/Mul_2,,Mul,20,mlp_non_projection,,,,,,,,,,,,,,,,graph-derived
6331,/model/layers.20/mlp/act_fn/Add,,Add,20,mlp_non_projection,,,,,,,,,,,,,,,,graph-derived
6332,/model/layers.20/mlp/act_fn/Constant_1,,Constant,20,mlp_non_projection,,,,,,,,,,,,,,,,graph-derived
6333,/model/layers.20/mlp/act_fn/Mul_3,,Mul,20,mlp_non_projection,,,,,,,,,,,,,,,,graph-derived
6334,/model/layers.20/mlp/act_fn/Tanh,,Tanh,20,mlp_non_projection,,,,,,,,,,,,,,,,graph-derived
6335,/model/layers.20/mlp/act_fn/Constant_2,,Constant,20,mlp_non_projection,,,,,,,,,,,,,,,,graph-derived
6336,/model/layers.20/mlp/act_fn/Add_1,,Add,20,mlp_non_projection,,,,,,,,,,,,,,,,graph-derived
6337,/model/layers.20/mlp/act_fn/Mul_4,,Mul,20,mlp_non_projection,,,,,,,,,,,,,,,,graph-derived
6338,/model/layers.20/mlp/act_fn/Constant_3,,Constant,20,mlp_non_projection,,,,,,,,,,,,,,,,graph-derived
6339,/model/layers.20/mlp/act_fn/Mul_5,,Mul,20,mlp_non_projection,,,,,,,,,,,,,,,,graph-derived
6340,/model/layers.20/mlp/up_proj/MatMul,,MatMul,20,mlp_projection,up_proj,1152,6912,float,onnx::MatMul_10567,31850496,4608,27648,once_per_decode_token,model.onnx_data,3398991360,3398991360,1,2,2,graph-derived
6341,/model/layers.20/mlp/Mul,,Mul,20,mlp_non_projection,,,,,,,,,,,,,,,,graph-derived
6342,/model/layers.20/mlp/down_proj/MatMul,,MatMul,20,mlp_projection,down_proj,6912,1152,float,onnx::MatMul_10568,31850496,27648,4608,once_per_decode_token,model.onnx_data,3430841856,3430841856,2,1,0,graph-derived
6343,/model/layers.20/post_feedforward_layernorm/Cast,,Cast,20,other,,,,,,,,,,,,,,,,graph-derived
6344,/model/layers.20/post_feedforward_layernorm/Constant,,Constant,20,other,,,,,,,,,,,,,,,,graph-derived
6345,/model/layers.20/post_feedforward_layernorm/Pow,,Pow,20,other,,,,,,,,,,,,,,,,graph-derived
6346,/model/layers.20/post_feedforward_layernorm/ReduceMean,,ReduceMean,20,other,,,,,,,,,,,,,,,,graph-derived
6347,/model/layers.20/post_feedforward_layernorm/Constant_1,,Constant,20,other,,,,,,,,,,,,,,,,graph-derived
6348,/model/layers.20/post_feedforward_layernorm/Add,,Add,20,other,,,,,,,,,,,,,,,,graph-derived
6349,/model/layers.20/post_feedforward_layernorm/Sqrt,,Sqrt,20,other,,,,,,,,,,,,,,,,graph-derived
6350,/model/layers.20/post_feedforward_layernorm/Constant_2,,Constant,20,other,,,,,,,,,,,,,,,,graph-derived
6351,/model/layers.20/post_feedforward_layernorm/Div,,Div,20,other,,,,,,,,,,,,,,,,graph-derived
6352,/model/layers.20/post_feedforward_layernorm/Mul,,Mul,20,other,,,,,,,,,,,,,,,,graph-derived
6353,/model/layers.20/post_feedforward_layernorm/Mul_1,,Mul,20,other,,,,,,,,,,,,,,,,graph-derived
6354,/model/layers.20/Add_1,,Add,20,other,,,,,,,,,,,,,,,,graph-derived
6355,/model/layers.21/input_layernorm/Cast,,Cast,21,other,,,,,,,,,,,,,,,,graph-derived
6356,/model/layers.21/input_layernorm/Constant,,Constant,21,other,,,,,,,,,,,,,,,,graph-derived
6357,/model/layers.21/input_layernorm/Pow,,Pow,21,other,,,,,,,,,,,,,,,,graph-derived
6358,/model/layers.21/input_layernorm/ReduceMean,,ReduceMean,21,other,,,,,,,,,,,,,,,,graph-derived
6359,/model/layers.21/input_layernorm/Constant_1,,Constant,21,other,,,,,,,,,,,,,,,,graph-derived
6360,/model/layers.21/input_layernorm/Add,,Add,21,other,,,,,,,,,,,,,,,,graph-derived
6361,/model/layers.21/input_layernorm/Sqrt,,Sqrt,21,other,,,,,,,,,,,,,,,,graph-derived
6362,/model/layers.21/input_layernorm/Constant_2,,Constant,21,other,,,,,,,,,,,,,,,,graph-derived
6363,/model/layers.21/input_layernorm/Div,,Div,21,other,,,,,,,,,,,,,,,,graph-derived
6364,/model/layers.21/input_layernorm/Mul,,Mul,21,other,,,,,,,,,,,,,,,,graph-derived
6365,/model/layers.21/input_layernorm/Mul_1,,Mul,21,other,,,,,,,,,,,,,,,,graph-derived
6366,/model/layers.21/self_attn/Shape,,Shape,21,attention_non_projection,,,,,,,,,,,,,,,,graph-derived
6367,/model/layers.21/self_attn/Constant,,Constant,21,attention_non_projection,,,,,,,,,,,,,,,,graph-derived
6368,/model/layers.21/self_attn/Gather,,Gather,21,attention_non_projection,,,,,,,,,,,,,,,,graph-derived
6369,/model/layers.21/self_attn/Shape_1,,Shape,21,attention_non_projection,,,,,,,,,,,,,,,,graph-derived
6370,/model/layers.21/self_attn/Constant_1,,Constant,21,attention_non_projection,,,,,,,,,,,,,,,,graph-derived
6371,/model/layers.21/self_attn/Gather_1,,Gather,21,attention_non_projection,,,,,,,,,,,,,,,,graph-derived
6372,/model/layers.21/self_attn/q_proj/MatMul,,MatMul,21,attention_projection,q_proj,1152,1024,float,onnx::MatMul_10573,4718592,4608,4096,once_per_decode_token,model.onnx_data,3462701568,3462701568,0,1,3,graph-derived
6373,Constant_9111,,Constant,,other,,,,,,,,,,,,,,,,graph-derived
6374,/model/layers.21/self_attn/Unsqueeze,,Unsqueeze,21,attention_non_projection,,,,,,,,,,,,,,,,graph-derived
6375,Constant_9113,,Constant,,other,,,,,,,,,,,,,,,,graph-derived
6376,/model/layers.21/self_attn/Unsqueeze_1,,Unsqueeze,21,attention_non_projection,,,,,,,,,,,,,,,,graph-derived
6377,/model/layers.21/self_attn/Constant_2,,Constant,21,attention_non_projection,,,,,,,,,,,,,,,,graph-derived
6378,/model/layers.21/self_attn/Constant_3,,Constant,21,attention_non_projection,,,,,,,,,,,,,,,,graph-derived
6379,/model/layers.21/self_attn/Concat,,Concat,21,attention_non_projection,,,,,,,,,,,,,,,,graph-derived
6380,Constant_9118,,Constant,,other,,,,,,,,,,,,,,,,graph-derived
6381,/model/layers.21/self_attn/Unsqueeze_2,,Unsqueeze,21,attention_non_projection,,,,,,,,,,,,,,,,graph-derived
6382,Constant_9120,,Constant,,other,,,,,,,,,,,,,,,,graph-derived
6383,/model/layers.21/self_attn/Unsqueeze_3,,Unsqueeze,21,attention_non_projection,,,,,,,,,,,,,,,,graph-derived
6384,/model/layers.21/self_attn/Constant_4,,Constant,21,attention_non_projection,,,,,,,,,,,,,,,,graph-derived
6385,/model/layers.21/self_attn/Constant_5,,Constant,21,attention_non_projection,,,,,,,,,,,,,,,,graph-derived
6386,/model/layers.21/self_attn/Concat_1,,Concat,21,attention_non_projection,,,,,,,,,,,,,,,,graph-derived
6387,Constant_9125,,Constant,,other,,,,,,,,,,,,,,,,graph-derived
6388,/model/layers.21/self_attn/Unsqueeze_4,,Unsqueeze,21,attention_non_projection,,,,,,,,,,,,,,,,graph-derived
6389,Constant_9127,,Constant,,other,,,,,,,,,,,,,,,,graph-derived
6390,/model/layers.21/self_attn/Unsqueeze_5,,Unsqueeze,21,attention_non_projection,,,,,,,,,,,,,,,,graph-derived
6391,/model/layers.21/self_attn/Constant_6,,Constant,21,attention_non_projection,,,,,,,,,,,,,,,,graph-derived
6392,/model/layers.21/self_attn/Constant_7,,Constant,21,attention_non_projection,,,,,,,,,,,,,,,,graph-derived
6393,/model/layers.21/self_attn/Concat_2,,Concat,21,attention_non_projection,,,,,,,,,,,,,,,,graph-derived
6394,/model/layers.21/self_attn/Reshape,,Reshape,21,attention_non_projection,,,,,,,,,,,,,,,,graph-derived
6395,/model/layers.21/self_attn/Transpose,,Transpose,21,attention_non_projection,,,,,,,,,,,,,,,,graph-derived
6396,/model/layers.21/self_attn/k_proj/MatMul,,MatMul,21,attention_projection,k_proj,1152,256,float,onnx::MatMul_10580,1179648,4608,1024,once_per_decode_token,model.onnx_data,3467420160,3467420160,1,2,1,graph-derived
6397,/model/layers.21/self_attn/Reshape_1,,Reshape,21,attention_non_projection,,,,,,,,,,,,,,,,graph-derived
6398,/model/layers.21/self_attn/Transpose_1,,Transpose,21,attention_non_projection,,,,,,,,,,,,,,,,graph-derived
6399,/model/layers.21/self_attn/v_proj/MatMul,,MatMul,21,attention_projection,v_proj,1152,256,float,onnx::MatMul_10581,1179648,4608,1024,once_per_decode_token,model.onnx_data,3468599808,3468599808,2,0,3,graph-derived
6400,/model/layers.21/self_attn/Reshape_2,,Reshape,21,attention_non_projection,,,,,,,,,,,,,,,,graph-derived
6401,/model/layers.21/self_attn/Transpose_2,,Transpose,21,attention_non_projection,,,,,,,,,,,,,,,,graph-derived
6402,/model/layers.21/self_attn/q_norm/Cast,,Cast,21,attention_non_projection,,,,,,,,,,,,,,,,graph-derived
6403,/model/layers.21/self_attn/q_norm/Constant,,Constant,21,attention_non_projection,,,,,,,,,,,,,,,,graph-derived
6404,/model/layers.21/self_attn/q_norm/Pow,,Pow,21,attention_non_projection,,,,,,,,,,,,,,,,graph-derived
6405,/model/layers.21/self_attn/q_norm/ReduceMean,,ReduceMean,21,attention_non_projection,,,,,,,,,,,,,,,,graph-derived
6406,/model/layers.21/self_attn/q_norm/Constant_1,,Constant,21,attention_non_projection,,,,,,,,,,,,,,,,graph-derived
6407,/model/layers.21/self_attn/q_norm/Add,,Add,21,attention_non_projection,,,,,,,,,,,,,,,,graph-derived
6408,/model/layers.21/self_attn/q_norm/Sqrt,,Sqrt,21,attention_non_projection,,,,,,,,,,,,,,,,graph-derived
6409,/model/layers.21/self_attn/q_norm/Constant_2,,Constant,21,attention_non_projection,,,,,,,,,,,,,,,,graph-derived
6410,/model/layers.21/self_attn/q_norm/Div,,Div,21,attention_non_projection,,,,,,,,,,,,,,,,graph-derived
6411,/model/layers.21/self_attn/q_norm/Mul,,Mul,21,attention_non_projection,,,,,,,,,,,,,,,,graph-derived
6412,/model/layers.21/self_attn/q_norm/Mul_1,,Mul,21,attention_non_projection,,,,,,,,,,,,,,,,graph-derived
6413,/model/layers.21/self_attn/k_norm/Cast,,Cast,21,attention_non_projection,,,,,,,,,,,,,,,,graph-derived
6414,/model/layers.21/self_attn/k_norm/Constant,,Constant,21,attention_non_projection,,,,,,,,,,,,,,,,graph-derived
6415,/model/layers.21/self_attn/k_norm/Pow,,Pow,21,attention_non_projection,,,,,,,,,,,,,,,,graph-derived
6416,/model/layers.21/self_attn/k_norm/ReduceMean,,ReduceMean,21,attention_non_projection,,,,,,,,,,,,,,,,graph-derived
6417,/model/layers.21/self_attn/k_norm/Constant_1,,Constant,21,attention_non_projection,,,,,,,,,,,,,,,,graph-derived
6418,/model/layers.21/self_attn/k_norm/Add,,Add,21,attention_non_projection,,,,,,,,,,,,,,,,graph-derived
6419,/model/layers.21/self_attn/k_norm/Sqrt,,Sqrt,21,attention_non_projection,,,,,,,,,,,,,,,,graph-derived
6420,/model/layers.21/self_attn/k_norm/Constant_2,,Constant,21,attention_non_projection,,,,,,,,,,,,,,,,graph-derived
6421,/model/layers.21/self_attn/k_norm/Div,,Div,21,attention_non_projection,,,,,,,,,,,,,,,,graph-derived
6422,/model/layers.21/self_attn/k_norm/Mul,,Mul,21,attention_non_projection,,,,,,,,,,,,,,,,graph-derived
6423,/model/layers.21/self_attn/k_norm/Mul_1,,Mul,21,attention_non_projection,,,,,,,,,,,,,,,,graph-derived
6424,/model/layers.21/self_attn/Mul,,Mul,21,attention_non_projection,,,,,,,,,,,,,,,,graph-derived
6425,/model/layers.21/self_attn/Shape_2,,Shape,21,attention_non_projection,,,,,,,,,,,,,,,,graph-derived
6426,/model/layers.21/self_attn/Constant_8,,Constant,21,attention_non_projection,,,,,,,,,,,,,,,,graph-derived
6427,/model/layers.21/self_attn/Gather_2,,Gather,21,attention_non_projection,,,,,,,,,,,,,,,,graph-derived
6428,/model/layers.21/self_attn/Constant_9,,Constant,21,attention_non_projection,,,,,,,,,,,,,,,,graph-derived
6429,/model/layers.21/self_attn/Div,,Div,21,attention_non_projection,,,,,,,,,,,,,,,,graph-derived
6430,/model/layers.21/self_attn/Cast,,Cast,21,attention_non_projection,,,,,,,,,,,,,,,,graph-derived
6431,/model/layers.21/self_attn/Cast_1,,Cast,21,attention_non_projection,,,,,,,,,,,,,,,,graph-derived
6432,/model/layers.21/self_attn/Constant_10,,Constant,21,attention_non_projection,,,,,,,,,,,,,,,,graph-derived
6433,/model/layers.21/self_attn/Constant_11,,Constant,21,attention_non_projection,,,,,,,,,,,,,,,,graph-derived
6434,/model/layers.21/self_attn/Constant_12,,Constant,21,attention_non_projection,,,,,,,,,,,,,,,,graph-derived
6435,/model/layers.21/self_attn/Unsqueeze_6,,Unsqueeze,21,attention_non_projection,,,,,,,,,,,,,,,,graph-derived
6436,/model/layers.21/self_attn/Constant_13,,Constant,21,attention_non_projection,,,,,,,,,,,,,,,,graph-derived
6437,/model/layers.21/self_attn/Slice,,Slice,21,attention_non_projection,,,,,,,,,,,,,,,,graph-derived
6438,/model/layers.21/self_attn/Constant_14,,Constant,21,attention_non_projection,,,,,,,,,,,,,,,,graph-derived
6439,/model/layers.21/self_attn/Constant_15,,Constant,21,attention_non_projection,,,,,,,,,,,,,,,,graph-derived
6440,/model/layers.21/self_attn/Unsqueeze_7,,Unsqueeze,21,attention_non_projection,,,,,,,,,,,,,,,,graph-derived
6441,/model/layers.21/self_attn/Constant_16,,Constant,21,attention_non_projection,,,,,,,,,,,,,,,,graph-derived
6442,/model/layers.21/self_attn/Constant_17,,Constant,21,attention_non_projection,,,,,,,,,,,,,,,,graph-derived
6443,/model/layers.21/self_attn/Slice_1,,Slice,21,attention_non_projection,,,,,,,,,,,,,,,,graph-derived
6444,/model/layers.21/self_attn/Neg,,Neg,21,attention_non_projection,,,,,,,,,,,,,,,,graph-derived
6445,/model/layers.21/self_attn/Concat_3,,Concat,21,attention_non_projection,,,,,,,,,,,,,,,,graph-derived
6446,/model/layers.21/self_attn/Mul_1,,Mul,21,attention_non_projection,,,,,,,,,,,,,,,,graph-derived
6447,/model/layers.21/self_attn/Add,,Add,21,attention_non_projection,,,,,,,,,,,,,,,,graph-derived
6448,/model/layers.21/self_attn/Mul_2,,Mul,21,attention_non_projection,,,,,,,,,,,,,,,,graph-derived
6449,/model/layers.21/self_attn/Shape_3,,Shape,21,attention_non_projection,,,,,,,,,,,,,,,,graph-derived
6450,/model/layers.21/self_attn/Constant_18,,Constant,21,attention_non_projection,,,,,,,,,,,,,,,,graph-derived
6451,/model/layers.21/self_attn/Gather_3,,Gather,21,attention_non_projection,,,,,,,,,,,,,,,,graph-derived
6452,/model/layers.21/self_attn/Constant_19,,Constant,21,attention_non_projection,,,,,,,,,,,,,,,,graph-derived
6453,/model/layers.21/self_attn/Div_1,,Div,21,attention_non_projection,,,,,,,,,,,,,,,,graph-derived
6454,/model/layers.21/self_attn/Cast_2,,Cast,21,attention_non_projection,,,,,,,,,,,,,,,,graph-derived
6455,/model/layers.21/self_attn/Cast_3,,Cast,21,attention_non_projection,,,,,,,,,,,,,,,,graph-derived
6456,/model/layers.21/self_attn/Constant_20,,Constant,21,attention_non_projection,,,,,,,,,,,,,,,,graph-derived
6457,/model/layers.21/self_attn/Constant_21,,Constant,21,attention_non_projection,,,,,,,,,,,,,,,,graph-derived
6458,/model/layers.21/self_attn/Constant_22,,Constant,21,attention_non_projection,,,,,,,,,,,,,,,,graph-derived
6459,/model/layers.21/self_attn/Unsqueeze_8,,Unsqueeze,21,attention_non_projection,,,,,,,,,,,,,,,,graph-derived
6460,/model/layers.21/self_attn/Constant_23,,Constant,21,attention_non_projection,,,,,,,,,,,,,,,,graph-derived
6461,/model/layers.21/self_attn/Slice_2,,Slice,21,attention_non_projection,,,,,,,,,,,,,,,,graph-derived
6462,/model/layers.21/self_attn/Constant_24,,Constant,21,attention_non_projection,,,,,,,,,,,,,,,,graph-derived
6463,/model/layers.21/self_attn/Constant_25,,Constant,21,attention_non_projection,,,,,,,,,,,,,,,,graph-derived
6464,/model/layers.21/self_attn/Unsqueeze_9,,Unsqueeze,21,attention_non_projection,,,,,,,,,,,,,,,,graph-derived
6465,/model/layers.21/self_attn/Constant_26,,Constant,21,attention_non_projection,,,,,,,,,,,,,,,,graph-derived
6466,/model/layers.21/self_attn/Constant_27,,Constant,21,attention_non_projection,,,,,,,,,,,,,,,,graph-derived
6467,/model/layers.21/self_attn/Slice_3,,Slice,21,attention_non_projection,,,,,,,,,,,,,,,,graph-derived
6468,/model/layers.21/self_attn/Neg_1,,Neg,21,attention_non_projection,,,,,,,,,,,,,,,,graph-derived
6469,/model/layers.21/self_attn/Concat_4,,Concat,21,attention_non_projection,,,,,,,,,,,,,,,,graph-derived
6470,/model/layers.21/self_attn/Mul_3,,Mul,21,attention_non_projection,,,,,,,,,,,,,,,,graph-derived
6471,/model/layers.21/self_attn/Add_1,,Add,21,attention_non_projection,,,,,,,,,,,,,,,,graph-derived
6472,/model/layers.21/self_attn/Concat_5,,Concat,21,attention_non_projection,,,,,,,,,,,,,,,,graph-derived
6473,/model/layers.21/self_attn/Concat_6,,Concat,21,attention_non_projection,,,,,,,,,,,,,,,,graph-derived
6474,/model/layers.21/self_attn/Shape_4,,Shape,21,attention_non_projection,,,,,,,,,,,,,,,,graph-derived
6475,/model/layers.21/self_attn/Constant_28,,Constant,21,attention_non_projection,,,,,,,,,,,,,,,,graph-derived
6476,/model/layers.21/self_attn/Gather_4,,Gather,21,attention_non_projection,,,,,,,,,,,,,,,,graph-derived
6477,/model/layers.21/self_attn/Shape_5,,Shape,21,attention_non_projection,,,,,,,,,,,,,,,,graph-derived
6478,/model/layers.21/self_attn/Constant_29,,Constant,21,attention_non_projection,,,,,,,,,,,,,,,,graph-derived
6479,/model/layers.21/self_attn/Gather_5,,Gather,21,attention_non_projection,,,,,,,,,,,,,,,,graph-derived
6480,/model/layers.21/self_attn/Shape_6,,Shape,21,attention_non_projection,,,,,,,,,,,,,,,,graph-derived
6481,/model/layers.21/self_attn/Constant_30,,Constant,21,attention_non_projection,,,,,,,,,,,,,,,,graph-derived
6482,/model/layers.21/self_attn/Gather_6,,Gather,21,attention_non_projection,,,,,,,,,,,,,,,,graph-derived
6483,/model/layers.21/self_attn/Shape_7,,Shape,21,attention_non_projection,,,,,,,,,,,,,,,,graph-derived
6484,/model/layers.21/self_attn/Constant_31,,Constant,21,attention_non_projection,,,,,,,,,,,,,,,,graph-derived
6485,/model/layers.21/self_attn/Gather_7,,Gather,21,attention_non_projection,,,,,,,,,,,,,,,,graph-derived
6486,/model/layers.21/self_attn/Constant_32,,Constant,21,attention_non_projection,,,,,,,,,,,,,,,,graph-derived
6487,/model/layers.21/self_attn/Unsqueeze_10,,Unsqueeze,21,attention_non_projection,,,,,,,,,,,,,,,,graph-derived
6488,/model/layers.21/self_attn/Constant_33,,Constant,21,attention_non_projection,,,,,,,,,,,,,,,,graph-derived
6489,/model/layers.21/self_attn/Unsqueeze_11,,Unsqueeze,21,attention_non_projection,,,,,,,,,,,,,,,,graph-derived
6490,/model/layers.21/self_attn/Constant_34,,Constant,21,attention_non_projection,,,,,,,,,,,,,,,,graph-derived
6491,/model/layers.21/self_attn/Unsqueeze_12,,Unsqueeze,21,attention_non_projection,,,,,,,,,,,,,,,,graph-derived
6492,/model/layers.21/self_attn/Constant_35,,Constant,21,attention_non_projection,,,,,,,,,,,,,,,,graph-derived
6493,/model/layers.21/self_attn/Constant_36,,Constant,21,attention_non_projection,,,,,,,,,,,,,,,,graph-derived
6494,/model/layers.21/self_attn/Unsqueeze_13,,Unsqueeze,21,attention_non_projection,,,,,,,,,,,,,,,,graph-derived
6495,/model/layers.21/self_attn/Constant_37,,Constant,21,attention_non_projection,,,,,,,,,,,,,,,,graph-derived
6496,/model/layers.21/self_attn/Unsqueeze_14,,Unsqueeze,21,attention_non_projection,,,,,,,,,,,,,,,,graph-derived
6497,/model/layers.21/self_attn/Concat_7,,Concat,21,attention_non_projection,,,,,,,,,,,,,,,,graph-derived
6498,/model/layers.21/self_attn/Constant_38,,Constant,21,attention_non_projection,,,,,,,,,,,,,,,,graph-derived
6499,/model/layers.21/self_attn/Reshape_3,,Reshape,21,attention_non_projection,,,,,,,,,,,,,,,,graph-derived
6500,/model/layers.21/self_attn/Shape_8,,Shape,21,attention_non_projection,,,,,,,,,,,,,,,,graph-derived
6501,/model/layers.21/self_attn/ConstantOfShape,,ConstantOfShape,21,attention_non_projection,,,,,,,,,,,,,,,,graph-derived
6502,/model/layers.21/self_attn/Constant_39,,Constant,21,attention_non_projection,,,,,,,,,,,,,,,,graph-derived
6503,/model/layers.21/self_attn/Mul_4,,Mul,21,attention_non_projection,,,,,,,,,,,,,,,,graph-derived
6504,/model/layers.21/self_attn/Equal,,Equal,21,attention_non_projection,,,,,,,,,,,,,,,,graph-derived
6505,/model/layers.21/self_attn/Where,,Where,21,attention_non_projection,,,,,,,,,,,,,,,,graph-derived
6506,/model/layers.21/self_attn/Expand,,Expand,21,attention_non_projection,,,,,,,,,,,,,,,,graph-derived
6507,/model/layers.21/self_attn/Constant_40,,Constant,21,attention_non_projection,,,,,,,,,,,,,,,,graph-derived
6508,/model/layers.21/self_attn/Mul_5,,Mul,21,attention_non_projection,,,,,,,,,,,,,,,,graph-derived
6509,Constant_9247,,Constant,,other,,,,,,,,,,,,,,,,graph-derived
6510,/model/layers.21/self_attn/Unsqueeze_15,,Unsqueeze,21,attention_non_projection,,,,,,,,,,,,,,,,graph-derived
6511,Constant_9249,,Constant,,other,,,,,,,,,,,,,,,,graph-derived
6512,/model/layers.21/self_attn/Unsqueeze_16,,Unsqueeze,21,attention_non_projection,,,,,,,,,,,,,,,,graph-derived
6513,Constant_9251,,Constant,,other,,,,,,,,,,,,,,,,graph-derived
6514,/model/layers.21/self_attn/Unsqueeze_17,,Unsqueeze,21,attention_non_projection,,,,,,,,,,,,,,,,graph-derived
6515,Constant_9253,,Constant,,other,,,,,,,,,,,,,,,,graph-derived
6516,/model/layers.21/self_attn/Unsqueeze_18,,Unsqueeze,21,attention_non_projection,,,,,,,,,,,,,,,,graph-derived
6517,/model/layers.21/self_attn/Concat_8,,Concat,21,attention_non_projection,,,,,,,,,,,,,,,,graph-derived
6518,/model/layers.21/self_attn/Reshape_4,,Reshape,21,attention_non_projection,,,,,,,,,,,,,,,,graph-derived
6519,/model/layers.21/self_attn/Shape_9,,Shape,21,attention_non_projection,,,,,,,,,,,,,,,,graph-derived
6520,/model/layers.21/self_attn/Constant_41,,Constant,21,attention_non_projection,,,,,,,,,,,,,,,,graph-derived
6521,/model/layers.21/self_attn/Gather_8,,Gather,21,attention_non_projection,,,,,,,,,,,,,,,,graph-derived
6522,/model/layers.21/self_attn/Shape_10,,Shape,21,attention_non_projection,,,,,,,,,,,,,,,,graph-derived
6523,/model/layers.21/self_attn/Constant_42,,Constant,21,attention_non_projection,,,,,,,,,,,,,,,,graph-derived
6524,/model/layers.21/self_attn/Gather_9,,Gather,21,attention_non_projection,,,,,,,,,,,,,,,,graph-derived
6525,/model/layers.21/self_attn/Shape_11,,Shape,21,attention_non_projection,,,,,,,,,,,,,,,,graph-derived
6526,/model/layers.21/self_attn/Constant_43,,Constant,21,attention_non_projection,,,,,,,,,,,,,,,,graph-derived
6527,/model/layers.21/self_attn/Gather_10,,Gather,21,attention_non_projection,,,,,,,,,,,,,,,,graph-derived
6528,/model/layers.21/self_attn/Shape_12,,Shape,21,attention_non_projection,,,,,,,,,,,,,,,,graph-derived
6529,/model/layers.21/self_attn/Constant_44,,Constant,21,attention_non_projection,,,,,,,,,,,,,,,,graph-derived
6530,/model/layers.21/self_attn/Gather_11,,Gather,21,attention_non_projection,,,,,,,,,,,,,,,,graph-derived
6531,/model/layers.21/self_attn/Constant_45,,Constant,21,attention_non_projection,,,,,,,,,,,,,,,,graph-derived
6532,/model/layers.21/self_attn/Unsqueeze_19,,Unsqueeze,21,attention_non_projection,,,,,,,,,,,,,,,,graph-derived
6533,/model/layers.21/self_attn/Constant_46,,Constant,21,attention_non_projection,,,,,,,,,,,,,,,,graph-derived
6534,/model/layers.21/self_attn/Unsqueeze_20,,Unsqueeze,21,attention_non_projection,,,,,,,,,,,,,,,,graph-derived
6535,/model/layers.21/self_attn/Constant_47,,Constant,21,attention_non_projection,,,,,,,,,,,,,,,,graph-derived
6536,/model/layers.21/self_attn/Unsqueeze_21,,Unsqueeze,21,attention_non_projection,,,,,,,,,,,,,,,,graph-derived
6537,/model/layers.21/self_attn/Constant_48,,Constant,21,attention_non_projection,,,,,,,,,,,,,,,,graph-derived
6538,/model/layers.21/self_attn/Constant_49,,Constant,21,attention_non_projection,,,,,,,,,,,,,,,,graph-derived
6539,/model/layers.21/self_attn/Unsqueeze_22,,Unsqueeze,21,attention_non_projection,,,,,,,,,,,,,,,,graph-derived
6540,/model/layers.21/self_attn/Constant_50,,Constant,21,attention_non_projection,,,,,,,,,,,,,,,,graph-derived
6541,/model/layers.21/self_attn/Unsqueeze_23,,Unsqueeze,21,attention_non_projection,,,,,,,,,,,,,,,,graph-derived
6542,/model/layers.21/self_attn/Concat_9,,Concat,21,attention_non_projection,,,,,,,,,,,,,,,,graph-derived
6543,/model/layers.21/self_attn/Constant_51,,Constant,21,attention_non_projection,,,,,,,,,,,,,,,,graph-derived
6544,/model/layers.21/self_attn/Reshape_5,,Reshape,21,attention_non_projection,,,,,,,,,,,,,,,,graph-derived
6545,/model/layers.21/self_attn/Shape_13,,Shape,21,attention_non_projection,,,,,,,,,,,,,,,,graph-derived
6546,/model/layers.21/self_attn/ConstantOfShape_1,,ConstantOfShape,21,attention_non_projection,,,,,,,,,,,,,,,,graph-derived
6547,/model/layers.21/self_attn/Constant_52,,Constant,21,attention_non_projection,,,,,,,,,,,,,,,,graph-derived
6548,/model/layers.21/self_attn/Mul_6,,Mul,21,attention_non_projection,,,,,,,,,,,,,,,,graph-derived
6549,/model/layers.21/self_attn/Equal_1,,Equal,21,attention_non_projection,,,,,,,,,,,,,,,,graph-derived
6550,/model/layers.21/self_attn/Where_1,,Where,21,attention_non_projection,,,,,,,,,,,,,,,,graph-derived
6551,/model/layers.21/self_attn/Expand_1,,Expand,21,attention_non_projection,,,,,,,,,,,,,,,,graph-derived
6552,/model/layers.21/self_attn/Constant_53,,Constant,21,attention_non_projection,,,,,,,,,,,,,,,,graph-derived
6553,/model/layers.21/self_attn/Mul_7,,Mul,21,attention_non_projection,,,,,,,,,,,,,,,,graph-derived
6554,Constant_9292,,Constant,,other,,,,,,,,,,,,,,,,graph-derived
6555,/model/layers.21/self_attn/Unsqueeze_24,,Unsqueeze,21,attention_non_projection,,,,,,,,,,,,,,,,graph-derived
6556,Constant_9294,,Constant,,other,,,,,,,,,,,,,,,,graph-derived
6557,/model/layers.21/self_attn/Unsqueeze_25,,Unsqueeze,21,attention_non_projection,,,,,,,,,,,,,,,,graph-derived
6558,Constant_9296,,Constant,,other,,,,,,,,,,,,,,,,graph-derived
6559,/model/layers.21/self_attn/Unsqueeze_26,,Unsqueeze,21,attention_non_projection,,,,,,,,,,,,,,,,graph-derived
6560,Constant_9298,,Constant,,other,,,,,,,,,,,,,,,,graph-derived
6561,/model/layers.21/self_attn/Unsqueeze_27,,Unsqueeze,21,attention_non_projection,,,,,,,,,,,,,,,,graph-derived
6562,/model/layers.21/self_attn/Concat_10,,Concat,21,attention_non_projection,,,,,,,,,,,,,,,,graph-derived
6563,/model/layers.21/self_attn/Reshape_6,,Reshape,21,attention_non_projection,,,,,,,,,,,,,,,,graph-derived
6564,/model/layers.21/self_attn/Shape_14,,Shape,21,attention_non_projection,,,,,,,,,,,,,,,,graph-derived
6565,/model/layers.21/self_attn/Constant_54,,Constant,21,attention_non_projection,,,,,,,,,,,,,,,,graph-derived
6566,/model/layers.21/self_attn/Gather_12,,Gather,21,attention_non_projection,,,,,,,,,,,,,,,,graph-derived
6567,/model/layers.21/self_attn/Constant_55,,Constant,21,attention_non_projection,,,,,,,,,,,,,,,,graph-derived
6568,/model/layers.21/self_attn/Constant_56,,Constant,21,attention_non_projection,,,,,,,,,,,,,,,,graph-derived
6569,/model/layers.21/self_attn/Constant_57,,Constant,21,attention_non_projection,,,,,,,,,,,,,,,,graph-derived
6570,/model/layers.21/self_attn/Unsqueeze_28,,Unsqueeze,21,attention_non_projection,,,,,,,,,,,,,,,,graph-derived
6571,/model/layers.21/self_attn/Constant_58,,Constant,21,attention_non_projection,,,,,,,,,,,,,,,,graph-derived
6572,/model/layers.21/self_attn/Slice_4,,Slice,21,attention_non_projection,,,,,,,,,,,,,,,,graph-derived
6573,/model/layers.21/self_attn/Transpose_3,,Transpose,21,attention_non_projection,,,,,,,,,,,,,,,,graph-derived
6574,/model/layers.21/self_attn/Constant_59,,Constant,21,attention_non_projection,,,,,,,,,,,,,,,,graph-derived
6575,/model/layers.21/self_attn/Mul_8,,Mul,21,attention_non_projection,,,,,,,,,,,,,,,,graph-derived
6576,/model/layers.21/self_attn/Constant_60,,Constant,21,attention_non_projection,,,,,,,,,,,,,,,,graph-derived
6577,/model/layers.21/self_attn/Mul_9,,Mul,21,attention_non_projection,,,,,,,,,,,,,,,,graph-derived
6578,/model/layers.21/self_attn/MatMul,,MatMul,21,attention_non_projection,,,,,,,,,,,,,,,,graph-derived
6579,/model/layers.21/self_attn/Constant_61,,Constant,21,attention_non_projection,,,,,,,,,,,,,,,,graph-derived
6580,/model/layers.21/self_attn/Constant_62,,Constant,21,attention_non_projection,,,,,,,,,,,,,,,,graph-derived
6581,/model/layers.21/self_attn/Where_2,,Where,21,attention_non_projection,,,,,,,,,,,,,,,,graph-derived
6582,/model/layers.21/self_attn/Add_2,,Add,21,attention_non_projection,,,,,,,,,,,,,,,,graph-derived
6583,/model/layers.21/self_attn/Softmax,,Softmax,21,attention_non_projection,,,,,,,,,,,,,,,,graph-derived
6584,/model/layers.21/self_attn/IsNaN,,IsNaN,21,attention_non_projection,,,,,,,,,,,,,,,,graph-derived
6585,/model/layers.21/self_attn/Constant_63,,Constant,21,attention_non_projection,,,,,,,,,,,,,,,,graph-derived
6586,/model/layers.21/self_attn/Where_3,,Where,21,attention_non_projection,,,,,,,,,,,,,,,,graph-derived
6587,/model/layers.21/self_attn/MatMul_1,,MatMul,21,attention_non_projection,,,,,,,,,,,,,,,,graph-derived
6588,/model/layers.21/self_attn/Transpose_4,,Transpose,21,attention_non_projection,,,,,,,,,,,,,,,,graph-derived
6589,Constant_9327,,Constant,,other,,,,,,,,,,,,,,,,graph-derived
6590,/model/layers.21/self_attn/Unsqueeze_29,,Unsqueeze,21,attention_non_projection,,,,,,,,,,,,,,,,graph-derived
6591,Constant_9329,,Constant,,other,,,,,,,,,,,,,,,,graph-derived
6592,/model/layers.21/self_attn/Unsqueeze_30,,Unsqueeze,21,attention_non_projection,,,,,,,,,,,,,,,,graph-derived
6593,/model/layers.21/self_attn/Constant_64,,Constant,21,attention_non_projection,,,,,,,,,,,,,,,,graph-derived
6594,/model/layers.21/self_attn/Concat_11,,Concat,21,attention_non_projection,,,,,,,,,,,,,,,,graph-derived
6595,/model/layers.21/self_attn/Reshape_7,,Reshape,21,attention_non_projection,,,,,,,,,,,,,,,,graph-derived
6596,/model/layers.21/self_attn/o_proj/MatMul,,MatMul,21,attention_projection,o_proj,1024,1152,float,onnx::MatMul_10608,4718592,4096,4608,once_per_decode_token,model.onnx_data,3469781504,3469781504,3,3,1,graph-derived
6597,/model/layers.21/post_attention_layernorm/Cast,,Cast,21,other,,,,,,,,,,,,,,,,graph-derived
6598,/model/layers.21/post_attention_layernorm/Constant,,Constant,21,other,,,,,,,,,,,,,,,,graph-derived
6599,/model/layers.21/post_attention_layernorm/Pow,,Pow,21,other,,,,,,,,,,,,,,,,graph-derived
6600,/model/layers.21/post_attention_layernorm/ReduceMean,,ReduceMean,21,other,,,,,,,,,,,,,,,,graph-derived
6601,/model/layers.21/post_attention_layernorm/Constant_1,,Constant,21,other,,,,,,,,,,,,,,,,graph-derived
6602,/model/layers.21/post_attention_layernorm/Add,,Add,21,other,,,,,,,,,,,,,,,,graph-derived
6603,/model/layers.21/post_attention_layernorm/Sqrt,,Sqrt,21,other,,,,,,,,,,,,,,,,graph-derived
6604,/model/layers.21/post_attention_layernorm/Constant_2,,Constant,21,other,,,,,,,,,,,,,,,,graph-derived
6605,/model/layers.21/post_attention_layernorm/Div,,Div,21,other,,,,,,,,,,,,,,,,graph-derived
6606,/model/layers.21/post_attention_layernorm/Mul,,Mul,21,other,,,,,,,,,,,,,,,,graph-derived
6607,/model/layers.21/post_attention_layernorm/Mul_1,,Mul,21,other,,,,,,,,,,,,,,,,graph-derived
6608,/model/layers.21/Add,,Add,21,other,,,,,,,,,,,,,,,,graph-derived
6609,/model/layers.21/pre_feedforward_layernorm/Cast,,Cast,21,other,,,,,,,,,,,,,,,,graph-derived
6610,/model/layers.21/pre_feedforward_layernorm/Constant,,Constant,21,other,,,,,,,,,,,,,,,,graph-derived
6611,/model/layers.21/pre_feedforward_layernorm/Pow,,Pow,21,other,,,,,,,,,,,,,,,,graph-derived
6612,/model/layers.21/pre_feedforward_layernorm/ReduceMean,,ReduceMean,21,other,,,,,,,,,,,,,,,,graph-derived
6613,/model/layers.21/pre_feedforward_layernorm/Constant_1,,Constant,21,other,,,,,,,,,,,,,,,,graph-derived
6614,/model/layers.21/pre_feedforward_layernorm/Add,,Add,21,other,,,,,,,,,,,,,,,,graph-derived
6615,/model/layers.21/pre_feedforward_layernorm/Sqrt,,Sqrt,21,other,,,,,,,,,,,,,,,,graph-derived
6616,/model/layers.21/pre_feedforward_layernorm/Constant_2,,Constant,21,other,,,,,,,,,,,,,,,,graph-derived
6617,/model/layers.21/pre_feedforward_layernorm/Div,,Div,21,other,,,,,,,,,,,,,,,,graph-derived
6618,/model/layers.21/pre_feedforward_layernorm/Mul,,Mul,21,other,,,,,,,,,,,,,,,,graph-derived
6619,/model/layers.21/pre_feedforward_layernorm/Mul_1,,Mul,21,other,,,,,,,,,,,,,,,,graph-derived
6620,/model/layers.21/mlp/gate_proj/MatMul,,MatMul,21,mlp_projection,gate_proj,1152,6912,float,onnx::MatMul_10613,31850496,4608,27648,once_per_decode_token,model.onnx_data,3474509312,3474509312,0,0,3,graph-derived
6621,/model/layers.21/mlp/act_fn/Mul,,Mul,21,mlp_non_projection,,,,,,,,,,,,,,,,graph-derived
6622,/model/layers.21/mlp/act_fn/Mul_1,,Mul,21,mlp_non_projection,,,,,,,,,,,,,,,,graph-derived
6623,/model/layers.21/mlp/act_fn/Constant,,Constant,21,mlp_non_projection,,,,,,,,,,,,,,,,graph-derived
6624,/model/layers.21/mlp/act_fn/Mul_2,,Mul,21,mlp_non_projection,,,,,,,,,,,,,,,,graph-derived
6625,/model/layers.21/mlp/act_fn/Add,,Add,21,mlp_non_projection,,,,,,,,,,,,,,,,graph-derived
6626,/model/layers.21/mlp/act_fn/Constant_1,,Constant,21,mlp_non_projection,,,,,,,,,,,,,,,,graph-derived
6627,/model/layers.21/mlp/act_fn/Mul_3,,Mul,21,mlp_non_projection,,,,,,,,,,,,,,,,graph-derived
6628,/model/layers.21/mlp/act_fn/Tanh,,Tanh,21,mlp_non_projection,,,,,,,,,,,,,,,,graph-derived
6629,/model/layers.21/mlp/act_fn/Constant_2,,Constant,21,mlp_non_projection,,,,,,,,,,,,,,,,graph-derived
6630,/model/layers.21/mlp/act_fn/Add_1,,Add,21,mlp_non_projection,,,,,,,,,,,,,,,,graph-derived
6631,/model/layers.21/mlp/act_fn/Mul_4,,Mul,21,mlp_non_projection,,,,,,,,,,,,,,,,graph-derived
6632,/model/layers.21/mlp/act_fn/Constant_3,,Constant,21,mlp_non_projection,,,,,,,,,,,,,,,,graph-derived
6633,/model/layers.21/mlp/act_fn/Mul_5,,Mul,21,mlp_non_projection,,,,,,,,,,,,,,,,graph-derived
6634,/model/layers.21/mlp/up_proj/MatMul,,MatMul,21,mlp_projection,up_proj,1152,6912,float,onnx::MatMul_10614,31850496,4608,27648,once_per_decode_token,model.onnx_data,3506359808,3506359808,1,3,1,graph-derived
6635,/model/layers.21/mlp/Mul,,Mul,21,mlp_non_projection,,,,,,,,,,,,,,,,graph-derived
6636,/model/layers.21/mlp/down_proj/MatMul,,MatMul,21,mlp_projection,down_proj,6912,1152,float,onnx::MatMul_10615,31850496,27648,4608,once_per_decode_token,model.onnx_data,3538210304,3538210304,2,3,3,graph-derived
6637,/model/layers.21/post_feedforward_layernorm/Cast,,Cast,21,other,,,,,,,,,,,,,,,,graph-derived
6638,/model/layers.21/post_feedforward_layernorm/Constant,,Constant,21,other,,,,,,,,,,,,,,,,graph-derived
6639,/model/layers.21/post_feedforward_layernorm/Pow,,Pow,21,other,,,,,,,,,,,,,,,,graph-derived
6640,/model/layers.21/post_feedforward_layernorm/ReduceMean,,ReduceMean,21,other,,,,,,,,,,,,,,,,graph-derived
6641,/model/layers.21/post_feedforward_layernorm/Constant_1,,Constant,21,other,,,,,,,,,,,,,,,,graph-derived
6642,/model/layers.21/post_feedforward_layernorm/Add,,Add,21,other,,,,,,,,,,,,,,,,graph-derived
6643,/model/layers.21/post_feedforward_layernorm/Sqrt,,Sqrt,21,other,,,,,,,,,,,,,,,,graph-derived
6644,/model/layers.21/post_feedforward_layernorm/Constant_2,,Constant,21,other,,,,,,,,,,,,,,,,graph-derived
6645,/model/layers.21/post_feedforward_layernorm/Div,,Div,21,other,,,,,,,,,,,,,,,,graph-derived
6646,/model/layers.21/post_feedforward_layernorm/Mul,,Mul,21,other,,,,,,,,,,,,,,,,graph-derived
6647,/model/layers.21/post_feedforward_layernorm/Mul_1,,Mul,21,other,,,,,,,,,,,,,,,,graph-derived
6648,/model/layers.21/Add_1,,Add,21,other,,,,,,,,,,,,,,,,graph-derived
6649,/model/layers.22/input_layernorm/Cast,,Cast,22,other,,,,,,,,,,,,,,,,graph-derived
6650,/model/layers.22/input_layernorm/Constant,,Constant,22,other,,,,,,,,,,,,,,,,graph-derived
6651,/model/layers.22/input_layernorm/Pow,,Pow,22,other,,,,,,,,,,,,,,,,graph-derived
6652,/model/layers.22/input_layernorm/ReduceMean,,ReduceMean,22,other,,,,,,,,,,,,,,,,graph-derived
6653,/model/layers.22/input_layernorm/Constant_1,,Constant,22,other,,,,,,,,,,,,,,,,graph-derived
6654,/model/layers.22/input_layernorm/Add,,Add,22,other,,,,,,,,,,,,,,,,graph-derived
6655,/model/layers.22/input_layernorm/Sqrt,,Sqrt,22,other,,,,,,,,,,,,,,,,graph-derived
6656,/model/layers.22/input_layernorm/Constant_2,,Constant,22,other,,,,,,,,,,,,,,,,graph-derived
6657,/model/layers.22/input_layernorm/Div,,Div,22,other,,,,,,,,,,,,,,,,graph-derived
6658,/model/layers.22/input_layernorm/Mul,,Mul,22,other,,,,,,,,,,,,,,,,graph-derived
6659,/model/layers.22/input_layernorm/Mul_1,,Mul,22,other,,,,,,,,,,,,,,,,graph-derived
6660,/model/layers.22/self_attn/Shape,,Shape,22,attention_non_projection,,,,,,,,,,,,,,,,graph-derived
6661,/model/layers.22/self_attn/Constant,,Constant,22,attention_non_projection,,,,,,,,,,,,,,,,graph-derived
6662,/model/layers.22/self_attn/Gather,,Gather,22,attention_non_projection,,,,,,,,,,,,,,,,graph-derived
6663,/model/layers.22/self_attn/Shape_1,,Shape,22,attention_non_projection,,,,,,,,,,,,,,,,graph-derived
6664,/model/layers.22/self_attn/Constant_1,,Constant,22,attention_non_projection,,,,,,,,,,,,,,,,graph-derived
6665,/model/layers.22/self_attn/Gather_1,,Gather,22,attention_non_projection,,,,,,,,,,,,,,,,graph-derived
6666,/model/layers.22/self_attn/q_proj/MatMul,,MatMul,22,attention_projection,q_proj,1152,1024,float,onnx::MatMul_10620,4718592,4608,4096,once_per_decode_token,model.onnx_data,3570070016,3570070016,0,2,2,graph-derived
6667,Constant_9405,,Constant,,other,,,,,,,,,,,,,,,,graph-derived
6668,/model/layers.22/self_attn/Unsqueeze,,Unsqueeze,22,attention_non_projection,,,,,,,,,,,,,,,,graph-derived
6669,Constant_9407,,Constant,,other,,,,,,,,,,,,,,,,graph-derived
6670,/model/layers.22/self_attn/Unsqueeze_1,,Unsqueeze,22,attention_non_projection,,,,,,,,,,,,,,,,graph-derived
6671,/model/layers.22/self_attn/Constant_2,,Constant,22,attention_non_projection,,,,,,,,,,,,,,,,graph-derived
6672,/model/layers.22/self_attn/Constant_3,,Constant,22,attention_non_projection,,,,,,,,,,,,,,,,graph-derived
6673,/model/layers.22/self_attn/Concat,,Concat,22,attention_non_projection,,,,,,,,,,,,,,,,graph-derived
6674,Constant_9412,,Constant,,other,,,,,,,,,,,,,,,,graph-derived
6675,/model/layers.22/self_attn/Unsqueeze_2,,Unsqueeze,22,attention_non_projection,,,,,,,,,,,,,,,,graph-derived
6676,Constant_9414,,Constant,,other,,,,,,,,,,,,,,,,graph-derived
6677,/model/layers.22/self_attn/Unsqueeze_3,,Unsqueeze,22,attention_non_projection,,,,,,,,,,,,,,,,graph-derived
6678,/model/layers.22/self_attn/Constant_4,,Constant,22,attention_non_projection,,,,,,,,,,,,,,,,graph-derived
6679,/model/layers.22/self_attn/Constant_5,,Constant,22,attention_non_projection,,,,,,,,,,,,,,,,graph-derived
6680,/model/layers.22/self_attn/Concat_1,,Concat,22,attention_non_projection,,,,,,,,,,,,,,,,graph-derived
6681,Constant_9419,,Constant,,other,,,,,,,,,,,,,,,,graph-derived
6682,/model/layers.22/self_attn/Unsqueeze_4,,Unsqueeze,22,attention_non_projection,,,,,,,,,,,,,,,,graph-derived
6683,Constant_9421,,Constant,,other,,,,,,,,,,,,,,,,graph-derived
6684,/model/layers.22/self_attn/Unsqueeze_5,,Unsqueeze,22,attention_non_projection,,,,,,,,,,,,,,,,graph-derived
6685,/model/layers.22/self_attn/Constant_6,,Constant,22,attention_non_projection,,,,,,,,,,,,,,,,graph-derived
6686,/model/layers.22/self_attn/Constant_7,,Constant,22,attention_non_projection,,,,,,,,,,,,,,,,graph-derived
6687,/model/layers.22/self_attn/Concat_2,,Concat,22,attention_non_projection,,,,,,,,,,,,,,,,graph-derived
6688,/model/layers.22/self_attn/Reshape,,Reshape,22,attention_non_projection,,,,,,,,,,,,,,,,graph-derived
6689,/model/layers.22/self_attn/Transpose,,Transpose,22,attention_non_projection,,,,,,,,,,,,,,,,graph-derived
6690,/model/layers.22/self_attn/k_proj/MatMul,,MatMul,22,attention_projection,k_proj,1152,256,float,onnx::MatMul_10627,1179648,4608,1024,once_per_decode_token,model.onnx_data,3574788608,3574788608,1,0,0,graph-derived
6691,/model/layers.22/self_attn/Reshape_1,,Reshape,22,attention_non_projection,,,,,,,,,,,,,,,,graph-derived
6692,/model/layers.22/self_attn/Transpose_1,,Transpose,22,attention_non_projection,,,,,,,,,,,,,,,,graph-derived
6693,/model/layers.22/self_attn/v_proj/MatMul,,MatMul,22,attention_projection,v_proj,1152,256,float,onnx::MatMul_10628,1179648,4608,1024,once_per_decode_token,model.onnx_data,3575968256,3575968256,2,2,2,graph-derived
6694,/model/layers.22/self_attn/Reshape_2,,Reshape,22,attention_non_projection,,,,,,,,,,,,,,,,graph-derived
6695,/model/layers.22/self_attn/Transpose_2,,Transpose,22,attention_non_projection,,,,,,,,,,,,,,,,graph-derived
6696,/model/layers.22/self_attn/q_norm/Cast,,Cast,22,attention_non_projection,,,,,,,,,,,,,,,,graph-derived
6697,/model/layers.22/self_attn/q_norm/Constant,,Constant,22,attention_non_projection,,,,,,,,,,,,,,,,graph-derived
6698,/model/layers.22/self_attn/q_norm/Pow,,Pow,22,attention_non_projection,,,,,,,,,,,,,,,,graph-derived
6699,/model/layers.22/self_attn/q_norm/ReduceMean,,ReduceMean,22,attention_non_projection,,,,,,,,,,,,,,,,graph-derived
6700,/model/layers.22/self_attn/q_norm/Constant_1,,Constant,22,attention_non_projection,,,,,,,,,,,,,,,,graph-derived
6701,/model/layers.22/self_attn/q_norm/Add,,Add,22,attention_non_projection,,,,,,,,,,,,,,,,graph-derived
6702,/model/layers.22/self_attn/q_norm/Sqrt,,Sqrt,22,attention_non_projection,,,,,,,,,,,,,,,,graph-derived
6703,/model/layers.22/self_attn/q_norm/Constant_2,,Constant,22,attention_non_projection,,,,,,,,,,,,,,,,graph-derived
6704,/model/layers.22/self_attn/q_norm/Div,,Div,22,attention_non_projection,,,,,,,,,,,,,,,,graph-derived
6705,/model/layers.22/self_attn/q_norm/Mul,,Mul,22,attention_non_projection,,,,,,,,,,,,,,,,graph-derived
6706,/model/layers.22/self_attn/q_norm/Mul_1,,Mul,22,attention_non_projection,,,,,,,,,,,,,,,,graph-derived
6707,/model/layers.22/self_attn/k_norm/Cast,,Cast,22,attention_non_projection,,,,,,,,,,,,,,,,graph-derived
6708,/model/layers.22/self_attn/k_norm/Constant,,Constant,22,attention_non_projection,,,,,,,,,,,,,,,,graph-derived
6709,/model/layers.22/self_attn/k_norm/Pow,,Pow,22,attention_non_projection,,,,,,,,,,,,,,,,graph-derived
6710,/model/layers.22/self_attn/k_norm/ReduceMean,,ReduceMean,22,attention_non_projection,,,,,,,,,,,,,,,,graph-derived
6711,/model/layers.22/self_attn/k_norm/Constant_1,,Constant,22,attention_non_projection,,,,,,,,,,,,,,,,graph-derived
6712,/model/layers.22/self_attn/k_norm/Add,,Add,22,attention_non_projection,,,,,,,,,,,,,,,,graph-derived
6713,/model/layers.22/self_attn/k_norm/Sqrt,,Sqrt,22,attention_non_projection,,,,,,,,,,,,,,,,graph-derived
6714,/model/layers.22/self_attn/k_norm/Constant_2,,Constant,22,attention_non_projection,,,,,,,,,,,,,,,,graph-derived
6715,/model/layers.22/self_attn/k_norm/Div,,Div,22,attention_non_projection,,,,,,,,,,,,,,,,graph-derived
6716,/model/layers.22/self_attn/k_norm/Mul,,Mul,22,attention_non_projection,,,,,,,,,,,,,,,,graph-derived
6717,/model/layers.22/self_attn/k_norm/Mul_1,,Mul,22,attention_non_projection,,,,,,,,,,,,,,,,graph-derived
6718,/model/layers.22/self_attn/Mul,,Mul,22,attention_non_projection,,,,,,,,,,,,,,,,graph-derived
6719,/model/layers.22/self_attn/Shape_2,,Shape,22,attention_non_projection,,,,,,,,,,,,,,,,graph-derived
6720,/model/layers.22/self_attn/Constant_8,,Constant,22,attention_non_projection,,,,,,,,,,,,,,,,graph-derived
6721,/model/layers.22/self_attn/Gather_2,,Gather,22,attention_non_projection,,,,,,,,,,,,,,,,graph-derived
6722,/model/layers.22/self_attn/Constant_9,,Constant,22,attention_non_projection,,,,,,,,,,,,,,,,graph-derived
6723,/model/layers.22/self_attn/Div,,Div,22,attention_non_projection,,,,,,,,,,,,,,,,graph-derived
6724,/model/layers.22/self_attn/Cast,,Cast,22,attention_non_projection,,,,,,,,,,,,,,,,graph-derived
6725,/model/layers.22/self_attn/Cast_1,,Cast,22,attention_non_projection,,,,,,,,,,,,,,,,graph-derived
6726,/model/layers.22/self_attn/Constant_10,,Constant,22,attention_non_projection,,,,,,,,,,,,,,,,graph-derived
6727,/model/layers.22/self_attn/Constant_11,,Constant,22,attention_non_projection,,,,,,,,,,,,,,,,graph-derived
6728,/model/layers.22/self_attn/Constant_12,,Constant,22,attention_non_projection,,,,,,,,,,,,,,,,graph-derived
6729,/model/layers.22/self_attn/Unsqueeze_6,,Unsqueeze,22,attention_non_projection,,,,,,,,,,,,,,,,graph-derived
6730,/model/layers.22/self_attn/Constant_13,,Constant,22,attention_non_projection,,,,,,,,,,,,,,,,graph-derived
6731,/model/layers.22/self_attn/Slice,,Slice,22,attention_non_projection,,,,,,,,,,,,,,,,graph-derived
6732,/model/layers.22/self_attn/Constant_14,,Constant,22,attention_non_projection,,,,,,,,,,,,,,,,graph-derived
6733,/model/layers.22/self_attn/Constant_15,,Constant,22,attention_non_projection,,,,,,,,,,,,,,,,graph-derived
6734,/model/layers.22/self_attn/Unsqueeze_7,,Unsqueeze,22,attention_non_projection,,,,,,,,,,,,,,,,graph-derived
6735,/model/layers.22/self_attn/Constant_16,,Constant,22,attention_non_projection,,,,,,,,,,,,,,,,graph-derived
6736,/model/layers.22/self_attn/Constant_17,,Constant,22,attention_non_projection,,,,,,,,,,,,,,,,graph-derived
6737,/model/layers.22/self_attn/Slice_1,,Slice,22,attention_non_projection,,,,,,,,,,,,,,,,graph-derived
6738,/model/layers.22/self_attn/Neg,,Neg,22,attention_non_projection,,,,,,,,,,,,,,,,graph-derived
6739,/model/layers.22/self_attn/Concat_3,,Concat,22,attention_non_projection,,,,,,,,,,,,,,,,graph-derived
6740,/model/layers.22/self_attn/Mul_1,,Mul,22,attention_non_projection,,,,,,,,,,,,,,,,graph-derived
6741,/model/layers.22/self_attn/Add,,Add,22,attention_non_projection,,,,,,,,,,,,,,,,graph-derived
6742,/model/layers.22/self_attn/Mul_2,,Mul,22,attention_non_projection,,,,,,,,,,,,,,,,graph-derived
6743,/model/layers.22/self_attn/Shape_3,,Shape,22,attention_non_projection,,,,,,,,,,,,,,,,graph-derived
6744,/model/layers.22/self_attn/Constant_18,,Constant,22,attention_non_projection,,,,,,,,,,,,,,,,graph-derived
6745,/model/layers.22/self_attn/Gather_3,,Gather,22,attention_non_projection,,,,,,,,,,,,,,,,graph-derived
6746,/model/layers.22/self_attn/Constant_19,,Constant,22,attention_non_projection,,,,,,,,,,,,,,,,graph-derived
6747,/model/layers.22/self_attn/Div_1,,Div,22,attention_non_projection,,,,,,,,,,,,,,,,graph-derived
6748,/model/layers.22/self_attn/Cast_2,,Cast,22,attention_non_projection,,,,,,,,,,,,,,,,graph-derived
6749,/model/layers.22/self_attn/Cast_3,,Cast,22,attention_non_projection,,,,,,,,,,,,,,,,graph-derived
6750,/model/layers.22/self_attn/Constant_20,,Constant,22,attention_non_projection,,,,,,,,,,,,,,,,graph-derived
6751,/model/layers.22/self_attn/Constant_21,,Constant,22,attention_non_projection,,,,,,,,,,,,,,,,graph-derived
6752,/model/layers.22/self_attn/Constant_22,,Constant,22,attention_non_projection,,,,,,,,,,,,,,,,graph-derived
6753,/model/layers.22/self_attn/Unsqueeze_8,,Unsqueeze,22,attention_non_projection,,,,,,,,,,,,,,,,graph-derived
6754,/model/layers.22/self_attn/Constant_23,,Constant,22,attention_non_projection,,,,,,,,,,,,,,,,graph-derived
6755,/model/layers.22/self_attn/Slice_2,,Slice,22,attention_non_projection,,,,,,,,,,,,,,,,graph-derived
6756,/model/layers.22/self_attn/Constant_24,,Constant,22,attention_non_projection,,,,,,,,,,,,,,,,graph-derived
6757,/model/layers.22/self_attn/Constant_25,,Constant,22,attention_non_projection,,,,,,,,,,,,,,,,graph-derived
6758,/model/layers.22/self_attn/Unsqueeze_9,,Unsqueeze,22,attention_non_projection,,,,,,,,,,,,,,,,graph-derived
6759,/model/layers.22/self_attn/Constant_26,,Constant,22,attention_non_projection,,,,,,,,,,,,,,,,graph-derived
6760,/model/layers.22/self_attn/Constant_27,,Constant,22,attention_non_projection,,,,,,,,,,,,,,,,graph-derived
6761,/model/layers.22/self_attn/Slice_3,,Slice,22,attention_non_projection,,,,,,,,,,,,,,,,graph-derived
6762,/model/layers.22/self_attn/Neg_1,,Neg,22,attention_non_projection,,,,,,,,,,,,,,,,graph-derived
6763,/model/layers.22/self_attn/Concat_4,,Concat,22,attention_non_projection,,,,,,,,,,,,,,,,graph-derived
6764,/model/layers.22/self_attn/Mul_3,,Mul,22,attention_non_projection,,,,,,,,,,,,,,,,graph-derived
6765,/model/layers.22/self_attn/Add_1,,Add,22,attention_non_projection,,,,,,,,,,,,,,,,graph-derived
6766,/model/layers.22/self_attn/Concat_5,,Concat,22,attention_non_projection,,,,,,,,,,,,,,,,graph-derived
6767,/model/layers.22/self_attn/Concat_6,,Concat,22,attention_non_projection,,,,,,,,,,,,,,,,graph-derived
6768,/model/layers.22/self_attn/Shape_4,,Shape,22,attention_non_projection,,,,,,,,,,,,,,,,graph-derived
6769,/model/layers.22/self_attn/Constant_28,,Constant,22,attention_non_projection,,,,,,,,,,,,,,,,graph-derived
6770,/model/layers.22/self_attn/Gather_4,,Gather,22,attention_non_projection,,,,,,,,,,,,,,,,graph-derived
6771,/model/layers.22/self_attn/Shape_5,,Shape,22,attention_non_projection,,,,,,,,,,,,,,,,graph-derived
6772,/model/layers.22/self_attn/Constant_29,,Constant,22,attention_non_projection,,,,,,,,,,,,,,,,graph-derived
6773,/model/layers.22/self_attn/Gather_5,,Gather,22,attention_non_projection,,,,,,,,,,,,,,,,graph-derived
6774,/model/layers.22/self_attn/Shape_6,,Shape,22,attention_non_projection,,,,,,,,,,,,,,,,graph-derived
6775,/model/layers.22/self_attn/Constant_30,,Constant,22,attention_non_projection,,,,,,,,,,,,,,,,graph-derived
6776,/model/layers.22/self_attn/Gather_6,,Gather,22,attention_non_projection,,,,,,,,,,,,,,,,graph-derived
6777,/model/layers.22/self_attn/Shape_7,,Shape,22,attention_non_projection,,,,,,,,,,,,,,,,graph-derived
6778,/model/layers.22/self_attn/Constant_31,,Constant,22,attention_non_projection,,,,,,,,,,,,,,,,graph-derived
6779,/model/layers.22/self_attn/Gather_7,,Gather,22,attention_non_projection,,,,,,,,,,,,,,,,graph-derived
6780,/model/layers.22/self_attn/Constant_32,,Constant,22,attention_non_projection,,,,,,,,,,,,,,,,graph-derived
6781,/model/layers.22/self_attn/Unsqueeze_10,,Unsqueeze,22,attention_non_projection,,,,,,,,,,,,,,,,graph-derived
6782,/model/layers.22/self_attn/Constant_33,,Constant,22,attention_non_projection,,,,,,,,,,,,,,,,graph-derived
6783,/model/layers.22/self_attn/Unsqueeze_11,,Unsqueeze,22,attention_non_projection,,,,,,,,,,,,,,,,graph-derived
6784,/model/layers.22/self_attn/Constant_34,,Constant,22,attention_non_projection,,,,,,,,,,,,,,,,graph-derived
6785,/model/layers.22/self_attn/Unsqueeze_12,,Unsqueeze,22,attention_non_projection,,,,,,,,,,,,,,,,graph-derived
6786,/model/layers.22/self_attn/Constant_35,,Constant,22,attention_non_projection,,,,,,,,,,,,,,,,graph-derived
6787,/model/layers.22/self_attn/Constant_36,,Constant,22,attention_non_projection,,,,,,,,,,,,,,,,graph-derived
6788,/model/layers.22/self_attn/Unsqueeze_13,,Unsqueeze,22,attention_non_projection,,,,,,,,,,,,,,,,graph-derived
6789,/model/layers.22/self_attn/Constant_37,,Constant,22,attention_non_projection,,,,,,,,,,,,,,,,graph-derived
6790,/model/layers.22/self_attn/Unsqueeze_14,,Unsqueeze,22,attention_non_projection,,,,,,,,,,,,,,,,graph-derived
6791,/model/layers.22/self_attn/Concat_7,,Concat,22,attention_non_projection,,,,,,,,,,,,,,,,graph-derived
6792,/model/layers.22/self_attn/Constant_38,,Constant,22,attention_non_projection,,,,,,,,,,,,,,,,graph-derived
6793,/model/layers.22/self_attn/Reshape_3,,Reshape,22,attention_non_projection,,,,,,,,,,,,,,,,graph-derived
6794,/model/layers.22/self_attn/Shape_8,,Shape,22,attention_non_projection,,,,,,,,,,,,,,,,graph-derived
6795,/model/layers.22/self_attn/ConstantOfShape,,ConstantOfShape,22,attention_non_projection,,,,,,,,,,,,,,,,graph-derived
6796,/model/layers.22/self_attn/Constant_39,,Constant,22,attention_non_projection,,,,,,,,,,,,,,,,graph-derived
6797,/model/layers.22/self_attn/Mul_4,,Mul,22,attention_non_projection,,,,,,,,,,,,,,,,graph-derived
6798,/model/layers.22/self_attn/Equal,,Equal,22,attention_non_projection,,,,,,,,,,,,,,,,graph-derived
6799,/model/layers.22/self_attn/Where,,Where,22,attention_non_projection,,,,,,,,,,,,,,,,graph-derived
6800,/model/layers.22/self_attn/Expand,,Expand,22,attention_non_projection,,,,,,,,,,,,,,,,graph-derived
6801,/model/layers.22/self_attn/Constant_40,,Constant,22,attention_non_projection,,,,,,,,,,,,,,,,graph-derived
6802,/model/layers.22/self_attn/Mul_5,,Mul,22,attention_non_projection,,,,,,,,,,,,,,,,graph-derived
6803,Constant_9541,,Constant,,other,,,,,,,,,,,,,,,,graph-derived
6804,/model/layers.22/self_attn/Unsqueeze_15,,Unsqueeze,22,attention_non_projection,,,,,,,,,,,,,,,,graph-derived
6805,Constant_9543,,Constant,,other,,,,,,,,,,,,,,,,graph-derived
6806,/model/layers.22/self_attn/Unsqueeze_16,,Unsqueeze,22,attention_non_projection,,,,,,,,,,,,,,,,graph-derived
6807,Constant_9545,,Constant,,other,,,,,,,,,,,,,,,,graph-derived
6808,/model/layers.22/self_attn/Unsqueeze_17,,Unsqueeze,22,attention_non_projection,,,,,,,,,,,,,,,,graph-derived
6809,Constant_9547,,Constant,,other,,,,,,,,,,,,,,,,graph-derived
6810,/model/layers.22/self_attn/Unsqueeze_18,,Unsqueeze,22,attention_non_projection,,,,,,,,,,,,,,,,graph-derived
6811,/model/layers.22/self_attn/Concat_8,,Concat,22,attention_non_projection,,,,,,,,,,,,,,,,graph-derived
6812,/model/layers.22/self_attn/Reshape_4,,Reshape,22,attention_non_projection,,,,,,,,,,,,,,,,graph-derived
6813,/model/layers.22/self_attn/Shape_9,,Shape,22,attention_non_projection,,,,,,,,,,,,,,,,graph-derived
6814,/model/layers.22/self_attn/Constant_41,,Constant,22,attention_non_projection,,,,,,,,,,,,,,,,graph-derived
6815,/model/layers.22/self_attn/Gather_8,,Gather,22,attention_non_projection,,,,,,,,,,,,,,,,graph-derived
6816,/model/layers.22/self_attn/Shape_10,,Shape,22,attention_non_projection,,,,,,,,,,,,,,,,graph-derived
6817,/model/layers.22/self_attn/Constant_42,,Constant,22,attention_non_projection,,,,,,,,,,,,,,,,graph-derived
6818,/model/layers.22/self_attn/Gather_9,,Gather,22,attention_non_projection,,,,,,,,,,,,,,,,graph-derived
6819,/model/layers.22/self_attn/Shape_11,,Shape,22,attention_non_projection,,,,,,,,,,,,,,,,graph-derived
6820,/model/layers.22/self_attn/Constant_43,,Constant,22,attention_non_projection,,,,,,,,,,,,,,,,graph-derived
6821,/model/layers.22/self_attn/Gather_10,,Gather,22,attention_non_projection,,,,,,,,,,,,,,,,graph-derived
6822,/model/layers.22/self_attn/Shape_12,,Shape,22,attention_non_projection,,,,,,,,,,,,,,,,graph-derived
6823,/model/layers.22/self_attn/Constant_44,,Constant,22,attention_non_projection,,,,,,,,,,,,,,,,graph-derived
6824,/model/layers.22/self_attn/Gather_11,,Gather,22,attention_non_projection,,,,,,,,,,,,,,,,graph-derived
6825,/model/layers.22/self_attn/Constant_45,,Constant,22,attention_non_projection,,,,,,,,,,,,,,,,graph-derived
6826,/model/layers.22/self_attn/Unsqueeze_19,,Unsqueeze,22,attention_non_projection,,,,,,,,,,,,,,,,graph-derived
6827,/model/layers.22/self_attn/Constant_46,,Constant,22,attention_non_projection,,,,,,,,,,,,,,,,graph-derived
6828,/model/layers.22/self_attn/Unsqueeze_20,,Unsqueeze,22,attention_non_projection,,,,,,,,,,,,,,,,graph-derived
6829,/model/layers.22/self_attn/Constant_47,,Constant,22,attention_non_projection,,,,,,,,,,,,,,,,graph-derived
6830,/model/layers.22/self_attn/Unsqueeze_21,,Unsqueeze,22,attention_non_projection,,,,,,,,,,,,,,,,graph-derived
6831,/model/layers.22/self_attn/Constant_48,,Constant,22,attention_non_projection,,,,,,,,,,,,,,,,graph-derived
6832,/model/layers.22/self_attn/Constant_49,,Constant,22,attention_non_projection,,,,,,,,,,,,,,,,graph-derived
6833,/model/layers.22/self_attn/Unsqueeze_22,,Unsqueeze,22,attention_non_projection,,,,,,,,,,,,,,,,graph-derived
6834,/model/layers.22/self_attn/Constant_50,,Constant,22,attention_non_projection,,,,,,,,,,,,,,,,graph-derived
6835,/model/layers.22/self_attn/Unsqueeze_23,,Unsqueeze,22,attention_non_projection,,,,,,,,,,,,,,,,graph-derived
6836,/model/layers.22/self_attn/Concat_9,,Concat,22,attention_non_projection,,,,,,,,,,,,,,,,graph-derived
6837,/model/layers.22/self_attn/Constant_51,,Constant,22,attention_non_projection,,,,,,,,,,,,,,,,graph-derived
6838,/model/layers.22/self_attn/Reshape_5,,Reshape,22,attention_non_projection,,,,,,,,,,,,,,,,graph-derived
6839,/model/layers.22/self_attn/Shape_13,,Shape,22,attention_non_projection,,,,,,,,,,,,,,,,graph-derived
6840,/model/layers.22/self_attn/ConstantOfShape_1,,ConstantOfShape,22,attention_non_projection,,,,,,,,,,,,,,,,graph-derived
6841,/model/layers.22/self_attn/Constant_52,,Constant,22,attention_non_projection,,,,,,,,,,,,,,,,graph-derived
6842,/model/layers.22/self_attn/Mul_6,,Mul,22,attention_non_projection,,,,,,,,,,,,,,,,graph-derived
6843,/model/layers.22/self_attn/Equal_1,,Equal,22,attention_non_projection,,,,,,,,,,,,,,,,graph-derived
6844,/model/layers.22/self_attn/Where_1,,Where,22,attention_non_projection,,,,,,,,,,,,,,,,graph-derived
6845,/model/layers.22/self_attn/Expand_1,,Expand,22,attention_non_projection,,,,,,,,,,,,,,,,graph-derived
6846,/model/layers.22/self_attn/Constant_53,,Constant,22,attention_non_projection,,,,,,,,,,,,,,,,graph-derived
6847,/model/layers.22/self_attn/Mul_7,,Mul,22,attention_non_projection,,,,,,,,,,,,,,,,graph-derived
6848,Constant_9586,,Constant,,other,,,,,,,,,,,,,,,,graph-derived
6849,/model/layers.22/self_attn/Unsqueeze_24,,Unsqueeze,22,attention_non_projection,,,,,,,,,,,,,,,,graph-derived
6850,Constant_9588,,Constant,,other,,,,,,,,,,,,,,,,graph-derived
6851,/model/layers.22/self_attn/Unsqueeze_25,,Unsqueeze,22,attention_non_projection,,,,,,,,,,,,,,,,graph-derived
6852,Constant_9590,,Constant,,other,,,,,,,,,,,,,,,,graph-derived
6853,/model/layers.22/self_attn/Unsqueeze_26,,Unsqueeze,22,attention_non_projection,,,,,,,,,,,,,,,,graph-derived
6854,Constant_9592,,Constant,,other,,,,,,,,,,,,,,,,graph-derived
6855,/model/layers.22/self_attn/Unsqueeze_27,,Unsqueeze,22,attention_non_projection,,,,,,,,,,,,,,,,graph-derived
6856,/model/layers.22/self_attn/Concat_10,,Concat,22,attention_non_projection,,,,,,,,,,,,,,,,graph-derived
6857,/model/layers.22/self_attn/Reshape_6,,Reshape,22,attention_non_projection,,,,,,,,,,,,,,,,graph-derived
6858,/model/layers.22/self_attn/Shape_14,,Shape,22,attention_non_projection,,,,,,,,,,,,,,,,graph-derived
6859,/model/layers.22/self_attn/Constant_54,,Constant,22,attention_non_projection,,,,,,,,,,,,,,,,graph-derived
6860,/model/layers.22/self_attn/Gather_12,,Gather,22,attention_non_projection,,,,,,,,,,,,,,,,graph-derived
6861,/model/layers.22/self_attn/Constant_55,,Constant,22,attention_non_projection,,,,,,,,,,,,,,,,graph-derived
6862,/model/layers.22/self_attn/Constant_56,,Constant,22,attention_non_projection,,,,,,,,,,,,,,,,graph-derived
6863,/model/layers.22/self_attn/Constant_57,,Constant,22,attention_non_projection,,,,,,,,,,,,,,,,graph-derived
6864,/model/layers.22/self_attn/Unsqueeze_28,,Unsqueeze,22,attention_non_projection,,,,,,,,,,,,,,,,graph-derived
6865,/model/layers.22/self_attn/Constant_58,,Constant,22,attention_non_projection,,,,,,,,,,,,,,,,graph-derived
6866,/model/layers.22/self_attn/Slice_4,,Slice,22,attention_non_projection,,,,,,,,,,,,,,,,graph-derived
6867,/model/layers.22/self_attn/Transpose_3,,Transpose,22,attention_non_projection,,,,,,,,,,,,,,,,graph-derived
6868,/model/layers.22/self_attn/Constant_59,,Constant,22,attention_non_projection,,,,,,,,,,,,,,,,graph-derived
6869,/model/layers.22/self_attn/Mul_8,,Mul,22,attention_non_projection,,,,,,,,,,,,,,,,graph-derived
6870,/model/layers.22/self_attn/Constant_60,,Constant,22,attention_non_projection,,,,,,,,,,,,,,,,graph-derived
6871,/model/layers.22/self_attn/Mul_9,,Mul,22,attention_non_projection,,,,,,,,,,,,,,,,graph-derived
6872,/model/layers.22/self_attn/MatMul,,MatMul,22,attention_non_projection,,,,,,,,,,,,,,,,graph-derived
6873,/model/layers.22/self_attn/Constant_61,,Constant,22,attention_non_projection,,,,,,,,,,,,,,,,graph-derived
6874,/model/layers.22/self_attn/Constant_62,,Constant,22,attention_non_projection,,,,,,,,,,,,,,,,graph-derived
6875,/model/layers.22/self_attn/Where_2,,Where,22,attention_non_projection,,,,,,,,,,,,,,,,graph-derived
6876,/model/layers.22/self_attn/Add_2,,Add,22,attention_non_projection,,,,,,,,,,,,,,,,graph-derived
6877,/model/layers.22/self_attn/Softmax,,Softmax,22,attention_non_projection,,,,,,,,,,,,,,,,graph-derived
6878,/model/layers.22/self_attn/IsNaN,,IsNaN,22,attention_non_projection,,,,,,,,,,,,,,,,graph-derived
6879,/model/layers.22/self_attn/Constant_63,,Constant,22,attention_non_projection,,,,,,,,,,,,,,,,graph-derived
6880,/model/layers.22/self_attn/Where_3,,Where,22,attention_non_projection,,,,,,,,,,,,,,,,graph-derived
6881,/model/layers.22/self_attn/MatMul_1,,MatMul,22,attention_non_projection,,,,,,,,,,,,,,,,graph-derived
6882,/model/layers.22/self_attn/Transpose_4,,Transpose,22,attention_non_projection,,,,,,,,,,,,,,,,graph-derived
6883,Constant_9621,,Constant,,other,,,,,,,,,,,,,,,,graph-derived
6884,/model/layers.22/self_attn/Unsqueeze_29,,Unsqueeze,22,attention_non_projection,,,,,,,,,,,,,,,,graph-derived
6885,Constant_9623,,Constant,,other,,,,,,,,,,,,,,,,graph-derived
6886,/model/layers.22/self_attn/Unsqueeze_30,,Unsqueeze,22,attention_non_projection,,,,,,,,,,,,,,,,graph-derived
6887,/model/layers.22/self_attn/Constant_64,,Constant,22,attention_non_projection,,,,,,,,,,,,,,,,graph-derived
6888,/model/layers.22/self_attn/Concat_11,,Concat,22,attention_non_projection,,,,,,,,,,,,,,,,graph-derived
6889,/model/layers.22/self_attn/Reshape_7,,Reshape,22,attention_non_projection,,,,,,,,,,,,,,,,graph-derived
6890,/model/layers.22/self_attn/o_proj/MatMul,,MatMul,22,attention_projection,o_proj,1024,1152,float,onnx::MatMul_10655,4718592,4096,4608,once_per_decode_token,model.onnx_data,3577149952,3577149952,3,0,0,graph-derived
6891,/model/layers.22/post_attention_layernorm/Cast,,Cast,22,other,,,,,,,,,,,,,,,,graph-derived
6892,/model/layers.22/post_attention_layernorm/Constant,,Constant,22,other,,,,,,,,,,,,,,,,graph-derived
6893,/model/layers.22/post_attention_layernorm/Pow,,Pow,22,other,,,,,,,,,,,,,,,,graph-derived
6894,/model/layers.22/post_attention_layernorm/ReduceMean,,ReduceMean,22,other,,,,,,,,,,,,,,,,graph-derived
6895,/model/layers.22/post_attention_layernorm/Constant_1,,Constant,22,other,,,,,,,,,,,,,,,,graph-derived
6896,/model/layers.22/post_attention_layernorm/Add,,Add,22,other,,,,,,,,,,,,,,,,graph-derived
6897,/model/layers.22/post_attention_layernorm/Sqrt,,Sqrt,22,other,,,,,,,,,,,,,,,,graph-derived
6898,/model/layers.22/post_attention_layernorm/Constant_2,,Constant,22,other,,,,,,,,,,,,,,,,graph-derived
6899,/model/layers.22/post_attention_layernorm/Div,,Div,22,other,,,,,,,,,,,,,,,,graph-derived
6900,/model/layers.22/post_attention_layernorm/Mul,,Mul,22,other,,,,,,,,,,,,,,,,graph-derived
6901,/model/layers.22/post_attention_layernorm/Mul_1,,Mul,22,other,,,,,,,,,,,,,,,,graph-derived
6902,/model/layers.22/Add,,Add,22,other,,,,,,,,,,,,,,,,graph-derived
6903,/model/layers.22/pre_feedforward_layernorm/Cast,,Cast,22,other,,,,,,,,,,,,,,,,graph-derived
6904,/model/layers.22/pre_feedforward_layernorm/Constant,,Constant,22,other,,,,,,,,,,,,,,,,graph-derived
6905,/model/layers.22/pre_feedforward_layernorm/Pow,,Pow,22,other,,,,,,,,,,,,,,,,graph-derived
6906,/model/layers.22/pre_feedforward_layernorm/ReduceMean,,ReduceMean,22,other,,,,,,,,,,,,,,,,graph-derived
6907,/model/layers.22/pre_feedforward_layernorm/Constant_1,,Constant,22,other,,,,,,,,,,,,,,,,graph-derived
6908,/model/layers.22/pre_feedforward_layernorm/Add,,Add,22,other,,,,,,,,,,,,,,,,graph-derived
6909,/model/layers.22/pre_feedforward_layernorm/Sqrt,,Sqrt,22,other,,,,,,,,,,,,,,,,graph-derived
6910,/model/layers.22/pre_feedforward_layernorm/Constant_2,,Constant,22,other,,,,,,,,,,,,,,,,graph-derived
6911,/model/layers.22/pre_feedforward_layernorm/Div,,Div,22,other,,,,,,,,,,,,,,,,graph-derived
6912,/model/layers.22/pre_feedforward_layernorm/Mul,,Mul,22,other,,,,,,,,,,,,,,,,graph-derived
6913,/model/layers.22/pre_feedforward_layernorm/Mul_1,,Mul,22,other,,,,,,,,,,,,,,,,graph-derived
6914,/model/layers.22/mlp/gate_proj/MatMul,,MatMul,22,mlp_projection,gate_proj,1152,6912,float,onnx::MatMul_10660,31850496,4608,27648,once_per_decode_token,model.onnx_data,3581877760,3581877760,0,1,2,graph-derived
6915,/model/layers.22/mlp/act_fn/Mul,,Mul,22,mlp_non_projection,,,,,,,,,,,,,,,,graph-derived
6916,/model/layers.22/mlp/act_fn/Mul_1,,Mul,22,mlp_non_projection,,,,,,,,,,,,,,,,graph-derived
6917,/model/layers.22/mlp/act_fn/Constant,,Constant,22,mlp_non_projection,,,,,,,,,,,,,,,,graph-derived
6918,/model/layers.22/mlp/act_fn/Mul_2,,Mul,22,mlp_non_projection,,,,,,,,,,,,,,,,graph-derived
6919,/model/layers.22/mlp/act_fn/Add,,Add,22,mlp_non_projection,,,,,,,,,,,,,,,,graph-derived
6920,/model/layers.22/mlp/act_fn/Constant_1,,Constant,22,mlp_non_projection,,,,,,,,,,,,,,,,graph-derived
6921,/model/layers.22/mlp/act_fn/Mul_3,,Mul,22,mlp_non_projection,,,,,,,,,,,,,,,,graph-derived
6922,/model/layers.22/mlp/act_fn/Tanh,,Tanh,22,mlp_non_projection,,,,,,,,,,,,,,,,graph-derived
6923,/model/layers.22/mlp/act_fn/Constant_2,,Constant,22,mlp_non_projection,,,,,,,,,,,,,,,,graph-derived
6924,/model/layers.22/mlp/act_fn/Add_1,,Add,22,mlp_non_projection,,,,,,,,,,,,,,,,graph-derived
6925,/model/layers.22/mlp/act_fn/Mul_4,,Mul,22,mlp_non_projection,,,,,,,,,,,,,,,,graph-derived
6926,/model/layers.22/mlp/act_fn/Constant_3,,Constant,22,mlp_non_projection,,,,,,,,,,,,,,,,graph-derived
6927,/model/layers.22/mlp/act_fn/Mul_5,,Mul,22,mlp_non_projection,,,,,,,,,,,,,,,,graph-derived
6928,/model/layers.22/mlp/up_proj/MatMul,,MatMul,22,mlp_projection,up_proj,1152,6912,float,onnx::MatMul_10661,31850496,4608,27648,once_per_decode_token,model.onnx_data,3613728256,3613728256,1,1,0,graph-derived
6929,/model/layers.22/mlp/Mul,,Mul,22,mlp_non_projection,,,,,,,,,,,,,,,,graph-derived
6930,/model/layers.22/mlp/down_proj/MatMul,,MatMul,22,mlp_projection,down_proj,6912,1152,float,onnx::MatMul_10662,31850496,27648,4608,once_per_decode_token,model.onnx_data,3645578752,3645578752,2,0,2,graph-derived
6931,/model/layers.22/post_feedforward_layernorm/Cast,,Cast,22,other,,,,,,,,,,,,,,,,graph-derived
6932,/model/layers.22/post_feedforward_layernorm/Constant,,Constant,22,other,,,,,,,,,,,,,,,,graph-derived
6933,/model/layers.22/post_feedforward_layernorm/Pow,,Pow,22,other,,,,,,,,,,,,,,,,graph-derived
6934,/model/layers.22/post_feedforward_layernorm/ReduceMean,,ReduceMean,22,other,,,,,,,,,,,,,,,,graph-derived
6935,/model/layers.22/post_feedforward_layernorm/Constant_1,,Constant,22,other,,,,,,,,,,,,,,,,graph-derived
6936,/model/layers.22/post_feedforward_layernorm/Add,,Add,22,other,,,,,,,,,,,,,,,,graph-derived
6937,/model/layers.22/post_feedforward_layernorm/Sqrt,,Sqrt,22,other,,,,,,,,,,,,,,,,graph-derived
6938,/model/layers.22/post_feedforward_layernorm/Constant_2,,Constant,22,other,,,,,,,,,,,,,,,,graph-derived
6939,/model/layers.22/post_feedforward_layernorm/Div,,Div,22,other,,,,,,,,,,,,,,,,graph-derived
6940,/model/layers.22/post_feedforward_layernorm/Mul,,Mul,22,other,,,,,,,,,,,,,,,,graph-derived
6941,/model/layers.22/post_feedforward_layernorm/Mul_1,,Mul,22,other,,,,,,,,,,,,,,,,graph-derived
6942,/model/layers.22/Add_1,,Add,22,other,,,,,,,,,,,,,,,,graph-derived
6943,/model/layers.23/input_layernorm/Cast,,Cast,23,other,,,,,,,,,,,,,,,,graph-derived
6944,/model/layers.23/input_layernorm/Constant,,Constant,23,other,,,,,,,,,,,,,,,,graph-derived
6945,/model/layers.23/input_layernorm/Pow,,Pow,23,other,,,,,,,,,,,,,,,,graph-derived
6946,/model/layers.23/input_layernorm/ReduceMean,,ReduceMean,23,other,,,,,,,,,,,,,,,,graph-derived
6947,/model/layers.23/input_layernorm/Constant_1,,Constant,23,other,,,,,,,,,,,,,,,,graph-derived
6948,/model/layers.23/input_layernorm/Add,,Add,23,other,,,,,,,,,,,,,,,,graph-derived
6949,/model/layers.23/input_layernorm/Sqrt,,Sqrt,23,other,,,,,,,,,,,,,,,,graph-derived
6950,/model/layers.23/input_layernorm/Constant_2,,Constant,23,other,,,,,,,,,,,,,,,,graph-derived
6951,/model/layers.23/input_layernorm/Div,,Div,23,other,,,,,,,,,,,,,,,,graph-derived
6952,/model/layers.23/input_layernorm/Mul,,Mul,23,other,,,,,,,,,,,,,,,,graph-derived
6953,/model/layers.23/input_layernorm/Mul_1,,Mul,23,other,,,,,,,,,,,,,,,,graph-derived
6954,/model/layers.23/self_attn/Shape,,Shape,23,attention_non_projection,,,,,,,,,,,,,,,,graph-derived
6955,/model/layers.23/self_attn/Constant,,Constant,23,attention_non_projection,,,,,,,,,,,,,,,,graph-derived
6956,/model/layers.23/self_attn/Gather,,Gather,23,attention_non_projection,,,,,,,,,,,,,,,,graph-derived
6957,/model/layers.23/self_attn/Shape_1,,Shape,23,attention_non_projection,,,,,,,,,,,,,,,,graph-derived
6958,/model/layers.23/self_attn/Constant_1,,Constant,23,attention_non_projection,,,,,,,,,,,,,,,,graph-derived
6959,/model/layers.23/self_attn/Gather_1,,Gather,23,attention_non_projection,,,,,,,,,,,,,,,,graph-derived
6960,/model/layers.23/self_attn/q_proj/MatMul,,MatMul,23,attention_projection,q_proj,1152,1024,float,onnx::MatMul_10667,4718592,4608,4096,once_per_decode_token,model.onnx_data,3677438464,3677438464,0,0,1,graph-derived
6961,Constant_9699,,Constant,,other,,,,,,,,,,,,,,,,graph-derived
6962,/model/layers.23/self_attn/Unsqueeze,,Unsqueeze,23,attention_non_projection,,,,,,,,,,,,,,,,graph-derived
6963,Constant_9701,,Constant,,other,,,,,,,,,,,,,,,,graph-derived
6964,/model/layers.23/self_attn/Unsqueeze_1,,Unsqueeze,23,attention_non_projection,,,,,,,,,,,,,,,,graph-derived
6965,/model/layers.23/self_attn/Constant_2,,Constant,23,attention_non_projection,,,,,,,,,,,,,,,,graph-derived
6966,/model/layers.23/self_attn/Constant_3,,Constant,23,attention_non_projection,,,,,,,,,,,,,,,,graph-derived
6967,/model/layers.23/self_attn/Concat,,Concat,23,attention_non_projection,,,,,,,,,,,,,,,,graph-derived
6968,Constant_9706,,Constant,,other,,,,,,,,,,,,,,,,graph-derived
6969,/model/layers.23/self_attn/Unsqueeze_2,,Unsqueeze,23,attention_non_projection,,,,,,,,,,,,,,,,graph-derived
6970,Constant_9708,,Constant,,other,,,,,,,,,,,,,,,,graph-derived
6971,/model/layers.23/self_attn/Unsqueeze_3,,Unsqueeze,23,attention_non_projection,,,,,,,,,,,,,,,,graph-derived
6972,/model/layers.23/self_attn/Constant_4,,Constant,23,attention_non_projection,,,,,,,,,,,,,,,,graph-derived
6973,/model/layers.23/self_attn/Constant_5,,Constant,23,attention_non_projection,,,,,,,,,,,,,,,,graph-derived
6974,/model/layers.23/self_attn/Concat_1,,Concat,23,attention_non_projection,,,,,,,,,,,,,,,,graph-derived
6975,Constant_9713,,Constant,,other,,,,,,,,,,,,,,,,graph-derived
6976,/model/layers.23/self_attn/Unsqueeze_4,,Unsqueeze,23,attention_non_projection,,,,,,,,,,,,,,,,graph-derived
6977,Constant_9715,,Constant,,other,,,,,,,,,,,,,,,,graph-derived
6978,/model/layers.23/self_attn/Unsqueeze_5,,Unsqueeze,23,attention_non_projection,,,,,,,,,,,,,,,,graph-derived
6979,/model/layers.23/self_attn/Constant_6,,Constant,23,attention_non_projection,,,,,,,,,,,,,,,,graph-derived
6980,/model/layers.23/self_attn/Constant_7,,Constant,23,attention_non_projection,,,,,,,,,,,,,,,,graph-derived
6981,/model/layers.23/self_attn/Concat_2,,Concat,23,attention_non_projection,,,,,,,,,,,,,,,,graph-derived
6982,/model/layers.23/self_attn/Reshape,,Reshape,23,attention_non_projection,,,,,,,,,,,,,,,,graph-derived
6983,/model/layers.23/self_attn/Transpose,,Transpose,23,attention_non_projection,,,,,,,,,,,,,,,,graph-derived
6984,/model/layers.23/self_attn/k_proj/MatMul,,MatMul,23,attention_projection,k_proj,1152,256,float,onnx::MatMul_10674,1179648,4608,1024,once_per_decode_token,model.onnx_data,3682157056,3682157056,1,1,3,graph-derived
6985,/model/layers.23/self_attn/Reshape_1,,Reshape,23,attention_non_projection,,,,,,,,,,,,,,,,graph-derived
6986,/model/layers.23/self_attn/Transpose_1,,Transpose,23,attention_non_projection,,,,,,,,,,,,,,,,graph-derived
6987,/model/layers.23/self_attn/v_proj/MatMul,,MatMul,23,attention_projection,v_proj,1152,256,float,onnx::MatMul_10675,1179648,4608,1024,once_per_decode_token,model.onnx_data,3683336704,3683336704,2,3,1,graph-derived
6988,/model/layers.23/self_attn/Reshape_2,,Reshape,23,attention_non_projection,,,,,,,,,,,,,,,,graph-derived
6989,/model/layers.23/self_attn/Transpose_2,,Transpose,23,attention_non_projection,,,,,,,,,,,,,,,,graph-derived
6990,/model/layers.23/self_attn/q_norm/Cast,,Cast,23,attention_non_projection,,,,,,,,,,,,,,,,graph-derived
6991,/model/layers.23/self_attn/q_norm/Constant,,Constant,23,attention_non_projection,,,,,,,,,,,,,,,,graph-derived
6992,/model/layers.23/self_attn/q_norm/Pow,,Pow,23,attention_non_projection,,,,,,,,,,,,,,,,graph-derived
6993,/model/layers.23/self_attn/q_norm/ReduceMean,,ReduceMean,23,attention_non_projection,,,,,,,,,,,,,,,,graph-derived
6994,/model/layers.23/self_attn/q_norm/Constant_1,,Constant,23,attention_non_projection,,,,,,,,,,,,,,,,graph-derived
6995,/model/layers.23/self_attn/q_norm/Add,,Add,23,attention_non_projection,,,,,,,,,,,,,,,,graph-derived
6996,/model/layers.23/self_attn/q_norm/Sqrt,,Sqrt,23,attention_non_projection,,,,,,,,,,,,,,,,graph-derived
6997,/model/layers.23/self_attn/q_norm/Constant_2,,Constant,23,attention_non_projection,,,,,,,,,,,,,,,,graph-derived
6998,/model/layers.23/self_attn/q_norm/Div,,Div,23,attention_non_projection,,,,,,,,,,,,,,,,graph-derived
6999,/model/layers.23/self_attn/q_norm/Mul,,Mul,23,attention_non_projection,,,,,,,,,,,,,,,,graph-derived
7000,/model/layers.23/self_attn/q_norm/Mul_1,,Mul,23,attention_non_projection,,,,,,,,,,,,,,,,graph-derived
7001,/model/layers.23/self_attn/k_norm/Cast,,Cast,23,attention_non_projection,,,,,,,,,,,,,,,,graph-derived
7002,/model/layers.23/self_attn/k_norm/Constant,,Constant,23,attention_non_projection,,,,,,,,,,,,,,,,graph-derived
7003,/model/layers.23/self_attn/k_norm/Pow,,Pow,23,attention_non_projection,,,,,,,,,,,,,,,,graph-derived
7004,/model/layers.23/self_attn/k_norm/ReduceMean,,ReduceMean,23,attention_non_projection,,,,,,,,,,,,,,,,graph-derived
7005,/model/layers.23/self_attn/k_norm/Constant_1,,Constant,23,attention_non_projection,,,,,,,,,,,,,,,,graph-derived
7006,/model/layers.23/self_attn/k_norm/Add,,Add,23,attention_non_projection,,,,,,,,,,,,,,,,graph-derived
7007,/model/layers.23/self_attn/k_norm/Sqrt,,Sqrt,23,attention_non_projection,,,,,,,,,,,,,,,,graph-derived
7008,/model/layers.23/self_attn/k_norm/Constant_2,,Constant,23,attention_non_projection,,,,,,,,,,,,,,,,graph-derived
7009,/model/layers.23/self_attn/k_norm/Div,,Div,23,attention_non_projection,,,,,,,,,,,,,,,,graph-derived
7010,/model/layers.23/self_attn/k_norm/Mul,,Mul,23,attention_non_projection,,,,,,,,,,,,,,,,graph-derived
7011,/model/layers.23/self_attn/k_norm/Mul_1,,Mul,23,attention_non_projection,,,,,,,,,,,,,,,,graph-derived
7012,/model/layers.23/self_attn/Mul,,Mul,23,attention_non_projection,,,,,,,,,,,,,,,,graph-derived
7013,/model/layers.23/self_attn/Shape_2,,Shape,23,attention_non_projection,,,,,,,,,,,,,,,,graph-derived
7014,/model/layers.23/self_attn/Constant_8,,Constant,23,attention_non_projection,,,,,,,,,,,,,,,,graph-derived
7015,/model/layers.23/self_attn/Gather_2,,Gather,23,attention_non_projection,,,,,,,,,,,,,,,,graph-derived
7016,/model/layers.23/self_attn/Constant_9,,Constant,23,attention_non_projection,,,,,,,,,,,,,,,,graph-derived
7017,/model/layers.23/self_attn/Div,,Div,23,attention_non_projection,,,,,,,,,,,,,,,,graph-derived
7018,/model/layers.23/self_attn/Cast,,Cast,23,attention_non_projection,,,,,,,,,,,,,,,,graph-derived
7019,/model/layers.23/self_attn/Cast_1,,Cast,23,attention_non_projection,,,,,,,,,,,,,,,,graph-derived
7020,/model/layers.23/self_attn/Constant_10,,Constant,23,attention_non_projection,,,,,,,,,,,,,,,,graph-derived
7021,/model/layers.23/self_attn/Constant_11,,Constant,23,attention_non_projection,,,,,,,,,,,,,,,,graph-derived
7022,/model/layers.23/self_attn/Constant_12,,Constant,23,attention_non_projection,,,,,,,,,,,,,,,,graph-derived
7023,/model/layers.23/self_attn/Unsqueeze_6,,Unsqueeze,23,attention_non_projection,,,,,,,,,,,,,,,,graph-derived
7024,/model/layers.23/self_attn/Constant_13,,Constant,23,attention_non_projection,,,,,,,,,,,,,,,,graph-derived
7025,/model/layers.23/self_attn/Slice,,Slice,23,attention_non_projection,,,,,,,,,,,,,,,,graph-derived
7026,/model/layers.23/self_attn/Constant_14,,Constant,23,attention_non_projection,,,,,,,,,,,,,,,,graph-derived
7027,/model/layers.23/self_attn/Constant_15,,Constant,23,attention_non_projection,,,,,,,,,,,,,,,,graph-derived
7028,/model/layers.23/self_attn/Unsqueeze_7,,Unsqueeze,23,attention_non_projection,,,,,,,,,,,,,,,,graph-derived
7029,/model/layers.23/self_attn/Constant_16,,Constant,23,attention_non_projection,,,,,,,,,,,,,,,,graph-derived
7030,/model/layers.23/self_attn/Constant_17,,Constant,23,attention_non_projection,,,,,,,,,,,,,,,,graph-derived
7031,/model/layers.23/self_attn/Slice_1,,Slice,23,attention_non_projection,,,,,,,,,,,,,,,,graph-derived
7032,/model/layers.23/self_attn/Neg,,Neg,23,attention_non_projection,,,,,,,,,,,,,,,,graph-derived
7033,/model/layers.23/self_attn/Concat_3,,Concat,23,attention_non_projection,,,,,,,,,,,,,,,,graph-derived
7034,/model/layers.23/self_attn/Mul_1,,Mul,23,attention_non_projection,,,,,,,,,,,,,,,,graph-derived
7035,/model/layers.23/self_attn/Add,,Add,23,attention_non_projection,,,,,,,,,,,,,,,,graph-derived
7036,/model/layers.23/self_attn/Mul_2,,Mul,23,attention_non_projection,,,,,,,,,,,,,,,,graph-derived
7037,/model/layers.23/self_attn/Shape_3,,Shape,23,attention_non_projection,,,,,,,,,,,,,,,,graph-derived
7038,/model/layers.23/self_attn/Constant_18,,Constant,23,attention_non_projection,,,,,,,,,,,,,,,,graph-derived
7039,/model/layers.23/self_attn/Gather_3,,Gather,23,attention_non_projection,,,,,,,,,,,,,,,,graph-derived
7040,/model/layers.23/self_attn/Constant_19,,Constant,23,attention_non_projection,,,,,,,,,,,,,,,,graph-derived
7041,/model/layers.23/self_attn/Div_1,,Div,23,attention_non_projection,,,,,,,,,,,,,,,,graph-derived
7042,/model/layers.23/self_attn/Cast_2,,Cast,23,attention_non_projection,,,,,,,,,,,,,,,,graph-derived
7043,/model/layers.23/self_attn/Cast_3,,Cast,23,attention_non_projection,,,,,,,,,,,,,,,,graph-derived
7044,/model/layers.23/self_attn/Constant_20,,Constant,23,attention_non_projection,,,,,,,,,,,,,,,,graph-derived
7045,/model/layers.23/self_attn/Constant_21,,Constant,23,attention_non_projection,,,,,,,,,,,,,,,,graph-derived
7046,/model/layers.23/self_attn/Constant_22,,Constant,23,attention_non_projection,,,,,,,,,,,,,,,,graph-derived
7047,/model/layers.23/self_attn/Unsqueeze_8,,Unsqueeze,23,attention_non_projection,,,,,,,,,,,,,,,,graph-derived
7048,/model/layers.23/self_attn/Constant_23,,Constant,23,attention_non_projection,,,,,,,,,,,,,,,,graph-derived
7049,/model/layers.23/self_attn/Slice_2,,Slice,23,attention_non_projection,,,,,,,,,,,,,,,,graph-derived
7050,/model/layers.23/self_attn/Constant_24,,Constant,23,attention_non_projection,,,,,,,,,,,,,,,,graph-derived
7051,/model/layers.23/self_attn/Constant_25,,Constant,23,attention_non_projection,,,,,,,,,,,,,,,,graph-derived
7052,/model/layers.23/self_attn/Unsqueeze_9,,Unsqueeze,23,attention_non_projection,,,,,,,,,,,,,,,,graph-derived
7053,/model/layers.23/self_attn/Constant_26,,Constant,23,attention_non_projection,,,,,,,,,,,,,,,,graph-derived
7054,/model/layers.23/self_attn/Constant_27,,Constant,23,attention_non_projection,,,,,,,,,,,,,,,,graph-derived
7055,/model/layers.23/self_attn/Slice_3,,Slice,23,attention_non_projection,,,,,,,,,,,,,,,,graph-derived
7056,/model/layers.23/self_attn/Neg_1,,Neg,23,attention_non_projection,,,,,,,,,,,,,,,,graph-derived
7057,/model/layers.23/self_attn/Concat_4,,Concat,23,attention_non_projection,,,,,,,,,,,,,,,,graph-derived
7058,/model/layers.23/self_attn/Mul_3,,Mul,23,attention_non_projection,,,,,,,,,,,,,,,,graph-derived
7059,/model/layers.23/self_attn/Add_1,,Add,23,attention_non_projection,,,,,,,,,,,,,,,,graph-derived
7060,/model/layers.23/self_attn/Concat_5,,Concat,23,attention_non_projection,,,,,,,,,,,,,,,,graph-derived
7061,/model/layers.23/self_attn/Concat_6,,Concat,23,attention_non_projection,,,,,,,,,,,,,,,,graph-derived
7062,/model/layers.23/self_attn/Shape_4,,Shape,23,attention_non_projection,,,,,,,,,,,,,,,,graph-derived
7063,/model/layers.23/self_attn/Constant_28,,Constant,23,attention_non_projection,,,,,,,,,,,,,,,,graph-derived
7064,/model/layers.23/self_attn/Gather_4,,Gather,23,attention_non_projection,,,,,,,,,,,,,,,,graph-derived
7065,/model/layers.23/self_attn/Shape_5,,Shape,23,attention_non_projection,,,,,,,,,,,,,,,,graph-derived
7066,/model/layers.23/self_attn/Constant_29,,Constant,23,attention_non_projection,,,,,,,,,,,,,,,,graph-derived
7067,/model/layers.23/self_attn/Gather_5,,Gather,23,attention_non_projection,,,,,,,,,,,,,,,,graph-derived
7068,/model/layers.23/self_attn/Shape_6,,Shape,23,attention_non_projection,,,,,,,,,,,,,,,,graph-derived
7069,/model/layers.23/self_attn/Constant_30,,Constant,23,attention_non_projection,,,,,,,,,,,,,,,,graph-derived
7070,/model/layers.23/self_attn/Gather_6,,Gather,23,attention_non_projection,,,,,,,,,,,,,,,,graph-derived
7071,/model/layers.23/self_attn/Shape_7,,Shape,23,attention_non_projection,,,,,,,,,,,,,,,,graph-derived
7072,/model/layers.23/self_attn/Constant_31,,Constant,23,attention_non_projection,,,,,,,,,,,,,,,,graph-derived
7073,/model/layers.23/self_attn/Gather_7,,Gather,23,attention_non_projection,,,,,,,,,,,,,,,,graph-derived
7074,/model/layers.23/self_attn/Constant_32,,Constant,23,attention_non_projection,,,,,,,,,,,,,,,,graph-derived
7075,/model/layers.23/self_attn/Unsqueeze_10,,Unsqueeze,23,attention_non_projection,,,,,,,,,,,,,,,,graph-derived
7076,/model/layers.23/self_attn/Constant_33,,Constant,23,attention_non_projection,,,,,,,,,,,,,,,,graph-derived
7077,/model/layers.23/self_attn/Unsqueeze_11,,Unsqueeze,23,attention_non_projection,,,,,,,,,,,,,,,,graph-derived
7078,/model/layers.23/self_attn/Constant_34,,Constant,23,attention_non_projection,,,,,,,,,,,,,,,,graph-derived
7079,/model/layers.23/self_attn/Unsqueeze_12,,Unsqueeze,23,attention_non_projection,,,,,,,,,,,,,,,,graph-derived
7080,/model/layers.23/self_attn/Constant_35,,Constant,23,attention_non_projection,,,,,,,,,,,,,,,,graph-derived
7081,/model/layers.23/self_attn/Constant_36,,Constant,23,attention_non_projection,,,,,,,,,,,,,,,,graph-derived
7082,/model/layers.23/self_attn/Unsqueeze_13,,Unsqueeze,23,attention_non_projection,,,,,,,,,,,,,,,,graph-derived
7083,/model/layers.23/self_attn/Constant_37,,Constant,23,attention_non_projection,,,,,,,,,,,,,,,,graph-derived
7084,/model/layers.23/self_attn/Unsqueeze_14,,Unsqueeze,23,attention_non_projection,,,,,,,,,,,,,,,,graph-derived
7085,/model/layers.23/self_attn/Concat_7,,Concat,23,attention_non_projection,,,,,,,,,,,,,,,,graph-derived
7086,/model/layers.23/self_attn/Constant_38,,Constant,23,attention_non_projection,,,,,,,,,,,,,,,,graph-derived
7087,/model/layers.23/self_attn/Reshape_3,,Reshape,23,attention_non_projection,,,,,,,,,,,,,,,,graph-derived
7088,/model/layers.23/self_attn/Shape_8,,Shape,23,attention_non_projection,,,,,,,,,,,,,,,,graph-derived
7089,/model/layers.23/self_attn/ConstantOfShape,,ConstantOfShape,23,attention_non_projection,,,,,,,,,,,,,,,,graph-derived
7090,/model/layers.23/self_attn/Constant_39,,Constant,23,attention_non_projection,,,,,,,,,,,,,,,,graph-derived
7091,/model/layers.23/self_attn/Mul_4,,Mul,23,attention_non_projection,,,,,,,,,,,,,,,,graph-derived
7092,/model/layers.23/self_attn/Equal,,Equal,23,attention_non_projection,,,,,,,,,,,,,,,,graph-derived
7093,/model/layers.23/self_attn/Where,,Where,23,attention_non_projection,,,,,,,,,,,,,,,,graph-derived
7094,/model/layers.23/self_attn/Expand,,Expand,23,attention_non_projection,,,,,,,,,,,,,,,,graph-derived
7095,/model/layers.23/self_attn/Constant_40,,Constant,23,attention_non_projection,,,,,,,,,,,,,,,,graph-derived
7096,/model/layers.23/self_attn/Mul_5,,Mul,23,attention_non_projection,,,,,,,,,,,,,,,,graph-derived
7097,Constant_9835,,Constant,,other,,,,,,,,,,,,,,,,graph-derived
7098,/model/layers.23/self_attn/Unsqueeze_15,,Unsqueeze,23,attention_non_projection,,,,,,,,,,,,,,,,graph-derived
7099,Constant_9837,,Constant,,other,,,,,,,,,,,,,,,,graph-derived
7100,/model/layers.23/self_attn/Unsqueeze_16,,Unsqueeze,23,attention_non_projection,,,,,,,,,,,,,,,,graph-derived
7101,Constant_9839,,Constant,,other,,,,,,,,,,,,,,,,graph-derived
7102,/model/layers.23/self_attn/Unsqueeze_17,,Unsqueeze,23,attention_non_projection,,,,,,,,,,,,,,,,graph-derived
7103,Constant_9841,,Constant,,other,,,,,,,,,,,,,,,,graph-derived
7104,/model/layers.23/self_attn/Unsqueeze_18,,Unsqueeze,23,attention_non_projection,,,,,,,,,,,,,,,,graph-derived
7105,/model/layers.23/self_attn/Concat_8,,Concat,23,attention_non_projection,,,,,,,,,,,,,,,,graph-derived
7106,/model/layers.23/self_attn/Reshape_4,,Reshape,23,attention_non_projection,,,,,,,,,,,,,,,,graph-derived
7107,/model/layers.23/self_attn/Shape_9,,Shape,23,attention_non_projection,,,,,,,,,,,,,,,,graph-derived
7108,/model/layers.23/self_attn/Constant_41,,Constant,23,attention_non_projection,,,,,,,,,,,,,,,,graph-derived
7109,/model/layers.23/self_attn/Gather_8,,Gather,23,attention_non_projection,,,,,,,,,,,,,,,,graph-derived
7110,/model/layers.23/self_attn/Shape_10,,Shape,23,attention_non_projection,,,,,,,,,,,,,,,,graph-derived
7111,/model/layers.23/self_attn/Constant_42,,Constant,23,attention_non_projection,,,,,,,,,,,,,,,,graph-derived
7112,/model/layers.23/self_attn/Gather_9,,Gather,23,attention_non_projection,,,,,,,,,,,,,,,,graph-derived
7113,/model/layers.23/self_attn/Shape_11,,Shape,23,attention_non_projection,,,,,,,,,,,,,,,,graph-derived
7114,/model/layers.23/self_attn/Constant_43,,Constant,23,attention_non_projection,,,,,,,,,,,,,,,,graph-derived
7115,/model/layers.23/self_attn/Gather_10,,Gather,23,attention_non_projection,,,,,,,,,,,,,,,,graph-derived
7116,/model/layers.23/self_attn/Shape_12,,Shape,23,attention_non_projection,,,,,,,,,,,,,,,,graph-derived
7117,/model/layers.23/self_attn/Constant_44,,Constant,23,attention_non_projection,,,,,,,,,,,,,,,,graph-derived
7118,/model/layers.23/self_attn/Gather_11,,Gather,23,attention_non_projection,,,,,,,,,,,,,,,,graph-derived
7119,/model/layers.23/self_attn/Constant_45,,Constant,23,attention_non_projection,,,,,,,,,,,,,,,,graph-derived
7120,/model/layers.23/self_attn/Unsqueeze_19,,Unsqueeze,23,attention_non_projection,,,,,,,,,,,,,,,,graph-derived
7121,/model/layers.23/self_attn/Constant_46,,Constant,23,attention_non_projection,,,,,,,,,,,,,,,,graph-derived
7122,/model/layers.23/self_attn/Unsqueeze_20,,Unsqueeze,23,attention_non_projection,,,,,,,,,,,,,,,,graph-derived
7123,/model/layers.23/self_attn/Constant_47,,Constant,23,attention_non_projection,,,,,,,,,,,,,,,,graph-derived
7124,/model/layers.23/self_attn/Unsqueeze_21,,Unsqueeze,23,attention_non_projection,,,,,,,,,,,,,,,,graph-derived
7125,/model/layers.23/self_attn/Constant_48,,Constant,23,attention_non_projection,,,,,,,,,,,,,,,,graph-derived
7126,/model/layers.23/self_attn/Constant_49,,Constant,23,attention_non_projection,,,,,,,,,,,,,,,,graph-derived
7127,/model/layers.23/self_attn/Unsqueeze_22,,Unsqueeze,23,attention_non_projection,,,,,,,,,,,,,,,,graph-derived
7128,/model/layers.23/self_attn/Constant_50,,Constant,23,attention_non_projection,,,,,,,,,,,,,,,,graph-derived
7129,/model/layers.23/self_attn/Unsqueeze_23,,Unsqueeze,23,attention_non_projection,,,,,,,,,,,,,,,,graph-derived
7130,/model/layers.23/self_attn/Concat_9,,Concat,23,attention_non_projection,,,,,,,,,,,,,,,,graph-derived
7131,/model/layers.23/self_attn/Constant_51,,Constant,23,attention_non_projection,,,,,,,,,,,,,,,,graph-derived
7132,/model/layers.23/self_attn/Reshape_5,,Reshape,23,attention_non_projection,,,,,,,,,,,,,,,,graph-derived
7133,/model/layers.23/self_attn/Shape_13,,Shape,23,attention_non_projection,,,,,,,,,,,,,,,,graph-derived
7134,/model/layers.23/self_attn/ConstantOfShape_1,,ConstantOfShape,23,attention_non_projection,,,,,,,,,,,,,,,,graph-derived
7135,/model/layers.23/self_attn/Constant_52,,Constant,23,attention_non_projection,,,,,,,,,,,,,,,,graph-derived
7136,/model/layers.23/self_attn/Mul_6,,Mul,23,attention_non_projection,,,,,,,,,,,,,,,,graph-derived
7137,/model/layers.23/self_attn/Equal_1,,Equal,23,attention_non_projection,,,,,,,,,,,,,,,,graph-derived
7138,/model/layers.23/self_attn/Where_1,,Where,23,attention_non_projection,,,,,,,,,,,,,,,,graph-derived
7139,/model/layers.23/self_attn/Expand_1,,Expand,23,attention_non_projection,,,,,,,,,,,,,,,,graph-derived
7140,/model/layers.23/self_attn/Constant_53,,Constant,23,attention_non_projection,,,,,,,,,,,,,,,,graph-derived
7141,/model/layers.23/self_attn/Mul_7,,Mul,23,attention_non_projection,,,,,,,,,,,,,,,,graph-derived
7142,Constant_9880,,Constant,,other,,,,,,,,,,,,,,,,graph-derived
7143,/model/layers.23/self_attn/Unsqueeze_24,,Unsqueeze,23,attention_non_projection,,,,,,,,,,,,,,,,graph-derived
7144,Constant_9882,,Constant,,other,,,,,,,,,,,,,,,,graph-derived
7145,/model/layers.23/self_attn/Unsqueeze_25,,Unsqueeze,23,attention_non_projection,,,,,,,,,,,,,,,,graph-derived
7146,Constant_9884,,Constant,,other,,,,,,,,,,,,,,,,graph-derived
7147,/model/layers.23/self_attn/Unsqueeze_26,,Unsqueeze,23,attention_non_projection,,,,,,,,,,,,,,,,graph-derived
7148,Constant_9886,,Constant,,other,,,,,,,,,,,,,,,,graph-derived
7149,/model/layers.23/self_attn/Unsqueeze_27,,Unsqueeze,23,attention_non_projection,,,,,,,,,,,,,,,,graph-derived
7150,/model/layers.23/self_attn/Concat_10,,Concat,23,attention_non_projection,,,,,,,,,,,,,,,,graph-derived
7151,/model/layers.23/self_attn/Reshape_6,,Reshape,23,attention_non_projection,,,,,,,,,,,,,,,,graph-derived
7152,/model/layers.23/self_attn/Shape_14,,Shape,23,attention_non_projection,,,,,,,,,,,,,,,,graph-derived
7153,/model/layers.23/self_attn/Constant_54,,Constant,23,attention_non_projection,,,,,,,,,,,,,,,,graph-derived
7154,/model/layers.23/self_attn/Gather_12,,Gather,23,attention_non_projection,,,,,,,,,,,,,,,,graph-derived
7155,/model/layers.23/self_attn/Constant_55,,Constant,23,attention_non_projection,,,,,,,,,,,,,,,,graph-derived
7156,/model/layers.23/self_attn/Constant_56,,Constant,23,attention_non_projection,,,,,,,,,,,,,,,,graph-derived
7157,/model/layers.23/self_attn/Constant_57,,Constant,23,attention_non_projection,,,,,,,,,,,,,,,,graph-derived
7158,/model/layers.23/self_attn/Unsqueeze_28,,Unsqueeze,23,attention_non_projection,,,,,,,,,,,,,,,,graph-derived
7159,/model/layers.23/self_attn/Constant_58,,Constant,23,attention_non_projection,,,,,,,,,,,,,,,,graph-derived
7160,/model/layers.23/self_attn/Slice_4,,Slice,23,attention_non_projection,,,,,,,,,,,,,,,,graph-derived
7161,/model/layers.23/self_attn/Transpose_3,,Transpose,23,attention_non_projection,,,,,,,,,,,,,,,,graph-derived
7162,/model/layers.23/self_attn/Constant_59,,Constant,23,attention_non_projection,,,,,,,,,,,,,,,,graph-derived
7163,/model/layers.23/self_attn/Mul_8,,Mul,23,attention_non_projection,,,,,,,,,,,,,,,,graph-derived
7164,/model/layers.23/self_attn/Constant_60,,Constant,23,attention_non_projection,,,,,,,,,,,,,,,,graph-derived
7165,/model/layers.23/self_attn/Mul_9,,Mul,23,attention_non_projection,,,,,,,,,,,,,,,,graph-derived
7166,/model/layers.23/self_attn/MatMul,,MatMul,23,attention_non_projection,,,,,,,,,,,,,,,,graph-derived
7167,/model/layers.23/self_attn/Constant_61,,Constant,23,attention_non_projection,,,,,,,,,,,,,,,,graph-derived
7168,/model/layers.23/self_attn/Constant_62,,Constant,23,attention_non_projection,,,,,,,,,,,,,,,,graph-derived
7169,/model/layers.23/self_attn/Where_2,,Where,23,attention_non_projection,,,,,,,,,,,,,,,,graph-derived
7170,/model/layers.23/self_attn/Add_2,,Add,23,attention_non_projection,,,,,,,,,,,,,,,,graph-derived
7171,/model/layers.23/self_attn/Softmax,,Softmax,23,attention_non_projection,,,,,,,,,,,,,,,,graph-derived
7172,/model/layers.23/self_attn/IsNaN,,IsNaN,23,attention_non_projection,,,,,,,,,,,,,,,,graph-derived
7173,/model/layers.23/self_attn/Constant_63,,Constant,23,attention_non_projection,,,,,,,,,,,,,,,,graph-derived
7174,/model/layers.23/self_attn/Where_3,,Where,23,attention_non_projection,,,,,,,,,,,,,,,,graph-derived
7175,/model/layers.23/self_attn/MatMul_1,,MatMul,23,attention_non_projection,,,,,,,,,,,,,,,,graph-derived
7176,/model/layers.23/self_attn/Transpose_4,,Transpose,23,attention_non_projection,,,,,,,,,,,,,,,,graph-derived
7177,Constant_9915,,Constant,,other,,,,,,,,,,,,,,,,graph-derived
7178,/model/layers.23/self_attn/Unsqueeze_29,,Unsqueeze,23,attention_non_projection,,,,,,,,,,,,,,,,graph-derived
7179,Constant_9917,,Constant,,other,,,,,,,,,,,,,,,,graph-derived
7180,/model/layers.23/self_attn/Unsqueeze_30,,Unsqueeze,23,attention_non_projection,,,,,,,,,,,,,,,,graph-derived
7181,/model/layers.23/self_attn/Constant_64,,Constant,23,attention_non_projection,,,,,,,,,,,,,,,,graph-derived
7182,/model/layers.23/self_attn/Concat_11,,Concat,23,attention_non_projection,,,,,,,,,,,,,,,,graph-derived
7183,/model/layers.23/self_attn/Reshape_7,,Reshape,23,attention_non_projection,,,,,,,,,,,,,,,,graph-derived
7184,/model/layers.23/self_attn/o_proj/MatMul,,MatMul,23,attention_projection,o_proj,1024,1152,float,onnx::MatMul_10702,4718592,4096,4608,once_per_decode_token,model.onnx_data,3684518400,3684518400,3,1,3,graph-derived
7185,/model/layers.23/post_attention_layernorm/Cast,,Cast,23,other,,,,,,,,,,,,,,,,graph-derived
7186,/model/layers.23/post_attention_layernorm/Constant,,Constant,23,other,,,,,,,,,,,,,,,,graph-derived
7187,/model/layers.23/post_attention_layernorm/Pow,,Pow,23,other,,,,,,,,,,,,,,,,graph-derived
7188,/model/layers.23/post_attention_layernorm/ReduceMean,,ReduceMean,23,other,,,,,,,,,,,,,,,,graph-derived
7189,/model/layers.23/post_attention_layernorm/Constant_1,,Constant,23,other,,,,,,,,,,,,,,,,graph-derived
7190,/model/layers.23/post_attention_layernorm/Add,,Add,23,other,,,,,,,,,,,,,,,,graph-derived
7191,/model/layers.23/post_attention_layernorm/Sqrt,,Sqrt,23,other,,,,,,,,,,,,,,,,graph-derived
7192,/model/layers.23/post_attention_layernorm/Constant_2,,Constant,23,other,,,,,,,,,,,,,,,,graph-derived
7193,/model/layers.23/post_attention_layernorm/Div,,Div,23,other,,,,,,,,,,,,,,,,graph-derived
7194,/model/layers.23/post_attention_layernorm/Mul,,Mul,23,other,,,,,,,,,,,,,,,,graph-derived
7195,/model/layers.23/post_attention_layernorm/Mul_1,,Mul,23,other,,,,,,,,,,,,,,,,graph-derived
7196,/model/layers.23/Add,,Add,23,other,,,,,,,,,,,,,,,,graph-derived
7197,/model/layers.23/pre_feedforward_layernorm/Cast,,Cast,23,other,,,,,,,,,,,,,,,,graph-derived
7198,/model/layers.23/pre_feedforward_layernorm/Constant,,Constant,23,other,,,,,,,,,,,,,,,,graph-derived
7199,/model/layers.23/pre_feedforward_layernorm/Pow,,Pow,23,other,,,,,,,,,,,,,,,,graph-derived
7200,/model/layers.23/pre_feedforward_layernorm/ReduceMean,,ReduceMean,23,other,,,,,,,,,,,,,,,,graph-derived
7201,/model/layers.23/pre_feedforward_layernorm/Constant_1,,Constant,23,other,,,,,,,,,,,,,,,,graph-derived
7202,/model/layers.23/pre_feedforward_layernorm/Add,,Add,23,other,,,,,,,,,,,,,,,,graph-derived
7203,/model/layers.23/pre_feedforward_layernorm/Sqrt,,Sqrt,23,other,,,,,,,,,,,,,,,,graph-derived
7204,/model/layers.23/pre_feedforward_layernorm/Constant_2,,Constant,23,other,,,,,,,,,,,,,,,,graph-derived
7205,/model/layers.23/pre_feedforward_layernorm/Div,,Div,23,other,,,,,,,,,,,,,,,,graph-derived
7206,/model/layers.23/pre_feedforward_layernorm/Mul,,Mul,23,other,,,,,,,,,,,,,,,,graph-derived
7207,/model/layers.23/pre_feedforward_layernorm/Mul_1,,Mul,23,other,,,,,,,,,,,,,,,,graph-derived
7208,/model/layers.23/mlp/gate_proj/MatMul,,MatMul,23,mlp_projection,gate_proj,1152,6912,float,onnx::MatMul_10707,31850496,4608,27648,once_per_decode_token,model.onnx_data,3689246208,3689246208,0,3,1,graph-derived
7209,/model/layers.23/mlp/act_fn/Mul,,Mul,23,mlp_non_projection,,,,,,,,,,,,,,,,graph-derived
7210,/model/layers.23/mlp/act_fn/Mul_1,,Mul,23,mlp_non_projection,,,,,,,,,,,,,,,,graph-derived
7211,/model/layers.23/mlp/act_fn/Constant,,Constant,23,mlp_non_projection,,,,,,,,,,,,,,,,graph-derived
7212,/model/layers.23/mlp/act_fn/Mul_2,,Mul,23,mlp_non_projection,,,,,,,,,,,,,,,,graph-derived
7213,/model/layers.23/mlp/act_fn/Add,,Add,23,mlp_non_projection,,,,,,,,,,,,,,,,graph-derived
7214,/model/layers.23/mlp/act_fn/Constant_1,,Constant,23,mlp_non_projection,,,,,,,,,,,,,,,,graph-derived
7215,/model/layers.23/mlp/act_fn/Mul_3,,Mul,23,mlp_non_projection,,,,,,,,,,,,,,,,graph-derived
7216,/model/layers.23/mlp/act_fn/Tanh,,Tanh,23,mlp_non_projection,,,,,,,,,,,,,,,,graph-derived
7217,/model/layers.23/mlp/act_fn/Constant_2,,Constant,23,mlp_non_projection,,,,,,,,,,,,,,,,graph-derived
7218,/model/layers.23/mlp/act_fn/Add_1,,Add,23,mlp_non_projection,,,,,,,,,,,,,,,,graph-derived
7219,/model/layers.23/mlp/act_fn/Mul_4,,Mul,23,mlp_non_projection,,,,,,,,,,,,,,,,graph-derived
7220,/model/layers.23/mlp/act_fn/Constant_3,,Constant,23,mlp_non_projection,,,,,,,,,,,,,,,,graph-derived
7221,/model/layers.23/mlp/act_fn/Mul_5,,Mul,23,mlp_non_projection,,,,,,,,,,,,,,,,graph-derived
7222,/model/layers.23/mlp/up_proj/MatMul,,MatMul,23,mlp_projection,up_proj,1152,6912,float,onnx::MatMul_10708,31850496,4608,27648,once_per_decode_token,model.onnx_data,3721096704,3721096704,1,2,3,graph-derived
7223,/model/layers.23/mlp/Mul,,Mul,23,mlp_non_projection,,,,,,,,,,,,,,,,graph-derived
7224,/model/layers.23/mlp/down_proj/MatMul,,MatMul,23,mlp_projection,down_proj,6912,1152,float,onnx::MatMul_10709,31850496,27648,4608,once_per_decode_token,model.onnx_data,3752947200,3752947200,2,2,1,graph-derived
7225,/model/layers.23/post_feedforward_layernorm/Cast,,Cast,23,other,,,,,,,,,,,,,,,,graph-derived
7226,/model/layers.23/post_feedforward_layernorm/Constant,,Constant,23,other,,,,,,,,,,,,,,,,graph-derived
7227,/model/layers.23/post_feedforward_layernorm/Pow,,Pow,23,other,,,,,,,,,,,,,,,,graph-derived
7228,/model/layers.23/post_feedforward_layernorm/ReduceMean,,ReduceMean,23,other,,,,,,,,,,,,,,,,graph-derived
7229,/model/layers.23/post_feedforward_layernorm/Constant_1,,Constant,23,other,,,,,,,,,,,,,,,,graph-derived
7230,/model/layers.23/post_feedforward_layernorm/Add,,Add,23,other,,,,,,,,,,,,,,,,graph-derived
7231,/model/layers.23/post_feedforward_layernorm/Sqrt,,Sqrt,23,other,,,,,,,,,,,,,,,,graph-derived
7232,/model/layers.23/post_feedforward_layernorm/Constant_2,,Constant,23,other,,,,,,,,,,,,,,,,graph-derived
7233,/model/layers.23/post_feedforward_layernorm/Div,,Div,23,other,,,,,,,,,,,,,,,,graph-derived
7234,/model/layers.23/post_feedforward_layernorm/Mul,,Mul,23,other,,,,,,,,,,,,,,,,graph-derived
7235,/model/layers.23/post_feedforward_layernorm/Mul_1,,Mul,23,other,,,,,,,,,,,,,,,,graph-derived
7236,/model/layers.23/Add_1,,Add,23,other,,,,,,,,,,,,,,,,graph-derived
7237,/model/layers.24/input_layernorm/Cast,,Cast,24,other,,,,,,,,,,,,,,,,graph-derived
7238,/model/layers.24/input_layernorm/Constant,,Constant,24,other,,,,,,,,,,,,,,,,graph-derived
7239,/model/layers.24/input_layernorm/Pow,,Pow,24,other,,,,,,,,,,,,,,,,graph-derived
7240,/model/layers.24/input_layernorm/ReduceMean,,ReduceMean,24,other,,,,,,,,,,,,,,,,graph-derived
7241,/model/layers.24/input_layernorm/Constant_1,,Constant,24,other,,,,,,,,,,,,,,,,graph-derived
7242,/model/layers.24/input_layernorm/Add,,Add,24,other,,,,,,,,,,,,,,,,graph-derived
7243,/model/layers.24/input_layernorm/Sqrt,,Sqrt,24,other,,,,,,,,,,,,,,,,graph-derived
7244,/model/layers.24/input_layernorm/Constant_2,,Constant,24,other,,,,,,,,,,,,,,,,graph-derived
7245,/model/layers.24/input_layernorm/Div,,Div,24,other,,,,,,,,,,,,,,,,graph-derived
7246,/model/layers.24/input_layernorm/Mul,,Mul,24,other,,,,,,,,,,,,,,,,graph-derived
7247,/model/layers.24/input_layernorm/Mul_1,,Mul,24,other,,,,,,,,,,,,,,,,graph-derived
7248,/model/layers.24/self_attn/Shape,,Shape,24,attention_non_projection,,,,,,,,,,,,,,,,graph-derived
7249,/model/layers.24/self_attn/Constant,,Constant,24,attention_non_projection,,,,,,,,,,,,,,,,graph-derived
7250,/model/layers.24/self_attn/Gather,,Gather,24,attention_non_projection,,,,,,,,,,,,,,,,graph-derived
7251,/model/layers.24/self_attn/Shape_1,,Shape,24,attention_non_projection,,,,,,,,,,,,,,,,graph-derived
7252,/model/layers.24/self_attn/Constant_1,,Constant,24,attention_non_projection,,,,,,,,,,,,,,,,graph-derived
7253,/model/layers.24/self_attn/Gather_1,,Gather,24,attention_non_projection,,,,,,,,,,,,,,,,graph-derived
7254,/model/layers.24/self_attn/q_proj/MatMul,,MatMul,24,attention_projection,q_proj,1152,1024,float,onnx::MatMul_10714,4718592,4608,4096,once_per_decode_token,model.onnx_data,3784806912,3784806912,0,1,0,graph-derived
7255,Constant_9993,,Constant,,other,,,,,,,,,,,,,,,,graph-derived
7256,/model/layers.24/self_attn/Unsqueeze,,Unsqueeze,24,attention_non_projection,,,,,,,,,,,,,,,,graph-derived
7257,Constant_9995,,Constant,,other,,,,,,,,,,,,,,,,graph-derived
7258,/model/layers.24/self_attn/Unsqueeze_1,,Unsqueeze,24,attention_non_projection,,,,,,,,,,,,,,,,graph-derived
7259,/model/layers.24/self_attn/Constant_2,,Constant,24,attention_non_projection,,,,,,,,,,,,,,,,graph-derived
7260,/model/layers.24/self_attn/Constant_3,,Constant,24,attention_non_projection,,,,,,,,,,,,,,,,graph-derived
7261,/model/layers.24/self_attn/Concat,,Concat,24,attention_non_projection,,,,,,,,,,,,,,,,graph-derived
7262,Constant_10000,,Constant,,other,,,,,,,,,,,,,,,,graph-derived
7263,/model/layers.24/self_attn/Unsqueeze_2,,Unsqueeze,24,attention_non_projection,,,,,,,,,,,,,,,,graph-derived
7264,Constant_10002,,Constant,,other,,,,,,,,,,,,,,,,graph-derived
7265,/model/layers.24/self_attn/Unsqueeze_3,,Unsqueeze,24,attention_non_projection,,,,,,,,,,,,,,,,graph-derived
7266,/model/layers.24/self_attn/Constant_4,,Constant,24,attention_non_projection,,,,,,,,,,,,,,,,graph-derived
7267,/model/layers.24/self_attn/Constant_5,,Constant,24,attention_non_projection,,,,,,,,,,,,,,,,graph-derived
7268,/model/layers.24/self_attn/Concat_1,,Concat,24,attention_non_projection,,,,,,,,,,,,,,,,graph-derived
7269,Constant_10007,,Constant,,other,,,,,,,,,,,,,,,,graph-derived
7270,/model/layers.24/self_attn/Unsqueeze_4,,Unsqueeze,24,attention_non_projection,,,,,,,,,,,,,,,,graph-derived
7271,Constant_10009,,Constant,,other,,,,,,,,,,,,,,,,graph-derived
7272,/model/layers.24/self_attn/Unsqueeze_5,,Unsqueeze,24,attention_non_projection,,,,,,,,,,,,,,,,graph-derived
7273,/model/layers.24/self_attn/Constant_6,,Constant,24,attention_non_projection,,,,,,,,,,,,,,,,graph-derived
7274,/model/layers.24/self_attn/Constant_7,,Constant,24,attention_non_projection,,,,,,,,,,,,,,,,graph-derived
7275,/model/layers.24/self_attn/Concat_2,,Concat,24,attention_non_projection,,,,,,,,,,,,,,,,graph-derived
7276,/model/layers.24/self_attn/Reshape,,Reshape,24,attention_non_projection,,,,,,,,,,,,,,,,graph-derived
7277,/model/layers.24/self_attn/Transpose,,Transpose,24,attention_non_projection,,,,,,,,,,,,,,,,graph-derived
7278,/model/layers.24/self_attn/k_proj/MatMul,,MatMul,24,attention_projection,k_proj,1152,256,float,onnx::MatMul_10721,1179648,4608,1024,once_per_decode_token,model.onnx_data,3789525504,3789525504,1,2,2,graph-derived
7279,/model/layers.24/self_attn/Reshape_1,,Reshape,24,attention_non_projection,,,,,,,,,,,,,,,,graph-derived
7280,/model/layers.24/self_attn/Transpose_1,,Transpose,24,attention_non_projection,,,,,,,,,,,,,,,,graph-derived
7281,/model/layers.24/self_attn/v_proj/MatMul,,MatMul,24,attention_projection,v_proj,1152,256,float,onnx::MatMul_10722,1179648,4608,1024,once_per_decode_token,model.onnx_data,3790705152,3790705152,2,1,0,graph-derived
7282,/model/layers.24/self_attn/Reshape_2,,Reshape,24,attention_non_projection,,,,,,,,,,,,,,,,graph-derived
7283,/model/layers.24/self_attn/Transpose_2,,Transpose,24,attention_non_projection,,,,,,,,,,,,,,,,graph-derived
7284,/model/layers.24/self_attn/q_norm/Cast,,Cast,24,attention_non_projection,,,,,,,,,,,,,,,,graph-derived
7285,/model/layers.24/self_attn/q_norm/Constant,,Constant,24,attention_non_projection,,,,,,,,,,,,,,,,graph-derived
7286,/model/layers.24/self_attn/q_norm/Pow,,Pow,24,attention_non_projection,,,,,,,,,,,,,,,,graph-derived
7287,/model/layers.24/self_attn/q_norm/ReduceMean,,ReduceMean,24,attention_non_projection,,,,,,,,,,,,,,,,graph-derived
7288,/model/layers.24/self_attn/q_norm/Constant_1,,Constant,24,attention_non_projection,,,,,,,,,,,,,,,,graph-derived
7289,/model/layers.24/self_attn/q_norm/Add,,Add,24,attention_non_projection,,,,,,,,,,,,,,,,graph-derived
7290,/model/layers.24/self_attn/q_norm/Sqrt,,Sqrt,24,attention_non_projection,,,,,,,,,,,,,,,,graph-derived
7291,/model/layers.24/self_attn/q_norm/Constant_2,,Constant,24,attention_non_projection,,,,,,,,,,,,,,,,graph-derived
7292,/model/layers.24/self_attn/q_norm/Div,,Div,24,attention_non_projection,,,,,,,,,,,,,,,,graph-derived
7293,/model/layers.24/self_attn/q_norm/Mul,,Mul,24,attention_non_projection,,,,,,,,,,,,,,,,graph-derived
7294,/model/layers.24/self_attn/q_norm/Mul_1,,Mul,24,attention_non_projection,,,,,,,,,,,,,,,,graph-derived
7295,/model/layers.24/self_attn/k_norm/Cast,,Cast,24,attention_non_projection,,,,,,,,,,,,,,,,graph-derived
7296,/model/layers.24/self_attn/k_norm/Constant,,Constant,24,attention_non_projection,,,,,,,,,,,,,,,,graph-derived
7297,/model/layers.24/self_attn/k_norm/Pow,,Pow,24,attention_non_projection,,,,,,,,,,,,,,,,graph-derived
7298,/model/layers.24/self_attn/k_norm/ReduceMean,,ReduceMean,24,attention_non_projection,,,,,,,,,,,,,,,,graph-derived
7299,/model/layers.24/self_attn/k_norm/Constant_1,,Constant,24,attention_non_projection,,,,,,,,,,,,,,,,graph-derived
7300,/model/layers.24/self_attn/k_norm/Add,,Add,24,attention_non_projection,,,,,,,,,,,,,,,,graph-derived
7301,/model/layers.24/self_attn/k_norm/Sqrt,,Sqrt,24,attention_non_projection,,,,,,,,,,,,,,,,graph-derived
7302,/model/layers.24/self_attn/k_norm/Constant_2,,Constant,24,attention_non_projection,,,,,,,,,,,,,,,,graph-derived
7303,/model/layers.24/self_attn/k_norm/Div,,Div,24,attention_non_projection,,,,,,,,,,,,,,,,graph-derived
7304,/model/layers.24/self_attn/k_norm/Mul,,Mul,24,attention_non_projection,,,,,,,,,,,,,,,,graph-derived
7305,/model/layers.24/self_attn/k_norm/Mul_1,,Mul,24,attention_non_projection,,,,,,,,,,,,,,,,graph-derived
7306,/model/layers.24/self_attn/Mul,,Mul,24,attention_non_projection,,,,,,,,,,,,,,,,graph-derived
7307,/model/layers.24/self_attn/Shape_2,,Shape,24,attention_non_projection,,,,,,,,,,,,,,,,graph-derived
7308,/model/layers.24/self_attn/Constant_8,,Constant,24,attention_non_projection,,,,,,,,,,,,,,,,graph-derived
7309,/model/layers.24/self_attn/Gather_2,,Gather,24,attention_non_projection,,,,,,,,,,,,,,,,graph-derived
7310,/model/layers.24/self_attn/Constant_9,,Constant,24,attention_non_projection,,,,,,,,,,,,,,,,graph-derived
7311,/model/layers.24/self_attn/Div,,Div,24,attention_non_projection,,,,,,,,,,,,,,,,graph-derived
7312,/model/layers.24/self_attn/Cast,,Cast,24,attention_non_projection,,,,,,,,,,,,,,,,graph-derived
7313,/model/layers.24/self_attn/Cast_1,,Cast,24,attention_non_projection,,,,,,,,,,,,,,,,graph-derived
7314,/model/layers.24/self_attn/Constant_10,,Constant,24,attention_non_projection,,,,,,,,,,,,,,,,graph-derived
7315,/model/layers.24/self_attn/Constant_11,,Constant,24,attention_non_projection,,,,,,,,,,,,,,,,graph-derived
7316,/model/layers.24/self_attn/Constant_12,,Constant,24,attention_non_projection,,,,,,,,,,,,,,,,graph-derived
7317,/model/layers.24/self_attn/Unsqueeze_6,,Unsqueeze,24,attention_non_projection,,,,,,,,,,,,,,,,graph-derived
7318,/model/layers.24/self_attn/Constant_13,,Constant,24,attention_non_projection,,,,,,,,,,,,,,,,graph-derived
7319,/model/layers.24/self_attn/Slice,,Slice,24,attention_non_projection,,,,,,,,,,,,,,,,graph-derived
7320,/model/layers.24/self_attn/Constant_14,,Constant,24,attention_non_projection,,,,,,,,,,,,,,,,graph-derived
7321,/model/layers.24/self_attn/Constant_15,,Constant,24,attention_non_projection,,,,,,,,,,,,,,,,graph-derived
7322,/model/layers.24/self_attn/Unsqueeze_7,,Unsqueeze,24,attention_non_projection,,,,,,,,,,,,,,,,graph-derived
7323,/model/layers.24/self_attn/Constant_16,,Constant,24,attention_non_projection,,,,,,,,,,,,,,,,graph-derived
7324,/model/layers.24/self_attn/Constant_17,,Constant,24,attention_non_projection,,,,,,,,,,,,,,,,graph-derived
7325,/model/layers.24/self_attn/Slice_1,,Slice,24,attention_non_projection,,,,,,,,,,,,,,,,graph-derived
7326,/model/layers.24/self_attn/Neg,,Neg,24,attention_non_projection,,,,,,,,,,,,,,,,graph-derived
7327,/model/layers.24/self_attn/Concat_3,,Concat,24,attention_non_projection,,,,,,,,,,,,,,,,graph-derived
7328,/model/layers.24/self_attn/Mul_1,,Mul,24,attention_non_projection,,,,,,,,,,,,,,,,graph-derived
7329,/model/layers.24/self_attn/Add,,Add,24,attention_non_projection,,,,,,,,,,,,,,,,graph-derived
7330,/model/layers.24/self_attn/Mul_2,,Mul,24,attention_non_projection,,,,,,,,,,,,,,,,graph-derived
7331,/model/layers.24/self_attn/Shape_3,,Shape,24,attention_non_projection,,,,,,,,,,,,,,,,graph-derived
7332,/model/layers.24/self_attn/Constant_18,,Constant,24,attention_non_projection,,,,,,,,,,,,,,,,graph-derived
7333,/model/layers.24/self_attn/Gather_3,,Gather,24,attention_non_projection,,,,,,,,,,,,,,,,graph-derived
7334,/model/layers.24/self_attn/Constant_19,,Constant,24,attention_non_projection,,,,,,,,,,,,,,,,graph-derived
7335,/model/layers.24/self_attn/Div_1,,Div,24,attention_non_projection,,,,,,,,,,,,,,,,graph-derived
7336,/model/layers.24/self_attn/Cast_2,,Cast,24,attention_non_projection,,,,,,,,,,,,,,,,graph-derived
7337,/model/layers.24/self_attn/Cast_3,,Cast,24,attention_non_projection,,,,,,,,,,,,,,,,graph-derived
7338,/model/layers.24/self_attn/Constant_20,,Constant,24,attention_non_projection,,,,,,,,,,,,,,,,graph-derived
7339,/model/layers.24/self_attn/Constant_21,,Constant,24,attention_non_projection,,,,,,,,,,,,,,,,graph-derived
7340,/model/layers.24/self_attn/Constant_22,,Constant,24,attention_non_projection,,,,,,,,,,,,,,,,graph-derived
7341,/model/layers.24/self_attn/Unsqueeze_8,,Unsqueeze,24,attention_non_projection,,,,,,,,,,,,,,,,graph-derived
7342,/model/layers.24/self_attn/Constant_23,,Constant,24,attention_non_projection,,,,,,,,,,,,,,,,graph-derived
7343,/model/layers.24/self_attn/Slice_2,,Slice,24,attention_non_projection,,,,,,,,,,,,,,,,graph-derived
7344,/model/layers.24/self_attn/Constant_24,,Constant,24,attention_non_projection,,,,,,,,,,,,,,,,graph-derived
7345,/model/layers.24/self_attn/Constant_25,,Constant,24,attention_non_projection,,,,,,,,,,,,,,,,graph-derived
7346,/model/layers.24/self_attn/Unsqueeze_9,,Unsqueeze,24,attention_non_projection,,,,,,,,,,,,,,,,graph-derived
7347,/model/layers.24/self_attn/Constant_26,,Constant,24,attention_non_projection,,,,,,,,,,,,,,,,graph-derived
7348,/model/layers.24/self_attn/Constant_27,,Constant,24,attention_non_projection,,,,,,,,,,,,,,,,graph-derived
7349,/model/layers.24/self_attn/Slice_3,,Slice,24,attention_non_projection,,,,,,,,,,,,,,,,graph-derived
7350,/model/layers.24/self_attn/Neg_1,,Neg,24,attention_non_projection,,,,,,,,,,,,,,,,graph-derived
7351,/model/layers.24/self_attn/Concat_4,,Concat,24,attention_non_projection,,,,,,,,,,,,,,,,graph-derived
7352,/model/layers.24/self_attn/Mul_3,,Mul,24,attention_non_projection,,,,,,,,,,,,,,,,graph-derived
7353,/model/layers.24/self_attn/Add_1,,Add,24,attention_non_projection,,,,,,,,,,,,,,,,graph-derived
7354,/model/layers.24/self_attn/Concat_5,,Concat,24,attention_non_projection,,,,,,,,,,,,,,,,graph-derived
7355,/model/layers.24/self_attn/Concat_6,,Concat,24,attention_non_projection,,,,,,,,,,,,,,,,graph-derived
7356,/model/layers.24/self_attn/Shape_4,,Shape,24,attention_non_projection,,,,,,,,,,,,,,,,graph-derived
7357,/model/layers.24/self_attn/Constant_28,,Constant,24,attention_non_projection,,,,,,,,,,,,,,,,graph-derived
7358,/model/layers.24/self_attn/Gather_4,,Gather,24,attention_non_projection,,,,,,,,,,,,,,,,graph-derived
7359,/model/layers.24/self_attn/Shape_5,,Shape,24,attention_non_projection,,,,,,,,,,,,,,,,graph-derived
7360,/model/layers.24/self_attn/Constant_29,,Constant,24,attention_non_projection,,,,,,,,,,,,,,,,graph-derived
7361,/model/layers.24/self_attn/Gather_5,,Gather,24,attention_non_projection,,,,,,,,,,,,,,,,graph-derived
7362,/model/layers.24/self_attn/Shape_6,,Shape,24,attention_non_projection,,,,,,,,,,,,,,,,graph-derived
7363,/model/layers.24/self_attn/Constant_30,,Constant,24,attention_non_projection,,,,,,,,,,,,,,,,graph-derived
7364,/model/layers.24/self_attn/Gather_6,,Gather,24,attention_non_projection,,,,,,,,,,,,,,,,graph-derived
7365,/model/layers.24/self_attn/Shape_7,,Shape,24,attention_non_projection,,,,,,,,,,,,,,,,graph-derived
7366,/model/layers.24/self_attn/Constant_31,,Constant,24,attention_non_projection,,,,,,,,,,,,,,,,graph-derived
7367,/model/layers.24/self_attn/Gather_7,,Gather,24,attention_non_projection,,,,,,,,,,,,,,,,graph-derived
7368,/model/layers.24/self_attn/Constant_32,,Constant,24,attention_non_projection,,,,,,,,,,,,,,,,graph-derived
7369,/model/layers.24/self_attn/Unsqueeze_10,,Unsqueeze,24,attention_non_projection,,,,,,,,,,,,,,,,graph-derived
7370,/model/layers.24/self_attn/Constant_33,,Constant,24,attention_non_projection,,,,,,,,,,,,,,,,graph-derived
7371,/model/layers.24/self_attn/Unsqueeze_11,,Unsqueeze,24,attention_non_projection,,,,,,,,,,,,,,,,graph-derived
7372,/model/layers.24/self_attn/Constant_34,,Constant,24,attention_non_projection,,,,,,,,,,,,,,,,graph-derived
7373,/model/layers.24/self_attn/Unsqueeze_12,,Unsqueeze,24,attention_non_projection,,,,,,,,,,,,,,,,graph-derived
7374,/model/layers.24/self_attn/Constant_35,,Constant,24,attention_non_projection,,,,,,,,,,,,,,,,graph-derived
7375,/model/layers.24/self_attn/Constant_36,,Constant,24,attention_non_projection,,,,,,,,,,,,,,,,graph-derived
7376,/model/layers.24/self_attn/Unsqueeze_13,,Unsqueeze,24,attention_non_projection,,,,,,,,,,,,,,,,graph-derived
7377,/model/layers.24/self_attn/Constant_37,,Constant,24,attention_non_projection,,,,,,,,,,,,,,,,graph-derived
7378,/model/layers.24/self_attn/Unsqueeze_14,,Unsqueeze,24,attention_non_projection,,,,,,,,,,,,,,,,graph-derived
7379,/model/layers.24/self_attn/Concat_7,,Concat,24,attention_non_projection,,,,,,,,,,,,,,,,graph-derived
7380,/model/layers.24/self_attn/Constant_38,,Constant,24,attention_non_projection,,,,,,,,,,,,,,,,graph-derived
7381,/model/layers.24/self_attn/Reshape_3,,Reshape,24,attention_non_projection,,,,,,,,,,,,,,,,graph-derived
7382,/model/layers.24/self_attn/Shape_8,,Shape,24,attention_non_projection,,,,,,,,,,,,,,,,graph-derived
7383,/model/layers.24/self_attn/ConstantOfShape,,ConstantOfShape,24,attention_non_projection,,,,,,,,,,,,,,,,graph-derived
7384,/model/layers.24/self_attn/Constant_39,,Constant,24,attention_non_projection,,,,,,,,,,,,,,,,graph-derived
7385,/model/layers.24/self_attn/Mul_4,,Mul,24,attention_non_projection,,,,,,,,,,,,,,,,graph-derived
7386,/model/layers.24/self_attn/Equal,,Equal,24,attention_non_projection,,,,,,,,,,,,,,,,graph-derived
7387,/model/layers.24/self_attn/Where,,Where,24,attention_non_projection,,,,,,,,,,,,,,,,graph-derived
7388,/model/layers.24/self_attn/Expand,,Expand,24,attention_non_projection,,,,,,,,,,,,,,,,graph-derived
7389,/model/layers.24/self_attn/Constant_40,,Constant,24,attention_non_projection,,,,,,,,,,,,,,,,graph-derived
7390,/model/layers.24/self_attn/Mul_5,,Mul,24,attention_non_projection,,,,,,,,,,,,,,,,graph-derived
7391,Constant_10129,,Constant,,other,,,,,,,,,,,,,,,,graph-derived
7392,/model/layers.24/self_attn/Unsqueeze_15,,Unsqueeze,24,attention_non_projection,,,,,,,,,,,,,,,,graph-derived
7393,Constant_10131,,Constant,,other,,,,,,,,,,,,,,,,graph-derived
7394,/model/layers.24/self_attn/Unsqueeze_16,,Unsqueeze,24,attention_non_projection,,,,,,,,,,,,,,,,graph-derived
7395,Constant_10133,,Constant,,other,,,,,,,,,,,,,,,,graph-derived
7396,/model/layers.24/self_attn/Unsqueeze_17,,Unsqueeze,24,attention_non_projection,,,,,,,,,,,,,,,,graph-derived
7397,Constant_10135,,Constant,,other,,,,,,,,,,,,,,,,graph-derived
7398,/model/layers.24/self_attn/Unsqueeze_18,,Unsqueeze,24,attention_non_projection,,,,,,,,,,,,,,,,graph-derived
7399,/model/layers.24/self_attn/Concat_8,,Concat,24,attention_non_projection,,,,,,,,,,,,,,,,graph-derived
7400,/model/layers.24/self_attn/Reshape_4,,Reshape,24,attention_non_projection,,,,,,,,,,,,,,,,graph-derived
7401,/model/layers.24/self_attn/Shape_9,,Shape,24,attention_non_projection,,,,,,,,,,,,,,,,graph-derived
7402,/model/layers.24/self_attn/Constant_41,,Constant,24,attention_non_projection,,,,,,,,,,,,,,,,graph-derived
7403,/model/layers.24/self_attn/Gather_8,,Gather,24,attention_non_projection,,,,,,,,,,,,,,,,graph-derived
7404,/model/layers.24/self_attn/Shape_10,,Shape,24,attention_non_projection,,,,,,,,,,,,,,,,graph-derived
7405,/model/layers.24/self_attn/Constant_42,,Constant,24,attention_non_projection,,,,,,,,,,,,,,,,graph-derived
7406,/model/layers.24/self_attn/Gather_9,,Gather,24,attention_non_projection,,,,,,,,,,,,,,,,graph-derived
7407,/model/layers.24/self_attn/Shape_11,,Shape,24,attention_non_projection,,,,,,,,,,,,,,,,graph-derived
7408,/model/layers.24/self_attn/Constant_43,,Constant,24,attention_non_projection,,,,,,,,,,,,,,,,graph-derived
7409,/model/layers.24/self_attn/Gather_10,,Gather,24,attention_non_projection,,,,,,,,,,,,,,,,graph-derived
7410,/model/layers.24/self_attn/Shape_12,,Shape,24,attention_non_projection,,,,,,,,,,,,,,,,graph-derived
7411,/model/layers.24/self_attn/Constant_44,,Constant,24,attention_non_projection,,,,,,,,,,,,,,,,graph-derived
7412,/model/layers.24/self_attn/Gather_11,,Gather,24,attention_non_projection,,,,,,,,,,,,,,,,graph-derived
7413,/model/layers.24/self_attn/Constant_45,,Constant,24,attention_non_projection,,,,,,,,,,,,,,,,graph-derived
7414,/model/layers.24/self_attn/Unsqueeze_19,,Unsqueeze,24,attention_non_projection,,,,,,,,,,,,,,,,graph-derived
7415,/model/layers.24/self_attn/Constant_46,,Constant,24,attention_non_projection,,,,,,,,,,,,,,,,graph-derived
7416,/model/layers.24/self_attn/Unsqueeze_20,,Unsqueeze,24,attention_non_projection,,,,,,,,,,,,,,,,graph-derived
7417,/model/layers.24/self_attn/Constant_47,,Constant,24,attention_non_projection,,,,,,,,,,,,,,,,graph-derived
7418,/model/layers.24/self_attn/Unsqueeze_21,,Unsqueeze,24,attention_non_projection,,,,,,,,,,,,,,,,graph-derived
7419,/model/layers.24/self_attn/Constant_48,,Constant,24,attention_non_projection,,,,,,,,,,,,,,,,graph-derived
7420,/model/layers.24/self_attn/Constant_49,,Constant,24,attention_non_projection,,,,,,,,,,,,,,,,graph-derived
7421,/model/layers.24/self_attn/Unsqueeze_22,,Unsqueeze,24,attention_non_projection,,,,,,,,,,,,,,,,graph-derived
7422,/model/layers.24/self_attn/Constant_50,,Constant,24,attention_non_projection,,,,,,,,,,,,,,,,graph-derived
7423,/model/layers.24/self_attn/Unsqueeze_23,,Unsqueeze,24,attention_non_projection,,,,,,,,,,,,,,,,graph-derived
7424,/model/layers.24/self_attn/Concat_9,,Concat,24,attention_non_projection,,,,,,,,,,,,,,,,graph-derived
7425,/model/layers.24/self_attn/Constant_51,,Constant,24,attention_non_projection,,,,,,,,,,,,,,,,graph-derived
7426,/model/layers.24/self_attn/Reshape_5,,Reshape,24,attention_non_projection,,,,,,,,,,,,,,,,graph-derived
7427,/model/layers.24/self_attn/Shape_13,,Shape,24,attention_non_projection,,,,,,,,,,,,,,,,graph-derived
7428,/model/layers.24/self_attn/ConstantOfShape_1,,ConstantOfShape,24,attention_non_projection,,,,,,,,,,,,,,,,graph-derived
7429,/model/layers.24/self_attn/Constant_52,,Constant,24,attention_non_projection,,,,,,,,,,,,,,,,graph-derived
7430,/model/layers.24/self_attn/Mul_6,,Mul,24,attention_non_projection,,,,,,,,,,,,,,,,graph-derived
7431,/model/layers.24/self_attn/Equal_1,,Equal,24,attention_non_projection,,,,,,,,,,,,,,,,graph-derived
7432,/model/layers.24/self_attn/Where_1,,Where,24,attention_non_projection,,,,,,,,,,,,,,,,graph-derived
7433,/model/layers.24/self_attn/Expand_1,,Expand,24,attention_non_projection,,,,,,,,,,,,,,,,graph-derived
7434,/model/layers.24/self_attn/Constant_53,,Constant,24,attention_non_projection,,,,,,,,,,,,,,,,graph-derived
7435,/model/layers.24/self_attn/Mul_7,,Mul,24,attention_non_projection,,,,,,,,,,,,,,,,graph-derived
7436,Constant_10174,,Constant,,other,,,,,,,,,,,,,,,,graph-derived
7437,/model/layers.24/self_attn/Unsqueeze_24,,Unsqueeze,24,attention_non_projection,,,,,,,,,,,,,,,,graph-derived
7438,Constant_10176,,Constant,,other,,,,,,,,,,,,,,,,graph-derived
7439,/model/layers.24/self_attn/Unsqueeze_25,,Unsqueeze,24,attention_non_projection,,,,,,,,,,,,,,,,graph-derived
7440,Constant_10178,,Constant,,other,,,,,,,,,,,,,,,,graph-derived
7441,/model/layers.24/self_attn/Unsqueeze_26,,Unsqueeze,24,attention_non_projection,,,,,,,,,,,,,,,,graph-derived
7442,Constant_10180,,Constant,,other,,,,,,,,,,,,,,,,graph-derived
7443,/model/layers.24/self_attn/Unsqueeze_27,,Unsqueeze,24,attention_non_projection,,,,,,,,,,,,,,,,graph-derived
7444,/model/layers.24/self_attn/Concat_10,,Concat,24,attention_non_projection,,,,,,,,,,,,,,,,graph-derived
7445,/model/layers.24/self_attn/Reshape_6,,Reshape,24,attention_non_projection,,,,,,,,,,,,,,,,graph-derived
7446,/model/layers.24/self_attn/Shape_14,,Shape,24,attention_non_projection,,,,,,,,,,,,,,,,graph-derived
7447,/model/layers.24/self_attn/Constant_54,,Constant,24,attention_non_projection,,,,,,,,,,,,,,,,graph-derived
7448,/model/layers.24/self_attn/Gather_12,,Gather,24,attention_non_projection,,,,,,,,,,,,,,,,graph-derived
7449,/model/layers.24/self_attn/Constant_55,,Constant,24,attention_non_projection,,,,,,,,,,,,,,,,graph-derived
7450,/model/layers.24/self_attn/Constant_56,,Constant,24,attention_non_projection,,,,,,,,,,,,,,,,graph-derived
7451,/model/layers.24/self_attn/Constant_57,,Constant,24,attention_non_projection,,,,,,,,,,,,,,,,graph-derived
7452,/model/layers.24/self_attn/Unsqueeze_28,,Unsqueeze,24,attention_non_projection,,,,,,,,,,,,,,,,graph-derived
7453,/model/layers.24/self_attn/Constant_58,,Constant,24,attention_non_projection,,,,,,,,,,,,,,,,graph-derived
7454,/model/layers.24/self_attn/Slice_4,,Slice,24,attention_non_projection,,,,,,,,,,,,,,,,graph-derived
7455,/model/layers.24/self_attn/Transpose_3,,Transpose,24,attention_non_projection,,,,,,,,,,,,,,,,graph-derived
7456,/model/layers.24/self_attn/Constant_59,,Constant,24,attention_non_projection,,,,,,,,,,,,,,,,graph-derived
7457,/model/layers.24/self_attn/Mul_8,,Mul,24,attention_non_projection,,,,,,,,,,,,,,,,graph-derived
7458,/model/layers.24/self_attn/Constant_60,,Constant,24,attention_non_projection,,,,,,,,,,,,,,,,graph-derived
7459,/model/layers.24/self_attn/Mul_9,,Mul,24,attention_non_projection,,,,,,,,,,,,,,,,graph-derived
7460,/model/layers.24/self_attn/MatMul,,MatMul,24,attention_non_projection,,,,,,,,,,,,,,,,graph-derived
7461,/model/layers.24/self_attn/Constant_61,,Constant,24,attention_non_projection,,,,,,,,,,,,,,,,graph-derived
7462,/model/layers.24/self_attn/Constant_62,,Constant,24,attention_non_projection,,,,,,,,,,,,,,,,graph-derived
7463,/model/layers.24/self_attn/Where_2,,Where,24,attention_non_projection,,,,,,,,,,,,,,,,graph-derived
7464,/model/layers.24/self_attn/Add_2,,Add,24,attention_non_projection,,,,,,,,,,,,,,,,graph-derived
7465,/model/layers.24/self_attn/Softmax,,Softmax,24,attention_non_projection,,,,,,,,,,,,,,,,graph-derived
7466,/model/layers.24/self_attn/IsNaN,,IsNaN,24,attention_non_projection,,,,,,,,,,,,,,,,graph-derived
7467,/model/layers.24/self_attn/Constant_63,,Constant,24,attention_non_projection,,,,,,,,,,,,,,,,graph-derived
7468,/model/layers.24/self_attn/Where_3,,Where,24,attention_non_projection,,,,,,,,,,,,,,,,graph-derived
7469,/model/layers.24/self_attn/MatMul_1,,MatMul,24,attention_non_projection,,,,,,,,,,,,,,,,graph-derived
7470,/model/layers.24/self_attn/Transpose_4,,Transpose,24,attention_non_projection,,,,,,,,,,,,,,,,graph-derived
7471,Constant_10209,,Constant,,other,,,,,,,,,,,,,,,,graph-derived
7472,/model/layers.24/self_attn/Unsqueeze_29,,Unsqueeze,24,attention_non_projection,,,,,,,,,,,,,,,,graph-derived
7473,Constant_10211,,Constant,,other,,,,,,,,,,,,,,,,graph-derived
7474,/model/layers.24/self_attn/Unsqueeze_30,,Unsqueeze,24,attention_non_projection,,,,,,,,,,,,,,,,graph-derived
7475,/model/layers.24/self_attn/Constant_64,,Constant,24,attention_non_projection,,,,,,,,,,,,,,,,graph-derived
7476,/model/layers.24/self_attn/Concat_11,,Concat,24,attention_non_projection,,,,,,,,,,,,,,,,graph-derived
7477,/model/layers.24/self_attn/Reshape_7,,Reshape,24,attention_non_projection,,,,,,,,,,,,,,,,graph-derived
7478,/model/layers.24/self_attn/o_proj/MatMul,,MatMul,24,attention_projection,o_proj,1024,1152,float,onnx::MatMul_10749,4718592,4096,4608,once_per_decode_token,model.onnx_data,3791886848,3791886848,3,3,2,graph-derived
7479,/model/layers.24/post_attention_layernorm/Cast,,Cast,24,other,,,,,,,,,,,,,,,,graph-derived
7480,/model/layers.24/post_attention_layernorm/Constant,,Constant,24,other,,,,,,,,,,,,,,,,graph-derived
7481,/model/layers.24/post_attention_layernorm/Pow,,Pow,24,other,,,,,,,,,,,,,,,,graph-derived
7482,/model/layers.24/post_attention_layernorm/ReduceMean,,ReduceMean,24,other,,,,,,,,,,,,,,,,graph-derived
7483,/model/layers.24/post_attention_layernorm/Constant_1,,Constant,24,other,,,,,,,,,,,,,,,,graph-derived
7484,/model/layers.24/post_attention_layernorm/Add,,Add,24,other,,,,,,,,,,,,,,,,graph-derived
7485,/model/layers.24/post_attention_layernorm/Sqrt,,Sqrt,24,other,,,,,,,,,,,,,,,,graph-derived
7486,/model/layers.24/post_attention_layernorm/Constant_2,,Constant,24,other,,,,,,,,,,,,,,,,graph-derived
7487,/model/layers.24/post_attention_layernorm/Div,,Div,24,other,,,,,,,,,,,,,,,,graph-derived
7488,/model/layers.24/post_attention_layernorm/Mul,,Mul,24,other,,,,,,,,,,,,,,,,graph-derived
7489,/model/layers.24/post_attention_layernorm/Mul_1,,Mul,24,other,,,,,,,,,,,,,,,,graph-derived
7490,/model/layers.24/Add,,Add,24,other,,,,,,,,,,,,,,,,graph-derived
7491,/model/layers.24/pre_feedforward_layernorm/Cast,,Cast,24,other,,,,,,,,,,,,,,,,graph-derived
7492,/model/layers.24/pre_feedforward_layernorm/Constant,,Constant,24,other,,,,,,,,,,,,,,,,graph-derived
7493,/model/layers.24/pre_feedforward_layernorm/Pow,,Pow,24,other,,,,,,,,,,,,,,,,graph-derived
7494,/model/layers.24/pre_feedforward_layernorm/ReduceMean,,ReduceMean,24,other,,,,,,,,,,,,,,,,graph-derived
7495,/model/layers.24/pre_feedforward_layernorm/Constant_1,,Constant,24,other,,,,,,,,,,,,,,,,graph-derived
7496,/model/layers.24/pre_feedforward_layernorm/Add,,Add,24,other,,,,,,,,,,,,,,,,graph-derived
7497,/model/layers.24/pre_feedforward_layernorm/Sqrt,,Sqrt,24,other,,,,,,,,,,,,,,,,graph-derived
7498,/model/layers.24/pre_feedforward_layernorm/Constant_2,,Constant,24,other,,,,,,,,,,,,,,,,graph-derived
7499,/model/layers.24/pre_feedforward_layernorm/Div,,Div,24,other,,,,,,,,,,,,,,,,graph-derived
7500,/model/layers.24/pre_feedforward_layernorm/Mul,,Mul,24,other,,,,,,,,,,,,,,,,graph-derived
7501,/model/layers.24/pre_feedforward_layernorm/Mul_1,,Mul,24,other,,,,,,,,,,,,,,,,graph-derived
7502,/model/layers.24/mlp/gate_proj/MatMul,,MatMul,24,mlp_projection,gate_proj,1152,6912,float,onnx::MatMul_10754,31850496,4608,27648,once_per_decode_token,model.onnx_data,3796614656,3796614656,0,0,0,graph-derived
7503,/model/layers.24/mlp/act_fn/Mul,,Mul,24,mlp_non_projection,,,,,,,,,,,,,,,,graph-derived
7504,/model/layers.24/mlp/act_fn/Mul_1,,Mul,24,mlp_non_projection,,,,,,,,,,,,,,,,graph-derived
7505,/model/layers.24/mlp/act_fn/Constant,,Constant,24,mlp_non_projection,,,,,,,,,,,,,,,,graph-derived
7506,/model/layers.24/mlp/act_fn/Mul_2,,Mul,24,mlp_non_projection,,,,,,,,,,,,,,,,graph-derived
7507,/model/layers.24/mlp/act_fn/Add,,Add,24,mlp_non_projection,,,,,,,,,,,,,,,,graph-derived
7508,/model/layers.24/mlp/act_fn/Constant_1,,Constant,24,mlp_non_projection,,,,,,,,,,,,,,,,graph-derived
7509,/model/layers.24/mlp/act_fn/Mul_3,,Mul,24,mlp_non_projection,,,,,,,,,,,,,,,,graph-derived
7510,/model/layers.24/mlp/act_fn/Tanh,,Tanh,24,mlp_non_projection,,,,,,,,,,,,,,,,graph-derived
7511,/model/layers.24/mlp/act_fn/Constant_2,,Constant,24,mlp_non_projection,,,,,,,,,,,,,,,,graph-derived
7512,/model/layers.24/mlp/act_fn/Add_1,,Add,24,mlp_non_projection,,,,,,,,,,,,,,,,graph-derived
7513,/model/layers.24/mlp/act_fn/Mul_4,,Mul,24,mlp_non_projection,,,,,,,,,,,,,,,,graph-derived
7514,/model/layers.24/mlp/act_fn/Constant_3,,Constant,24,mlp_non_projection,,,,,,,,,,,,,,,,graph-derived
7515,/model/layers.24/mlp/act_fn/Mul_5,,Mul,24,mlp_non_projection,,,,,,,,,,,,,,,,graph-derived
7516,/model/layers.24/mlp/up_proj/MatMul,,MatMul,24,mlp_projection,up_proj,1152,6912,float,onnx::MatMul_10755,31850496,4608,27648,once_per_decode_token,model.onnx_data,3828465152,3828465152,1,0,2,graph-derived
7517,/model/layers.24/mlp/Mul,,Mul,24,mlp_non_projection,,,,,,,,,,,,,,,,graph-derived
7518,/model/layers.24/mlp/down_proj/MatMul,,MatMul,24,mlp_projection,down_proj,6912,1152,float,onnx::MatMul_10756,31850496,27648,4608,once_per_decode_token,model.onnx_data,3860315648,3860315648,2,3,0,graph-derived
7519,/model/layers.24/post_feedforward_layernorm/Cast,,Cast,24,other,,,,,,,,,,,,,,,,graph-derived
7520,/model/layers.24/post_feedforward_layernorm/Constant,,Constant,24,other,,,,,,,,,,,,,,,,graph-derived
7521,/model/layers.24/post_feedforward_layernorm/Pow,,Pow,24,other,,,,,,,,,,,,,,,,graph-derived
7522,/model/layers.24/post_feedforward_layernorm/ReduceMean,,ReduceMean,24,other,,,,,,,,,,,,,,,,graph-derived
7523,/model/layers.24/post_feedforward_layernorm/Constant_1,,Constant,24,other,,,,,,,,,,,,,,,,graph-derived
7524,/model/layers.24/post_feedforward_layernorm/Add,,Add,24,other,,,,,,,,,,,,,,,,graph-derived
7525,/model/layers.24/post_feedforward_layernorm/Sqrt,,Sqrt,24,other,,,,,,,,,,,,,,,,graph-derived
7526,/model/layers.24/post_feedforward_layernorm/Constant_2,,Constant,24,other,,,,,,,,,,,,,,,,graph-derived
7527,/model/layers.24/post_feedforward_layernorm/Div,,Div,24,other,,,,,,,,,,,,,,,,graph-derived
7528,/model/layers.24/post_feedforward_layernorm/Mul,,Mul,24,other,,,,,,,,,,,,,,,,graph-derived
7529,/model/layers.24/post_feedforward_layernorm/Mul_1,,Mul,24,other,,,,,,,,,,,,,,,,graph-derived
7530,/model/layers.24/Add_1,,Add,24,other,,,,,,,,,,,,,,,,graph-derived
7531,/model/layers.25/input_layernorm/Cast,,Cast,25,other,,,,,,,,,,,,,,,,graph-derived
7532,/model/layers.25/input_layernorm/Constant,,Constant,25,other,,,,,,,,,,,,,,,,graph-derived
7533,/model/layers.25/input_layernorm/Pow,,Pow,25,other,,,,,,,,,,,,,,,,graph-derived
7534,/model/layers.25/input_layernorm/ReduceMean,,ReduceMean,25,other,,,,,,,,,,,,,,,,graph-derived
7535,/model/layers.25/input_layernorm/Constant_1,,Constant,25,other,,,,,,,,,,,,,,,,graph-derived
7536,/model/layers.25/input_layernorm/Add,,Add,25,other,,,,,,,,,,,,,,,,graph-derived
7537,/model/layers.25/input_layernorm/Sqrt,,Sqrt,25,other,,,,,,,,,,,,,,,,graph-derived
7538,/model/layers.25/input_layernorm/Constant_2,,Constant,25,other,,,,,,,,,,,,,,,,graph-derived
7539,/model/layers.25/input_layernorm/Div,,Div,25,other,,,,,,,,,,,,,,,,graph-derived
7540,/model/layers.25/input_layernorm/Mul,,Mul,25,other,,,,,,,,,,,,,,,,graph-derived
7541,/model/layers.25/input_layernorm/Mul_1,,Mul,25,other,,,,,,,,,,,,,,,,graph-derived
7542,/model/layers.25/self_attn/Shape,,Shape,25,attention_non_projection,,,,,,,,,,,,,,,,graph-derived
7543,/model/layers.25/self_attn/Constant,,Constant,25,attention_non_projection,,,,,,,,,,,,,,,,graph-derived
7544,/model/layers.25/self_attn/Gather,,Gather,25,attention_non_projection,,,,,,,,,,,,,,,,graph-derived
7545,/model/layers.25/self_attn/Shape_1,,Shape,25,attention_non_projection,,,,,,,,,,,,,,,,graph-derived
7546,/model/layers.25/self_attn/Constant_1,,Constant,25,attention_non_projection,,,,,,,,,,,,,,,,graph-derived
7547,/model/layers.25/self_attn/Gather_1,,Gather,25,attention_non_projection,,,,,,,,,,,,,,,,graph-derived
7548,/model/layers.25/self_attn/q_proj/MatMul,,MatMul,25,attention_projection,q_proj,1152,1024,float,onnx::MatMul_10761,4718592,4608,4096,once_per_decode_token,model.onnx_data,3892175360,3892175360,0,2,3,graph-derived
7549,Constant_10287,,Constant,,other,,,,,,,,,,,,,,,,graph-derived
7550,/model/layers.25/self_attn/Unsqueeze,,Unsqueeze,25,attention_non_projection,,,,,,,,,,,,,,,,graph-derived
7551,Constant_10289,,Constant,,other,,,,,,,,,,,,,,,,graph-derived
7552,/model/layers.25/self_attn/Unsqueeze_1,,Unsqueeze,25,attention_non_projection,,,,,,,,,,,,,,,,graph-derived
7553,/model/layers.25/self_attn/Constant_2,,Constant,25,attention_non_projection,,,,,,,,,,,,,,,,graph-derived
7554,/model/layers.25/self_attn/Constant_3,,Constant,25,attention_non_projection,,,,,,,,,,,,,,,,graph-derived
7555,/model/layers.25/self_attn/Concat,,Concat,25,attention_non_projection,,,,,,,,,,,,,,,,graph-derived
7556,Constant_10294,,Constant,,other,,,,,,,,,,,,,,,,graph-derived
7557,/model/layers.25/self_attn/Unsqueeze_2,,Unsqueeze,25,attention_non_projection,,,,,,,,,,,,,,,,graph-derived
7558,Constant_10296,,Constant,,other,,,,,,,,,,,,,,,,graph-derived
7559,/model/layers.25/self_attn/Unsqueeze_3,,Unsqueeze,25,attention_non_projection,,,,,,,,,,,,,,,,graph-derived
7560,/model/layers.25/self_attn/Constant_4,,Constant,25,attention_non_projection,,,,,,,,,,,,,,,,graph-derived
7561,/model/layers.25/self_attn/Constant_5,,Constant,25,attention_non_projection,,,,,,,,,,,,,,,,graph-derived
7562,/model/layers.25/self_attn/Concat_1,,Concat,25,attention_non_projection,,,,,,,,,,,,,,,,graph-derived
7563,Constant_10301,,Constant,,other,,,,,,,,,,,,,,,,graph-derived
7564,/model/layers.25/self_attn/Unsqueeze_4,,Unsqueeze,25,attention_non_projection,,,,,,,,,,,,,,,,graph-derived
7565,Constant_10303,,Constant,,other,,,,,,,,,,,,,,,,graph-derived
7566,/model/layers.25/self_attn/Unsqueeze_5,,Unsqueeze,25,attention_non_projection,,,,,,,,,,,,,,,,graph-derived
7567,/model/layers.25/self_attn/Constant_6,,Constant,25,attention_non_projection,,,,,,,,,,,,,,,,graph-derived
7568,/model/layers.25/self_attn/Constant_7,,Constant,25,attention_non_projection,,,,,,,,,,,,,,,,graph-derived
7569,/model/layers.25/self_attn/Concat_2,,Concat,25,attention_non_projection,,,,,,,,,,,,,,,,graph-derived
7570,/model/layers.25/self_attn/Reshape,,Reshape,25,attention_non_projection,,,,,,,,,,,,,,,,graph-derived
7571,/model/layers.25/self_attn/Transpose,,Transpose,25,attention_non_projection,,,,,,,,,,,,,,,,graph-derived
7572,/model/layers.25/self_attn/k_proj/MatMul,,MatMul,25,attention_projection,k_proj,1152,256,float,onnx::MatMul_10768,1179648,4608,1024,once_per_decode_token,model.onnx_data,3896893952,3896893952,1,0,1,graph-derived
7573,/model/layers.25/self_attn/Reshape_1,,Reshape,25,attention_non_projection,,,,,,,,,,,,,,,,graph-derived
7574,/model/layers.25/self_attn/Transpose_1,,Transpose,25,attention_non_projection,,,,,,,,,,,,,,,,graph-derived
7575,/model/layers.25/self_attn/v_proj/MatMul,,MatMul,25,attention_projection,v_proj,1152,256,float,onnx::MatMul_10769,1179648,4608,1024,once_per_decode_token,model.onnx_data,3898073600,3898073600,2,2,3,graph-derived
7576,/model/layers.25/self_attn/Reshape_2,,Reshape,25,attention_non_projection,,,,,,,,,,,,,,,,graph-derived
7577,/model/layers.25/self_attn/Transpose_2,,Transpose,25,attention_non_projection,,,,,,,,,,,,,,,,graph-derived
7578,/model/layers.25/self_attn/q_norm/Cast,,Cast,25,attention_non_projection,,,,,,,,,,,,,,,,graph-derived
7579,/model/layers.25/self_attn/q_norm/Constant,,Constant,25,attention_non_projection,,,,,,,,,,,,,,,,graph-derived
7580,/model/layers.25/self_attn/q_norm/Pow,,Pow,25,attention_non_projection,,,,,,,,,,,,,,,,graph-derived
7581,/model/layers.25/self_attn/q_norm/ReduceMean,,ReduceMean,25,attention_non_projection,,,,,,,,,,,,,,,,graph-derived
7582,/model/layers.25/self_attn/q_norm/Constant_1,,Constant,25,attention_non_projection,,,,,,,,,,,,,,,,graph-derived
7583,/model/layers.25/self_attn/q_norm/Add,,Add,25,attention_non_projection,,,,,,,,,,,,,,,,graph-derived
7584,/model/layers.25/self_attn/q_norm/Sqrt,,Sqrt,25,attention_non_projection,,,,,,,,,,,,,,,,graph-derived
7585,/model/layers.25/self_attn/q_norm/Constant_2,,Constant,25,attention_non_projection,,,,,,,,,,,,,,,,graph-derived
7586,/model/layers.25/self_attn/q_norm/Div,,Div,25,attention_non_projection,,,,,,,,,,,,,,,,graph-derived
7587,/model/layers.25/self_attn/q_norm/Mul,,Mul,25,attention_non_projection,,,,,,,,,,,,,,,,graph-derived
7588,/model/layers.25/self_attn/q_norm/Mul_1,,Mul,25,attention_non_projection,,,,,,,,,,,,,,,,graph-derived
7589,/model/layers.25/self_attn/k_norm/Cast,,Cast,25,attention_non_projection,,,,,,,,,,,,,,,,graph-derived
7590,/model/layers.25/self_attn/k_norm/Constant,,Constant,25,attention_non_projection,,,,,,,,,,,,,,,,graph-derived
7591,/model/layers.25/self_attn/k_norm/Pow,,Pow,25,attention_non_projection,,,,,,,,,,,,,,,,graph-derived
7592,/model/layers.25/self_attn/k_norm/ReduceMean,,ReduceMean,25,attention_non_projection,,,,,,,,,,,,,,,,graph-derived
7593,/model/layers.25/self_attn/k_norm/Constant_1,,Constant,25,attention_non_projection,,,,,,,,,,,,,,,,graph-derived
7594,/model/layers.25/self_attn/k_norm/Add,,Add,25,attention_non_projection,,,,,,,,,,,,,,,,graph-derived
7595,/model/layers.25/self_attn/k_norm/Sqrt,,Sqrt,25,attention_non_projection,,,,,,,,,,,,,,,,graph-derived
7596,/model/layers.25/self_attn/k_norm/Constant_2,,Constant,25,attention_non_projection,,,,,,,,,,,,,,,,graph-derived
7597,/model/layers.25/self_attn/k_norm/Div,,Div,25,attention_non_projection,,,,,,,,,,,,,,,,graph-derived
7598,/model/layers.25/self_attn/k_norm/Mul,,Mul,25,attention_non_projection,,,,,,,,,,,,,,,,graph-derived
7599,/model/layers.25/self_attn/k_norm/Mul_1,,Mul,25,attention_non_projection,,,,,,,,,,,,,,,,graph-derived
7600,/model/layers.25/self_attn/Mul,,Mul,25,attention_non_projection,,,,,,,,,,,,,,,,graph-derived
7601,/model/layers.25/self_attn/Shape_2,,Shape,25,attention_non_projection,,,,,,,,,,,,,,,,graph-derived
7602,/model/layers.25/self_attn/Constant_8,,Constant,25,attention_non_projection,,,,,,,,,,,,,,,,graph-derived
7603,/model/layers.25/self_attn/Gather_2,,Gather,25,attention_non_projection,,,,,,,,,,,,,,,,graph-derived
7604,/model/layers.25/self_attn/Constant_9,,Constant,25,attention_non_projection,,,,,,,,,,,,,,,,graph-derived
7605,/model/layers.25/self_attn/Div,,Div,25,attention_non_projection,,,,,,,,,,,,,,,,graph-derived
7606,/model/layers.25/self_attn/Cast,,Cast,25,attention_non_projection,,,,,,,,,,,,,,,,graph-derived
7607,/model/layers.25/self_attn/Cast_1,,Cast,25,attention_non_projection,,,,,,,,,,,,,,,,graph-derived
7608,/model/layers.25/self_attn/Constant_10,,Constant,25,attention_non_projection,,,,,,,,,,,,,,,,graph-derived
7609,/model/layers.25/self_attn/Constant_11,,Constant,25,attention_non_projection,,,,,,,,,,,,,,,,graph-derived
7610,/model/layers.25/self_attn/Constant_12,,Constant,25,attention_non_projection,,,,,,,,,,,,,,,,graph-derived
7611,/model/layers.25/self_attn/Unsqueeze_6,,Unsqueeze,25,attention_non_projection,,,,,,,,,,,,,,,,graph-derived
7612,/model/layers.25/self_attn/Constant_13,,Constant,25,attention_non_projection,,,,,,,,,,,,,,,,graph-derived
7613,/model/layers.25/self_attn/Slice,,Slice,25,attention_non_projection,,,,,,,,,,,,,,,,graph-derived
7614,/model/layers.25/self_attn/Constant_14,,Constant,25,attention_non_projection,,,,,,,,,,,,,,,,graph-derived
7615,/model/layers.25/self_attn/Constant_15,,Constant,25,attention_non_projection,,,,,,,,,,,,,,,,graph-derived
7616,/model/layers.25/self_attn/Unsqueeze_7,,Unsqueeze,25,attention_non_projection,,,,,,,,,,,,,,,,graph-derived
7617,/model/layers.25/self_attn/Constant_16,,Constant,25,attention_non_projection,,,,,,,,,,,,,,,,graph-derived
7618,/model/layers.25/self_attn/Constant_17,,Constant,25,attention_non_projection,,,,,,,,,,,,,,,,graph-derived
7619,/model/layers.25/self_attn/Slice_1,,Slice,25,attention_non_projection,,,,,,,,,,,,,,,,graph-derived
7620,/model/layers.25/self_attn/Neg,,Neg,25,attention_non_projection,,,,,,,,,,,,,,,,graph-derived
7621,/model/layers.25/self_attn/Concat_3,,Concat,25,attention_non_projection,,,,,,,,,,,,,,,,graph-derived
7622,/model/layers.25/self_attn/Mul_1,,Mul,25,attention_non_projection,,,,,,,,,,,,,,,,graph-derived
7623,/model/layers.25/self_attn/Add,,Add,25,attention_non_projection,,,,,,,,,,,,,,,,graph-derived
7624,/model/layers.25/self_attn/Mul_2,,Mul,25,attention_non_projection,,,,,,,,,,,,,,,,graph-derived
7625,/model/layers.25/self_attn/Shape_3,,Shape,25,attention_non_projection,,,,,,,,,,,,,,,,graph-derived
7626,/model/layers.25/self_attn/Constant_18,,Constant,25,attention_non_projection,,,,,,,,,,,,,,,,graph-derived
7627,/model/layers.25/self_attn/Gather_3,,Gather,25,attention_non_projection,,,,,,,,,,,,,,,,graph-derived
7628,/model/layers.25/self_attn/Constant_19,,Constant,25,attention_non_projection,,,,,,,,,,,,,,,,graph-derived
7629,/model/layers.25/self_attn/Div_1,,Div,25,attention_non_projection,,,,,,,,,,,,,,,,graph-derived
7630,/model/layers.25/self_attn/Cast_2,,Cast,25,attention_non_projection,,,,,,,,,,,,,,,,graph-derived
7631,/model/layers.25/self_attn/Cast_3,,Cast,25,attention_non_projection,,,,,,,,,,,,,,,,graph-derived
7632,/model/layers.25/self_attn/Constant_20,,Constant,25,attention_non_projection,,,,,,,,,,,,,,,,graph-derived
7633,/model/layers.25/self_attn/Constant_21,,Constant,25,attention_non_projection,,,,,,,,,,,,,,,,graph-derived
7634,/model/layers.25/self_attn/Constant_22,,Constant,25,attention_non_projection,,,,,,,,,,,,,,,,graph-derived
7635,/model/layers.25/self_attn/Unsqueeze_8,,Unsqueeze,25,attention_non_projection,,,,,,,,,,,,,,,,graph-derived
7636,/model/layers.25/self_attn/Constant_23,,Constant,25,attention_non_projection,,,,,,,,,,,,,,,,graph-derived
7637,/model/layers.25/self_attn/Slice_2,,Slice,25,attention_non_projection,,,,,,,,,,,,,,,,graph-derived
7638,/model/layers.25/self_attn/Constant_24,,Constant,25,attention_non_projection,,,,,,,,,,,,,,,,graph-derived
7639,/model/layers.25/self_attn/Constant_25,,Constant,25,attention_non_projection,,,,,,,,,,,,,,,,graph-derived
7640,/model/layers.25/self_attn/Unsqueeze_9,,Unsqueeze,25,attention_non_projection,,,,,,,,,,,,,,,,graph-derived
7641,/model/layers.25/self_attn/Constant_26,,Constant,25,attention_non_projection,,,,,,,,,,,,,,,,graph-derived
7642,/model/layers.25/self_attn/Constant_27,,Constant,25,attention_non_projection,,,,,,,,,,,,,,,,graph-derived
7643,/model/layers.25/self_attn/Slice_3,,Slice,25,attention_non_projection,,,,,,,,,,,,,,,,graph-derived
7644,/model/layers.25/self_attn/Neg_1,,Neg,25,attention_non_projection,,,,,,,,,,,,,,,,graph-derived
7645,/model/layers.25/self_attn/Concat_4,,Concat,25,attention_non_projection,,,,,,,,,,,,,,,,graph-derived
7646,/model/layers.25/self_attn/Mul_3,,Mul,25,attention_non_projection,,,,,,,,,,,,,,,,graph-derived
7647,/model/layers.25/self_attn/Add_1,,Add,25,attention_non_projection,,,,,,,,,,,,,,,,graph-derived
7648,/model/layers.25/self_attn/Concat_5,,Concat,25,attention_non_projection,,,,,,,,,,,,,,,,graph-derived
7649,/model/layers.25/self_attn/Concat_6,,Concat,25,attention_non_projection,,,,,,,,,,,,,,,,graph-derived
7650,/model/layers.25/self_attn/Shape_4,,Shape,25,attention_non_projection,,,,,,,,,,,,,,,,graph-derived
7651,/model/layers.25/self_attn/Constant_28,,Constant,25,attention_non_projection,,,,,,,,,,,,,,,,graph-derived
7652,/model/layers.25/self_attn/Gather_4,,Gather,25,attention_non_projection,,,,,,,,,,,,,,,,graph-derived
7653,/model/layers.25/self_attn/Shape_5,,Shape,25,attention_non_projection,,,,,,,,,,,,,,,,graph-derived
7654,/model/layers.25/self_attn/Constant_29,,Constant,25,attention_non_projection,,,,,,,,,,,,,,,,graph-derived
7655,/model/layers.25/self_attn/Gather_5,,Gather,25,attention_non_projection,,,,,,,,,,,,,,,,graph-derived
7656,/model/layers.25/self_attn/Shape_6,,Shape,25,attention_non_projection,,,,,,,,,,,,,,,,graph-derived
7657,/model/layers.25/self_attn/Constant_30,,Constant,25,attention_non_projection,,,,,,,,,,,,,,,,graph-derived
7658,/model/layers.25/self_attn/Gather_6,,Gather,25,attention_non_projection,,,,,,,,,,,,,,,,graph-derived
7659,/model/layers.25/self_attn/Shape_7,,Shape,25,attention_non_projection,,,,,,,,,,,,,,,,graph-derived
7660,/model/layers.25/self_attn/Constant_31,,Constant,25,attention_non_projection,,,,,,,,,,,,,,,,graph-derived
7661,/model/layers.25/self_attn/Gather_7,,Gather,25,attention_non_projection,,,,,,,,,,,,,,,,graph-derived
7662,/model/layers.25/self_attn/Constant_32,,Constant,25,attention_non_projection,,,,,,,,,,,,,,,,graph-derived
7663,/model/layers.25/self_attn/Unsqueeze_10,,Unsqueeze,25,attention_non_projection,,,,,,,,,,,,,,,,graph-derived
7664,/model/layers.25/self_attn/Constant_33,,Constant,25,attention_non_projection,,,,,,,,,,,,,,,,graph-derived
7665,/model/layers.25/self_attn/Unsqueeze_11,,Unsqueeze,25,attention_non_projection,,,,,,,,,,,,,,,,graph-derived
7666,/model/layers.25/self_attn/Constant_34,,Constant,25,attention_non_projection,,,,,,,,,,,,,,,,graph-derived
7667,/model/layers.25/self_attn/Unsqueeze_12,,Unsqueeze,25,attention_non_projection,,,,,,,,,,,,,,,,graph-derived
7668,/model/layers.25/self_attn/Constant_35,,Constant,25,attention_non_projection,,,,,,,,,,,,,,,,graph-derived
7669,/model/layers.25/self_attn/Constant_36,,Constant,25,attention_non_projection,,,,,,,,,,,,,,,,graph-derived
7670,/model/layers.25/self_attn/Unsqueeze_13,,Unsqueeze,25,attention_non_projection,,,,,,,,,,,,,,,,graph-derived
7671,/model/layers.25/self_attn/Constant_37,,Constant,25,attention_non_projection,,,,,,,,,,,,,,,,graph-derived
7672,/model/layers.25/self_attn/Unsqueeze_14,,Unsqueeze,25,attention_non_projection,,,,,,,,,,,,,,,,graph-derived
7673,/model/layers.25/self_attn/Concat_7,,Concat,25,attention_non_projection,,,,,,,,,,,,,,,,graph-derived
7674,/model/layers.25/self_attn/Constant_38,,Constant,25,attention_non_projection,,,,,,,,,,,,,,,,graph-derived
7675,/model/layers.25/self_attn/Reshape_3,,Reshape,25,attention_non_projection,,,,,,,,,,,,,,,,graph-derived
7676,/model/layers.25/self_attn/Shape_8,,Shape,25,attention_non_projection,,,,,,,,,,,,,,,,graph-derived
7677,/model/layers.25/self_attn/ConstantOfShape,,ConstantOfShape,25,attention_non_projection,,,,,,,,,,,,,,,,graph-derived
7678,/model/layers.25/self_attn/Constant_39,,Constant,25,attention_non_projection,,,,,,,,,,,,,,,,graph-derived
7679,/model/layers.25/self_attn/Mul_4,,Mul,25,attention_non_projection,,,,,,,,,,,,,,,,graph-derived
7680,/model/layers.25/self_attn/Equal,,Equal,25,attention_non_projection,,,,,,,,,,,,,,,,graph-derived
7681,/model/layers.25/self_attn/Where,,Where,25,attention_non_projection,,,,,,,,,,,,,,,,graph-derived
7682,/model/layers.25/self_attn/Expand,,Expand,25,attention_non_projection,,,,,,,,,,,,,,,,graph-derived
7683,/model/layers.25/self_attn/Constant_40,,Constant,25,attention_non_projection,,,,,,,,,,,,,,,,graph-derived
7684,/model/layers.25/self_attn/Mul_5,,Mul,25,attention_non_projection,,,,,,,,,,,,,,,,graph-derived
7685,Constant_10423,,Constant,,other,,,,,,,,,,,,,,,,graph-derived
7686,/model/layers.25/self_attn/Unsqueeze_15,,Unsqueeze,25,attention_non_projection,,,,,,,,,,,,,,,,graph-derived
7687,Constant_10425,,Constant,,other,,,,,,,,,,,,,,,,graph-derived
7688,/model/layers.25/self_attn/Unsqueeze_16,,Unsqueeze,25,attention_non_projection,,,,,,,,,,,,,,,,graph-derived
7689,Constant_10427,,Constant,,other,,,,,,,,,,,,,,,,graph-derived
7690,/model/layers.25/self_attn/Unsqueeze_17,,Unsqueeze,25,attention_non_projection,,,,,,,,,,,,,,,,graph-derived
7691,Constant_10429,,Constant,,other,,,,,,,,,,,,,,,,graph-derived
7692,/model/layers.25/self_attn/Unsqueeze_18,,Unsqueeze,25,attention_non_projection,,,,,,,,,,,,,,,,graph-derived
7693,/model/layers.25/self_attn/Concat_8,,Concat,25,attention_non_projection,,,,,,,,,,,,,,,,graph-derived
7694,/model/layers.25/self_attn/Reshape_4,,Reshape,25,attention_non_projection,,,,,,,,,,,,,,,,graph-derived
7695,/model/layers.25/self_attn/Shape_9,,Shape,25,attention_non_projection,,,,,,,,,,,,,,,,graph-derived
7696,/model/layers.25/self_attn/Constant_41,,Constant,25,attention_non_projection,,,,,,,,,,,,,,,,graph-derived
7697,/model/layers.25/self_attn/Gather_8,,Gather,25,attention_non_projection,,,,,,,,,,,,,,,,graph-derived
7698,/model/layers.25/self_attn/Shape_10,,Shape,25,attention_non_projection,,,,,,,,,,,,,,,,graph-derived
7699,/model/layers.25/self_attn/Constant_42,,Constant,25,attention_non_projection,,,,,,,,,,,,,,,,graph-derived
7700,/model/layers.25/self_attn/Gather_9,,Gather,25,attention_non_projection,,,,,,,,,,,,,,,,graph-derived
7701,/model/layers.25/self_attn/Shape_11,,Shape,25,attention_non_projection,,,,,,,,,,,,,,,,graph-derived
7702,/model/layers.25/self_attn/Constant_43,,Constant,25,attention_non_projection,,,,,,,,,,,,,,,,graph-derived
7703,/model/layers.25/self_attn/Gather_10,,Gather,25,attention_non_projection,,,,,,,,,,,,,,,,graph-derived
7704,/model/layers.25/self_attn/Shape_12,,Shape,25,attention_non_projection,,,,,,,,,,,,,,,,graph-derived
7705,/model/layers.25/self_attn/Constant_44,,Constant,25,attention_non_projection,,,,,,,,,,,,,,,,graph-derived
7706,/model/layers.25/self_attn/Gather_11,,Gather,25,attention_non_projection,,,,,,,,,,,,,,,,graph-derived
7707,/model/layers.25/self_attn/Constant_45,,Constant,25,attention_non_projection,,,,,,,,,,,,,,,,graph-derived
7708,/model/layers.25/self_attn/Unsqueeze_19,,Unsqueeze,25,attention_non_projection,,,,,,,,,,,,,,,,graph-derived
7709,/model/layers.25/self_attn/Constant_46,,Constant,25,attention_non_projection,,,,,,,,,,,,,,,,graph-derived
7710,/model/layers.25/self_attn/Unsqueeze_20,,Unsqueeze,25,attention_non_projection,,,,,,,,,,,,,,,,graph-derived
7711,/model/layers.25/self_attn/Constant_47,,Constant,25,attention_non_projection,,,,,,,,,,,,,,,,graph-derived
7712,/model/layers.25/self_attn/Unsqueeze_21,,Unsqueeze,25,attention_non_projection,,,,,,,,,,,,,,,,graph-derived
7713,/model/layers.25/self_attn/Constant_48,,Constant,25,attention_non_projection,,,,,,,,,,,,,,,,graph-derived
7714,/model/layers.25/self_attn/Constant_49,,Constant,25,attention_non_projection,,,,,,,,,,,,,,,,graph-derived
7715,/model/layers.25/self_attn/Unsqueeze_22,,Unsqueeze,25,attention_non_projection,,,,,,,,,,,,,,,,graph-derived
7716,/model/layers.25/self_attn/Constant_50,,Constant,25,attention_non_projection,,,,,,,,,,,,,,,,graph-derived
7717,/model/layers.25/self_attn/Unsqueeze_23,,Unsqueeze,25,attention_non_projection,,,,,,,,,,,,,,,,graph-derived
7718,/model/layers.25/self_attn/Concat_9,,Concat,25,attention_non_projection,,,,,,,,,,,,,,,,graph-derived
7719,/model/layers.25/self_attn/Constant_51,,Constant,25,attention_non_projection,,,,,,,,,,,,,,,,graph-derived
7720,/model/layers.25/self_attn/Reshape_5,,Reshape,25,attention_non_projection,,,,,,,,,,,,,,,,graph-derived
7721,/model/layers.25/self_attn/Shape_13,,Shape,25,attention_non_projection,,,,,,,,,,,,,,,,graph-derived
7722,/model/layers.25/self_attn/ConstantOfShape_1,,ConstantOfShape,25,attention_non_projection,,,,,,,,,,,,,,,,graph-derived
7723,/model/layers.25/self_attn/Constant_52,,Constant,25,attention_non_projection,,,,,,,,,,,,,,,,graph-derived
7724,/model/layers.25/self_attn/Mul_6,,Mul,25,attention_non_projection,,,,,,,,,,,,,,,,graph-derived
7725,/model/layers.25/self_attn/Equal_1,,Equal,25,attention_non_projection,,,,,,,,,,,,,,,,graph-derived
7726,/model/layers.25/self_attn/Where_1,,Where,25,attention_non_projection,,,,,,,,,,,,,,,,graph-derived
7727,/model/layers.25/self_attn/Expand_1,,Expand,25,attention_non_projection,,,,,,,,,,,,,,,,graph-derived
7728,/model/layers.25/self_attn/Constant_53,,Constant,25,attention_non_projection,,,,,,,,,,,,,,,,graph-derived
7729,/model/layers.25/self_attn/Mul_7,,Mul,25,attention_non_projection,,,,,,,,,,,,,,,,graph-derived
7730,Constant_10468,,Constant,,other,,,,,,,,,,,,,,,,graph-derived
7731,/model/layers.25/self_attn/Unsqueeze_24,,Unsqueeze,25,attention_non_projection,,,,,,,,,,,,,,,,graph-derived
7732,Constant_10470,,Constant,,other,,,,,,,,,,,,,,,,graph-derived
7733,/model/layers.25/self_attn/Unsqueeze_25,,Unsqueeze,25,attention_non_projection,,,,,,,,,,,,,,,,graph-derived
7734,Constant_10472,,Constant,,other,,,,,,,,,,,,,,,,graph-derived
7735,/model/layers.25/self_attn/Unsqueeze_26,,Unsqueeze,25,attention_non_projection,,,,,,,,,,,,,,,,graph-derived
7736,Constant_10474,,Constant,,other,,,,,,,,,,,,,,,,graph-derived
7737,/model/layers.25/self_attn/Unsqueeze_27,,Unsqueeze,25,attention_non_projection,,,,,,,,,,,,,,,,graph-derived
7738,/model/layers.25/self_attn/Concat_10,,Concat,25,attention_non_projection,,,,,,,,,,,,,,,,graph-derived
7739,/model/layers.25/self_attn/Reshape_6,,Reshape,25,attention_non_projection,,,,,,,,,,,,,,,,graph-derived
7740,/model/layers.25/self_attn/Shape_14,,Shape,25,attention_non_projection,,,,,,,,,,,,,,,,graph-derived
7741,/model/layers.25/self_attn/Constant_54,,Constant,25,attention_non_projection,,,,,,,,,,,,,,,,graph-derived
7742,/model/layers.25/self_attn/Gather_12,,Gather,25,attention_non_projection,,,,,,,,,,,,,,,,graph-derived
7743,/model/layers.25/self_attn/Constant_55,,Constant,25,attention_non_projection,,,,,,,,,,,,,,,,graph-derived
7744,/model/layers.25/self_attn/Constant_56,,Constant,25,attention_non_projection,,,,,,,,,,,,,,,,graph-derived
7745,/model/layers.25/self_attn/Constant_57,,Constant,25,attention_non_projection,,,,,,,,,,,,,,,,graph-derived
7746,/model/layers.25/self_attn/Unsqueeze_28,,Unsqueeze,25,attention_non_projection,,,,,,,,,,,,,,,,graph-derived
7747,/model/layers.25/self_attn/Constant_58,,Constant,25,attention_non_projection,,,,,,,,,,,,,,,,graph-derived
7748,/model/layers.25/self_attn/Slice_4,,Slice,25,attention_non_projection,,,,,,,,,,,,,,,,graph-derived
7749,/model/layers.25/self_attn/Transpose_3,,Transpose,25,attention_non_projection,,,,,,,,,,,,,,,,graph-derived
7750,/model/layers.25/self_attn/Constant_59,,Constant,25,attention_non_projection,,,,,,,,,,,,,,,,graph-derived
7751,/model/layers.25/self_attn/Mul_8,,Mul,25,attention_non_projection,,,,,,,,,,,,,,,,graph-derived
7752,/model/layers.25/self_attn/Constant_60,,Constant,25,attention_non_projection,,,,,,,,,,,,,,,,graph-derived
7753,/model/layers.25/self_attn/Mul_9,,Mul,25,attention_non_projection,,,,,,,,,,,,,,,,graph-derived
7754,/model/layers.25/self_attn/MatMul,,MatMul,25,attention_non_projection,,,,,,,,,,,,,,,,graph-derived
7755,/model/layers.25/self_attn/Constant_61,,Constant,25,attention_non_projection,,,,,,,,,,,,,,,,graph-derived
7756,/model/layers.25/self_attn/Constant_62,,Constant,25,attention_non_projection,,,,,,,,,,,,,,,,graph-derived
7757,/model/layers.25/self_attn/Where_2,,Where,25,attention_non_projection,,,,,,,,,,,,,,,,graph-derived
7758,/model/layers.25/self_attn/Add_2,,Add,25,attention_non_projection,,,,,,,,,,,,,,,,graph-derived
7759,/model/layers.25/self_attn/Softmax,,Softmax,25,attention_non_projection,,,,,,,,,,,,,,,,graph-derived
7760,/model/layers.25/self_attn/IsNaN,,IsNaN,25,attention_non_projection,,,,,,,,,,,,,,,,graph-derived
7761,/model/layers.25/self_attn/Constant_63,,Constant,25,attention_non_projection,,,,,,,,,,,,,,,,graph-derived
7762,/model/layers.25/self_attn/Where_3,,Where,25,attention_non_projection,,,,,,,,,,,,,,,,graph-derived
7763,/model/layers.25/self_attn/MatMul_1,,MatMul,25,attention_non_projection,,,,,,,,,,,,,,,,graph-derived
7764,/model/layers.25/self_attn/Transpose_4,,Transpose,25,attention_non_projection,,,,,,,,,,,,,,,,graph-derived
7765,Constant_10503,,Constant,,other,,,,,,,,,,,,,,,,graph-derived
7766,/model/layers.25/self_attn/Unsqueeze_29,,Unsqueeze,25,attention_non_projection,,,,,,,,,,,,,,,,graph-derived
7767,Constant_10505,,Constant,,other,,,,,,,,,,,,,,,,graph-derived
7768,/model/layers.25/self_attn/Unsqueeze_30,,Unsqueeze,25,attention_non_projection,,,,,,,,,,,,,,,,graph-derived
7769,/model/layers.25/self_attn/Constant_64,,Constant,25,attention_non_projection,,,,,,,,,,,,,,,,graph-derived
7770,/model/layers.25/self_attn/Concat_11,,Concat,25,attention_non_projection,,,,,,,,,,,,,,,,graph-derived
7771,/model/layers.25/self_attn/Reshape_7,,Reshape,25,attention_non_projection,,,,,,,,,,,,,,,,graph-derived
7772,/model/layers.25/self_attn/o_proj/MatMul,,MatMul,25,attention_projection,o_proj,1024,1152,float,onnx::MatMul_10796,4718592,4096,4608,once_per_decode_token,model.onnx_data,3899255296,3899255296,3,0,1,graph-derived
7773,/model/layers.25/post_attention_layernorm/Cast,,Cast,25,other,,,,,,,,,,,,,,,,graph-derived
7774,/model/layers.25/post_attention_layernorm/Constant,,Constant,25,other,,,,,,,,,,,,,,,,graph-derived
7775,/model/layers.25/post_attention_layernorm/Pow,,Pow,25,other,,,,,,,,,,,,,,,,graph-derived
7776,/model/layers.25/post_attention_layernorm/ReduceMean,,ReduceMean,25,other,,,,,,,,,,,,,,,,graph-derived
7777,/model/layers.25/post_attention_layernorm/Constant_1,,Constant,25,other,,,,,,,,,,,,,,,,graph-derived
7778,/model/layers.25/post_attention_layernorm/Add,,Add,25,other,,,,,,,,,,,,,,,,graph-derived
7779,/model/layers.25/post_attention_layernorm/Sqrt,,Sqrt,25,other,,,,,,,,,,,,,,,,graph-derived
7780,/model/layers.25/post_attention_layernorm/Constant_2,,Constant,25,other,,,,,,,,,,,,,,,,graph-derived
7781,/model/layers.25/post_attention_layernorm/Div,,Div,25,other,,,,,,,,,,,,,,,,graph-derived
7782,/model/layers.25/post_attention_layernorm/Mul,,Mul,25,other,,,,,,,,,,,,,,,,graph-derived
7783,/model/layers.25/post_attention_layernorm/Mul_1,,Mul,25,other,,,,,,,,,,,,,,,,graph-derived
7784,/model/layers.25/Add,,Add,25,other,,,,,,,,,,,,,,,,graph-derived
7785,/model/layers.25/pre_feedforward_layernorm/Cast,,Cast,25,other,,,,,,,,,,,,,,,,graph-derived
7786,/model/layers.25/pre_feedforward_layernorm/Constant,,Constant,25,other,,,,,,,,,,,,,,,,graph-derived
7787,/model/layers.25/pre_feedforward_layernorm/Pow,,Pow,25,other,,,,,,,,,,,,,,,,graph-derived
7788,/model/layers.25/pre_feedforward_layernorm/ReduceMean,,ReduceMean,25,other,,,,,,,,,,,,,,,,graph-derived
7789,/model/layers.25/pre_feedforward_layernorm/Constant_1,,Constant,25,other,,,,,,,,,,,,,,,,graph-derived
7790,/model/layers.25/pre_feedforward_layernorm/Add,,Add,25,other,,,,,,,,,,,,,,,,graph-derived
7791,/model/layers.25/pre_feedforward_layernorm/Sqrt,,Sqrt,25,other,,,,,,,,,,,,,,,,graph-derived
7792,/model/layers.25/pre_feedforward_layernorm/Constant_2,,Constant,25,other,,,,,,,,,,,,,,,,graph-derived
7793,/model/layers.25/pre_feedforward_layernorm/Div,,Div,25,other,,,,,,,,,,,,,,,,graph-derived
7794,/model/layers.25/pre_feedforward_layernorm/Mul,,Mul,25,other,,,,,,,,,,,,,,,,graph-derived
7795,/model/layers.25/pre_feedforward_layernorm/Mul_1,,Mul,25,other,,,,,,,,,,,,,,,,graph-derived
7796,/model/layers.25/mlp/gate_proj/MatMul,,MatMul,25,mlp_projection,gate_proj,1152,6912,float,onnx::MatMul_10801,31850496,4608,27648,once_per_decode_token,model.onnx_data,3903983104,3903983104,0,2,3,graph-derived
7797,/model/layers.25/mlp/act_fn/Mul,,Mul,25,mlp_non_projection,,,,,,,,,,,,,,,,graph-derived
7798,/model/layers.25/mlp/act_fn/Mul_1,,Mul,25,mlp_non_projection,,,,,,,,,,,,,,,,graph-derived
7799,/model/layers.25/mlp/act_fn/Constant,,Constant,25,mlp_non_projection,,,,,,,,,,,,,,,,graph-derived
7800,/model/layers.25/mlp/act_fn/Mul_2,,Mul,25,mlp_non_projection,,,,,,,,,,,,,,,,graph-derived
7801,/model/layers.25/mlp/act_fn/Add,,Add,25,mlp_non_projection,,,,,,,,,,,,,,,,graph-derived
7802,/model/layers.25/mlp/act_fn/Constant_1,,Constant,25,mlp_non_projection,,,,,,,,,,,,,,,,graph-derived
7803,/model/layers.25/mlp/act_fn/Mul_3,,Mul,25,mlp_non_projection,,,,,,,,,,,,,,,,graph-derived
7804,/model/layers.25/mlp/act_fn/Tanh,,Tanh,25,mlp_non_projection,,,,,,,,,,,,,,,,graph-derived
7805,/model/layers.25/mlp/act_fn/Constant_2,,Constant,25,mlp_non_projection,,,,,,,,,,,,,,,,graph-derived
7806,/model/layers.25/mlp/act_fn/Add_1,,Add,25,mlp_non_projection,,,,,,,,,,,,,,,,graph-derived
7807,/model/layers.25/mlp/act_fn/Mul_4,,Mul,25,mlp_non_projection,,,,,,,,,,,,,,,,graph-derived
7808,/model/layers.25/mlp/act_fn/Constant_3,,Constant,25,mlp_non_projection,,,,,,,,,,,,,,,,graph-derived
7809,/model/layers.25/mlp/act_fn/Mul_5,,Mul,25,mlp_non_projection,,,,,,,,,,,,,,,,graph-derived
7810,/model/layers.25/mlp/up_proj/MatMul,,MatMul,25,mlp_projection,up_proj,1152,6912,float,onnx::MatMul_10802,31850496,4608,27648,once_per_decode_token,model.onnx_data,3935833600,3935833600,1,1,1,graph-derived
7811,/model/layers.25/mlp/Mul,,Mul,25,mlp_non_projection,,,,,,,,,,,,,,,,graph-derived
7812,/model/layers.25/mlp/down_proj/MatMul,,MatMul,25,mlp_projection,down_proj,6912,1152,float,onnx::MatMul_10803,31850496,27648,4608,once_per_decode_token,model.onnx_data,3967684096,3967684096,2,0,3,graph-derived
7813,/model/layers.25/post_feedforward_layernorm/Cast,,Cast,25,other,,,,,,,,,,,,,,,,graph-derived
7814,/model/layers.25/post_feedforward_layernorm/Constant,,Constant,25,other,,,,,,,,,,,,,,,,graph-derived
7815,/model/layers.25/post_feedforward_layernorm/Pow,,Pow,25,other,,,,,,,,,,,,,,,,graph-derived
7816,/model/layers.25/post_feedforward_layernorm/ReduceMean,,ReduceMean,25,other,,,,,,,,,,,,,,,,graph-derived
7817,/model/layers.25/post_feedforward_layernorm/Constant_1,,Constant,25,other,,,,,,,,,,,,,,,,graph-derived
7818,/model/layers.25/post_feedforward_layernorm/Add,,Add,25,other,,,,,,,,,,,,,,,,graph-derived
7819,/model/layers.25/post_feedforward_layernorm/Sqrt,,Sqrt,25,other,,,,,,,,,,,,,,,,graph-derived
7820,/model/layers.25/post_feedforward_layernorm/Constant_2,,Constant,25,other,,,,,,,,,,,,,,,,graph-derived
7821,/model/layers.25/post_feedforward_layernorm/Div,,Div,25,other,,,,,,,,,,,,,,,,graph-derived
7822,/model/layers.25/post_feedforward_layernorm/Mul,,Mul,25,other,,,,,,,,,,,,,,,,graph-derived
7823,/model/layers.25/post_feedforward_layernorm/Mul_1,,Mul,25,other,,,,,,,,,,,,,,,,graph-derived
7824,/model/layers.25/Add_1,,Add,25,other,,,,,,,,,,,,,,,,graph-derived
7825,/model/norm/Cast,,Cast,,other,,,,,,,,,,,,,,,,graph-derived
7826,/model/norm/Constant,,Constant,,other,,,,,,,,,,,,,,,,graph-derived
7827,/model/norm/Pow,,Pow,,other,,,,,,,,,,,,,,,,graph-derived
7828,/model/norm/ReduceMean,,ReduceMean,,other,,,,,,,,,,,,,,,,graph-derived
7829,/model/norm/Constant_1,,Constant,,other,,,,,,,,,,,,,,,,graph-derived
7830,/model/norm/Add,,Add,,other,,,,,,,,,,,,,,,,graph-derived
7831,/model/norm/Sqrt,,Sqrt,,other,,,,,,,,,,,,,,,,graph-derived
7832,/model/norm/Constant_2,,Constant,,other,,,,,,,,,,,,,,,,graph-derived
7833,/model/norm/Div,,Div,,other,,,,,,,,,,,,,,,,graph-derived
7834,/model/norm/Mul,,Mul,,other,,,,,,,,,,,,,,,,graph-derived
7835,/model/norm/Mul_1,,Mul,,other,,,,,,,,,,,,,,,,graph-derived
7836,/lm_head/MatMul,,MatMul,26,lm_head,lm_head,1152,262144,float,onnx::MatMul_10808,1207959552,4608,1048576,once_per_decode_token,model.onnx_data,3999543808,3999543808,0,0,2,graph-derived
