schema_version,evidence_type,scheduler,workload,seed,process_repetition,clusters,channels,bundles,link_width_bits,service_overlap_mode,jobs,ledger_sha256,completed_jobs,total_completion_cycles,throughput_jobs_per_kcycle,mean_tile_latency_cycles,p50_tile_latency_cycles,p95_tile_latency_cycles,p99_tile_latency_cycles,cluster_utilization_mean,cluster_compute_utilization_mean,cluster_reservation_occupancy_mean,cluster_idle_cycles,cluster_compute_idle_cycles,queue_wait_mean_cycles,max_queue_depth,queue_imbalance,ingress_backlog_final,steal_attempts,successful_steals,steal_success_rate,remote_weight_bytes,activation_retransmission_bytes,partial_sum_traffic_bytes,link_bundle_utilization_mean,ddr_channel_utilization_mean,request_serializer_wait,request_credit_wait,request_cdc_wait,outstanding_table_full_wait,response_serializer_wait,response_cdc_wait,consumer_fifo_full_wait,bundle_contention_wait,memory_command_wait,central_queue_control_cycles,oracle_resource_lower_bound_cycles,oracle_schedule_kind,starvation_ratio,completion_reordered,timed_out,correctness,input_job_id_count,completed_job_id_count,duplicate_completion_count,subset
varp.k26.scheduler-model.v1,analytical-model,S0,balanced,19,0,4,4,4,128,full,1000,a63dd4d860710e6950be738734589af6ed6822b5ba0e64b0ed39fd8a3945c0d8,1000,22506,44.43259575224385,10299,10299.0,19524.0,20344.0,0.1777303830089754,0.1777303830089754,0.9997334044254865,24,74024,10209,908,0,0,0,0,0.0,0,0,0,0.8220030214165112,0.7109215320359016,73000,0,1000,0,3000,1000,0,0,0,0,18500,not-applicable,0.0,False,False,True,1000,1000,0,scheduler
varp.k26.scheduler-model.v1,analytical-model,S0,balanced,19,1,4,4,4,128,full,1000,a63dd4d860710e6950be738734589af6ed6822b5ba0e64b0ed39fd8a3945c0d8,1000,22506,44.43259575224385,10299,10299.0,19524.0,20344.0,0.1777303830089754,0.1777303830089754,0.9997334044254865,24,74024,10209,908,0,0,0,0,0.0,0,0,0,0.8220030214165112,0.7109215320359016,73000,0,1000,0,3000,1000,0,0,0,0,18500,not-applicable,0.0,False,False,True,1000,1000,0,scheduler
varp.k26.scheduler-model.v1,analytical-model,S0,balanced,19,2,4,4,4,128,full,1000,a63dd4d860710e6950be738734589af6ed6822b5ba0e64b0ed39fd8a3945c0d8,1000,22506,44.43259575224385,10299,10299.0,19524.0,20344.0,0.1777303830089754,0.1777303830089754,0.9997334044254865,24,74024,10209,908,0,0,0,0,0.0,0,0,0,0.8220030214165112,0.7109215320359016,73000,0,1000,0,3000,1000,0,0,0,0,18500,not-applicable,0.0,False,False,True,1000,1000,0,scheduler
varp.k26.scheduler-model.v1,analytical-model,S0,balanced,23,0,4,4,4,128,full,1000,08ef8249ffb9669c5f08c92c0671b5d27f3a407166358c086812382d92cdeb71,1000,22506,44.43259575224385,10299,10299.0,19524.0,20344.0,0.1777303830089754,0.1777303830089754,0.9997334044254865,24,74024,10209,908,0,0,0,0,0.0,0,0,0,0.8220030214165112,0.7109215320359016,73000,0,1000,0,3000,1000,0,0,0,0,18500,not-applicable,0.0,False,False,True,1000,1000,0,scheduler
varp.k26.scheduler-model.v1,analytical-model,S0,balanced,23,1,4,4,4,128,full,1000,08ef8249ffb9669c5f08c92c0671b5d27f3a407166358c086812382d92cdeb71,1000,22506,44.43259575224385,10299,10299.0,19524.0,20344.0,0.1777303830089754,0.1777303830089754,0.9997334044254865,24,74024,10209,908,0,0,0,0,0.0,0,0,0,0.8220030214165112,0.7109215320359016,73000,0,1000,0,3000,1000,0,0,0,0,18500,not-applicable,0.0,False,False,True,1000,1000,0,scheduler
varp.k26.scheduler-model.v1,analytical-model,S0,balanced,23,2,4,4,4,128,full,1000,08ef8249ffb9669c5f08c92c0671b5d27f3a407166358c086812382d92cdeb71,1000,22506,44.43259575224385,10299,10299.0,19524.0,20344.0,0.1777303830089754,0.1777303830089754,0.9997334044254865,24,74024,10209,908,0,0,0,0,0.0,0,0,0,0.8220030214165112,0.7109215320359016,73000,0,1000,0,3000,1000,0,0,0,0,18500,not-applicable,0.0,False,False,True,1000,1000,0,scheduler
varp.k26.scheduler-model.v1,analytical-model,S0,balanced,29,0,4,4,4,128,full,1000,5927ccc39476fbb1d27eb6b566d3f1ed132f7f7d355a69c2903fcd9eb2595da2,1000,22506,44.43259575224385,10299,10299.0,19524.0,20344.0,0.1777303830089754,0.1777303830089754,0.9997334044254865,24,74024,10209,908,0,0,0,0,0.0,0,0,0,0.8220030214165112,0.7109215320359016,73000,0,1000,0,3000,1000,0,0,0,0,18500,not-applicable,0.0,False,False,True,1000,1000,0,scheduler
varp.k26.scheduler-model.v1,analytical-model,S0,balanced,29,1,4,4,4,128,full,1000,5927ccc39476fbb1d27eb6b566d3f1ed132f7f7d355a69c2903fcd9eb2595da2,1000,22506,44.43259575224385,10299,10299.0,19524.0,20344.0,0.1777303830089754,0.1777303830089754,0.9997334044254865,24,74024,10209,908,0,0,0,0,0.0,0,0,0,0.8220030214165112,0.7109215320359016,73000,0,1000,0,3000,1000,0,0,0,0,18500,not-applicable,0.0,False,False,True,1000,1000,0,scheduler
varp.k26.scheduler-model.v1,analytical-model,S0,balanced,29,2,4,4,4,128,full,1000,5927ccc39476fbb1d27eb6b566d3f1ed132f7f7d355a69c2903fcd9eb2595da2,1000,22506,44.43259575224385,10299,10299.0,19524.0,20344.0,0.1777303830089754,0.1777303830089754,0.9997334044254865,24,74024,10209,908,0,0,0,0,0.0,0,0,0,0.8220030214165112,0.7109215320359016,73000,0,1000,0,3000,1000,0,0,0,0,18500,not-applicable,0.0,False,False,True,1000,1000,0,scheduler
varp.k26.scheduler-model.v1,analytical-model,S0,balanced,31,0,4,4,4,128,full,1000,cd3f521675aff4322533f96e9026c5948ee0a9a64d1a147aa061f0f7db06e3c1,1000,22506,44.43259575224385,10299,10299.0,19524.0,20344.0,0.1777303830089754,0.1777303830089754,0.9997334044254865,24,74024,10209,908,0,0,0,0,0.0,0,0,0,0.8220030214165112,0.7109215320359016,73000,0,1000,0,3000,1000,0,0,0,0,18500,not-applicable,0.0,False,False,True,1000,1000,0,scheduler
varp.k26.scheduler-model.v1,analytical-model,S0,balanced,31,1,4,4,4,128,full,1000,cd3f521675aff4322533f96e9026c5948ee0a9a64d1a147aa061f0f7db06e3c1,1000,22506,44.43259575224385,10299,10299.0,19524.0,20344.0,0.1777303830089754,0.1777303830089754,0.9997334044254865,24,74024,10209,908,0,0,0,0,0.0,0,0,0,0.8220030214165112,0.7109215320359016,73000,0,1000,0,3000,1000,0,0,0,0,18500,not-applicable,0.0,False,False,True,1000,1000,0,scheduler
varp.k26.scheduler-model.v1,analytical-model,S0,balanced,31,2,4,4,4,128,full,1000,cd3f521675aff4322533f96e9026c5948ee0a9a64d1a147aa061f0f7db06e3c1,1000,22506,44.43259575224385,10299,10299.0,19524.0,20344.0,0.1777303830089754,0.1777303830089754,0.9997334044254865,24,74024,10209,908,0,0,0,0,0.0,0,0,0,0.8220030214165112,0.7109215320359016,73000,0,1000,0,3000,1000,0,0,0,0,18500,not-applicable,0.0,False,False,True,1000,1000,0,scheduler
varp.k26.scheduler-model.v1,analytical-model,S0,balanced,43,0,4,4,4,128,full,1000,1411b90cdb382c69a501b65d8948d131584b1e96615289bdb4dbc43455003239,1000,22506,44.43259575224385,10299,10299.0,19524.0,20344.0,0.1777303830089754,0.1777303830089754,0.9997334044254865,24,74024,10209,908,0,0,0,0,0.0,0,0,0,0.8220030214165112,0.7109215320359016,73000,0,1000,0,3000,1000,0,0,0,0,18500,not-applicable,0.0,False,False,True,1000,1000,0,scheduler
varp.k26.scheduler-model.v1,analytical-model,S0,balanced,43,1,4,4,4,128,full,1000,1411b90cdb382c69a501b65d8948d131584b1e96615289bdb4dbc43455003239,1000,22506,44.43259575224385,10299,10299.0,19524.0,20344.0,0.1777303830089754,0.1777303830089754,0.9997334044254865,24,74024,10209,908,0,0,0,0,0.0,0,0,0,0.8220030214165112,0.7109215320359016,73000,0,1000,0,3000,1000,0,0,0,0,18500,not-applicable,0.0,False,False,True,1000,1000,0,scheduler
varp.k26.scheduler-model.v1,analytical-model,S0,balanced,43,2,4,4,4,128,full,1000,1411b90cdb382c69a501b65d8948d131584b1e96615289bdb4dbc43455003239,1000,22506,44.43259575224385,10299,10299.0,19524.0,20344.0,0.1777303830089754,0.1777303830089754,0.9997334044254865,24,74024,10209,908,0,0,0,0,0.0,0,0,0,0.8220030214165112,0.7109215320359016,73000,0,1000,0,3000,1000,0,0,0,0,18500,not-applicable,0.0,False,False,True,1000,1000,0,scheduler
varp.k26.scheduler-model.v1,analytical-model,S0-physical,balanced,19,0,4,4,4,128,full,1000,a63dd4d860710e6950be738734589af6ed6822b5ba0e64b0ed39fd8a3945c0d8,1000,24256,41.226912928759894,11177.5,11177.5,21190.0,22080.0,0.16490765171503957,0.16490765171503957,0.9997526385224275,24,81024,11080.5,916,0,0,0,0,0.0,0,0,0,0.762697889182058,0.6596306068601583,73000,7000,1000,0,3000,1000,0,7000,7000,7000,18500,not-applicable,0.0,False,False,True,1000,1000,0,scheduler
varp.k26.scheduler-model.v1,analytical-model,S0-physical,balanced,19,1,4,4,4,128,full,1000,a63dd4d860710e6950be738734589af6ed6822b5ba0e64b0ed39fd8a3945c0d8,1000,24256,41.226912928759894,11177.5,11177.5,21190.0,22080.0,0.16490765171503957,0.16490765171503957,0.9997526385224275,24,81024,11080.5,916,0,0,0,0,0.0,0,0,0,0.762697889182058,0.6596306068601583,73000,7000,1000,0,3000,1000,0,7000,7000,7000,18500,not-applicable,0.0,False,False,True,1000,1000,0,scheduler
varp.k26.scheduler-model.v1,analytical-model,S0-physical,balanced,19,2,4,4,4,128,full,1000,a63dd4d860710e6950be738734589af6ed6822b5ba0e64b0ed39fd8a3945c0d8,1000,24256,41.226912928759894,11177.5,11177.5,21190.0,22080.0,0.16490765171503957,0.16490765171503957,0.9997526385224275,24,81024,11080.5,916,0,0,0,0,0.0,0,0,0,0.762697889182058,0.6596306068601583,73000,7000,1000,0,3000,1000,0,7000,7000,7000,18500,not-applicable,0.0,False,False,True,1000,1000,0,scheduler
varp.k26.scheduler-model.v1,analytical-model,S0-physical,balanced,23,0,4,4,4,128,full,1000,08ef8249ffb9669c5f08c92c0671b5d27f3a407166358c086812382d92cdeb71,1000,24256,41.226912928759894,11177.5,11177.5,21190.0,22080.0,0.16490765171503957,0.16490765171503957,0.9997526385224275,24,81024,11080.5,916,0,0,0,0,0.0,0,0,0,0.762697889182058,0.6596306068601583,73000,7000,1000,0,3000,1000,0,7000,7000,7000,18500,not-applicable,0.0,False,False,True,1000,1000,0,scheduler
varp.k26.scheduler-model.v1,analytical-model,S0-physical,balanced,23,1,4,4,4,128,full,1000,08ef8249ffb9669c5f08c92c0671b5d27f3a407166358c086812382d92cdeb71,1000,24256,41.226912928759894,11177.5,11177.5,21190.0,22080.0,0.16490765171503957,0.16490765171503957,0.9997526385224275,24,81024,11080.5,916,0,0,0,0,0.0,0,0,0,0.762697889182058,0.6596306068601583,73000,7000,1000,0,3000,1000,0,7000,7000,7000,18500,not-applicable,0.0,False,False,True,1000,1000,0,scheduler
varp.k26.scheduler-model.v1,analytical-model,S0-physical,balanced,23,2,4,4,4,128,full,1000,08ef8249ffb9669c5f08c92c0671b5d27f3a407166358c086812382d92cdeb71,1000,24256,41.226912928759894,11177.5,11177.5,21190.0,22080.0,0.16490765171503957,0.16490765171503957,0.9997526385224275,24,81024,11080.5,916,0,0,0,0,0.0,0,0,0,0.762697889182058,0.6596306068601583,73000,7000,1000,0,3000,1000,0,7000,7000,7000,18500,not-applicable,0.0,False,False,True,1000,1000,0,scheduler
varp.k26.scheduler-model.v1,analytical-model,S0-physical,balanced,29,0,4,4,4,128,full,1000,5927ccc39476fbb1d27eb6b566d3f1ed132f7f7d355a69c2903fcd9eb2595da2,1000,24256,41.226912928759894,11177.5,11177.5,21190.0,22080.0,0.16490765171503957,0.16490765171503957,0.9997526385224275,24,81024,11080.5,916,0,0,0,0,0.0,0,0,0,0.762697889182058,0.6596306068601583,73000,7000,1000,0,3000,1000,0,7000,7000,7000,18500,not-applicable,0.0,False,False,True,1000,1000,0,scheduler
varp.k26.scheduler-model.v1,analytical-model,S0-physical,balanced,29,1,4,4,4,128,full,1000,5927ccc39476fbb1d27eb6b566d3f1ed132f7f7d355a69c2903fcd9eb2595da2,1000,24256,41.226912928759894,11177.5,11177.5,21190.0,22080.0,0.16490765171503957,0.16490765171503957,0.9997526385224275,24,81024,11080.5,916,0,0,0,0,0.0,0,0,0,0.762697889182058,0.6596306068601583,73000,7000,1000,0,3000,1000,0,7000,7000,7000,18500,not-applicable,0.0,False,False,True,1000,1000,0,scheduler
varp.k26.scheduler-model.v1,analytical-model,S0-physical,balanced,29,2,4,4,4,128,full,1000,5927ccc39476fbb1d27eb6b566d3f1ed132f7f7d355a69c2903fcd9eb2595da2,1000,24256,41.226912928759894,11177.5,11177.5,21190.0,22080.0,0.16490765171503957,0.16490765171503957,0.9997526385224275,24,81024,11080.5,916,0,0,0,0,0.0,0,0,0,0.762697889182058,0.6596306068601583,73000,7000,1000,0,3000,1000,0,7000,7000,7000,18500,not-applicable,0.0,False,False,True,1000,1000,0,scheduler
varp.k26.scheduler-model.v1,analytical-model,S0-physical,balanced,31,0,4,4,4,128,full,1000,cd3f521675aff4322533f96e9026c5948ee0a9a64d1a147aa061f0f7db06e3c1,1000,24256,41.226912928759894,11177.5,11177.5,21190.0,22080.0,0.16490765171503957,0.16490765171503957,0.9997526385224275,24,81024,11080.5,916,0,0,0,0,0.0,0,0,0,0.762697889182058,0.6596306068601583,73000,7000,1000,0,3000,1000,0,7000,7000,7000,18500,not-applicable,0.0,False,False,True,1000,1000,0,scheduler
varp.k26.scheduler-model.v1,analytical-model,S0-physical,balanced,31,1,4,4,4,128,full,1000,cd3f521675aff4322533f96e9026c5948ee0a9a64d1a147aa061f0f7db06e3c1,1000,24256,41.226912928759894,11177.5,11177.5,21190.0,22080.0,0.16490765171503957,0.16490765171503957,0.9997526385224275,24,81024,11080.5,916,0,0,0,0,0.0,0,0,0,0.762697889182058,0.6596306068601583,73000,7000,1000,0,3000,1000,0,7000,7000,7000,18500,not-applicable,0.0,False,False,True,1000,1000,0,scheduler
varp.k26.scheduler-model.v1,analytical-model,S0-physical,balanced,31,2,4,4,4,128,full,1000,cd3f521675aff4322533f96e9026c5948ee0a9a64d1a147aa061f0f7db06e3c1,1000,24256,41.226912928759894,11177.5,11177.5,21190.0,22080.0,0.16490765171503957,0.16490765171503957,0.9997526385224275,24,81024,11080.5,916,0,0,0,0,0.0,0,0,0,0.762697889182058,0.6596306068601583,73000,7000,1000,0,3000,1000,0,7000,7000,7000,18500,not-applicable,0.0,False,False,True,1000,1000,0,scheduler
varp.k26.scheduler-model.v1,analytical-model,S0-physical,balanced,43,0,4,4,4,128,full,1000,1411b90cdb382c69a501b65d8948d131584b1e96615289bdb4dbc43455003239,1000,24256,41.226912928759894,11177.5,11177.5,21190.0,22080.0,0.16490765171503957,0.16490765171503957,0.9997526385224275,24,81024,11080.5,916,0,0,0,0,0.0,0,0,0,0.762697889182058,0.6596306068601583,73000,7000,1000,0,3000,1000,0,7000,7000,7000,18500,not-applicable,0.0,False,False,True,1000,1000,0,scheduler
varp.k26.scheduler-model.v1,analytical-model,S0-physical,balanced,43,1,4,4,4,128,full,1000,1411b90cdb382c69a501b65d8948d131584b1e96615289bdb4dbc43455003239,1000,24256,41.226912928759894,11177.5,11177.5,21190.0,22080.0,0.16490765171503957,0.16490765171503957,0.9997526385224275,24,81024,11080.5,916,0,0,0,0,0.0,0,0,0,0.762697889182058,0.6596306068601583,73000,7000,1000,0,3000,1000,0,7000,7000,7000,18500,not-applicable,0.0,False,False,True,1000,1000,0,scheduler
varp.k26.scheduler-model.v1,analytical-model,S0-physical,balanced,43,2,4,4,4,128,full,1000,1411b90cdb382c69a501b65d8948d131584b1e96615289bdb4dbc43455003239,1000,24256,41.226912928759894,11177.5,11177.5,21190.0,22080.0,0.16490765171503957,0.16490765171503957,0.9997526385224275,24,81024,11080.5,916,0,0,0,0,0.0,0,0,0,0.762697889182058,0.6596306068601583,73000,7000,1000,0,3000,1000,0,7000,7000,7000,18500,not-applicable,0.0,False,False,True,1000,1000,0,scheduler
varp.k26.scheduler-model.v1,analytical-model,S1,balanced,19,0,4,4,4,128,full,1000,a63dd4d860710e6950be738734589af6ed6822b5ba0e64b0ed39fd8a3945c0d8,1000,22506,44.43259575224385,10299,10299.0,19524.0,20344.0,0.1777303830089754,0.1777303830089754,0.9997334044254865,24,74024,10209,227,0,0,0,0,0.0,0,0,0,0.8220030214165112,0.7109215320359016,73000,0,1000,0,3000,1000,0,0,0,0,18500,not-applicable,0.0,False,False,True,1000,1000,0,scheduler
varp.k26.scheduler-model.v1,analytical-model,S1,balanced,19,1,4,4,4,128,full,1000,a63dd4d860710e6950be738734589af6ed6822b5ba0e64b0ed39fd8a3945c0d8,1000,22506,44.43259575224385,10299,10299.0,19524.0,20344.0,0.1777303830089754,0.1777303830089754,0.9997334044254865,24,74024,10209,227,0,0,0,0,0.0,0,0,0,0.8220030214165112,0.7109215320359016,73000,0,1000,0,3000,1000,0,0,0,0,18500,not-applicable,0.0,False,False,True,1000,1000,0,scheduler
varp.k26.scheduler-model.v1,analytical-model,S1,balanced,19,2,4,4,4,128,full,1000,a63dd4d860710e6950be738734589af6ed6822b5ba0e64b0ed39fd8a3945c0d8,1000,22506,44.43259575224385,10299,10299.0,19524.0,20344.0,0.1777303830089754,0.1777303830089754,0.9997334044254865,24,74024,10209,227,0,0,0,0,0.0,0,0,0,0.8220030214165112,0.7109215320359016,73000,0,1000,0,3000,1000,0,0,0,0,18500,not-applicable,0.0,False,False,True,1000,1000,0,scheduler
varp.k26.scheduler-model.v1,analytical-model,S1,balanced,23,0,4,4,4,128,full,1000,08ef8249ffb9669c5f08c92c0671b5d27f3a407166358c086812382d92cdeb71,1000,22506,44.43259575224385,10299,10299.0,19524.0,20344.0,0.1777303830089754,0.1777303830089754,0.9997334044254865,24,74024,10209,227,0,0,0,0,0.0,0,0,0,0.8220030214165112,0.7109215320359016,73000,0,1000,0,3000,1000,0,0,0,0,18500,not-applicable,0.0,False,False,True,1000,1000,0,scheduler
varp.k26.scheduler-model.v1,analytical-model,S1,balanced,23,1,4,4,4,128,full,1000,08ef8249ffb9669c5f08c92c0671b5d27f3a407166358c086812382d92cdeb71,1000,22506,44.43259575224385,10299,10299.0,19524.0,20344.0,0.1777303830089754,0.1777303830089754,0.9997334044254865,24,74024,10209,227,0,0,0,0,0.0,0,0,0,0.8220030214165112,0.7109215320359016,73000,0,1000,0,3000,1000,0,0,0,0,18500,not-applicable,0.0,False,False,True,1000,1000,0,scheduler
varp.k26.scheduler-model.v1,analytical-model,S1,balanced,23,2,4,4,4,128,full,1000,08ef8249ffb9669c5f08c92c0671b5d27f3a407166358c086812382d92cdeb71,1000,22506,44.43259575224385,10299,10299.0,19524.0,20344.0,0.1777303830089754,0.1777303830089754,0.9997334044254865,24,74024,10209,227,0,0,0,0,0.0,0,0,0,0.8220030214165112,0.7109215320359016,73000,0,1000,0,3000,1000,0,0,0,0,18500,not-applicable,0.0,False,False,True,1000,1000,0,scheduler
varp.k26.scheduler-model.v1,analytical-model,S1,balanced,29,0,4,4,4,128,full,1000,5927ccc39476fbb1d27eb6b566d3f1ed132f7f7d355a69c2903fcd9eb2595da2,1000,22506,44.43259575224385,10299,10299.0,19524.0,20344.0,0.1777303830089754,0.1777303830089754,0.9997334044254865,24,74024,10209,227,0,0,0,0,0.0,0,0,0,0.8220030214165112,0.7109215320359016,73000,0,1000,0,3000,1000,0,0,0,0,18500,not-applicable,0.0,False,False,True,1000,1000,0,scheduler
varp.k26.scheduler-model.v1,analytical-model,S1,balanced,29,1,4,4,4,128,full,1000,5927ccc39476fbb1d27eb6b566d3f1ed132f7f7d355a69c2903fcd9eb2595da2,1000,22506,44.43259575224385,10299,10299.0,19524.0,20344.0,0.1777303830089754,0.1777303830089754,0.9997334044254865,24,74024,10209,227,0,0,0,0,0.0,0,0,0,0.8220030214165112,0.7109215320359016,73000,0,1000,0,3000,1000,0,0,0,0,18500,not-applicable,0.0,False,False,True,1000,1000,0,scheduler
varp.k26.scheduler-model.v1,analytical-model,S1,balanced,29,2,4,4,4,128,full,1000,5927ccc39476fbb1d27eb6b566d3f1ed132f7f7d355a69c2903fcd9eb2595da2,1000,22506,44.43259575224385,10299,10299.0,19524.0,20344.0,0.1777303830089754,0.1777303830089754,0.9997334044254865,24,74024,10209,227,0,0,0,0,0.0,0,0,0,0.8220030214165112,0.7109215320359016,73000,0,1000,0,3000,1000,0,0,0,0,18500,not-applicable,0.0,False,False,True,1000,1000,0,scheduler
varp.k26.scheduler-model.v1,analytical-model,S1,balanced,31,0,4,4,4,128,full,1000,cd3f521675aff4322533f96e9026c5948ee0a9a64d1a147aa061f0f7db06e3c1,1000,22506,44.43259575224385,10299,10299.0,19524.0,20344.0,0.1777303830089754,0.1777303830089754,0.9997334044254865,24,74024,10209,227,0,0,0,0,0.0,0,0,0,0.8220030214165112,0.7109215320359016,73000,0,1000,0,3000,1000,0,0,0,0,18500,not-applicable,0.0,False,False,True,1000,1000,0,scheduler
varp.k26.scheduler-model.v1,analytical-model,S1,balanced,31,1,4,4,4,128,full,1000,cd3f521675aff4322533f96e9026c5948ee0a9a64d1a147aa061f0f7db06e3c1,1000,22506,44.43259575224385,10299,10299.0,19524.0,20344.0,0.1777303830089754,0.1777303830089754,0.9997334044254865,24,74024,10209,227,0,0,0,0,0.0,0,0,0,0.8220030214165112,0.7109215320359016,73000,0,1000,0,3000,1000,0,0,0,0,18500,not-applicable,0.0,False,False,True,1000,1000,0,scheduler
varp.k26.scheduler-model.v1,analytical-model,S1,balanced,31,2,4,4,4,128,full,1000,cd3f521675aff4322533f96e9026c5948ee0a9a64d1a147aa061f0f7db06e3c1,1000,22506,44.43259575224385,10299,10299.0,19524.0,20344.0,0.1777303830089754,0.1777303830089754,0.9997334044254865,24,74024,10209,227,0,0,0,0,0.0,0,0,0,0.8220030214165112,0.7109215320359016,73000,0,1000,0,3000,1000,0,0,0,0,18500,not-applicable,0.0,False,False,True,1000,1000,0,scheduler
varp.k26.scheduler-model.v1,analytical-model,S1,balanced,43,0,4,4,4,128,full,1000,1411b90cdb382c69a501b65d8948d131584b1e96615289bdb4dbc43455003239,1000,22506,44.43259575224385,10299,10299.0,19524.0,20344.0,0.1777303830089754,0.1777303830089754,0.9997334044254865,24,74024,10209,227,0,0,0,0,0.0,0,0,0,0.8220030214165112,0.7109215320359016,73000,0,1000,0,3000,1000,0,0,0,0,18500,not-applicable,0.0,False,False,True,1000,1000,0,scheduler
varp.k26.scheduler-model.v1,analytical-model,S1,balanced,43,1,4,4,4,128,full,1000,1411b90cdb382c69a501b65d8948d131584b1e96615289bdb4dbc43455003239,1000,22506,44.43259575224385,10299,10299.0,19524.0,20344.0,0.1777303830089754,0.1777303830089754,0.9997334044254865,24,74024,10209,227,0,0,0,0,0.0,0,0,0,0.8220030214165112,0.7109215320359016,73000,0,1000,0,3000,1000,0,0,0,0,18500,not-applicable,0.0,False,False,True,1000,1000,0,scheduler
varp.k26.scheduler-model.v1,analytical-model,S1,balanced,43,2,4,4,4,128,full,1000,1411b90cdb382c69a501b65d8948d131584b1e96615289bdb4dbc43455003239,1000,22506,44.43259575224385,10299,10299.0,19524.0,20344.0,0.1777303830089754,0.1777303830089754,0.9997334044254865,24,74024,10209,227,0,0,0,0,0.0,0,0,0,0.8220030214165112,0.7109215320359016,73000,0,1000,0,3000,1000,0,0,0,0,18500,not-applicable,0.0,False,False,True,1000,1000,0,scheduler
varp.k26.scheduler-model.v1,analytical-model,S2,balanced,19,0,4,4,4,128,full,1000,a63dd4d860710e6950be738734589af6ed6822b5ba0e64b0ed39fd8a3945c0d8,1000,22506,44.43259575224385,10299,10299.0,19524.0,20344.0,0.1777303830089754,0.1777303830089754,0.9997334044254865,24,74024,10209,227,0,0,16,0,0.0,0,0,0,0.8220030214165112,0.7109215320359016,73000,0,1000,0,3000,1000,0,0,0,0,18500,not-applicable,0.0,False,False,True,1000,1000,0,scheduler
varp.k26.scheduler-model.v1,analytical-model,S2,balanced,19,1,4,4,4,128,full,1000,a63dd4d860710e6950be738734589af6ed6822b5ba0e64b0ed39fd8a3945c0d8,1000,22506,44.43259575224385,10299,10299.0,19524.0,20344.0,0.1777303830089754,0.1777303830089754,0.9997334044254865,24,74024,10209,227,0,0,16,0,0.0,0,0,0,0.8220030214165112,0.7109215320359016,73000,0,1000,0,3000,1000,0,0,0,0,18500,not-applicable,0.0,False,False,True,1000,1000,0,scheduler
varp.k26.scheduler-model.v1,analytical-model,S2,balanced,19,2,4,4,4,128,full,1000,a63dd4d860710e6950be738734589af6ed6822b5ba0e64b0ed39fd8a3945c0d8,1000,22506,44.43259575224385,10299,10299.0,19524.0,20344.0,0.1777303830089754,0.1777303830089754,0.9997334044254865,24,74024,10209,227,0,0,16,0,0.0,0,0,0,0.8220030214165112,0.7109215320359016,73000,0,1000,0,3000,1000,0,0,0,0,18500,not-applicable,0.0,False,False,True,1000,1000,0,scheduler
varp.k26.scheduler-model.v1,analytical-model,S2,balanced,23,0,4,4,4,128,full,1000,08ef8249ffb9669c5f08c92c0671b5d27f3a407166358c086812382d92cdeb71,1000,22506,44.43259575224385,10299,10299.0,19524.0,20344.0,0.1777303830089754,0.1777303830089754,0.9997334044254865,24,74024,10209,227,0,0,16,0,0.0,0,0,0,0.8220030214165112,0.7109215320359016,73000,0,1000,0,3000,1000,0,0,0,0,18500,not-applicable,0.0,False,False,True,1000,1000,0,scheduler
varp.k26.scheduler-model.v1,analytical-model,S2,balanced,23,1,4,4,4,128,full,1000,08ef8249ffb9669c5f08c92c0671b5d27f3a407166358c086812382d92cdeb71,1000,22506,44.43259575224385,10299,10299.0,19524.0,20344.0,0.1777303830089754,0.1777303830089754,0.9997334044254865,24,74024,10209,227,0,0,16,0,0.0,0,0,0,0.8220030214165112,0.7109215320359016,73000,0,1000,0,3000,1000,0,0,0,0,18500,not-applicable,0.0,False,False,True,1000,1000,0,scheduler
varp.k26.scheduler-model.v1,analytical-model,S2,balanced,23,2,4,4,4,128,full,1000,08ef8249ffb9669c5f08c92c0671b5d27f3a407166358c086812382d92cdeb71,1000,22506,44.43259575224385,10299,10299.0,19524.0,20344.0,0.1777303830089754,0.1777303830089754,0.9997334044254865,24,74024,10209,227,0,0,16,0,0.0,0,0,0,0.8220030214165112,0.7109215320359016,73000,0,1000,0,3000,1000,0,0,0,0,18500,not-applicable,0.0,False,False,True,1000,1000,0,scheduler
varp.k26.scheduler-model.v1,analytical-model,S2,balanced,29,0,4,4,4,128,full,1000,5927ccc39476fbb1d27eb6b566d3f1ed132f7f7d355a69c2903fcd9eb2595da2,1000,22506,44.43259575224385,10299,10299.0,19524.0,20344.0,0.1777303830089754,0.1777303830089754,0.9997334044254865,24,74024,10209,227,0,0,16,0,0.0,0,0,0,0.8220030214165112,0.7109215320359016,73000,0,1000,0,3000,1000,0,0,0,0,18500,not-applicable,0.0,False,False,True,1000,1000,0,scheduler
varp.k26.scheduler-model.v1,analytical-model,S2,balanced,29,1,4,4,4,128,full,1000,5927ccc39476fbb1d27eb6b566d3f1ed132f7f7d355a69c2903fcd9eb2595da2,1000,22506,44.43259575224385,10299,10299.0,19524.0,20344.0,0.1777303830089754,0.1777303830089754,0.9997334044254865,24,74024,10209,227,0,0,16,0,0.0,0,0,0,0.8220030214165112,0.7109215320359016,73000,0,1000,0,3000,1000,0,0,0,0,18500,not-applicable,0.0,False,False,True,1000,1000,0,scheduler
varp.k26.scheduler-model.v1,analytical-model,S2,balanced,29,2,4,4,4,128,full,1000,5927ccc39476fbb1d27eb6b566d3f1ed132f7f7d355a69c2903fcd9eb2595da2,1000,22506,44.43259575224385,10299,10299.0,19524.0,20344.0,0.1777303830089754,0.1777303830089754,0.9997334044254865,24,74024,10209,227,0,0,16,0,0.0,0,0,0,0.8220030214165112,0.7109215320359016,73000,0,1000,0,3000,1000,0,0,0,0,18500,not-applicable,0.0,False,False,True,1000,1000,0,scheduler
varp.k26.scheduler-model.v1,analytical-model,S2,balanced,31,0,4,4,4,128,full,1000,cd3f521675aff4322533f96e9026c5948ee0a9a64d1a147aa061f0f7db06e3c1,1000,22506,44.43259575224385,10299,10299.0,19524.0,20344.0,0.1777303830089754,0.1777303830089754,0.9997334044254865,24,74024,10209,227,0,0,16,0,0.0,0,0,0,0.8220030214165112,0.7109215320359016,73000,0,1000,0,3000,1000,0,0,0,0,18500,not-applicable,0.0,False,False,True,1000,1000,0,scheduler
varp.k26.scheduler-model.v1,analytical-model,S2,balanced,31,1,4,4,4,128,full,1000,cd3f521675aff4322533f96e9026c5948ee0a9a64d1a147aa061f0f7db06e3c1,1000,22506,44.43259575224385,10299,10299.0,19524.0,20344.0,0.1777303830089754,0.1777303830089754,0.9997334044254865,24,74024,10209,227,0,0,16,0,0.0,0,0,0,0.8220030214165112,0.7109215320359016,73000,0,1000,0,3000,1000,0,0,0,0,18500,not-applicable,0.0,False,False,True,1000,1000,0,scheduler
varp.k26.scheduler-model.v1,analytical-model,S2,balanced,31,2,4,4,4,128,full,1000,cd3f521675aff4322533f96e9026c5948ee0a9a64d1a147aa061f0f7db06e3c1,1000,22506,44.43259575224385,10299,10299.0,19524.0,20344.0,0.1777303830089754,0.1777303830089754,0.9997334044254865,24,74024,10209,227,0,0,16,0,0.0,0,0,0,0.8220030214165112,0.7109215320359016,73000,0,1000,0,3000,1000,0,0,0,0,18500,not-applicable,0.0,False,False,True,1000,1000,0,scheduler
varp.k26.scheduler-model.v1,analytical-model,S2,balanced,43,0,4,4,4,128,full,1000,1411b90cdb382c69a501b65d8948d131584b1e96615289bdb4dbc43455003239,1000,22506,44.43259575224385,10299,10299.0,19524.0,20344.0,0.1777303830089754,0.1777303830089754,0.9997334044254865,24,74024,10209,227,0,0,16,0,0.0,0,0,0,0.8220030214165112,0.7109215320359016,73000,0,1000,0,3000,1000,0,0,0,0,18500,not-applicable,0.0,False,False,True,1000,1000,0,scheduler
varp.k26.scheduler-model.v1,analytical-model,S2,balanced,43,1,4,4,4,128,full,1000,1411b90cdb382c69a501b65d8948d131584b1e96615289bdb4dbc43455003239,1000,22506,44.43259575224385,10299,10299.0,19524.0,20344.0,0.1777303830089754,0.1777303830089754,0.9997334044254865,24,74024,10209,227,0,0,16,0,0.0,0,0,0,0.8220030214165112,0.7109215320359016,73000,0,1000,0,3000,1000,0,0,0,0,18500,not-applicable,0.0,False,False,True,1000,1000,0,scheduler
varp.k26.scheduler-model.v1,analytical-model,S2,balanced,43,2,4,4,4,128,full,1000,1411b90cdb382c69a501b65d8948d131584b1e96615289bdb4dbc43455003239,1000,22506,44.43259575224385,10299,10299.0,19524.0,20344.0,0.1777303830089754,0.1777303830089754,0.9997334044254865,24,74024,10209,227,0,0,16,0,0.0,0,0,0,0.8220030214165112,0.7109215320359016,73000,0,1000,0,3000,1000,0,0,0,0,18500,not-applicable,0.0,False,False,True,1000,1000,0,scheduler
varp.k26.scheduler-model.v1,analytical-model,S3,balanced,19,0,4,4,4,128,full,1000,a63dd4d860710e6950be738734589af6ed6822b5ba0e64b0ed39fd8a3945c0d8,1000,22506,44.43259575224385,10299,10299.0,19524.0,20344.0,0.1777303830089754,0.1777303830089754,0.9997334044254865,24,74024,10209,227,0,0,16,0,0.0,0,0,0,0.8220030214165112,0.7109215320359016,73000,0,1000,0,3000,1000,0,0,0,0,18500,not-applicable,0.0,False,False,True,1000,1000,0,scheduler
varp.k26.scheduler-model.v1,analytical-model,S3,balanced,19,1,4,4,4,128,full,1000,a63dd4d860710e6950be738734589af6ed6822b5ba0e64b0ed39fd8a3945c0d8,1000,22506,44.43259575224385,10299,10299.0,19524.0,20344.0,0.1777303830089754,0.1777303830089754,0.9997334044254865,24,74024,10209,227,0,0,16,0,0.0,0,0,0,0.8220030214165112,0.7109215320359016,73000,0,1000,0,3000,1000,0,0,0,0,18500,not-applicable,0.0,False,False,True,1000,1000,0,scheduler
varp.k26.scheduler-model.v1,analytical-model,S3,balanced,19,2,4,4,4,128,full,1000,a63dd4d860710e6950be738734589af6ed6822b5ba0e64b0ed39fd8a3945c0d8,1000,22506,44.43259575224385,10299,10299.0,19524.0,20344.0,0.1777303830089754,0.1777303830089754,0.9997334044254865,24,74024,10209,227,0,0,16,0,0.0,0,0,0,0.8220030214165112,0.7109215320359016,73000,0,1000,0,3000,1000,0,0,0,0,18500,not-applicable,0.0,False,False,True,1000,1000,0,scheduler
varp.k26.scheduler-model.v1,analytical-model,S3,balanced,23,0,4,4,4,128,full,1000,08ef8249ffb9669c5f08c92c0671b5d27f3a407166358c086812382d92cdeb71,1000,22506,44.43259575224385,10299,10299.0,19524.0,20344.0,0.1777303830089754,0.1777303830089754,0.9997334044254865,24,74024,10209,227,0,0,16,0,0.0,0,0,0,0.8220030214165112,0.7109215320359016,73000,0,1000,0,3000,1000,0,0,0,0,18500,not-applicable,0.0,False,False,True,1000,1000,0,scheduler
varp.k26.scheduler-model.v1,analytical-model,S3,balanced,23,1,4,4,4,128,full,1000,08ef8249ffb9669c5f08c92c0671b5d27f3a407166358c086812382d92cdeb71,1000,22506,44.43259575224385,10299,10299.0,19524.0,20344.0,0.1777303830089754,0.1777303830089754,0.9997334044254865,24,74024,10209,227,0,0,16,0,0.0,0,0,0,0.8220030214165112,0.7109215320359016,73000,0,1000,0,3000,1000,0,0,0,0,18500,not-applicable,0.0,False,False,True,1000,1000,0,scheduler
varp.k26.scheduler-model.v1,analytical-model,S3,balanced,23,2,4,4,4,128,full,1000,08ef8249ffb9669c5f08c92c0671b5d27f3a407166358c086812382d92cdeb71,1000,22506,44.43259575224385,10299,10299.0,19524.0,20344.0,0.1777303830089754,0.1777303830089754,0.9997334044254865,24,74024,10209,227,0,0,16,0,0.0,0,0,0,0.8220030214165112,0.7109215320359016,73000,0,1000,0,3000,1000,0,0,0,0,18500,not-applicable,0.0,False,False,True,1000,1000,0,scheduler
varp.k26.scheduler-model.v1,analytical-model,S3,balanced,29,0,4,4,4,128,full,1000,5927ccc39476fbb1d27eb6b566d3f1ed132f7f7d355a69c2903fcd9eb2595da2,1000,22506,44.43259575224385,10299,10299.0,19524.0,20344.0,0.1777303830089754,0.1777303830089754,0.9997334044254865,24,74024,10209,227,0,0,16,0,0.0,0,0,0,0.8220030214165112,0.7109215320359016,73000,0,1000,0,3000,1000,0,0,0,0,18500,not-applicable,0.0,False,False,True,1000,1000,0,scheduler
varp.k26.scheduler-model.v1,analytical-model,S3,balanced,29,1,4,4,4,128,full,1000,5927ccc39476fbb1d27eb6b566d3f1ed132f7f7d355a69c2903fcd9eb2595da2,1000,22506,44.43259575224385,10299,10299.0,19524.0,20344.0,0.1777303830089754,0.1777303830089754,0.9997334044254865,24,74024,10209,227,0,0,16,0,0.0,0,0,0,0.8220030214165112,0.7109215320359016,73000,0,1000,0,3000,1000,0,0,0,0,18500,not-applicable,0.0,False,False,True,1000,1000,0,scheduler
varp.k26.scheduler-model.v1,analytical-model,S3,balanced,29,2,4,4,4,128,full,1000,5927ccc39476fbb1d27eb6b566d3f1ed132f7f7d355a69c2903fcd9eb2595da2,1000,22506,44.43259575224385,10299,10299.0,19524.0,20344.0,0.1777303830089754,0.1777303830089754,0.9997334044254865,24,74024,10209,227,0,0,16,0,0.0,0,0,0,0.8220030214165112,0.7109215320359016,73000,0,1000,0,3000,1000,0,0,0,0,18500,not-applicable,0.0,False,False,True,1000,1000,0,scheduler
varp.k26.scheduler-model.v1,analytical-model,S3,balanced,31,0,4,4,4,128,full,1000,cd3f521675aff4322533f96e9026c5948ee0a9a64d1a147aa061f0f7db06e3c1,1000,22506,44.43259575224385,10299,10299.0,19524.0,20344.0,0.1777303830089754,0.1777303830089754,0.9997334044254865,24,74024,10209,227,0,0,16,0,0.0,0,0,0,0.8220030214165112,0.7109215320359016,73000,0,1000,0,3000,1000,0,0,0,0,18500,not-applicable,0.0,False,False,True,1000,1000,0,scheduler
varp.k26.scheduler-model.v1,analytical-model,S3,balanced,31,1,4,4,4,128,full,1000,cd3f521675aff4322533f96e9026c5948ee0a9a64d1a147aa061f0f7db06e3c1,1000,22506,44.43259575224385,10299,10299.0,19524.0,20344.0,0.1777303830089754,0.1777303830089754,0.9997334044254865,24,74024,10209,227,0,0,16,0,0.0,0,0,0,0.8220030214165112,0.7109215320359016,73000,0,1000,0,3000,1000,0,0,0,0,18500,not-applicable,0.0,False,False,True,1000,1000,0,scheduler
varp.k26.scheduler-model.v1,analytical-model,S3,balanced,31,2,4,4,4,128,full,1000,cd3f521675aff4322533f96e9026c5948ee0a9a64d1a147aa061f0f7db06e3c1,1000,22506,44.43259575224385,10299,10299.0,19524.0,20344.0,0.1777303830089754,0.1777303830089754,0.9997334044254865,24,74024,10209,227,0,0,16,0,0.0,0,0,0,0.8220030214165112,0.7109215320359016,73000,0,1000,0,3000,1000,0,0,0,0,18500,not-applicable,0.0,False,False,True,1000,1000,0,scheduler
varp.k26.scheduler-model.v1,analytical-model,S3,balanced,43,0,4,4,4,128,full,1000,1411b90cdb382c69a501b65d8948d131584b1e96615289bdb4dbc43455003239,1000,22506,44.43259575224385,10299,10299.0,19524.0,20344.0,0.1777303830089754,0.1777303830089754,0.9997334044254865,24,74024,10209,227,0,0,16,0,0.0,0,0,0,0.8220030214165112,0.7109215320359016,73000,0,1000,0,3000,1000,0,0,0,0,18500,not-applicable,0.0,False,False,True,1000,1000,0,scheduler
varp.k26.scheduler-model.v1,analytical-model,S3,balanced,43,1,4,4,4,128,full,1000,1411b90cdb382c69a501b65d8948d131584b1e96615289bdb4dbc43455003239,1000,22506,44.43259575224385,10299,10299.0,19524.0,20344.0,0.1777303830089754,0.1777303830089754,0.9997334044254865,24,74024,10209,227,0,0,16,0,0.0,0,0,0,0.8220030214165112,0.7109215320359016,73000,0,1000,0,3000,1000,0,0,0,0,18500,not-applicable,0.0,False,False,True,1000,1000,0,scheduler
varp.k26.scheduler-model.v1,analytical-model,S3,balanced,43,2,4,4,4,128,full,1000,1411b90cdb382c69a501b65d8948d131584b1e96615289bdb4dbc43455003239,1000,22506,44.43259575224385,10299,10299.0,19524.0,20344.0,0.1777303830089754,0.1777303830089754,0.9997334044254865,24,74024,10209,227,0,0,16,0,0.0,0,0,0,0.8220030214165112,0.7109215320359016,73000,0,1000,0,3000,1000,0,0,0,0,18500,not-applicable,0.0,False,False,True,1000,1000,0,scheduler
varp.k26.scheduler-model.v1,analytical-model,Oracle,balanced,19,0,4,4,4,128,full,1000,a63dd4d860710e6950be738734589af6ed6822b5ba0e64b0ed39fd8a3945c0d8,1000,22506,44.43259575224385,10299,10299.0,19524.0,20344.0,0.1777303830089754,0.1777303830089754,0.9998667022127432,12,74024,10208.988,1000,0,0,0,0,0.0,0,0,0,0.8220030214165112,0.7109215320359016,73000,12,1000,0,3000,1000,0,12,12,0,18500,offline-clairvoyant-list-schedule,0.0,False,False,True,1000,1000,0,scheduler
varp.k26.scheduler-model.v1,analytical-model,Oracle,balanced,19,1,4,4,4,128,full,1000,a63dd4d860710e6950be738734589af6ed6822b5ba0e64b0ed39fd8a3945c0d8,1000,22506,44.43259575224385,10299,10299.0,19524.0,20344.0,0.1777303830089754,0.1777303830089754,0.9998667022127432,12,74024,10208.988,1000,0,0,0,0,0.0,0,0,0,0.8220030214165112,0.7109215320359016,73000,12,1000,0,3000,1000,0,12,12,0,18500,offline-clairvoyant-list-schedule,0.0,False,False,True,1000,1000,0,scheduler
varp.k26.scheduler-model.v1,analytical-model,Oracle,balanced,19,2,4,4,4,128,full,1000,a63dd4d860710e6950be738734589af6ed6822b5ba0e64b0ed39fd8a3945c0d8,1000,22506,44.43259575224385,10299,10299.0,19524.0,20344.0,0.1777303830089754,0.1777303830089754,0.9998667022127432,12,74024,10208.988,1000,0,0,0,0,0.0,0,0,0,0.8220030214165112,0.7109215320359016,73000,12,1000,0,3000,1000,0,12,12,0,18500,offline-clairvoyant-list-schedule,0.0,False,False,True,1000,1000,0,scheduler
varp.k26.scheduler-model.v1,analytical-model,Oracle,balanced,23,0,4,4,4,128,full,1000,08ef8249ffb9669c5f08c92c0671b5d27f3a407166358c086812382d92cdeb71,1000,22506,44.43259575224385,10299,10299.0,19524.0,20344.0,0.1777303830089754,0.1777303830089754,0.9998667022127432,12,74024,10208.988,1000,0,0,0,0,0.0,0,0,0,0.8220030214165112,0.7109215320359016,73000,12,1000,0,3000,1000,0,12,12,0,18500,offline-clairvoyant-list-schedule,0.0,False,False,True,1000,1000,0,scheduler
varp.k26.scheduler-model.v1,analytical-model,Oracle,balanced,23,1,4,4,4,128,full,1000,08ef8249ffb9669c5f08c92c0671b5d27f3a407166358c086812382d92cdeb71,1000,22506,44.43259575224385,10299,10299.0,19524.0,20344.0,0.1777303830089754,0.1777303830089754,0.9998667022127432,12,74024,10208.988,1000,0,0,0,0,0.0,0,0,0,0.8220030214165112,0.7109215320359016,73000,12,1000,0,3000,1000,0,12,12,0,18500,offline-clairvoyant-list-schedule,0.0,False,False,True,1000,1000,0,scheduler
varp.k26.scheduler-model.v1,analytical-model,Oracle,balanced,23,2,4,4,4,128,full,1000,08ef8249ffb9669c5f08c92c0671b5d27f3a407166358c086812382d92cdeb71,1000,22506,44.43259575224385,10299,10299.0,19524.0,20344.0,0.1777303830089754,0.1777303830089754,0.9998667022127432,12,74024,10208.988,1000,0,0,0,0,0.0,0,0,0,0.8220030214165112,0.7109215320359016,73000,12,1000,0,3000,1000,0,12,12,0,18500,offline-clairvoyant-list-schedule,0.0,False,False,True,1000,1000,0,scheduler
varp.k26.scheduler-model.v1,analytical-model,Oracle,balanced,29,0,4,4,4,128,full,1000,5927ccc39476fbb1d27eb6b566d3f1ed132f7f7d355a69c2903fcd9eb2595da2,1000,22506,44.43259575224385,10299,10299.0,19524.0,20344.0,0.1777303830089754,0.1777303830089754,0.9998667022127432,12,74024,10208.988,1000,0,0,0,0,0.0,0,0,0,0.8220030214165112,0.7109215320359016,73000,12,1000,0,3000,1000,0,12,12,0,18500,offline-clairvoyant-list-schedule,0.0,False,False,True,1000,1000,0,scheduler
varp.k26.scheduler-model.v1,analytical-model,Oracle,balanced,29,1,4,4,4,128,full,1000,5927ccc39476fbb1d27eb6b566d3f1ed132f7f7d355a69c2903fcd9eb2595da2,1000,22506,44.43259575224385,10299,10299.0,19524.0,20344.0,0.1777303830089754,0.1777303830089754,0.9998667022127432,12,74024,10208.988,1000,0,0,0,0,0.0,0,0,0,0.8220030214165112,0.7109215320359016,73000,12,1000,0,3000,1000,0,12,12,0,18500,offline-clairvoyant-list-schedule,0.0,False,False,True,1000,1000,0,scheduler
varp.k26.scheduler-model.v1,analytical-model,Oracle,balanced,29,2,4,4,4,128,full,1000,5927ccc39476fbb1d27eb6b566d3f1ed132f7f7d355a69c2903fcd9eb2595da2,1000,22506,44.43259575224385,10299,10299.0,19524.0,20344.0,0.1777303830089754,0.1777303830089754,0.9998667022127432,12,74024,10208.988,1000,0,0,0,0,0.0,0,0,0,0.8220030214165112,0.7109215320359016,73000,12,1000,0,3000,1000,0,12,12,0,18500,offline-clairvoyant-list-schedule,0.0,False,False,True,1000,1000,0,scheduler
varp.k26.scheduler-model.v1,analytical-model,Oracle,balanced,31,0,4,4,4,128,full,1000,cd3f521675aff4322533f96e9026c5948ee0a9a64d1a147aa061f0f7db06e3c1,1000,22506,44.43259575224385,10299,10299.0,19524.0,20344.0,0.1777303830089754,0.1777303830089754,0.9998667022127432,12,74024,10208.988,1000,0,0,0,0,0.0,0,0,0,0.8220030214165112,0.7109215320359016,73000,12,1000,0,3000,1000,0,12,12,0,18500,offline-clairvoyant-list-schedule,0.0,False,False,True,1000,1000,0,scheduler
varp.k26.scheduler-model.v1,analytical-model,Oracle,balanced,31,1,4,4,4,128,full,1000,cd3f521675aff4322533f96e9026c5948ee0a9a64d1a147aa061f0f7db06e3c1,1000,22506,44.43259575224385,10299,10299.0,19524.0,20344.0,0.1777303830089754,0.1777303830089754,0.9998667022127432,12,74024,10208.988,1000,0,0,0,0,0.0,0,0,0,0.8220030214165112,0.7109215320359016,73000,12,1000,0,3000,1000,0,12,12,0,18500,offline-clairvoyant-list-schedule,0.0,False,False,True,1000,1000,0,scheduler
varp.k26.scheduler-model.v1,analytical-model,Oracle,balanced,31,2,4,4,4,128,full,1000,cd3f521675aff4322533f96e9026c5948ee0a9a64d1a147aa061f0f7db06e3c1,1000,22506,44.43259575224385,10299,10299.0,19524.0,20344.0,0.1777303830089754,0.1777303830089754,0.9998667022127432,12,74024,10208.988,1000,0,0,0,0,0.0,0,0,0,0.8220030214165112,0.7109215320359016,73000,12,1000,0,3000,1000,0,12,12,0,18500,offline-clairvoyant-list-schedule,0.0,False,False,True,1000,1000,0,scheduler
varp.k26.scheduler-model.v1,analytical-model,Oracle,balanced,43,0,4,4,4,128,full,1000,1411b90cdb382c69a501b65d8948d131584b1e96615289bdb4dbc43455003239,1000,22506,44.43259575224385,10299,10299.0,19524.0,20344.0,0.1777303830089754,0.1777303830089754,0.9998667022127432,12,74024,10208.988,1000,0,0,0,0,0.0,0,0,0,0.8220030214165112,0.7109215320359016,73000,12,1000,0,3000,1000,0,12,12,0,18500,offline-clairvoyant-list-schedule,0.0,False,False,True,1000,1000,0,scheduler
varp.k26.scheduler-model.v1,analytical-model,Oracle,balanced,43,1,4,4,4,128,full,1000,1411b90cdb382c69a501b65d8948d131584b1e96615289bdb4dbc43455003239,1000,22506,44.43259575224385,10299,10299.0,19524.0,20344.0,0.1777303830089754,0.1777303830089754,0.9998667022127432,12,74024,10208.988,1000,0,0,0,0,0.0,0,0,0,0.8220030214165112,0.7109215320359016,73000,12,1000,0,3000,1000,0,12,12,0,18500,offline-clairvoyant-list-schedule,0.0,False,False,True,1000,1000,0,scheduler
varp.k26.scheduler-model.v1,analytical-model,Oracle,balanced,43,2,4,4,4,128,full,1000,1411b90cdb382c69a501b65d8948d131584b1e96615289bdb4dbc43455003239,1000,22506,44.43259575224385,10299,10299.0,19524.0,20344.0,0.1777303830089754,0.1777303830089754,0.9998667022127432,12,74024,10208.988,1000,0,0,0,0,0.0,0,0,0,0.8220030214165112,0.7109215320359016,73000,12,1000,0,3000,1000,0,12,12,0,18500,offline-clairvoyant-list-schedule,0.0,False,False,True,1000,1000,0,scheduler
varp.k26.scheduler-model.v1,analytical-model,S0,skew,19,0,4,4,4,128,full,1000,c00edd5ede4fb3b4d81714876892fd810061be24df4abe8518bac03539c37ddb,1000,227450,4.396570674873598,117864.748,121767.5,214782.05000000002,223767.57,0.07507584084414157,0.07507584084414157,0.9997098263354584,264,841496,116955.212,990,0,0,0,0,0.0,0,0,0,0.32398768960211033,0.30030336337656627,293764,542270,1000,0,3616,1000,0,542270,12730,0,73691,not-applicable,0.0,True,False,True,1000,1000,0,scheduler
varp.k26.scheduler-model.v1,analytical-model,S0,skew,19,1,4,4,4,128,full,1000,c00edd5ede4fb3b4d81714876892fd810061be24df4abe8518bac03539c37ddb,1000,227450,4.396570674873598,117864.748,121767.5,214782.05000000002,223767.57,0.07507584084414157,0.07507584084414157,0.9997098263354584,264,841496,116955.212,990,0,0,0,0,0.0,0,0,0,0.32398768960211033,0.30030336337656627,293764,542270,1000,0,3616,1000,0,542270,12730,0,73691,not-applicable,0.0,True,False,True,1000,1000,0,scheduler
varp.k26.scheduler-model.v1,analytical-model,S0,skew,19,2,4,4,4,128,full,1000,c00edd5ede4fb3b4d81714876892fd810061be24df4abe8518bac03539c37ddb,1000,227450,4.396570674873598,117864.748,121767.5,214782.05000000002,223767.57,0.07507584084414157,0.07507584084414157,0.9997098263354584,264,841496,116955.212,990,0,0,0,0,0.0,0,0,0,0.32398768960211033,0.30030336337656627,293764,542270,1000,0,3616,1000,0,542270,12730,0,73691,not-applicable,0.0,True,False,True,1000,1000,0,scheduler
varp.k26.scheduler-model.v1,analytical-model,S0,skew,23,0,4,4,4,128,full,1000,8ad725ec82f5c7bffa3303407575e741aff6cbce4ed5f1661cd69c6e52db53eb,1000,243839,4.101066687445405,118264.513,114681.0,226610.8,241407.09,0.07138316676167471,0.07138316676167471,0.9996883189317542,304,905732,117289.461,992,0,0,0,0,0.0,0,0,0,0.30776044849265294,0.28553266704669883,299176,602036,1000,0,3624,1000,0,602036,13932,0,75044,not-applicable,0.0,True,False,True,1000,1000,0,scheduler
varp.k26.scheduler-model.v1,analytical-model,S0,skew,23,1,4,4,4,128,full,1000,8ad725ec82f5c7bffa3303407575e741aff6cbce4ed5f1661cd69c6e52db53eb,1000,243839,4.101066687445405,118264.513,114681.0,226610.8,241407.09,0.07138316676167471,0.07138316676167471,0.9996883189317542,304,905732,117289.461,992,0,0,0,0,0.0,0,0,0,0.30776044849265294,0.28553266704669883,299176,602036,1000,0,3624,1000,0,602036,13932,0,75044,not-applicable,0.0,True,False,True,1000,1000,0,scheduler
varp.k26.scheduler-model.v1,analytical-model,S0,skew,23,2,4,4,4,128,full,1000,8ad725ec82f5c7bffa3303407575e741aff6cbce4ed5f1661cd69c6e52db53eb,1000,243839,4.101066687445405,118264.513,114681.0,226610.8,241407.09,0.07138316676167471,0.07138316676167471,0.9996883189317542,304,905732,117289.461,992,0,0,0,0,0.0,0,0,0,0.30776044849265294,0.28553266704669883,299176,602036,1000,0,3624,1000,0,602036,13932,0,75044,not-applicable,0.0,True,False,True,1000,1000,0,scheduler
varp.k26.scheduler-model.v1,analytical-model,S0,skew,29,0,4,4,4,128,full,1000,e6789c4346907fa7a1c0ba6851989e06690cec4e054d9d6e28a8474a328c0a5f,1000,236398,4.230154231423278,115459.13,117695.5,221822.44999999992,231698.09,0.07358776300983934,0.07358776300983934,0.997975871200264,1914,876008,114515.452,993,0,0,0,0,0.0,0,0,0,0.31716215873230735,0.29435105203935735,298906,571402,1000,0,3674,1000,0,571402,15982,0,74977,not-applicable,0.0,True,False,True,1000,1000,0,scheduler
varp.k26.scheduler-model.v1,analytical-model,S0,skew,29,1,4,4,4,128,full,1000,e6789c4346907fa7a1c0ba6851989e06690cec4e054d9d6e28a8474a328c0a5f,1000,236398,4.230154231423278,115459.13,117695.5,221822.44999999992,231698.09,0.07358776300983934,0.07358776300983934,0.997975871200264,1914,876008,114515.452,993,0,0,0,0,0.0,0,0,0,0.31716215873230735,0.29435105203935735,298906,571402,1000,0,3674,1000,0,571402,15982,0,74977,not-applicable,0.0,True,False,True,1000,1000,0,scheduler
varp.k26.scheduler-model.v1,analytical-model,S0,skew,29,2,4,4,4,128,full,1000,e6789c4346907fa7a1c0ba6851989e06690cec4e054d9d6e28a8474a328c0a5f,1000,236398,4.230154231423278,115459.13,117695.5,221822.44999999992,231698.09,0.07358776300983934,0.07358776300983934,0.997975871200264,1914,876008,114515.452,993,0,0,0,0,0.0,0,0,0,0.31716215873230735,0.29435105203935735,298906,571402,1000,0,3674,1000,0,571402,15982,0,74977,not-applicable,0.0,True,False,True,1000,1000,0,scheduler
varp.k26.scheduler-model.v1,analytical-model,S0,skew,31,0,4,4,4,128,full,1000,2887d0098e7c2493dde8a2ac7cd9b49c4b908c0ab3045deb894a2c6f79375691,1000,241560,4.139758238118894,121871.774,122526.5,228799.85,237745.27,0.07336479549594303,0.07336479549594303,0.9978990726941547,2030,895352,120907.564,990,0,0,0,0,0.0,0,0,0,0.31597325716178176,0.29345918198377213,304306,585354,1000,0,3698,1000,0,585354,16438,0,76327,not-applicable,0.0,True,False,True,1000,1000,0,scheduler
varp.k26.scheduler-model.v1,analytical-model,S0,skew,31,1,4,4,4,128,full,1000,2887d0098e7c2493dde8a2ac7cd9b49c4b908c0ab3045deb894a2c6f79375691,1000,241560,4.139758238118894,121871.774,122526.5,228799.85,237745.27,0.07336479549594303,0.07336479549594303,0.9978990726941547,2030,895352,120907.564,990,0,0,0,0,0.0,0,0,0,0.31597325716178176,0.29345918198377213,304306,585354,1000,0,3698,1000,0,585354,16438,0,76327,not-applicable,0.0,True,False,True,1000,1000,0,scheduler
varp.k26.scheduler-model.v1,analytical-model,S0,skew,31,2,4,4,4,128,full,1000,2887d0098e7c2493dde8a2ac7cd9b49c4b908c0ab3045deb894a2c6f79375691,1000,241560,4.139758238118894,121871.774,122526.5,228799.85,237745.27,0.07336479549594303,0.07336479549594303,0.9978990726941547,2030,895352,120907.564,990,0,0,0,0,0.0,0,0,0,0.31597325716178176,0.29345918198377213,304306,585354,1000,0,3698,1000,0,585354,16438,0,76327,not-applicable,0.0,True,False,True,1000,1000,0,scheduler
varp.k26.scheduler-model.v1,analytical-model,S0,skew,43,0,4,4,4,128,full,1000,99bb745df36a5abbf91b45c61e6cd12828990fddcd6796b328d64770f2053bc0,1000,242254,4.1278988169441995,120169.822,125964.5,229148.19999999998,238608.7,0.07218043871308627,0.07218043871308627,0.9975211967604249,2402,899072,119203.208,994,0,0,0,0,0.0,0,0,0,0.31109083854136566,0.2887217548523451,300452,591898,1000,0,3636,1000,0,591898,17462,0,75363,not-applicable,0.0,True,False,True,1000,1000,0,scheduler
varp.k26.scheduler-model.v1,analytical-model,S0,skew,43,1,4,4,4,128,full,1000,99bb745df36a5abbf91b45c61e6cd12828990fddcd6796b328d64770f2053bc0,1000,242254,4.1278988169441995,120169.822,125964.5,229148.19999999998,238608.7,0.07218043871308627,0.07218043871308627,0.9975211967604249,2402,899072,119203.208,994,0,0,0,0,0.0,0,0,0,0.31109083854136566,0.2887217548523451,300452,591898,1000,0,3636,1000,0,591898,17462,0,75363,not-applicable,0.0,True,False,True,1000,1000,0,scheduler
varp.k26.scheduler-model.v1,analytical-model,S0,skew,43,2,4,4,4,128,full,1000,99bb745df36a5abbf91b45c61e6cd12828990fddcd6796b328d64770f2053bc0,1000,242254,4.1278988169441995,120169.822,125964.5,229148.19999999998,238608.7,0.07218043871308627,0.07218043871308627,0.9975211967604249,2402,899072,119203.208,994,0,0,0,0,0.0,0,0,0,0.31109083854136566,0.2887217548523451,300452,591898,1000,0,3636,1000,0,591898,17462,0,75363,not-applicable,0.0,True,False,True,1000,1000,0,scheduler
varp.k26.scheduler-model.v1,analytical-model,S0-physical,skew,19,0,4,4,4,128,full,1000,c00edd5ede4fb3b4d81714876892fd810061be24df4abe8518bac03539c37ddb,1000,227506,4.395488470633741,117885.553,121788.5,214838.05,223823.56999999998,0.07505736112454177,0.07505736112454177,0.9997252819705854,250,841720,116975.779,991,0,0,0,0,0.0,0,0,0,0.32390794088947106,0.3002294444981671,293764,542499,1000,0,3616,1000,0,542499,19609,7000,73691,not-applicable,0.0,True,False,True,1000,1000,0,scheduler
varp.k26.scheduler-model.v1,analytical-model,S0-physical,skew,19,1,4,4,4,128,full,1000,c00edd5ede4fb3b4d81714876892fd810061be24df4abe8518bac03539c37ddb,1000,227506,4.395488470633741,117885.553,121788.5,214838.05,223823.56999999998,0.07505736112454177,0.07505736112454177,0.9997252819705854,250,841720,116975.779,991,0,0,0,0,0.0,0,0,0,0.32390794088947106,0.3002294444981671,293764,542499,1000,0,3616,1000,0,542499,19609,7000,73691,not-applicable,0.0,True,False,True,1000,1000,0,scheduler
varp.k26.scheduler-model.v1,analytical-model,S0-physical,skew,19,2,4,4,4,128,full,1000,c00edd5ede4fb3b4d81714876892fd810061be24df4abe8518bac03539c37ddb,1000,227506,4.395488470633741,117885.553,121788.5,214838.05,223823.56999999998,0.07505736112454177,0.07505736112454177,0.9997252819705854,250,841720,116975.779,991,0,0,0,0,0.0,0,0,0,0.32390794088947106,0.3002294444981671,293764,542499,1000,0,3616,1000,0,542499,19609,7000,73691,not-applicable,0.0,True,False,True,1000,1000,0,scheduler
varp.k26.scheduler-model.v1,analytical-model,S0-physical,skew,23,0,4,4,4,128,full,1000,8ad725ec82f5c7bffa3303407575e741aff6cbce4ed5f1661cd69c6e52db53eb,1000,243881,4.100360421681065,118292.458,114716.0,226652.80000000002,241449.09,0.07137087349978063,0.07137087349978063,0.9997027238694282,290,905900,117317.224,992,0,0,0,0,0.0,0,0,0,0.3077074474846339,0.28548349399912254,299176,602168,1000,0,3624,1000,0,602168,20745,7000,75044,not-applicable,0.0,True,False,True,1000,1000,0,scheduler
varp.k26.scheduler-model.v1,analytical-model,S0-physical,skew,23,1,4,4,4,128,full,1000,8ad725ec82f5c7bffa3303407575e741aff6cbce4ed5f1661cd69c6e52db53eb,1000,243881,4.100360421681065,118292.458,114716.0,226652.80000000002,241449.09,0.07137087349978063,0.07137087349978063,0.9997027238694282,290,905900,117317.224,992,0,0,0,0,0.0,0,0,0,0.3077074474846339,0.28548349399912254,299176,602168,1000,0,3624,1000,0,602168,20745,7000,75044,not-applicable,0.0,True,False,True,1000,1000,0,scheduler
varp.k26.scheduler-model.v1,analytical-model,S0-physical,skew,23,2,4,4,4,128,full,1000,8ad725ec82f5c7bffa3303407575e741aff6cbce4ed5f1661cd69c6e52db53eb,1000,243881,4.100360421681065,118292.458,114716.0,226652.80000000002,241449.09,0.07137087349978063,0.07137087349978063,0.9997027238694282,290,905900,117317.224,992,0,0,0,0,0.0,0,0,0,0.3077074474846339,0.28548349399912254,299176,602168,1000,0,3624,1000,0,602168,20745,7000,75044,not-applicable,0.0,True,False,True,1000,1000,0,scheduler
varp.k26.scheduler-model.v1,analytical-model,S0-physical,skew,29,0,4,4,4,128,full,1000,e6789c4346907fa7a1c0ba6851989e06690cec4e054d9d6e28a8474a328c0a5f,1000,236468,4.228902007882674,115503.982,117744.5,221892.44999999992,231768.09,0.07356597932912698,0.07356597932912698,0.9979764703892281,1914,876288,114560.024,993,0,0,0,0,0.0,0,0,0,0.3170682713940153,0.2942639173165079,298906,571628,1000,0,3674,1000,0,571628,22809,7000,74977,not-applicable,0.0,True,False,True,1000,1000,0,scheduler
varp.k26.scheduler-model.v1,analytical-model,S0-physical,skew,29,1,4,4,4,128,full,1000,e6789c4346907fa7a1c0ba6851989e06690cec4e054d9d6e28a8474a328c0a5f,1000,236468,4.228902007882674,115503.982,117744.5,221892.44999999992,231768.09,0.07356597932912698,0.07356597932912698,0.9979764703892281,1914,876288,114560.024,993,0,0,0,0,0.0,0,0,0,0.3170682713940153,0.2942639173165079,298906,571628,1000,0,3674,1000,0,571628,22809,7000,74977,not-applicable,0.0,True,False,True,1000,1000,0,scheduler
varp.k26.scheduler-model.v1,analytical-model,S0-physical,skew,29,2,4,4,4,128,full,1000,e6789c4346907fa7a1c0ba6851989e06690cec4e054d9d6e28a8474a328c0a5f,1000,236468,4.228902007882674,115503.982,117744.5,221892.44999999992,231768.09,0.07356597932912698,0.07356597932912698,0.9979764703892281,1914,876288,114560.024,993,0,0,0,0,0.0,0,0,0,0.3170682713940153,0.2942639173165079,298906,571628,1000,0,3674,1000,0,571628,22809,7000,74977,not-applicable,0.0,True,False,True,1000,1000,0,scheduler
varp.k26.scheduler-model.v1,analytical-model,S0-physical,skew,31,0,4,4,4,128,full,1000,2887d0098e7c2493dde8a2ac7cd9b49c4b908c0ab3045deb894a2c6f79375691,1000,241649,4.1382335536253,121912.957,122552.5,228888.84999999998,237841.19999999998,0.07333777503734756,0.07333777503734756,0.9978998464715352,2030,895708,120948.391,990,0,0,0,0,0.0,0,0,0,0.31585688333078143,0.29335110014939025,304306,585750,1000,0,3698,1000,0,585750,23198,7000,76327,not-applicable,0.0,True,False,True,1000,1000,0,scheduler
varp.k26.scheduler-model.v1,analytical-model,S0-physical,skew,31,1,4,4,4,128,full,1000,2887d0098e7c2493dde8a2ac7cd9b49c4b908c0ab3045deb894a2c6f79375691,1000,241649,4.1382335536253,121912.957,122552.5,228888.84999999998,237841.19999999998,0.07333777503734756,0.07333777503734756,0.9978998464715352,2030,895708,120948.391,990,0,0,0,0,0.0,0,0,0,0.31585688333078143,0.29335110014939025,304306,585750,1000,0,3698,1000,0,585750,23198,7000,76327,not-applicable,0.0,True,False,True,1000,1000,0,scheduler
varp.k26.scheduler-model.v1,analytical-model,S0-physical,skew,31,2,4,4,4,128,full,1000,2887d0098e7c2493dde8a2ac7cd9b49c4b908c0ab3045deb894a2c6f79375691,1000,241649,4.1382335536253,121912.957,122552.5,228888.84999999998,237841.19999999998,0.07333777503734756,0.07333777503734756,0.9978998464715352,2030,895708,120948.391,990,0,0,0,0,0.0,0,0,0,0.31585688333078143,0.29335110014939025,304306,585750,1000,0,3698,1000,0,585750,23198,7000,76327,not-applicable,0.0,True,False,True,1000,1000,0,scheduler
varp.k26.scheduler-model.v1,analytical-model,S0-physical,skew,43,0,4,4,4,128,full,1000,99bb745df36a5abbf91b45c61e6cd12828990fddcd6796b328d64770f2053bc0,1000,242355,4.126178539745415,120215.763,126005.5,229227.2,238709.77,0.07215035794598833,0.07215035794598833,0.9975294505993274,2395,899476,119248.738,994,0,0,0,0,0.0,0,0,0,0.3109611932908337,0.2886014317839533,300452,592331,1000,0,3636,1000,0,592331,24173,7000,75363,not-applicable,0.0,True,False,True,1000,1000,0,scheduler
varp.k26.scheduler-model.v1,analytical-model,S0-physical,skew,43,1,4,4,4,128,full,1000,99bb745df36a5abbf91b45c61e6cd12828990fddcd6796b328d64770f2053bc0,1000,242355,4.126178539745415,120215.763,126005.5,229227.2,238709.77,0.07215035794598833,0.07215035794598833,0.9975294505993274,2395,899476,119248.738,994,0,0,0,0,0.0,0,0,0,0.3109611932908337,0.2886014317839533,300452,592331,1000,0,3636,1000,0,592331,24173,7000,75363,not-applicable,0.0,True,False,True,1000,1000,0,scheduler
varp.k26.scheduler-model.v1,analytical-model,S0-physical,skew,43,2,4,4,4,128,full,1000,99bb745df36a5abbf91b45c61e6cd12828990fddcd6796b328d64770f2053bc0,1000,242355,4.126178539745415,120215.763,126005.5,229227.2,238709.77,0.07215035794598833,0.07215035794598833,0.9975294505993274,2395,899476,119248.738,994,0,0,0,0,0.0,0,0,0,0.3109611932908337,0.2886014317839533,300452,592331,1000,0,3636,1000,0,592331,24173,7000,75363,not-applicable,0.0,True,False,True,1000,1000,0,scheduler
varp.k26.scheduler-model.v1,analytical-model,S1,skew,19,0,4,4,4,128,full,1000,c00edd5ede4fb3b4d81714876892fd810061be24df4abe8518bac03539c37ddb,1000,295306,3.386317921071702,130155.014,129268.5,277471.64999999997,290522.46,0.057824764820220385,0.057824764820220385,0.3546685472018855,762281,1112920,129736.071,782,718,0,0,0,0.0,0,0,0,0.24954115392169476,0.2312990592808815,293764,0,1000,0,3616,1000,0,0,58761,0,73691,not-applicable,0.0,True,False,True,1000,1000,0,scheduler
varp.k26.scheduler-model.v1,analytical-model,S1,skew,19,1,4,4,4,128,full,1000,c00edd5ede4fb3b4d81714876892fd810061be24df4abe8518bac03539c37ddb,1000,295306,3.386317921071702,130155.014,129268.5,277471.64999999997,290522.46,0.057824764820220385,0.057824764820220385,0.3546685472018855,762281,1112920,129736.071,782,718,0,0,0,0.0,0,0,0,0.24954115392169476,0.2312990592808815,293764,0,1000,0,3616,1000,0,0,58761,0,73691,not-applicable,0.0,True,False,True,1000,1000,0,scheduler
varp.k26.scheduler-model.v1,analytical-model,S1,skew,19,2,4,4,4,128,full,1000,c00edd5ede4fb3b4d81714876892fd810061be24df4abe8518bac03539c37ddb,1000,295306,3.386317921071702,130155.014,129268.5,277471.64999999997,290522.46,0.057824764820220385,0.057824764820220385,0.3546685472018855,762281,1112920,129736.071,782,718,0,0,0,0.0,0,0,0,0.24954115392169476,0.2312990592808815,293764,0,1000,0,3616,1000,0,0,58761,0,73691,not-applicable,0.0,True,False,True,1000,1000,0,scheduler
varp.k26.scheduler-model.v1,analytical-model,S1,skew,23,0,4,4,4,128,full,1000,8ad725ec82f5c7bffa3303407575e741aff6cbce4ed5f1661cd69c6e52db53eb,1000,308769,3.238667094170723,128322.721,121497.5,285333.05,305091.73,0.056372239441135605,0.056372239441135605,0.32685195081112417,831389,1165452,127919.034,798,737,0,0,0,0.0,0,0,0,0.24304253341494775,0.22548895776454242,299176,0,1000,0,3624,1000,0,0,36263,0,75044,not-applicable,0.0,True,False,True,1000,1000,0,scheduler
varp.k26.scheduler-model.v1,analytical-model,S1,skew,23,1,4,4,4,128,full,1000,8ad725ec82f5c7bffa3303407575e741aff6cbce4ed5f1661cd69c6e52db53eb,1000,308769,3.238667094170723,128322.721,121497.5,285333.05,305091.73,0.056372239441135605,0.056372239441135605,0.32685195081112417,831389,1165452,127919.034,798,737,0,0,0,0.0,0,0,0,0.24304253341494775,0.22548895776454242,299176,0,1000,0,3624,1000,0,0,36263,0,75044,not-applicable,0.0,True,False,True,1000,1000,0,scheduler
varp.k26.scheduler-model.v1,analytical-model,S1,skew,23,2,4,4,4,128,full,1000,8ad725ec82f5c7bffa3303407575e741aff6cbce4ed5f1661cd69c6e52db53eb,1000,308769,3.238667094170723,128322.721,121497.5,285333.05,305091.73,0.056372239441135605,0.056372239441135605,0.32685195081112417,831389,1165452,127919.034,798,737,0,0,0,0.0,0,0,0,0.24304253341494775,0.22548895776454242,299176,0,1000,0,3624,1000,0,0,36263,0,75044,not-applicable,0.0,True,False,True,1000,1000,0,scheduler
varp.k26.scheduler-model.v1,analytical-model,S1,skew,29,0,4,4,4,128,full,1000,e6789c4346907fa7a1c0ba6851989e06690cec4e054d9d6e28a8474a328c0a5f,1000,304672,3.2822182543850436,125904.357,117052.5,284606.04999999993,299108.73,0.05709746875328222,0.05709746875328222,0.3362000774603508,808965,1149104,125494.634,776,715,0,0,0,0.0,0,0,0,0.2460892369499002,0.22838987501312885,298906,0,1000,0,3674,1000,0,0,42799,0,74977,not-applicable,0.0,True,False,True,1000,1000,0,scheduler
varp.k26.scheduler-model.v1,analytical-model,S1,skew,29,1,4,4,4,128,full,1000,e6789c4346907fa7a1c0ba6851989e06690cec4e054d9d6e28a8474a328c0a5f,1000,304672,3.2822182543850436,125904.357,117052.5,284606.04999999993,299108.73,0.05709746875328222,0.05709746875328222,0.3362000774603508,808965,1149104,125494.634,776,715,0,0,0,0.0,0,0,0,0.2460892369499002,0.22838987501312885,298906,0,1000,0,3674,1000,0,0,42799,0,74977,not-applicable,0.0,True,False,True,1000,1000,0,scheduler
varp.k26.scheduler-model.v1,analytical-model,S1,skew,29,2,4,4,4,128,full,1000,e6789c4346907fa7a1c0ba6851989e06690cec4e054d9d6e28a8474a328c0a5f,1000,304672,3.2822182543850436,125904.357,117052.5,284606.04999999993,299108.73,0.05709746875328222,0.05709746875328222,0.3362000774603508,808965,1149104,125494.634,776,715,0,0,0,0.0,0,0,0,0.2460892369499002,0.22838987501312885,298906,0,1000,0,3674,1000,0,0,42799,0,74977,not-applicable,0.0,True,False,True,1000,1000,0,scheduler
varp.k26.scheduler-model.v1,analytical-model,S1,skew,31,0,4,4,4,128,full,1000,2887d0098e7c2493dde8a2ac7cd9b49c4b908c0ab3045deb894a2c6f79375691,1000,306837,3.2590593702845485,127402.241,118292.5,289829.85,302186.41,0.057757050160182774,0.057757050160182774,0.33864478534205456,811713,1156460,126986.606,775,713,0,0,0,0.0,0,0,0,0.2487525950260236,0.23102820064073107,304306,0,1000,0,3698,1000,0,0,42145,0,76327,not-applicable,0.0,True,False,True,1000,1000,0,scheduler
varp.k26.scheduler-model.v1,analytical-model,S1,skew,31,1,4,4,4,128,full,1000,2887d0098e7c2493dde8a2ac7cd9b49c4b908c0ab3045deb894a2c6f79375691,1000,306837,3.2590593702845485,127402.241,118292.5,289829.85,302186.41,0.057757050160182774,0.057757050160182774,0.33864478534205456,811713,1156460,126986.606,775,713,0,0,0,0.0,0,0,0,0.2487525950260236,0.23102820064073107,304306,0,1000,0,3698,1000,0,0,42145,0,76327,not-applicable,0.0,True,False,True,1000,1000,0,scheduler
varp.k26.scheduler-model.v1,analytical-model,S1,skew,31,2,4,4,4,128,full,1000,2887d0098e7c2493dde8a2ac7cd9b49c4b908c0ab3045deb894a2c6f79375691,1000,306837,3.2590593702845485,127402.241,118292.5,289829.85,302186.41,0.057757050160182774,0.057757050160182774,0.33864478534205456,811713,1156460,126986.606,775,713,0,0,0,0.0,0,0,0,0.2487525950260236,0.23102820064073107,304306,0,1000,0,3698,1000,0,0,42145,0,76327,not-applicable,0.0,True,False,True,1000,1000,0,scheduler
varp.k26.scheduler-model.v1,analytical-model,S1,skew,43,0,4,4,4,128,full,1000,99bb745df36a5abbf91b45c61e6cd12828990fddcd6796b328d64770f2053bc0,1000,309464,3.2313936354470956,129825.215,118209.5,289362.64999999997,304843.89,0.056504149109427915,0.056504149109427915,0.3336349300726417,824864,1167912,129412.223,787,726,0,0,0,0.0,0,0,0,0.24352751854819948,0.22601659643771166,300452,0,1000,0,3636,1000,0,0,43888,0,75363,not-applicable,0.0,True,False,True,1000,1000,0,scheduler
varp.k26.scheduler-model.v1,analytical-model,S1,skew,43,1,4,4,4,128,full,1000,99bb745df36a5abbf91b45c61e6cd12828990fddcd6796b328d64770f2053bc0,1000,309464,3.2313936354470956,129825.215,118209.5,289362.64999999997,304843.89,0.056504149109427915,0.056504149109427915,0.3336349300726417,824864,1167912,129412.223,787,726,0,0,0,0.0,0,0,0,0.24352751854819948,0.22601659643771166,300452,0,1000,0,3636,1000,0,0,43888,0,75363,not-applicable,0.0,True,False,True,1000,1000,0,scheduler
varp.k26.scheduler-model.v1,analytical-model,S1,skew,43,2,4,4,4,128,full,1000,99bb745df36a5abbf91b45c61e6cd12828990fddcd6796b328d64770f2053bc0,1000,309464,3.2313936354470956,129825.215,118209.5,289362.64999999997,304843.89,0.056504149109427915,0.056504149109427915,0.3336349300726417,824864,1167912,129412.223,787,726,0,0,0,0.0,0,0,0,0.24352751854819948,0.22601659643771166,300452,0,1000,0,3636,1000,0,0,43888,0,75363,not-applicable,0.0,True,False,True,1000,1000,0,scheduler
varp.k26.scheduler-model.v1,analytical-model,S2,skew,19,0,4,4,4,128,full,1000,c00edd5ede4fb3b4d81714876892fd810061be24df4abe8518bac03539c37ddb,1000,242964,4.115836090943514,108657.428,108006.5,228289.24999999997,238922.18000000002,0.07028201708895145,0.07028201708895145,0.9992015277983569,776,903552,107686.348,780,715,0,550,534,0.9709090909090909,2298368,124736,39744,0.3033000773777185,0.28112806835580584,293764,563142,1000,0,3616,1000,0,563142,58810,0,73691,not-applicable,0.0,True,False,True,1000,1000,0,scheduler
varp.k26.scheduler-model.v1,analytical-model,S2,skew,19,1,4,4,4,128,full,1000,c00edd5ede4fb3b4d81714876892fd810061be24df4abe8518bac03539c37ddb,1000,242964,4.115836090943514,108657.428,108006.5,228289.24999999997,238922.18000000002,0.07028201708895145,0.07028201708895145,0.9992015277983569,776,903552,107686.348,780,715,0,550,534,0.9709090909090909,2298368,124736,39744,0.3033000773777185,0.28112806835580584,293764,563142,1000,0,3616,1000,0,563142,58810,0,73691,not-applicable,0.0,True,False,True,1000,1000,0,scheduler
varp.k26.scheduler-model.v1,analytical-model,S2,skew,19,2,4,4,4,128,full,1000,c00edd5ede4fb3b4d81714876892fd810061be24df4abe8518bac03539c37ddb,1000,242964,4.115836090943514,108657.428,108006.5,228289.24999999997,238922.18000000002,0.07028201708895145,0.07028201708895145,0.9992015277983569,776,903552,107686.348,780,715,0,550,534,0.9709090909090909,2298368,124736,39744,0.3033000773777185,0.28112806835580584,293764,563142,1000,0,3616,1000,0,563142,58810,0,73691,not-applicable,0.0,True,False,True,1000,1000,0,scheduler
varp.k26.scheduler-model.v1,analytical-model,S2,skew,23,0,4,4,4,128,full,1000,8ad725ec82f5c7bffa3303407575e741aff6cbce4ed5f1661cd69c6e52db53eb,1000,255655,3.9115213862431792,108674.541,103623.5,236527.84999999998,252489.57,0.06808394124894879,0.06808394124894879,0.999581467211672,428,952996,107652.349,798,736,0,580,564,0.9724137931034482,2517504,133504,42080,0.29353621090923315,0.2723357649957951,299176,620174,1000,0,3624,1000,0,620174,47790,0,75044,not-applicable,0.0,True,False,True,1000,1000,0,scheduler
varp.k26.scheduler-model.v1,analytical-model,S2,skew,23,1,4,4,4,128,full,1000,8ad725ec82f5c7bffa3303407575e741aff6cbce4ed5f1661cd69c6e52db53eb,1000,255655,3.9115213862431792,108674.541,103623.5,236527.84999999998,252489.57,0.06808394124894879,0.06808394124894879,0.999581467211672,428,952996,107652.349,798,736,0,580,564,0.9724137931034482,2517504,133504,42080,0.29353621090923315,0.2723357649957951,299176,620174,1000,0,3624,1000,0,620174,47790,0,75044,not-applicable,0.0,True,False,True,1000,1000,0,scheduler
varp.k26.scheduler-model.v1,analytical-model,S2,skew,23,2,4,4,4,128,full,1000,8ad725ec82f5c7bffa3303407575e741aff6cbce4ed5f1661cd69c6e52db53eb,1000,255655,3.9115213862431792,108674.541,103623.5,236527.84999999998,252489.57,0.06808394124894879,0.06808394124894879,0.999581467211672,428,952996,107652.349,798,736,0,580,564,0.9724137931034482,2517504,133504,42080,0.29353621090923315,0.2723357649957951,299176,620174,1000,0,3624,1000,0,620174,47790,0,75044,not-applicable,0.0,True,False,True,1000,1000,0,scheduler
varp.k26.scheduler-model.v1,analytical-model,S2,skew,29,0,4,4,4,128,full,1000,e6789c4346907fa7a1c0ba6851989e06690cec4e054d9d6e28a8474a328c0a5f,1000,250010,3.999840006399744,105122.634,97590.5,233747.24999999997,245310.09000000003,0.06958121675132994,0.06958121675132994,0.9980860765569377,1914,930456,104124.508,773,711,0,546,530,0.9706959706959707,2377728,129344,38656,0.29989400423983037,0.2783248670053198,298906,583284,1000,0,3674,1000,0,583284,60438,0,74977,not-applicable,0.0,True,False,True,1000,1000,0,scheduler
varp.k26.scheduler-model.v1,analytical-model,S2,skew,29,1,4,4,4,128,full,1000,e6789c4346907fa7a1c0ba6851989e06690cec4e054d9d6e28a8474a328c0a5f,1000,250010,3.999840006399744,105122.634,97590.5,233747.24999999997,245310.09000000003,0.06958121675132994,0.06958121675132994,0.9980860765569377,1914,930456,104124.508,773,711,0,546,530,0.9706959706959707,2377728,129344,38656,0.29989400423983037,0.2783248670053198,298906,583284,1000,0,3674,1000,0,583284,60438,0,74977,not-applicable,0.0,True,False,True,1000,1000,0,scheduler
varp.k26.scheduler-model.v1,analytical-model,S2,skew,29,2,4,4,4,128,full,1000,e6789c4346907fa7a1c0ba6851989e06690cec4e054d9d6e28a8474a328c0a5f,1000,250010,3.999840006399744,105122.634,97590.5,233747.24999999997,245310.09000000003,0.06958121675132994,0.06958121675132994,0.9980860765569377,1914,930456,104124.508,773,711,0,546,530,0.9706959706959707,2377728,129344,38656,0.29989400423983037,0.2783248670053198,298906,583284,1000,0,3674,1000,0,583284,60438,0,74977,not-applicable,0.0,True,False,True,1000,1000,0,scheduler
varp.k26.scheduler-model.v1,analytical-model,S2,skew,31,0,4,4,4,128,full,1000,2887d0098e7c2493dde8a2ac7cd9b49c4b908c0ab3045deb894a2c6f79375691,1000,255662,3.911414289178681,109042.344,102581.5,241622.05,251762.13,0.06931808403282459,0.06931808403282459,0.9980149572482419,2030,951760,108021.726,774,711,0,553,537,0.9710669077757685,2465792,130112,39840,0.2985445627429966,0.27727233613129837,304306,604336,1000,0,3698,1000,0,604336,59862,0,76327,not-applicable,0.0,True,False,True,1000,1000,0,scheduler
varp.k26.scheduler-model.v1,analytical-model,S2,skew,31,1,4,4,4,128,full,1000,2887d0098e7c2493dde8a2ac7cd9b49c4b908c0ab3045deb894a2c6f79375691,1000,255662,3.911414289178681,109042.344,102581.5,241622.05,251762.13,0.06931808403282459,0.06931808403282459,0.9980149572482419,2030,951760,108021.726,774,711,0,553,537,0.9710669077757685,2465792,130112,39840,0.2985445627429966,0.27727233613129837,304306,604336,1000,0,3698,1000,0,604336,59862,0,76327,not-applicable,0.0,True,False,True,1000,1000,0,scheduler
varp.k26.scheduler-model.v1,analytical-model,S2,skew,31,2,4,4,4,128,full,1000,2887d0098e7c2493dde8a2ac7cd9b49c4b908c0ab3045deb894a2c6f79375691,1000,255662,3.911414289178681,109042.344,102581.5,241622.05,251762.13,0.06931808403282459,0.06931808403282459,0.9980149572482419,2030,951760,108021.726,774,711,0,553,537,0.9710669077757685,2465792,130112,39840,0.2985445627429966,0.27727233613129837,304306,604336,1000,0,3698,1000,0,604336,59862,0,76327,not-applicable,0.0,True,False,True,1000,1000,0,scheduler
varp.k26.scheduler-model.v1,analytical-model,S2,skew,43,0,4,4,4,128,full,1000,99bb745df36a5abbf91b45c61e6cd12828990fddcd6796b328d64770f2053bc0,1000,253424,3.9459561841025317,107686.138,98057.5,236979.15,249379.72999999998,0.06899898983521688,0.06899898983521688,0.9975988856619736,2434,943752,106674.876,785,724,0,557,541,0.9712746858168761,2443776,134528,39808,0.2973790959025191,0.27599595934086746,300452,602664,1000,0,3636,1000,0,602664,53724,0,75363,not-applicable,0.0,True,False,True,1000,1000,0,scheduler
varp.k26.scheduler-model.v1,analytical-model,S2,skew,43,1,4,4,4,128,full,1000,99bb745df36a5abbf91b45c61e6cd12828990fddcd6796b328d64770f2053bc0,1000,253424,3.9459561841025317,107686.138,98057.5,236979.15,249379.72999999998,0.06899898983521688,0.06899898983521688,0.9975988856619736,2434,943752,106674.876,785,724,0,557,541,0.9712746858168761,2443776,134528,39808,0.2973790959025191,0.27599595934086746,300452,602664,1000,0,3636,1000,0,602664,53724,0,75363,not-applicable,0.0,True,False,True,1000,1000,0,scheduler
varp.k26.scheduler-model.v1,analytical-model,S2,skew,43,2,4,4,4,128,full,1000,99bb745df36a5abbf91b45c61e6cd12828990fddcd6796b328d64770f2053bc0,1000,253424,3.9459561841025317,107686.138,98057.5,236979.15,249379.72999999998,0.06899898983521688,0.06899898983521688,0.9975988856619736,2434,943752,106674.876,785,724,0,557,541,0.9712746858168761,2443776,134528,39808,0.2973790959025191,0.27599595934086746,300452,602664,1000,0,3636,1000,0,602664,53724,0,75363,not-applicable,0.0,True,False,True,1000,1000,0,scheduler
varp.k26.scheduler-model.v1,analytical-model,S3,skew,19,0,4,4,4,128,full,1000,c00edd5ede4fb3b4d81714876892fd810061be24df4abe8518bac03539c37ddb,1000,247360,4.042690815006468,109535.184,106996.5,229882.5,241784.83000000002,0.06903298835705045,0.06903298835705045,0.9948637613195342,5082,921136,108550.826,781,717,0,629,561,0.8918918918918919,1397248,104128,36160,0.29790992884864165,0.2761319534282018,293764,565044,1000,0,3616,1000,0,565044,116634,0,73691,not-applicable,0.0,True,False,True,1000,1000,0,scheduler
varp.k26.scheduler-model.v1,analytical-model,S3,skew,19,1,4,4,4,128,full,1000,c00edd5ede4fb3b4d81714876892fd810061be24df4abe8518bac03539c37ddb,1000,247360,4.042690815006468,109535.184,106996.5,229882.5,241784.83000000002,0.06903298835705045,0.06903298835705045,0.9948637613195342,5082,921136,108550.826,781,717,0,629,561,0.8918918918918919,1397248,104128,36160,0.29790992884864165,0.2761319534282018,293764,565044,1000,0,3616,1000,0,565044,116634,0,73691,not-applicable,0.0,True,False,True,1000,1000,0,scheduler
varp.k26.scheduler-model.v1,analytical-model,S3,skew,19,2,4,4,4,128,full,1000,c00edd5ede4fb3b4d81714876892fd810061be24df4abe8518bac03539c37ddb,1000,247360,4.042690815006468,109535.184,106996.5,229882.5,241784.83000000002,0.06903298835705045,0.06903298835705045,0.9948637613195342,5082,921136,108550.826,781,717,0,629,561,0.8918918918918919,1397248,104128,36160,0.29790992884864165,0.2761319534282018,293764,565044,1000,0,3616,1000,0,565044,116634,0,73691,not-applicable,0.0,True,False,True,1000,1000,0,scheduler
varp.k26.scheduler-model.v1,analytical-model,S3,skew,23,0,4,4,4,128,full,1000,8ad725ec82f5c7bffa3303407575e741aff6cbce4ed5f1661cd69c6e52db53eb,1000,255897,3.907822287873637,105206.765,99310.0,234026.64999999997,247296.41999999998,0.06801955474272851,0.06801955474272851,0.9935970331813191,6554,953964,104189.731,798,736,0,625,585,0.936,1545216,109632,38336,0.29325861577118917,0.2720782189709141,299176,614125,1000,0,3624,1000,0,614125,92217,0,75044,not-applicable,0.0,True,False,True,1000,1000,0,scheduler
varp.k26.scheduler-model.v1,analytical-model,S3,skew,23,1,4,4,4,128,full,1000,8ad725ec82f5c7bffa3303407575e741aff6cbce4ed5f1661cd69c6e52db53eb,1000,255897,3.907822287873637,105206.765,99310.0,234026.64999999997,247296.41999999998,0.06801955474272851,0.06801955474272851,0.9935970331813191,6554,953964,104189.731,798,736,0,625,585,0.936,1545216,109632,38336,0.29325861577118917,0.2720782189709141,299176,614125,1000,0,3624,1000,0,614125,92217,0,75044,not-applicable,0.0,True,False,True,1000,1000,0,scheduler
varp.k26.scheduler-model.v1,analytical-model,S3,skew,23,2,4,4,4,128,full,1000,8ad725ec82f5c7bffa3303407575e741aff6cbce4ed5f1661cd69c6e52db53eb,1000,255897,3.907822287873637,105206.765,99310.0,234026.64999999997,247296.41999999998,0.06801955474272851,0.06801955474272851,0.9935970331813191,6554,953964,104189.731,798,736,0,625,585,0.936,1545216,109632,38336,0.29325861577118917,0.2720782189709141,299176,614125,1000,0,3624,1000,0,614125,92217,0,75044,not-applicable,0.0,True,False,True,1000,1000,0,scheduler
varp.k26.scheduler-model.v1,analytical-model,S3,skew,29,0,4,4,4,128,full,1000,e6789c4346907fa7a1c0ba6851989e06690cec4e054d9d6e28a8474a328c0a5f,1000,252120,3.9663652229097255,103201.635,93576.0,230597.09999999998,244581.9,0.06899888941773759,0.06899888941773759,0.9958045771854672,4231,938896,102197.386,776,715,0,596,559,0.9379194630872483,1519104,107840,36224,0.29738418213549106,0.27599555767095035,298906,589488,1000,0,3674,1000,0,589488,100615,0,74977,not-applicable,0.0,True,False,True,1000,1000,0,scheduler
varp.k26.scheduler-model.v1,analytical-model,S3,skew,29,1,4,4,4,128,full,1000,e6789c4346907fa7a1c0ba6851989e06690cec4e054d9d6e28a8474a328c0a5f,1000,252120,3.9663652229097255,103201.635,93576.0,230597.09999999998,244581.9,0.06899888941773759,0.06899888941773759,0.9958045771854672,4231,938896,102197.386,776,715,0,596,559,0.9379194630872483,1519104,107840,36224,0.29738418213549106,0.27599555767095035,298906,589488,1000,0,3674,1000,0,589488,100615,0,74977,not-applicable,0.0,True,False,True,1000,1000,0,scheduler
varp.k26.scheduler-model.v1,analytical-model,S3,skew,29,2,4,4,4,128,full,1000,e6789c4346907fa7a1c0ba6851989e06690cec4e054d9d6e28a8474a328c0a5f,1000,252120,3.9663652229097255,103201.635,93576.0,230597.09999999998,244581.9,0.06899888941773759,0.06899888941773759,0.9958045771854672,4231,938896,102197.386,776,715,0,596,559,0.9379194630872483,1519104,107840,36224,0.29738418213549106,0.27599555767095035,298906,589488,1000,0,3674,1000,0,589488,100615,0,74977,not-applicable,0.0,True,False,True,1000,1000,0,scheduler
varp.k26.scheduler-model.v1,analytical-model,S3,skew,31,0,4,4,4,128,full,1000,2887d0098e7c2493dde8a2ac7cd9b49c4b908c0ab3045deb894a2c6f79375691,1000,256318,3.901403725060277,106089.226,95854.0,236424.6,248888.53,0.06914067681551822,0.06914067681551822,0.994855999188508,5274,954384,105069.228,775,713,0,612,560,0.9150326797385621,1491456,103616,36896,0.2977804914208132,0.2765627072620729,304306,603946,1000,0,3698,1000,0,603946,98362,0,76327,not-applicable,0.0,True,False,True,1000,1000,0,scheduler
varp.k26.scheduler-model.v1,analytical-model,S3,skew,31,1,4,4,4,128,full,1000,2887d0098e7c2493dde8a2ac7cd9b49c4b908c0ab3045deb894a2c6f79375691,1000,256318,3.901403725060277,106089.226,95854.0,236424.6,248888.53,0.06914067681551822,0.06914067681551822,0.994855999188508,5274,954384,105069.228,775,713,0,612,560,0.9150326797385621,1491456,103616,36896,0.2977804914208132,0.2765627072620729,304306,603946,1000,0,3698,1000,0,603946,98362,0,76327,not-applicable,0.0,True,False,True,1000,1000,0,scheduler
varp.k26.scheduler-model.v1,analytical-model,S3,skew,31,2,4,4,4,128,full,1000,2887d0098e7c2493dde8a2ac7cd9b49c4b908c0ab3045deb894a2c6f79375691,1000,256318,3.901403725060277,106089.226,95854.0,236424.6,248888.53,0.06914067681551822,0.06914067681551822,0.994855999188508,5274,954384,105069.228,775,713,0,612,560,0.9150326797385621,1491456,103616,36896,0.2977804914208132,0.2765627072620729,304306,603946,1000,0,3698,1000,0,603946,98362,0,76327,not-applicable,0.0,True,False,True,1000,1000,0,scheduler
varp.k26.scheduler-model.v1,analytical-model,S3,skew,43,0,4,4,4,128,full,1000,99bb745df36a5abbf91b45c61e6cd12828990fddcd6796b328d64770f2053bc0,1000,256304,3.901616830014358,106881.011,96684.5,233625.15,248638.47999999998,0.06822367188963106,0.06822367188963106,0.9949893485860541,5137,955272,105860.932,786,725,0,633,566,0.8941548183254344,1554432,110208,36800,0.29403754916037206,0.27289468755852425,300452,603498,1000,0,3636,1000,0,603498,107757,0,75363,not-applicable,0.0,True,False,True,1000,1000,0,scheduler
varp.k26.scheduler-model.v1,analytical-model,S3,skew,43,1,4,4,4,128,full,1000,99bb745df36a5abbf91b45c61e6cd12828990fddcd6796b328d64770f2053bc0,1000,256304,3.901616830014358,106881.011,96684.5,233625.15,248638.47999999998,0.06822367188963106,0.06822367188963106,0.9949893485860541,5137,955272,105860.932,786,725,0,633,566,0.8941548183254344,1554432,110208,36800,0.29403754916037206,0.27289468755852425,300452,603498,1000,0,3636,1000,0,603498,107757,0,75363,not-applicable,0.0,True,False,True,1000,1000,0,scheduler
varp.k26.scheduler-model.v1,analytical-model,S3,skew,43,2,4,4,4,128,full,1000,99bb745df36a5abbf91b45c61e6cd12828990fddcd6796b328d64770f2053bc0,1000,256304,3.901616830014358,106881.011,96684.5,233625.15,248638.47999999998,0.06822367188963106,0.06822367188963106,0.9949893485860541,5137,955272,105860.932,786,725,0,633,566,0.8941548183254344,1554432,110208,36800,0.29403754916037206,0.27289468755852425,300452,603498,1000,0,3636,1000,0,603498,107757,0,75363,not-applicable,0.0,True,False,True,1000,1000,0,scheduler
varp.k26.scheduler-model.v1,analytical-model,Oracle,skew,19,0,4,4,4,128,full,1000,c00edd5ede4fb3b4d81714876892fd810061be24df4abe8518bac03539c37ddb,1000,227555,4.394541978862253,53440.845,33115.5,174106.64999999994,216067.53,0.07504119883105183,0.07504119883105183,0.9929731273757992,6396,841916,52537.021,1000,0,0,0,0,0.0,0,0,0,0.3238381929643383,0.30016479532420737,293764,540730,1000,0,3616,1000,0,540730,6470,0,73691,offline-clairvoyant-list-schedule,0.0,True,False,True,1000,1000,0,scheduler
varp.k26.scheduler-model.v1,analytical-model,Oracle,skew,19,1,4,4,4,128,full,1000,c00edd5ede4fb3b4d81714876892fd810061be24df4abe8518bac03539c37ddb,1000,227555,4.394541978862253,53440.845,33115.5,174106.64999999994,216067.53,0.07504119883105183,0.07504119883105183,0.9929731273757992,6396,841916,52537.021,1000,0,0,0,0,0.0,0,0,0,0.3238381929643383,0.30016479532420737,293764,540730,1000,0,3616,1000,0,540730,6470,0,73691,offline-clairvoyant-list-schedule,0.0,True,False,True,1000,1000,0,scheduler
varp.k26.scheduler-model.v1,analytical-model,Oracle,skew,19,2,4,4,4,128,full,1000,c00edd5ede4fb3b4d81714876892fd810061be24df4abe8518bac03539c37ddb,1000,227555,4.394541978862253,53440.845,33115.5,174106.64999999994,216067.53,0.07504119883105183,0.07504119883105183,0.9929731273757992,6396,841916,52537.021,1000,0,0,0,0,0.0,0,0,0,0.3238381929643383,0.30016479532420737,293764,540730,1000,0,3616,1000,0,540730,6470,0,73691,offline-clairvoyant-list-schedule,0.0,True,False,True,1000,1000,0,scheduler
varp.k26.scheduler-model.v1,analytical-model,Oracle,skew,23,0,4,4,4,128,full,1000,8ad725ec82f5c7bffa3303407575e741aff6cbce4ed5f1661cd69c6e52db53eb,1000,243712,4.1032037815126055,55980.202,32074.5,190197.99999999994,232242.38999999998,0.0714203650210084,0.0714203650210084,0.9934389771533614,6396,905224,55011.75,1000,0,0,0,0,0.0,0,0,0,0.30792082457983194,0.2856814600840336,299176,598286,1000,0,3624,1000,0,598286,8579,0,75044,offline-clairvoyant-list-schedule,0.0,True,False,True,1000,1000,0,scheduler
varp.k26.scheduler-model.v1,analytical-model,Oracle,skew,23,1,4,4,4,128,full,1000,8ad725ec82f5c7bffa3303407575e741aff6cbce4ed5f1661cd69c6e52db53eb,1000,243712,4.1032037815126055,55980.202,32074.5,190197.99999999994,232242.38999999998,0.0714203650210084,0.0714203650210084,0.9934389771533614,6396,905224,55011.75,1000,0,0,0,0,0.0,0,0,0,0.30792082457983194,0.2856814600840336,299176,598286,1000,0,3624,1000,0,598286,8579,0,75044,offline-clairvoyant-list-schedule,0.0,True,False,True,1000,1000,0,scheduler
varp.k26.scheduler-model.v1,analytical-model,Oracle,skew,23,2,4,4,4,128,full,1000,8ad725ec82f5c7bffa3303407575e741aff6cbce4ed5f1661cd69c6e52db53eb,1000,243712,4.1032037815126055,55980.202,32074.5,190197.99999999994,232242.38999999998,0.0714203650210084,0.0714203650210084,0.9934389771533614,6396,905224,55011.75,1000,0,0,0,0,0.0,0,0,0,0.30792082457983194,0.2856814600840336,299176,598286,1000,0,3624,1000,0,598286,8579,0,75044,offline-clairvoyant-list-schedule,0.0,True,False,True,1000,1000,0,scheduler
varp.k26.scheduler-model.v1,analytical-model,Oracle,skew,29,0,4,4,4,128,full,1000,e6789c4346907fa7a1c0ba6851989e06690cec4e054d9d6e28a8474a328c0a5f,1000,236121,4.235116740992965,53893.878,31739.0,182624.84999999995,224609.4,0.07367409082631363,0.07367409082631363,0.9932280483311522,6396,874900,52955.79,1000,0,0,0,0,0.0,0,0,0,0.3175342303310591,0.2946963633052545,298906,568550,1000,0,3674,1000,0,568550,7571,0,74977,offline-clairvoyant-list-schedule,0.0,True,False,True,1000,1000,0,scheduler
varp.k26.scheduler-model.v1,analytical-model,Oracle,skew,29,1,4,4,4,128,full,1000,e6789c4346907fa7a1c0ba6851989e06690cec4e054d9d6e28a8474a328c0a5f,1000,236121,4.235116740992965,53893.878,31739.0,182624.84999999995,224609.4,0.07367409082631363,0.07367409082631363,0.9932280483311522,6396,874900,52955.79,1000,0,0,0,0,0.0,0,0,0,0.3175342303310591,0.2946963633052545,298906,568550,1000,0,3674,1000,0,568550,7571,0,74977,offline-clairvoyant-list-schedule,0.0,True,False,True,1000,1000,0,scheduler
varp.k26.scheduler-model.v1,analytical-model,Oracle,skew,29,2,4,4,4,128,full,1000,e6789c4346907fa7a1c0ba6851989e06690cec4e054d9d6e28a8474a328c0a5f,1000,236121,4.235116740992965,53893.878,31739.0,182624.84999999995,224609.4,0.07367409082631363,0.07367409082631363,0.9932280483311522,6396,874900,52955.79,1000,0,0,0,0,0.0,0,0,0,0.3175342303310591,0.2946963633052545,298906,568550,1000,0,3674,1000,0,568550,7571,0,74977,offline-clairvoyant-list-schedule,0.0,True,False,True,1000,1000,0,scheduler
varp.k26.scheduler-model.v1,analytical-model,Oracle,skew,31,0,4,4,4,128,full,1000,2887d0098e7c2493dde8a2ac7cd9b49c4b908c0ab3045deb894a2c6f79375691,1000,241298,4.14425316413729,54709.777,31840.0,187760.49999999994,229792.62999999998,0.07344445457484107,0.07344445457484107,0.9933733391905445,6396,894304,53750.981,1000,0,0,0,0,0.0,0,0,0,0.31631633913252494,0.2937778182993643,304306,582411,1000,0,3698,1000,0,582411,8591,0,76327,offline-clairvoyant-list-schedule,0.0,True,False,True,1000,1000,0,scheduler
varp.k26.scheduler-model.v1,analytical-model,Oracle,skew,31,1,4,4,4,128,full,1000,2887d0098e7c2493dde8a2ac7cd9b49c4b908c0ab3045deb894a2c6f79375691,1000,241298,4.14425316413729,54709.777,31840.0,187760.49999999994,229792.62999999998,0.07344445457484107,0.07344445457484107,0.9933733391905445,6396,894304,53750.981,1000,0,0,0,0,0.0,0,0,0,0.31631633913252494,0.2937778182993643,304306,582411,1000,0,3698,1000,0,582411,8591,0,76327,offline-clairvoyant-list-schedule,0.0,True,False,True,1000,1000,0,scheduler
varp.k26.scheduler-model.v1,analytical-model,Oracle,skew,31,2,4,4,4,128,full,1000,2887d0098e7c2493dde8a2ac7cd9b49c4b908c0ab3045deb894a2c6f79375691,1000,241298,4.14425316413729,54709.777,31840.0,187760.49999999994,229792.62999999998,0.07344445457484107,0.07344445457484107,0.9933733391905445,6396,894304,53750.981,1000,0,0,0,0,0.0,0,0,0,0.31631633913252494,0.2937778182993643,304306,582411,1000,0,3698,1000,0,582411,8591,0,76327,offline-clairvoyant-list-schedule,0.0,True,False,True,1000,1000,0,scheduler
varp.k26.scheduler-model.v1,analytical-model,Oracle,skew,43,0,4,4,4,128,full,1000,99bb745df36a5abbf91b45c61e6cd12828990fddcd6796b328d64770f2053bc0,1000,241064,4.148275976504165,55463.699,32876.5,187575.14999999994,229543.58,0.07253675372515182,0.07253675372515182,0.9933669067135699,6396,894312,54505.839,1000,0,0,0,0,0.0,0,0,0,0.31262652241728334,0.2901470149006073,300452,585580,1000,0,3636,1000,0,585580,7936,0,75363,offline-clairvoyant-list-schedule,0.0,True,False,True,1000,1000,0,scheduler
varp.k26.scheduler-model.v1,analytical-model,Oracle,skew,43,1,4,4,4,128,full,1000,99bb745df36a5abbf91b45c61e6cd12828990fddcd6796b328d64770f2053bc0,1000,241064,4.148275976504165,55463.699,32876.5,187575.14999999994,229543.58,0.07253675372515182,0.07253675372515182,0.9933669067135699,6396,894312,54505.839,1000,0,0,0,0,0.0,0,0,0,0.31262652241728334,0.2901470149006073,300452,585580,1000,0,3636,1000,0,585580,7936,0,75363,offline-clairvoyant-list-schedule,0.0,True,False,True,1000,1000,0,scheduler
varp.k26.scheduler-model.v1,analytical-model,Oracle,skew,43,2,4,4,4,128,full,1000,99bb745df36a5abbf91b45c61e6cd12828990fddcd6796b328d64770f2053bc0,1000,241064,4.148275976504165,55463.699,32876.5,187575.14999999994,229543.58,0.07253675372515182,0.07253675372515182,0.9933669067135699,6396,894312,54505.839,1000,0,0,0,0,0.0,0,0,0,0.31262652241728334,0.2901470149006073,300452,585580,1000,0,3636,1000,0,585580,7936,0,75363,offline-clairvoyant-list-schedule,0.0,True,False,True,1000,1000,0,scheduler
varp.k26.scheduler-model.v1,analytical-model,S0,hotspot,19,0,4,4,4,128,full,1000,bf1ae2133e17a5e1a200d4eeab505a55d3da0f0e5ba571652790f8b10054ef69,1000,169280,5.9073724007561434,84104.882,83858.5,160015.75,165989.55000000002,0.07008506616257089,0.07008506616257089,0.9977227079395085,1542,629664,83429.304,990,0,0,0,0,0.0,0,0,0,0.3067225897920605,0.28034026465028355,206688,26,1000,0,3000,1000,0,26,436382,0,51922,not-applicable,0.0,True,False,True,1000,1000,0,scheduler
varp.k26.scheduler-model.v1,analytical-model,S0,hotspot,19,1,4,4,4,128,full,1000,bf1ae2133e17a5e1a200d4eeab505a55d3da0f0e5ba571652790f8b10054ef69,1000,169280,5.9073724007561434,84104.882,83858.5,160015.75,165989.55000000002,0.07008506616257089,0.07008506616257089,0.9977227079395085,1542,629664,83429.304,990,0,0,0,0,0.0,0,0,0,0.3067225897920605,0.28034026465028355,206688,26,1000,0,3000,1000,0,26,436382,0,51922,not-applicable,0.0,True,False,True,1000,1000,0,scheduler
varp.k26.scheduler-model.v1,analytical-model,S0,hotspot,19,2,4,4,4,128,full,1000,bf1ae2133e17a5e1a200d4eeab505a55d3da0f0e5ba571652790f8b10054ef69,1000,169280,5.9073724007561434,84104.882,83858.5,160015.75,165989.55000000002,0.07008506616257089,0.07008506616257089,0.9977227079395085,1542,629664,83429.304,990,0,0,0,0,0.0,0,0,0,0.3067225897920605,0.28034026465028355,206688,26,1000,0,3000,1000,0,26,436382,0,51922,not-applicable,0.0,True,False,True,1000,1000,0,scheduler
varp.k26.scheduler-model.v1,analytical-model,S0,hotspot,23,0,4,4,4,128,full,1000,cac17ab47ec736a21b9fc3678cc3a84291166ea79198ce44e5955c82905cc1f4,1000,170816,5.854252529037092,84612.008,84812.5,159887.75,167749.87,0.0704383664293743,0.0704383664293743,0.9982115258523792,1222,635136,83929.966,992,0,0,0,0,0.0,0,0,0,0.3081444361183964,0.2817534657174972,209544,50,1000,0,3000,1000,0,50,439402,0,52636,not-applicable,0.0,True,False,True,1000,1000,0,scheduler
varp.k26.scheduler-model.v1,analytical-model,S0,hotspot,23,1,4,4,4,128,full,1000,cac17ab47ec736a21b9fc3678cc3a84291166ea79198ce44e5955c82905cc1f4,1000,170816,5.854252529037092,84612.008,84812.5,159887.75,167749.87,0.0704383664293743,0.0704383664293743,0.9982115258523792,1222,635136,83929.966,992,0,0,0,0,0.0,0,0,0,0.3081444361183964,0.2817534657174972,209544,50,1000,0,3000,1000,0,50,439402,0,52636,not-applicable,0.0,True,False,True,1000,1000,0,scheduler
varp.k26.scheduler-model.v1,analytical-model,S0,hotspot,23,2,4,4,4,128,full,1000,cac17ab47ec736a21b9fc3678cc3a84291166ea79198ce44e5955c82905cc1f4,1000,170816,5.854252529037092,84612.008,84812.5,159887.75,167749.87,0.0704383664293743,0.0704383664293743,0.9982115258523792,1222,635136,83929.966,992,0,0,0,0,0.0,0,0,0,0.3081444361183964,0.2817534657174972,209544,50,1000,0,3000,1000,0,50,439402,0,52636,not-applicable,0.0,True,False,True,1000,1000,0,scheduler
varp.k26.scheduler-model.v1,analytical-model,S0,hotspot,29,0,4,4,4,128,full,1000,803080c08108b8a28120dcb99f67fece3b78ee9a7277cc8024fa0d9681a8de38,1000,168512,5.934295480440562,83066.834,82556.5,158065.34999999998,165444.27,0.07154386631219142,0.07154386631219142,0.9978547521838208,1446,625824,82394.232,989,0,0,0,0,0.0,0,0,0,0.3129628750474744,0.28617546524876564,209952,16,1000,0,3000,1000,0,16,429234,0,52738,not-applicable,0.0,True,False,True,1000,1000,0,scheduler
varp.k26.scheduler-model.v1,analytical-model,S0,hotspot,29,1,4,4,4,128,full,1000,803080c08108b8a28120dcb99f67fece3b78ee9a7277cc8024fa0d9681a8de38,1000,168512,5.934295480440562,83066.834,82556.5,158065.34999999998,165444.27,0.07154386631219142,0.07154386631219142,0.9978547521838208,1446,625824,82394.232,989,0,0,0,0,0.0,0,0,0,0.3129628750474744,0.28617546524876564,209952,16,1000,0,3000,1000,0,16,429234,0,52738,not-applicable,0.0,True,False,True,1000,1000,0,scheduler
varp.k26.scheduler-model.v1,analytical-model,S0,hotspot,29,2,4,4,4,128,full,1000,803080c08108b8a28120dcb99f67fece3b78ee9a7277cc8024fa0d9681a8de38,1000,168512,5.934295480440562,83066.834,82556.5,158065.34999999998,165444.27,0.07154386631219142,0.07154386631219142,0.9978547521838208,1446,625824,82394.232,989,0,0,0,0,0.0,0,0,0,0.3129628750474744,0.28617546524876564,209952,16,1000,0,3000,1000,0,16,429234,0,52738,not-applicable,0.0,True,False,True,1000,1000,0,scheduler
varp.k26.scheduler-model.v1,analytical-model,S0,hotspot,31,0,4,4,4,128,full,1000,099aec332d7143420b15ba10a30b4de2192be2be462bf1ea0832586ca4686b88,1000,173398,5.767079205065802,86043.47,84835.5,163629.75,170459.87000000002,0.06980472669811646,0.06980472669811646,0.9982381573028524,1222,645176,85351.1,990,0,0,0,0,0.0,0,0,0,0.3053207072745937,0.2792189067924659,210768,98,1000,0,3000,1000,0,98,448366,0,52942,not-applicable,0.0,True,False,True,1000,1000,0,scheduler
varp.k26.scheduler-model.v1,analytical-model,S0,hotspot,31,1,4,4,4,128,full,1000,099aec332d7143420b15ba10a30b4de2192be2be462bf1ea0832586ca4686b88,1000,173398,5.767079205065802,86043.47,84835.5,163629.75,170459.87000000002,0.06980472669811646,0.06980472669811646,0.9982381573028524,1222,645176,85351.1,990,0,0,0,0,0.0,0,0,0,0.3053207072745937,0.2792189067924659,210768,98,1000,0,3000,1000,0,98,448366,0,52942,not-applicable,0.0,True,False,True,1000,1000,0,scheduler
varp.k26.scheduler-model.v1,analytical-model,S0,hotspot,31,2,4,4,4,128,full,1000,099aec332d7143420b15ba10a30b4de2192be2be462bf1ea0832586ca4686b88,1000,173398,5.767079205065802,86043.47,84835.5,163629.75,170459.87000000002,0.06980472669811646,0.06980472669811646,0.9982381573028524,1222,645176,85351.1,990,0,0,0,0,0.0,0,0,0,0.3053207072745937,0.2792189067924659,210768,98,1000,0,3000,1000,0,98,448366,0,52942,not-applicable,0.0,True,False,True,1000,1000,0,scheduler
varp.k26.scheduler-model.v1,analytical-model,S0,hotspot,43,0,4,4,4,128,full,1000,c75264eb347df971ecc31aeb70603304679c25a4b48dbf4d10cb5c1d719c35a8,1000,173600,5.76036866359447,86403.87,85453.5,163650.8,170821.87,0.06935483870967742,0.06935483870967742,0.9985627880184331,998,646240,85710.468,992,0,0,0,0,0.0,0,0,0,0.30339861751152075,0.27741935483870966,209680,22,1000,0,3000,1000,0,22,450818,0,52670,not-applicable,0.0,True,False,True,1000,1000,0,scheduler
varp.k26.scheduler-model.v1,analytical-model,S0,hotspot,43,1,4,4,4,128,full,1000,c75264eb347df971ecc31aeb70603304679c25a4b48dbf4d10cb5c1d719c35a8,1000,173600,5.76036866359447,86403.87,85453.5,163650.8,170821.87,0.06935483870967742,0.06935483870967742,0.9985627880184331,998,646240,85710.468,992,0,0,0,0,0.0,0,0,0,0.30339861751152075,0.27741935483870966,209680,22,1000,0,3000,1000,0,22,450818,0,52670,not-applicable,0.0,True,False,True,1000,1000,0,scheduler
varp.k26.scheduler-model.v1,analytical-model,S0,hotspot,43,2,4,4,4,128,full,1000,c75264eb347df971ecc31aeb70603304679c25a4b48dbf4d10cb5c1d719c35a8,1000,173600,5.76036866359447,86403.87,85453.5,163650.8,170821.87,0.06935483870967742,0.06935483870967742,0.9985627880184331,998,646240,85710.468,992,0,0,0,0,0.0,0,0,0,0.30339861751152075,0.27741935483870966,209680,22,1000,0,3000,1000,0,22,450818,0,52670,not-applicable,0.0,True,False,True,1000,1000,0,scheduler
varp.k26.scheduler-model.v1,analytical-model,S0-physical,hotspot,19,0,4,4,4,128,full,1000,bf1ae2133e17a5e1a200d4eeab505a55d3da0f0e5ba571652790f8b10054ef69,1000,169287,5.907128131516301,84112.701,83869.0,160022.75,165996.55,0.07008216815230939,0.07008216815230939,0.9977228021053004,1542,629692,83437.095,990,0,0,0,0,0.0,0,0,0,0.3067099068445894,0.28032867260923755,206688,7040,1000,0,3000,1000,0,7040,436410,7000,51922,not-applicable,0.0,True,False,True,1000,1000,0,scheduler
varp.k26.scheduler-model.v1,analytical-model,S0-physical,hotspot,19,1,4,4,4,128,full,1000,bf1ae2133e17a5e1a200d4eeab505a55d3da0f0e5ba571652790f8b10054ef69,1000,169287,5.907128131516301,84112.701,83869.0,160022.75,165996.55,0.07008216815230939,0.07008216815230939,0.9977228021053004,1542,629692,83437.095,990,0,0,0,0,0.0,0,0,0,0.3067099068445894,0.28032867260923755,206688,7040,1000,0,3000,1000,0,7040,436410,7000,51922,not-applicable,0.0,True,False,True,1000,1000,0,scheduler
varp.k26.scheduler-model.v1,analytical-model,S0-physical,hotspot,19,2,4,4,4,128,full,1000,bf1ae2133e17a5e1a200d4eeab505a55d3da0f0e5ba571652790f8b10054ef69,1000,169287,5.907128131516301,84112.701,83869.0,160022.75,165996.55,0.07008216815230939,0.07008216815230939,0.9977228021053004,1542,629692,83437.095,990,0,0,0,0,0.0,0,0,0,0.3067099068445894,0.28032867260923755,206688,7040,1000,0,3000,1000,0,7040,436410,7000,51922,not-applicable,0.0,True,False,True,1000,1000,0,scheduler
varp.k26.scheduler-model.v1,analytical-model,S0-physical,hotspot,23,0,4,4,4,128,full,1000,cac17ab47ec736a21b9fc3678cc3a84291166ea79198ce44e5955c82905cc1f4,1000,170823,5.854012632959262,84619.89,84819.5,159894.75,167756.87,0.07043547999976583,0.07043547999976583,0.998211599140631,1222,635164,83937.82,992,0,0,0,0,0.0,0,0,0,0.3081318089484437,0.28174191999906334,209544,7036,1000,0,3000,1000,0,7036,439430,7000,52636,not-applicable,0.0,True,False,True,1000,1000,0,scheduler
varp.k26.scheduler-model.v1,analytical-model,S0-physical,hotspot,23,1,4,4,4,128,full,1000,cac17ab47ec736a21b9fc3678cc3a84291166ea79198ce44e5955c82905cc1f4,1000,170823,5.854012632959262,84619.89,84819.5,159894.75,167756.87,0.07043547999976583,0.07043547999976583,0.998211599140631,1222,635164,83937.82,992,0,0,0,0,0.0,0,0,0,0.3081318089484437,0.28174191999906334,209544,7036,1000,0,3000,1000,0,7036,439430,7000,52636,not-applicable,0.0,True,False,True,1000,1000,0,scheduler
varp.k26.scheduler-model.v1,analytical-model,S0-physical,hotspot,23,2,4,4,4,128,full,1000,cac17ab47ec736a21b9fc3678cc3a84291166ea79198ce44e5955c82905cc1f4,1000,170823,5.854012632959262,84619.89,84819.5,159894.75,167756.87,0.07043547999976583,0.07043547999976583,0.998211599140631,1222,635164,83937.82,992,0,0,0,0,0.0,0,0,0,0.3081318089484437,0.28174191999906334,209544,7036,1000,0,3000,1000,0,7036,439430,7000,52636,not-applicable,0.0,True,False,True,1000,1000,0,scheduler
varp.k26.scheduler-model.v1,analytical-model,S0-physical,hotspot,29,0,4,4,4,128,full,1000,803080c08108b8a28120dcb99f67fece3b78ee9a7277cc8024fa0d9681a8de38,1000,168519,5.934048979640278,83074.835,82563.5,158072.35,165451.27000000002,0.0715408944985432,0.0715408944985432,0.99785484129386,1446,625852,82402.205,989,0,0,0,0,0.0,0,0,0,0.312949875088269,0.28616357799417275,209952,7009,1000,0,3000,1000,0,7009,429262,7000,52738,not-applicable,0.0,True,False,True,1000,1000,0,scheduler
varp.k26.scheduler-model.v1,analytical-model,S0-physical,hotspot,29,1,4,4,4,128,full,1000,803080c08108b8a28120dcb99f67fece3b78ee9a7277cc8024fa0d9681a8de38,1000,168519,5.934048979640278,83074.835,82563.5,158072.35,165451.27000000002,0.0715408944985432,0.0715408944985432,0.99785484129386,1446,625852,82402.205,989,0,0,0,0,0.0,0,0,0,0.312949875088269,0.28616357799417275,209952,7009,1000,0,3000,1000,0,7009,429262,7000,52738,not-applicable,0.0,True,False,True,1000,1000,0,scheduler
varp.k26.scheduler-model.v1,analytical-model,S0-physical,hotspot,29,2,4,4,4,128,full,1000,803080c08108b8a28120dcb99f67fece3b78ee9a7277cc8024fa0d9681a8de38,1000,168519,5.934048979640278,83074.835,82563.5,158072.35,165451.27000000002,0.0715408944985432,0.0715408944985432,0.99785484129386,1446,625852,82402.205,989,0,0,0,0,0.0,0,0,0,0.312949875088269,0.28616357799417275,209952,7009,1000,0,3000,1000,0,7009,429262,7000,52738,not-applicable,0.0,True,False,True,1000,1000,0,scheduler
varp.k26.scheduler-model.v1,analytical-model,S0-physical,hotspot,31,0,4,4,4,128,full,1000,099aec332d7143420b15ba10a30b4de2192be2be462bf1ea0832586ca4686b88,1000,173419,5.766380846389381,86062.818,84856.5,163650.74999999997,170480.87,0.06979627376469706,0.06979627376469706,0.9982383706514281,1222,645260,85370.364,990,0,0,0,0,0.0,0,0,0,0.3052837347695466,0.27918509505878825,210768,7105,1000,0,3000,1000,0,7105,448450,7000,52942,not-applicable,0.0,True,False,True,1000,1000,0,scheduler
varp.k26.scheduler-model.v1,analytical-model,S0-physical,hotspot,31,1,4,4,4,128,full,1000,099aec332d7143420b15ba10a30b4de2192be2be462bf1ea0832586ca4686b88,1000,173419,5.766380846389381,86062.818,84856.5,163650.74999999997,170480.87,0.06979627376469706,0.06979627376469706,0.9982383706514281,1222,645260,85370.364,990,0,0,0,0,0.0,0,0,0,0.3052837347695466,0.27918509505878825,210768,7105,1000,0,3000,1000,0,7105,448450,7000,52942,not-applicable,0.0,True,False,True,1000,1000,0,scheduler
varp.k26.scheduler-model.v1,analytical-model,S0-physical,hotspot,31,2,4,4,4,128,full,1000,099aec332d7143420b15ba10a30b4de2192be2be462bf1ea0832586ca4686b88,1000,173419,5.766380846389381,86062.818,84856.5,163650.74999999997,170480.87,0.06979627376469706,0.06979627376469706,0.9982383706514281,1222,645260,85370.364,990,0,0,0,0,0.0,0,0,0,0.3052837347695466,0.27918509505878825,210768,7105,1000,0,3000,1000,0,7105,448450,7000,52942,not-applicable,0.0,True,False,True,1000,1000,0,scheduler
varp.k26.scheduler-model.v1,analytical-model,S0-physical,hotspot,43,0,4,4,4,128,full,1000,c75264eb347df971ecc31aeb70603304679c25a4b48dbf4d10cb5c1d719c35a8,1000,173607,5.760136400029952,86411.654,85460.5,163664.44999999998,170828.87,0.06935204225636063,0.06935204225636063,0.9985628459681926,998,646268,85718.224,992,0,0,0,0,0.0,0,0,0,0.30338638418957764,0.2774081690254425,209680,7012,1000,0,3000,1000,0,7012,450846,7000,52670,not-applicable,0.0,True,False,True,1000,1000,0,scheduler
varp.k26.scheduler-model.v1,analytical-model,S0-physical,hotspot,43,1,4,4,4,128,full,1000,c75264eb347df971ecc31aeb70603304679c25a4b48dbf4d10cb5c1d719c35a8,1000,173607,5.760136400029952,86411.654,85460.5,163664.44999999998,170828.87,0.06935204225636063,0.06935204225636063,0.9985628459681926,998,646268,85718.224,992,0,0,0,0,0.0,0,0,0,0.30338638418957764,0.2774081690254425,209680,7012,1000,0,3000,1000,0,7012,450846,7000,52670,not-applicable,0.0,True,False,True,1000,1000,0,scheduler
varp.k26.scheduler-model.v1,analytical-model,S0-physical,hotspot,43,2,4,4,4,128,full,1000,c75264eb347df971ecc31aeb70603304679c25a4b48dbf4d10cb5c1d719c35a8,1000,173607,5.760136400029952,86411.654,85460.5,163664.44999999998,170828.87,0.06935204225636063,0.06935204225636063,0.9985628459681926,998,646268,85718.224,992,0,0,0,0,0.0,0,0,0,0.30338638418957764,0.2774081690254425,209680,7012,1000,0,3000,1000,0,7012,450846,7000,52670,not-applicable,0.0,True,False,True,1000,1000,0,scheduler
varp.k26.scheduler-model.v1,analytical-model,S1,hotspot,19,0,4,4,4,128,full,1000,bf1ae2133e17a5e1a200d4eeab505a55d3da0f0e5ba571652790f8b10054ef69,1000,169750,5.891016200294551,84093.018,83776.5,159758.05,166627.79,0.06989101620029456,0.06989101620029456,0.985740795287187,9682,631544,83423.7,248,1,0,0,0,0.0,0,0,0,0.3058733431516937,0.2795640648011782,206688,0,1000,0,3000,1000,0,0,430056,0,51922,not-applicable,0.0,True,False,True,1000,1000,0,scheduler
varp.k26.scheduler-model.v1,analytical-model,S1,hotspot,19,1,4,4,4,128,full,1000,bf1ae2133e17a5e1a200d4eeab505a55d3da0f0e5ba571652790f8b10054ef69,1000,169750,5.891016200294551,84093.018,83776.5,159758.05,166627.79,0.06989101620029456,0.06989101620029456,0.985740795287187,9682,631544,83423.7,248,1,0,0,0,0.0,0,0,0,0.3058733431516937,0.2795640648011782,206688,0,1000,0,3000,1000,0,0,430056,0,51922,not-applicable,0.0,True,False,True,1000,1000,0,scheduler
varp.k26.scheduler-model.v1,analytical-model,S1,hotspot,19,2,4,4,4,128,full,1000,bf1ae2133e17a5e1a200d4eeab505a55d3da0f0e5ba571652790f8b10054ef69,1000,169750,5.891016200294551,84093.018,83776.5,159758.05,166627.79,0.06989101620029456,0.06989101620029456,0.985740795287187,9682,631544,83423.7,248,1,0,0,0,0.0,0,0,0,0.3058733431516937,0.2795640648011782,206688,0,1000,0,3000,1000,0,0,430056,0,51922,not-applicable,0.0,True,False,True,1000,1000,0,scheduler
varp.k26.scheduler-model.v1,analytical-model,S1,hotspot,23,0,4,4,4,128,full,1000,cac17ab47ec736a21b9fc3678cc3a84291166ea79198ce44e5955c82905cc1f4,1000,170908,5.851101177241556,84621.332,84598.5,159940.25,167918.85,0.0704004493645704,0.0704004493645704,0.9931746904767478,4666,635504,83942.366,248,0,0,0,0,0.0,0,0,0,0.3079785615652866,0.2816017974582816,209544,0,1000,0,3000,1000,0,0,436232,0,52636,not-applicable,0.0,True,False,True,1000,1000,0,scheduler
varp.k26.scheduler-model.v1,analytical-model,S1,hotspot,23,1,4,4,4,128,full,1000,cac17ab47ec736a21b9fc3678cc3a84291166ea79198ce44e5955c82905cc1f4,1000,170908,5.851101177241556,84621.332,84598.5,159940.25,167918.85,0.0704004493645704,0.0704004493645704,0.9931746904767478,4666,635504,83942.366,248,0,0,0,0,0.0,0,0,0,0.3079785615652866,0.2816017974582816,209544,0,1000,0,3000,1000,0,0,436232,0,52636,not-applicable,0.0,True,False,True,1000,1000,0,scheduler
varp.k26.scheduler-model.v1,analytical-model,S1,hotspot,23,2,4,4,4,128,full,1000,cac17ab47ec736a21b9fc3678cc3a84291166ea79198ce44e5955c82905cc1f4,1000,170908,5.851101177241556,84621.332,84598.5,159940.25,167918.85,0.0704004493645704,0.0704004493645704,0.9931746904767478,4666,635504,83942.366,248,0,0,0,0,0.0,0,0,0,0.3079785615652866,0.2816017974582816,209544,0,1000,0,3000,1000,0,0,436232,0,52636,not-applicable,0.0,True,False,True,1000,1000,0,scheduler
varp.k26.scheduler-model.v1,analytical-model,S1,hotspot,29,0,4,4,4,128,full,1000,803080c08108b8a28120dcb99f67fece3b78ee9a7277cc8024fa0d9681a8de38,1000,168512,5.934295480440562,83096.704,82621.5,158348.3,165482.81,0.07154386631219142,0.07154386631219142,0.9924753133308013,5072,625824,82427.728,248,2,0,0,0,0.0,0,0,0,0.3129628750474744,0.28617546524876564,209952,0,1000,0,3000,1000,0,0,425594,0,52738,not-applicable,0.0,True,False,True,1000,1000,0,scheduler
varp.k26.scheduler-model.v1,analytical-model,S1,hotspot,29,1,4,4,4,128,full,1000,803080c08108b8a28120dcb99f67fece3b78ee9a7277cc8024fa0d9681a8de38,1000,168512,5.934295480440562,83096.704,82621.5,158348.3,165482.81,0.07154386631219142,0.07154386631219142,0.9924753133308013,5072,625824,82427.728,248,2,0,0,0,0.0,0,0,0,0.3129628750474744,0.28617546524876564,209952,0,1000,0,3000,1000,0,0,425594,0,52738,not-applicable,0.0,True,False,True,1000,1000,0,scheduler
varp.k26.scheduler-model.v1,analytical-model,S1,hotspot,29,2,4,4,4,128,full,1000,803080c08108b8a28120dcb99f67fece3b78ee9a7277cc8024fa0d9681a8de38,1000,168512,5.934295480440562,83096.704,82621.5,158348.3,165482.81,0.07154386631219142,0.07154386631219142,0.9924753133308013,5072,625824,82427.728,248,2,0,0,0,0.0,0,0,0,0.3129628750474744,0.28617546524876564,209952,0,1000,0,3000,1000,0,0,425594,0,52738,not-applicable,0.0,True,False,True,1000,1000,0,scheduler
varp.k26.scheduler-model.v1,analytical-model,S1,hotspot,31,0,4,4,4,128,full,1000,099aec332d7143420b15ba10a30b4de2192be2be462bf1ea0832586ca4686b88,1000,173390,5.76734529096257,86041.462,84472.5,163609.05,170597.90999999997,0.06980794740181095,0.06980794740181095,0.9947171117134783,3664,645144,85351.566,248,1,0,0,0,0.0,0,0,0,0.30533479439414035,0.2792317896072438,210768,0,1000,0,3000,1000,0,0,445850,0,52942,not-applicable,0.0,True,False,True,1000,1000,0,scheduler
varp.k26.scheduler-model.v1,analytical-model,S1,hotspot,31,1,4,4,4,128,full,1000,099aec332d7143420b15ba10a30b4de2192be2be462bf1ea0832586ca4686b88,1000,173390,5.76734529096257,86041.462,84472.5,163609.05,170597.90999999997,0.06980794740181095,0.06980794740181095,0.9947171117134783,3664,645144,85351.566,248,1,0,0,0,0.0,0,0,0,0.30533479439414035,0.2792317896072438,210768,0,1000,0,3000,1000,0,0,445850,0,52942,not-applicable,0.0,True,False,True,1000,1000,0,scheduler
varp.k26.scheduler-model.v1,analytical-model,S1,hotspot,31,2,4,4,4,128,full,1000,099aec332d7143420b15ba10a30b4de2192be2be462bf1ea0832586ca4686b88,1000,173390,5.76734529096257,86041.462,84472.5,163609.05,170597.90999999997,0.06980794740181095,0.06980794740181095,0.9947171117134783,3664,645144,85351.566,248,1,0,0,0,0.0,0,0,0,0.30533479439414035,0.2792317896072438,210768,0,1000,0,3000,1000,0,0,445850,0,52942,not-applicable,0.0,True,False,True,1000,1000,0,scheduler
varp.k26.scheduler-model.v1,analytical-model,S1,hotspot,43,0,4,4,4,128,full,1000,c75264eb347df971ecc31aeb70603304679c25a4b48dbf4d10cb5c1d719c35a8,1000,173750,5.755395683453237,86398.302,85540.5,163459.15,170812.47,0.06929496402877698,0.06929496402877698,0.9931280575539568,4776,646840,85708.078,248,0,0,0,0,0.0,0,0,0,0.303136690647482,0.2771798561151079,209680,0,1000,0,3000,1000,0,0,447618,0,52670,not-applicable,0.0,True,False,True,1000,1000,0,scheduler
varp.k26.scheduler-model.v1,analytical-model,S1,hotspot,43,1,4,4,4,128,full,1000,c75264eb347df971ecc31aeb70603304679c25a4b48dbf4d10cb5c1d719c35a8,1000,173750,5.755395683453237,86398.302,85540.5,163459.15,170812.47,0.06929496402877698,0.06929496402877698,0.9931280575539568,4776,646840,85708.078,248,0,0,0,0,0.0,0,0,0,0.303136690647482,0.2771798561151079,209680,0,1000,0,3000,1000,0,0,447618,0,52670,not-applicable,0.0,True,False,True,1000,1000,0,scheduler
varp.k26.scheduler-model.v1,analytical-model,S1,hotspot,43,2,4,4,4,128,full,1000,c75264eb347df971ecc31aeb70603304679c25a4b48dbf4d10cb5c1d719c35a8,1000,173750,5.755395683453237,86398.302,85540.5,163459.15,170812.47,0.06929496402877698,0.06929496402877698,0.9931280575539568,4776,646840,85708.078,248,0,0,0,0,0.0,0,0,0,0.303136690647482,0.2771798561151079,209680,0,1000,0,3000,1000,0,0,447618,0,52670,not-applicable,0.0,True,False,True,1000,1000,0,scheduler
varp.k26.scheduler-model.v1,analytical-model,S2,hotspot,19,0,4,4,4,128,full,1000,bf1ae2133e17a5e1a200d4eeab505a55d3da0f0e5ba571652790f8b10054ef69,1000,169280,5.9073724007561434,84088.712,83776.5,159758.05,166363.88,0.07008506616257089,0.07008506616257089,0.9980535207939508,1318,629664,83412.91,248,1,0,25,9,0.36,22528,1408,576,0.3067225897920605,0.28034026465028355,206688,218,1000,0,3000,1000,0,218,436634,0,51922,not-applicable,0.0,True,False,True,1000,1000,0,scheduler
varp.k26.scheduler-model.v1,analytical-model,S2,hotspot,19,1,4,4,4,128,full,1000,bf1ae2133e17a5e1a200d4eeab505a55d3da0f0e5ba571652790f8b10054ef69,1000,169280,5.9073724007561434,84088.712,83776.5,159758.05,166363.88,0.07008506616257089,0.07008506616257089,0.9980535207939508,1318,629664,83412.91,248,1,0,25,9,0.36,22528,1408,576,0.3067225897920605,0.28034026465028355,206688,218,1000,0,3000,1000,0,218,436634,0,51922,not-applicable,0.0,True,False,True,1000,1000,0,scheduler
varp.k26.scheduler-model.v1,analytical-model,S2,hotspot,19,2,4,4,4,128,full,1000,bf1ae2133e17a5e1a200d4eeab505a55d3da0f0e5ba571652790f8b10054ef69,1000,169280,5.9073724007561434,84088.712,83776.5,159758.05,166363.88,0.07008506616257089,0.07008506616257089,0.9980535207939508,1318,629664,83412.91,248,1,0,25,9,0.36,22528,1408,576,0.3067225897920605,0.28034026465028355,206688,218,1000,0,3000,1000,0,218,436634,0,51922,not-applicable,0.0,True,False,True,1000,1000,0,scheduler
varp.k26.scheduler-model.v1,analytical-model,S2,hotspot,23,0,4,4,4,128,full,1000,cac17ab47ec736a21b9fc3678cc3a84291166ea79198ce44e5955c82905cc1f4,1000,170784,5.855349447255012,84621.642,84598.5,159940.25,167920.52,0.0704515645493723,0.0704515645493723,0.9989138326775342,742,635008,83939.248,248,0,0,19,3,0.15789473684210525,10240,640,192,0.3082021735057148,0.2818062581974892,209544,44,1000,0,3000,1000,0,44,439688,0,52636,not-applicable,0.0,True,False,True,1000,1000,0,scheduler
varp.k26.scheduler-model.v1,analytical-model,S2,hotspot,23,1,4,4,4,128,full,1000,cac17ab47ec736a21b9fc3678cc3a84291166ea79198ce44e5955c82905cc1f4,1000,170784,5.855349447255012,84621.642,84598.5,159940.25,167920.52,0.0704515645493723,0.0704515645493723,0.9989138326775342,742,635008,83939.248,248,0,0,19,3,0.15789473684210525,10240,640,192,0.3082021735057148,0.2818062581974892,209544,44,1000,0,3000,1000,0,44,439688,0,52636,not-applicable,0.0,True,False,True,1000,1000,0,scheduler
varp.k26.scheduler-model.v1,analytical-model,S2,hotspot,23,2,4,4,4,128,full,1000,cac17ab47ec736a21b9fc3678cc3a84291166ea79198ce44e5955c82905cc1f4,1000,170784,5.855349447255012,84621.642,84598.5,159940.25,167920.52,0.0704515645493723,0.0704515645493723,0.9989138326775342,742,635008,83939.248,248,0,0,19,3,0.15789473684210525,10240,640,192,0.3082021735057148,0.2818062581974892,209544,44,1000,0,3000,1000,0,44,439688,0,52636,not-applicable,0.0,True,False,True,1000,1000,0,scheduler
varp.k26.scheduler-model.v1,analytical-model,S2,hotspot,29,0,4,4,4,128,full,1000,803080c08108b8a28120dcb99f67fece3b78ee9a7277cc8024fa0d9681a8de38,1000,168512,5.934295480440562,83096.576,82621.5,158348.3,165482.92,0.07154386631219142,0.07154386631219142,0.9977123290922901,1542,625824,82424.07,248,2,0,21,5,0.23809523809523808,18432,1152,320,0.3129628750474744,0.28617546524876564,209952,440,1000,0,3000,1000,0,440,429124,0,52738,not-applicable,0.0,True,False,True,1000,1000,0,scheduler
varp.k26.scheduler-model.v1,analytical-model,S2,hotspot,29,1,4,4,4,128,full,1000,803080c08108b8a28120dcb99f67fece3b78ee9a7277cc8024fa0d9681a8de38,1000,168512,5.934295480440562,83096.576,82621.5,158348.3,165482.92,0.07154386631219142,0.07154386631219142,0.9977123290922901,1542,625824,82424.07,248,2,0,21,5,0.23809523809523808,18432,1152,320,0.3129628750474744,0.28617546524876564,209952,440,1000,0,3000,1000,0,440,429124,0,52738,not-applicable,0.0,True,False,True,1000,1000,0,scheduler
varp.k26.scheduler-model.v1,analytical-model,S2,hotspot,29,2,4,4,4,128,full,1000,803080c08108b8a28120dcb99f67fece3b78ee9a7277cc8024fa0d9681a8de38,1000,168512,5.934295480440562,83096.576,82621.5,158348.3,165482.92,0.07154386631219142,0.07154386631219142,0.9977123290922901,1542,625824,82424.07,248,2,0,21,5,0.23809523809523808,18432,1152,320,0.3129628750474744,0.28617546524876564,209952,440,1000,0,3000,1000,0,440,429124,0,52738,not-applicable,0.0,True,False,True,1000,1000,0,scheduler
varp.k26.scheduler-model.v1,analytical-model,S2,hotspot,31,0,4,4,4,128,full,1000,099aec332d7143420b15ba10a30b4de2192be2be462bf1ea0832586ca4686b88,1000,173344,5.768875761491601,86040.904,84472.5,163609.05,170605.5,0.06982647221709433,0.06982647221709433,0.9985606654975079,998,644960,85348.526,248,1,0,20,4,0.2,10240,640,256,0.3054158205648883,0.2793058888683773,210768,158,1000,0,3000,1000,0,158,448346,0,52942,not-applicable,0.0,True,False,True,1000,1000,0,scheduler
varp.k26.scheduler-model.v1,analytical-model,S2,hotspot,31,1,4,4,4,128,full,1000,099aec332d7143420b15ba10a30b4de2192be2be462bf1ea0832586ca4686b88,1000,173344,5.768875761491601,86040.904,84472.5,163609.05,170605.5,0.06982647221709433,0.06982647221709433,0.9985606654975079,998,644960,85348.526,248,1,0,20,4,0.2,10240,640,256,0.3054158205648883,0.2793058888683773,210768,158,1000,0,3000,1000,0,158,448346,0,52942,not-applicable,0.0,True,False,True,1000,1000,0,scheduler
varp.k26.scheduler-model.v1,analytical-model,S2,hotspot,31,2,4,4,4,128,full,1000,099aec332d7143420b15ba10a30b4de2192be2be462bf1ea0832586ca4686b88,1000,173344,5.768875761491601,86040.904,84472.5,163609.05,170605.5,0.06982647221709433,0.06982647221709433,0.9985606654975079,998,644960,85348.526,248,1,0,20,4,0.2,10240,640,256,0.3054158205648883,0.2793058888683773,210768,158,1000,0,3000,1000,0,158,448346,0,52942,not-applicable,0.0,True,False,True,1000,1000,0,scheduler
varp.k26.scheduler-model.v1,analytical-model,S2,hotspot,43,0,4,4,4,128,full,1000,c75264eb347df971ecc31aeb70603304679c25a4b48dbf4d10cb5c1d719c35a8,1000,173632,5.7593070401769255,86397.856,85540.5,163459.15,170812.15,0.06934205676373019,0.06934205676373019,0.9980562338739403,1350,646368,85704.678,248,0,0,21,5,0.23809523809523808,18432,1152,320,0.30334270180611866,0.27736822705492076,209680,406,1000,0,3000,1000,0,406,450602,0,52670,not-applicable,0.0,True,False,True,1000,1000,0,scheduler
varp.k26.scheduler-model.v1,analytical-model,S2,hotspot,43,1,4,4,4,128,full,1000,c75264eb347df971ecc31aeb70603304679c25a4b48dbf4d10cb5c1d719c35a8,1000,173632,5.7593070401769255,86397.856,85540.5,163459.15,170812.15,0.06934205676373019,0.06934205676373019,0.9980562338739403,1350,646368,85704.678,248,0,0,21,5,0.23809523809523808,18432,1152,320,0.30334270180611866,0.27736822705492076,209680,406,1000,0,3000,1000,0,406,450602,0,52670,not-applicable,0.0,True,False,True,1000,1000,0,scheduler
varp.k26.scheduler-model.v1,analytical-model,S2,hotspot,43,2,4,4,4,128,full,1000,c75264eb347df971ecc31aeb70603304679c25a4b48dbf4d10cb5c1d719c35a8,1000,173632,5.7593070401769255,86397.856,85540.5,163459.15,170812.15,0.06934205676373019,0.06934205676373019,0.9980562338739403,1350,646368,85704.678,248,0,0,21,5,0.23809523809523808,18432,1152,320,0.30334270180611866,0.27736822705492076,209680,406,1000,0,3000,1000,0,406,450602,0,52670,not-applicable,0.0,True,False,True,1000,1000,0,scheduler
varp.k26.scheduler-model.v1,analytical-model,S3,hotspot,19,0,4,4,4,128,full,1000,bf1ae2133e17a5e1a200d4eeab505a55d3da0f0e5ba571652790f8b10054ef69,1000,169280,5.9073724007561434,84088.35,83776.5,159758.05,166364.1,0.07008506616257089,0.07008506616257089,0.9976754489603025,1574,629664,83412.804,248,1,0,25,9,0.36,20480,1280,576,0.3067225897920605,0.28034026465028355,206688,386,1000,0,3000,1000,0,386,436356,0,51922,not-applicable,0.0,True,False,True,1000,1000,0,scheduler
varp.k26.scheduler-model.v1,analytical-model,S3,hotspot,19,1,4,4,4,128,full,1000,bf1ae2133e17a5e1a200d4eeab505a55d3da0f0e5ba571652790f8b10054ef69,1000,169280,5.9073724007561434,84088.35,83776.5,159758.05,166364.1,0.07008506616257089,0.07008506616257089,0.9976754489603025,1574,629664,83412.804,248,1,0,25,9,0.36,20480,1280,576,0.3067225897920605,0.28034026465028355,206688,386,1000,0,3000,1000,0,386,436356,0,51922,not-applicable,0.0,True,False,True,1000,1000,0,scheduler
varp.k26.scheduler-model.v1,analytical-model,S3,hotspot,19,2,4,4,4,128,full,1000,bf1ae2133e17a5e1a200d4eeab505a55d3da0f0e5ba571652790f8b10054ef69,1000,169280,5.9073724007561434,84088.35,83776.5,159758.05,166364.1,0.07008506616257089,0.07008506616257089,0.9976754489603025,1574,629664,83412.804,248,1,0,25,9,0.36,20480,1280,576,0.3067225897920605,0.28034026465028355,206688,386,1000,0,3000,1000,0,386,436356,0,51922,not-applicable,0.0,True,False,True,1000,1000,0,scheduler
varp.k26.scheduler-model.v1,analytical-model,S3,hotspot,23,0,4,4,4,128,full,1000,cac17ab47ec736a21b9fc3678cc3a84291166ea79198ce44e5955c82905cc1f4,1000,170816,5.854252529037092,84619.722,84598.5,159940.25,167749.99,0.07043836642937429,0.07043836642937429,0.9978836877107531,1446,635136,83937.904,248,0,0,20,4,0.2,10240,640,256,0.3081444361183964,0.2817534657174972,209544,182,1000,0,3000,1000,0,182,439112,0,52636,not-applicable,0.0,True,False,True,1000,1000,0,scheduler
varp.k26.scheduler-model.v1,analytical-model,S3,hotspot,23,1,4,4,4,128,full,1000,cac17ab47ec736a21b9fc3678cc3a84291166ea79198ce44e5955c82905cc1f4,1000,170816,5.854252529037092,84619.722,84598.5,159940.25,167749.99,0.07043836642937429,0.07043836642937429,0.9978836877107531,1446,635136,83937.904,248,0,0,20,4,0.2,10240,640,256,0.3081444361183964,0.2817534657174972,209544,182,1000,0,3000,1000,0,182,439112,0,52636,not-applicable,0.0,True,False,True,1000,1000,0,scheduler
varp.k26.scheduler-model.v1,analytical-model,S3,hotspot,23,2,4,4,4,128,full,1000,cac17ab47ec736a21b9fc3678cc3a84291166ea79198ce44e5955c82905cc1f4,1000,170816,5.854252529037092,84619.722,84598.5,159940.25,167749.99,0.07043836642937429,0.07043836642937429,0.9978836877107531,1446,635136,83937.904,248,0,0,20,4,0.2,10240,640,256,0.3081444361183964,0.2817534657174972,209544,182,1000,0,3000,1000,0,182,439112,0,52636,not-applicable,0.0,True,False,True,1000,1000,0,scheduler
varp.k26.scheduler-model.v1,analytical-model,S3,hotspot,29,0,4,4,4,128,full,1000,803080c08108b8a28120dcb99f67fece3b78ee9a7277cc8024fa0d9681a8de38,1000,168512,5.934295480440562,83096.448,82621.5,158348.3,165320.91999999998,0.07154386631219142,0.07154386631219142,0.9977123290922901,1542,625824,82423.942,248,2,0,21,5,0.23809523809523808,16384,1024,320,0.3129628750474744,0.28617546524876564,209952,464,1000,0,3000,1000,0,464,429124,0,52738,not-applicable,0.0,True,False,True,1000,1000,0,scheduler
varp.k26.scheduler-model.v1,analytical-model,S3,hotspot,29,1,4,4,4,128,full,1000,803080c08108b8a28120dcb99f67fece3b78ee9a7277cc8024fa0d9681a8de38,1000,168512,5.934295480440562,83096.448,82621.5,158348.3,165320.91999999998,0.07154386631219142,0.07154386631219142,0.9977123290922901,1542,625824,82423.942,248,2,0,21,5,0.23809523809523808,16384,1024,320,0.3129628750474744,0.28617546524876564,209952,464,1000,0,3000,1000,0,464,429124,0,52738,not-applicable,0.0,True,False,True,1000,1000,0,scheduler
varp.k26.scheduler-model.v1,analytical-model,S3,hotspot,29,2,4,4,4,128,full,1000,803080c08108b8a28120dcb99f67fece3b78ee9a7277cc8024fa0d9681a8de38,1000,168512,5.934295480440562,83096.448,82621.5,158348.3,165320.91999999998,0.07154386631219142,0.07154386631219142,0.9977123290922901,1542,625824,82423.942,248,2,0,21,5,0.23809523809523808,16384,1024,320,0.3129628750474744,0.28617546524876564,209952,464,1000,0,3000,1000,0,464,429124,0,52738,not-applicable,0.0,True,False,True,1000,1000,0,scheduler
varp.k26.scheduler-model.v1,analytical-model,S3,hotspot,31,0,4,4,4,128,full,1000,099aec332d7143420b15ba10a30b4de2192be2be462bf1ea0832586ca4686b88,1000,173344,5.768875761491601,86040.52,84472.5,163609.05,170441.86000000002,0.06982647221709433,0.06982647221709433,0.9985606654975079,998,644960,85348.142,248,1,0,20,4,0.2,8192,512,256,0.3054158205648883,0.2793058888683773,210768,282,1000,0,3000,1000,0,282,448346,0,52942,not-applicable,0.0,True,False,True,1000,1000,0,scheduler
varp.k26.scheduler-model.v1,analytical-model,S3,hotspot,31,1,4,4,4,128,full,1000,099aec332d7143420b15ba10a30b4de2192be2be462bf1ea0832586ca4686b88,1000,173344,5.768875761491601,86040.52,84472.5,163609.05,170441.86000000002,0.06982647221709433,0.06982647221709433,0.9985606654975079,998,644960,85348.142,248,1,0,20,4,0.2,8192,512,256,0.3054158205648883,0.2793058888683773,210768,282,1000,0,3000,1000,0,282,448346,0,52942,not-applicable,0.0,True,False,True,1000,1000,0,scheduler
varp.k26.scheduler-model.v1,analytical-model,S3,hotspot,31,2,4,4,4,128,full,1000,099aec332d7143420b15ba10a30b4de2192be2be462bf1ea0832586ca4686b88,1000,173344,5.768875761491601,86040.52,84472.5,163609.05,170441.86000000002,0.06982647221709433,0.06982647221709433,0.9985606654975079,998,644960,85348.142,248,1,0,20,4,0.2,8192,512,256,0.3054158205648883,0.2793058888683773,210768,282,1000,0,3000,1000,0,282,448346,0,52942,not-applicable,0.0,True,False,True,1000,1000,0,scheduler
varp.k26.scheduler-model.v1,analytical-model,S3,hotspot,43,0,4,4,4,128,full,1000,c75264eb347df971ecc31aeb70603304679c25a4b48dbf4d10cb5c1d719c35a8,1000,173632,5.7593070401769255,86397.586,85540.5,163459.15,170812.47,0.06934205676373019,0.06934205676373019,0.9977797871360118,1542,646368,85704.6,248,0,0,22,6,0.2727272727272727,18432,1152,384,0.30334270180611866,0.27736822705492076,209680,1354,1000,0,3000,1000,0,1354,450424,0,52670,not-applicable,0.0,True,False,True,1000,1000,0,scheduler
varp.k26.scheduler-model.v1,analytical-model,S3,hotspot,43,1,4,4,4,128,full,1000,c75264eb347df971ecc31aeb70603304679c25a4b48dbf4d10cb5c1d719c35a8,1000,173632,5.7593070401769255,86397.586,85540.5,163459.15,170812.47,0.06934205676373019,0.06934205676373019,0.9977797871360118,1542,646368,85704.6,248,0,0,22,6,0.2727272727272727,18432,1152,384,0.30334270180611866,0.27736822705492076,209680,1354,1000,0,3000,1000,0,1354,450424,0,52670,not-applicable,0.0,True,False,True,1000,1000,0,scheduler
varp.k26.scheduler-model.v1,analytical-model,S3,hotspot,43,2,4,4,4,128,full,1000,c75264eb347df971ecc31aeb70603304679c25a4b48dbf4d10cb5c1d719c35a8,1000,173632,5.7593070401769255,86397.586,85540.5,163459.15,170812.47,0.06934205676373019,0.06934205676373019,0.9977797871360118,1542,646368,85704.6,248,0,0,22,6,0.2727272727272727,18432,1152,384,0.30334270180611866,0.27736822705492076,209680,1354,1000,0,3000,1000,0,1354,450424,0,52670,not-applicable,0.0,True,False,True,1000,1000,0,scheduler
varp.k26.scheduler-model.v1,analytical-model,Oracle,hotspot,19,0,4,4,4,128,full,1000,bf1ae2133e17a5e1a200d4eeab505a55d3da0f0e5ba571652790f8b10054ef69,1000,169806,5.889073413189169,63535.529,50221.5,156120.7,166262.55,0.0698679669740763,0.0698679669740763,0.9977385958093354,1536,631768,62857.841,1000,0,0,0,0,0.0,0,0,0,0.30577246975960803,0.2794718678963052,206688,4140,1000,0,3000,1000,0,4140,438068,0,51922,offline-clairvoyant-list-schedule,0.0,True,False,True,1000,1000,0,scheduler
varp.k26.scheduler-model.v1,analytical-model,Oracle,hotspot,19,1,4,4,4,128,full,1000,bf1ae2133e17a5e1a200d4eeab505a55d3da0f0e5ba571652790f8b10054ef69,1000,169806,5.889073413189169,63535.529,50221.5,156120.7,166262.55,0.0698679669740763,0.0698679669740763,0.9977385958093354,1536,631768,62857.841,1000,0,0,0,0,0.0,0,0,0,0.30577246975960803,0.2794718678963052,206688,4140,1000,0,3000,1000,0,4140,438068,0,51922,offline-clairvoyant-list-schedule,0.0,True,False,True,1000,1000,0,scheduler
varp.k26.scheduler-model.v1,analytical-model,Oracle,hotspot,19,2,4,4,4,128,full,1000,bf1ae2133e17a5e1a200d4eeab505a55d3da0f0e5ba571652790f8b10054ef69,1000,169806,5.889073413189169,63535.529,50221.5,156120.7,166262.55,0.0698679669740763,0.0698679669740763,0.9977385958093354,1536,631768,62857.841,1000,0,0,0,0,0.0,0,0,0,0.30577246975960803,0.2794718678963052,206688,4140,1000,0,3000,1000,0,4140,438068,0,51922,offline-clairvoyant-list-schedule,0.0,True,False,True,1000,1000,0,scheduler
varp.k26.scheduler-model.v1,analytical-model,Oracle,hotspot,23,0,4,4,4,128,full,1000,cac17ab47ec736a21b9fc3678cc3a84291166ea79198ce44e5955c82905cc1f4,1000,171242,5.839688861377466,63776.675,49042.5,157562.74999999997,167702.55,0.07026313638009367,0.07026313638009367,0.997757559477231,1536,636840,63093.243,1000,0,0,0,0,0.0,0,0,0,0.30737786290746427,0.2810525455203747,209544,3651,1000,0,3000,1000,0,3651,440713,0,52636,offline-clairvoyant-list-schedule,0.0,True,False,True,1000,1000,0,scheduler
varp.k26.scheduler-model.v1,analytical-model,Oracle,hotspot,23,1,4,4,4,128,full,1000,cac17ab47ec736a21b9fc3678cc3a84291166ea79198ce44e5955c82905cc1f4,1000,171242,5.839688861377466,63776.675,49042.5,157562.74999999997,167702.55,0.07026313638009367,0.07026313638009367,0.997757559477231,1536,636840,63093.243,1000,0,0,0,0,0.0,0,0,0,0.30737786290746427,0.2810525455203747,209544,3651,1000,0,3000,1000,0,3651,440713,0,52636,offline-clairvoyant-list-schedule,0.0,True,False,True,1000,1000,0,scheduler
varp.k26.scheduler-model.v1,analytical-model,Oracle,hotspot,23,2,4,4,4,128,full,1000,cac17ab47ec736a21b9fc3678cc3a84291166ea79198ce44e5955c82905cc1f4,1000,171242,5.839688861377466,63776.675,49042.5,157562.74999999997,167702.55,0.07026313638009367,0.07026313638009367,0.997757559477231,1536,636840,63093.243,1000,0,0,0,0,0.0,0,0,0,0.30737786290746427,0.2810525455203747,209544,3651,1000,0,3000,1000,0,3651,440713,0,52636,offline-clairvoyant-list-schedule,0.0,True,False,True,1000,1000,0,scheduler
varp.k26.scheduler-model.v1,analytical-model,Oracle,hotspot,29,0,4,4,4,128,full,1000,803080c08108b8a28120dcb99f67fece3b78ee9a7277cc8024fa0d9681a8de38,1000,168991,5.917474895112758,62248.722,47569.5,155307.7,165454.53,0.0713410773354794,0.0713410773354794,0.9977276896402767,1536,627740,61574.294,1000,0,0,0,0,0.0,0,0,0,0.3120757910184566,0.28536430934191764,209952,5013,1000,0,3000,1000,0,5013,430099,0,52738,offline-clairvoyant-list-schedule,0.0,True,False,True,1000,1000,0,scheduler
varp.k26.scheduler-model.v1,analytical-model,Oracle,hotspot,29,1,4,4,4,128,full,1000,803080c08108b8a28120dcb99f67fece3b78ee9a7277cc8024fa0d9681a8de38,1000,168991,5.917474895112758,62248.722,47569.5,155307.7,165454.53,0.0713410773354794,0.0713410773354794,0.9977276896402767,1536,627740,61574.294,1000,0,0,0,0,0.0,0,0,0,0.3120757910184566,0.28536430934191764,209952,5013,1000,0,3000,1000,0,5013,430099,0,52738,offline-clairvoyant-list-schedule,0.0,True,False,True,1000,1000,0,scheduler
varp.k26.scheduler-model.v1,analytical-model,Oracle,hotspot,29,2,4,4,4,128,full,1000,803080c08108b8a28120dcb99f67fece3b78ee9a7277cc8024fa0d9681a8de38,1000,168991,5.917474895112758,62248.722,47569.5,155307.7,165454.53,0.0713410773354794,0.0713410773354794,0.9977276896402767,1536,627740,61574.294,1000,0,0,0,0,0.0,0,0,0,0.3120757910184566,0.28536430934191764,209952,5013,1000,0,3000,1000,0,5013,430099,0,52738,offline-clairvoyant-list-schedule,0.0,True,False,True,1000,1000,0,scheduler
varp.k26.scheduler-model.v1,analytical-model,Oracle,hotspot,31,0,4,4,4,128,full,1000,099aec332d7143420b15ba10a30b4de2192be2be462bf1ea0832586ca4686b88,1000,173866,5.751555795842775,65036.782,49453.0,160182.69999999998,170338.55000000002,0.06961683135288096,0.06961683135288096,0.9977914025743964,1536,647048,64342.854,1000,0,0,0,0,0.0,0,0,0,0.30449886694350825,0.2784673254115238,210768,3773,1000,0,3000,1000,0,3773,449386,0,52942,offline-clairvoyant-list-schedule,0.0,True,False,True,1000,1000,0,scheduler
varp.k26.scheduler-model.v1,analytical-model,Oracle,hotspot,31,1,4,4,4,128,full,1000,099aec332d7143420b15ba10a30b4de2192be2be462bf1ea0832586ca4686b88,1000,173866,5.751555795842775,65036.782,49453.0,160182.69999999998,170338.55000000002,0.06961683135288096,0.06961683135288096,0.9977914025743964,1536,647048,64342.854,1000,0,0,0,0,0.0,0,0,0,0.30449886694350825,0.2784673254115238,210768,3773,1000,0,3000,1000,0,3773,449386,0,52942,offline-clairvoyant-list-schedule,0.0,True,False,True,1000,1000,0,scheduler
varp.k26.scheduler-model.v1,analytical-model,Oracle,hotspot,31,2,4,4,4,128,full,1000,099aec332d7143420b15ba10a30b4de2192be2be462bf1ea0832586ca4686b88,1000,173866,5.751555795842775,65036.782,49453.0,160182.69999999998,170338.55000000002,0.06961683135288096,0.06961683135288096,0.9977914025743964,1536,647048,64342.854,1000,0,0,0,0,0.0,0,0,0,0.30449886694350825,0.2784673254115238,210768,3773,1000,0,3000,1000,0,3773,449386,0,52942,offline-clairvoyant-list-schedule,0.0,True,False,True,1000,1000,0,scheduler
varp.k26.scheduler-model.v1,analytical-model,Oracle,hotspot,43,0,4,4,4,128,full,1000,c75264eb347df971ecc31aeb70603304679c25a4b48dbf4d10cb5c1d719c35a8,1000,174080,5.744485294117647,65680.086,50832.5,160408.59999999998,170545.54,0.06916360294117647,0.06916360294117647,0.9977941176470588,1536,648160,64985.302,1000,0,0,0,0,0.0,0,0,0,0.30256204044117646,0.2766544117647059,209680,3926,1000,0,3000,1000,0,3926,451866,0,52670,offline-clairvoyant-list-schedule,0.0,True,False,True,1000,1000,0,scheduler
varp.k26.scheduler-model.v1,analytical-model,Oracle,hotspot,43,1,4,4,4,128,full,1000,c75264eb347df971ecc31aeb70603304679c25a4b48dbf4d10cb5c1d719c35a8,1000,174080,5.744485294117647,65680.086,50832.5,160408.59999999998,170545.54,0.06916360294117647,0.06916360294117647,0.9977941176470588,1536,648160,64985.302,1000,0,0,0,0,0.0,0,0,0,0.30256204044117646,0.2766544117647059,209680,3926,1000,0,3000,1000,0,3926,451866,0,52670,offline-clairvoyant-list-schedule,0.0,True,False,True,1000,1000,0,scheduler
varp.k26.scheduler-model.v1,analytical-model,Oracle,hotspot,43,2,4,4,4,128,full,1000,c75264eb347df971ecc31aeb70603304679c25a4b48dbf4d10cb5c1d719c35a8,1000,174080,5.744485294117647,65680.086,50832.5,160408.59999999998,170545.54,0.06916360294117647,0.06916360294117647,0.9977941176470588,1536,648160,64985.302,1000,0,0,0,0,0.0,0,0,0,0.30256204044117646,0.2766544117647059,209680,3926,1000,0,3000,1000,0,3926,451866,0,52670,offline-clairvoyant-list-schedule,0.0,True,False,True,1000,1000,0,scheduler
varp.k26.scheduler-model.v1,analytical-model,S0,bursty,19,0,4,4,4,128,full,1000,d8a99f2fcbe373bf233b13257242c974ab0e14a0adef4d436390c0140fd8936a,1000,73698,13.568889250725936,35113.386,35447.0,67569.59999999999,70630.42,0.12439957665065537,0.12439957665065537,0.9970487665879672,870,258120,34819.464,964,0,0,0,0,0.0,0,0,0,0.5490515346413742,0.4975983066026215,160856,62730,1000,0,3000,1000,0,62730,51306,0,40464,not-applicable,0.0,True,False,True,1000,1000,0,scheduler
varp.k26.scheduler-model.v1,analytical-model,S0,bursty,19,1,4,4,4,128,full,1000,d8a99f2fcbe373bf233b13257242c974ab0e14a0adef4d436390c0140fd8936a,1000,73698,13.568889250725936,35113.386,35447.0,67569.59999999999,70630.42,0.12439957665065537,0.12439957665065537,0.9970487665879672,870,258120,34819.464,964,0,0,0,0,0.0,0,0,0,0.5490515346413742,0.4975983066026215,160856,62730,1000,0,3000,1000,0,62730,51306,0,40464,not-applicable,0.0,True,False,True,1000,1000,0,scheduler
varp.k26.scheduler-model.v1,analytical-model,S0,bursty,19,2,4,4,4,128,full,1000,d8a99f2fcbe373bf233b13257242c974ab0e14a0adef4d436390c0140fd8936a,1000,73698,13.568889250725936,35113.386,35447.0,67569.59999999999,70630.42,0.12439957665065537,0.12439957665065537,0.9970487665879672,870,258120,34819.464,964,0,0,0,0,0.0,0,0,0,0.5490515346413742,0.4975983066026215,160856,62730,1000,0,3000,1000,0,62730,51306,0,40464,not-applicable,0.0,True,False,True,1000,1000,0,scheduler
varp.k26.scheduler-model.v1,analytical-model,S0,bursty,23,0,4,4,4,128,full,1000,5638fe0aaab0f702265484edcebb3ea2905eea317d4328b09267fceb0cef4723,1000,75278,13.284093626291877,36412.134,36049.5,68896.6,72358.45,0.12003507000717341,0.12003507000717341,0.9992826589441802,216,264968,36111.238,966,0,0,0,0,0.0,0,0,0,0.5300751879699248,0.48014028002869363,158612,71170,1000,0,3000,1000,0,71170,57032,0,39903,not-applicable,0.0,True,False,True,1000,1000,0,scheduler
varp.k26.scheduler-model.v1,analytical-model,S0,bursty,23,1,4,4,4,128,full,1000,5638fe0aaab0f702265484edcebb3ea2905eea317d4328b09267fceb0cef4723,1000,75278,13.284093626291877,36412.134,36049.5,68896.6,72358.45,0.12003507000717341,0.12003507000717341,0.9992826589441802,216,264968,36111.238,966,0,0,0,0,0.0,0,0,0,0.5300751879699248,0.48014028002869363,158612,71170,1000,0,3000,1000,0,71170,57032,0,39903,not-applicable,0.0,True,False,True,1000,1000,0,scheduler
varp.k26.scheduler-model.v1,analytical-model,S0,bursty,23,2,4,4,4,128,full,1000,5638fe0aaab0f702265484edcebb3ea2905eea317d4328b09267fceb0cef4723,1000,75278,13.284093626291877,36412.134,36049.5,68896.6,72358.45,0.12003507000717341,0.12003507000717341,0.9992826589441802,216,264968,36111.238,966,0,0,0,0,0.0,0,0,0,0.5300751879699248,0.48014028002869363,158612,71170,1000,0,3000,1000,0,71170,57032,0,39903,not-applicable,0.0,True,False,True,1000,1000,0,scheduler
varp.k26.scheduler-model.v1,analytical-model,S0,bursty,29,0,4,4,4,128,full,1000,0d955ad4e7b43a5d3b56a5c09d076f2f1be497454dc265814829abce859b9ec3,1000,76262,13.112690461828958,36479.342,36117.5,70275.94999999998,73359.28,0.12247252891348247,0.12247252891348247,0.9974626943956361,774,267688,36175.068,962,0,0,0,0,0.0,0,0,0,0.5401772835750439,0.4898901156539299,163780,71270,1000,0,3000,1000,0,71270,53408,0,41195,not-applicable,0.0,True,False,True,1000,1000,0,scheduler
varp.k26.scheduler-model.v1,analytical-model,S0,bursty,29,1,4,4,4,128,full,1000,0d955ad4e7b43a5d3b56a5c09d076f2f1be497454dc265814829abce859b9ec3,1000,76262,13.112690461828958,36479.342,36117.5,70275.94999999998,73359.28,0.12247252891348247,0.12247252891348247,0.9974626943956361,774,267688,36175.068,962,0,0,0,0,0.0,0,0,0,0.5401772835750439,0.4898901156539299,163780,71270,1000,0,3000,1000,0,71270,53408,0,41195,not-applicable,0.0,True,False,True,1000,1000,0,scheduler
varp.k26.scheduler-model.v1,analytical-model,S0,bursty,29,2,4,4,4,128,full,1000,0d955ad4e7b43a5d3b56a5c09d076f2f1be497454dc265814829abce859b9ec3,1000,76262,13.112690461828958,36479.342,36117.5,70275.94999999998,73359.28,0.12247252891348247,0.12247252891348247,0.9974626943956361,774,267688,36175.068,962,0,0,0,0,0.0,0,0,0,0.5401772835750439,0.4898901156539299,163780,71270,1000,0,3000,1000,0,71270,53408,0,41195,not-applicable,0.0,True,False,True,1000,1000,0,scheduler
varp.k26.scheduler-model.v1,analytical-model,S0,bursty,31,0,4,4,4,128,full,1000,0c337d7320709b28b33dd752c7a5439e2b2a7328379978923b6621df7e0991f5,1000,78512,12.736906460158957,38002.433,38426.5,72035.84999999999,75243.88,0.12064397799062564,0.12064397799062564,0.9984269920521703,494,276160,37688.879,971,0,0,0,0,0.0,0,0,0,0.5318422661503974,0.48257591196250255,166024,74584,1000,0,3000,1000,0,74584,56492,0,41756,not-applicable,0.0,True,False,True,1000,1000,0,scheduler
varp.k26.scheduler-model.v1,analytical-model,S0,bursty,31,1,4,4,4,128,full,1000,0c337d7320709b28b33dd752c7a5439e2b2a7328379978923b6621df7e0991f5,1000,78512,12.736906460158957,38002.433,38426.5,72035.84999999999,75243.88,0.12064397799062564,0.12064397799062564,0.9984269920521703,494,276160,37688.879,971,0,0,0,0,0.0,0,0,0,0.5318422661503974,0.48257591196250255,166024,74584,1000,0,3000,1000,0,74584,56492,0,41756,not-applicable,0.0,True,False,True,1000,1000,0,scheduler
varp.k26.scheduler-model.v1,analytical-model,S0,bursty,31,2,4,4,4,128,full,1000,0c337d7320709b28b33dd752c7a5439e2b2a7328379978923b6621df7e0991f5,1000,78512,12.736906460158957,38002.433,38426.5,72035.84999999999,75243.88,0.12064397799062564,0.12064397799062564,0.9984269920521703,494,276160,37688.879,971,0,0,0,0,0.0,0,0,0,0.5318422661503974,0.48257591196250255,166024,74584,1000,0,3000,1000,0,74584,56492,0,41756,not-applicable,0.0,True,False,True,1000,1000,0,scheduler
varp.k26.scheduler-model.v1,analytical-model,S0,bursty,43,0,4,4,4,128,full,1000,3e09a44eaa92293daf65af6c5283ed04a53cc437fc3bf2c9e87e3b2fa7598007,1000,79112,12.640307412276266,39047.363,39607.5,73011.65,75887.10999999999,0.119830114268379,0.119830114268379,0.9987106886439479,408,278528,38731.323,969,0,0,0,0,0.0,0,0,0,0.5282384467590252,0.479320457073516,166160,75964,1000,0,3000,1000,0,75964,59138,0,41790,not-applicable,0.0,True,False,True,1000,1000,0,scheduler
varp.k26.scheduler-model.v1,analytical-model,S0,bursty,43,1,4,4,4,128,full,1000,3e09a44eaa92293daf65af6c5283ed04a53cc437fc3bf2c9e87e3b2fa7598007,1000,79112,12.640307412276266,39047.363,39607.5,73011.65,75887.10999999999,0.119830114268379,0.119830114268379,0.9987106886439479,408,278528,38731.323,969,0,0,0,0,0.0,0,0,0,0.5282384467590252,0.479320457073516,166160,75964,1000,0,3000,1000,0,75964,59138,0,41790,not-applicable,0.0,True,False,True,1000,1000,0,scheduler
varp.k26.scheduler-model.v1,analytical-model,S0,bursty,43,2,4,4,4,128,full,1000,3e09a44eaa92293daf65af6c5283ed04a53cc437fc3bf2c9e87e3b2fa7598007,1000,79112,12.640307412276266,39047.363,39607.5,73011.65,75887.10999999999,0.119830114268379,0.119830114268379,0.9987106886439479,408,278528,38731.323,969,0,0,0,0,0.0,0,0,0,0.5282384467590252,0.479320457073516,166160,75964,1000,0,3000,1000,0,75964,59138,0,41790,not-applicable,0.0,True,False,True,1000,1000,0,scheduler
varp.k26.scheduler-model.v1,analytical-model,S0-physical,bursty,19,0,4,4,4,128,full,1000,d8a99f2fcbe373bf233b13257242c974ab0e14a0adef4d436390c0140fd8936a,1000,74812,13.366839544458108,35691.026,36018.0,68655.25,71737.42,0.12254718494359193,0.12254718494359193,0.9970693204298775,877,262576,35392.655,966,0,0,0,0,0.0,0,0,0,0.5408757953269528,0.4901887397743677,160856,67658,1000,0,3000,1000,0,67658,57053,7000,40464,not-applicable,0.0,True,False,True,1000,1000,0,scheduler
varp.k26.scheduler-model.v1,analytical-model,S0-physical,bursty,19,1,4,4,4,128,full,1000,d8a99f2fcbe373bf233b13257242c974ab0e14a0adef4d436390c0140fd8936a,1000,74812,13.366839544458108,35691.026,36018.0,68655.25,71737.42,0.12254718494359193,0.12254718494359193,0.9970693204298775,877,262576,35392.655,966,0,0,0,0,0.0,0,0,0,0.5408757953269528,0.4901887397743677,160856,67658,1000,0,3000,1000,0,67658,57053,7000,40464,not-applicable,0.0,True,False,True,1000,1000,0,scheduler
varp.k26.scheduler-model.v1,analytical-model,S0-physical,bursty,19,2,4,4,4,128,full,1000,d8a99f2fcbe373bf233b13257242c974ab0e14a0adef4d436390c0140fd8936a,1000,74812,13.366839544458108,35691.026,36018.0,68655.25,71737.42,0.12254718494359193,0.12254718494359193,0.9970693204298775,877,262576,35392.655,966,0,0,0,0,0.0,0,0,0,0.5408757953269528,0.4901887397743677,160856,67658,1000,0,3000,1000,0,67658,57053,7000,40464,not-applicable,0.0,True,False,True,1000,1000,0,scheduler
varp.k26.scheduler-model.v1,analytical-model,S0-physical,bursty,23,0,4,4,4,128,full,1000,5638fe0aaab0f702265484edcebb3ea2905eea317d4328b09267fceb0cef4723,1000,76355,13.096719271822408,36957.864,36618.0,69910.95,73435.37999999999,0.1183419553401873,0.1183419553401873,0.9993156964180473,209,269276,36652.653,967,0,0,0,0,0.0,0,0,0,0.5225983891035295,0.4733678213607492,158612,76124,1000,0,3000,1000,0,76124,62601,7000,39903,not-applicable,0.0,True,False,True,1000,1000,0,scheduler
varp.k26.scheduler-model.v1,analytical-model,S0-physical,bursty,23,1,4,4,4,128,full,1000,5638fe0aaab0f702265484edcebb3ea2905eea317d4328b09267fceb0cef4723,1000,76355,13.096719271822408,36957.864,36618.0,69910.95,73435.37999999999,0.1183419553401873,0.1183419553401873,0.9993156964180473,209,269276,36652.653,967,0,0,0,0,0.0,0,0,0,0.5225983891035295,0.4733678213607492,158612,76124,1000,0,3000,1000,0,76124,62601,7000,39903,not-applicable,0.0,True,False,True,1000,1000,0,scheduler
varp.k26.scheduler-model.v1,analytical-model,S0-physical,bursty,23,2,4,4,4,128,full,1000,5638fe0aaab0f702265484edcebb3ea2905eea317d4328b09267fceb0cef4723,1000,76355,13.096719271822408,36957.864,36618.0,69910.95,73435.37999999999,0.1183419553401873,0.1183419553401873,0.9993156964180473,209,269276,36652.653,967,0,0,0,0,0.0,0,0,0,0.5225983891035295,0.4733678213607492,158612,76124,1000,0,3000,1000,0,76124,62601,7000,39903,not-applicable,0.0,True,False,True,1000,1000,0,scheduler
varp.k26.scheduler-model.v1,analytical-model,S0-physical,bursty,29,0,4,4,4,128,full,1000,0d955ad4e7b43a5d3b56a5c09d076f2f1be497454dc265814829abce859b9ec3,1000,77358,12.9269112438274,37040.448,36672.0,71331.7,74448.26,0.12073735101734792,0.12073735101734792,0.9974921792186975,776,272072,36731.792,962,0,0,0,0,0.0,0,0,0,0.5325241086894698,0.4829494040693917,163780,76004,1000,0,3000,1000,0,76004,59492,7000,41195,not-applicable,0.0,True,False,True,1000,1000,0,scheduler
varp.k26.scheduler-model.v1,analytical-model,S0-physical,bursty,29,1,4,4,4,128,full,1000,0d955ad4e7b43a5d3b56a5c09d076f2f1be497454dc265814829abce859b9ec3,1000,77358,12.9269112438274,37040.448,36672.0,71331.7,74448.26,0.12073735101734792,0.12073735101734792,0.9974921792186975,776,272072,36731.792,962,0,0,0,0,0.0,0,0,0,0.5325241086894698,0.4829494040693917,163780,76004,1000,0,3000,1000,0,76004,59492,7000,41195,not-applicable,0.0,True,False,True,1000,1000,0,scheduler
varp.k26.scheduler-model.v1,analytical-model,S0-physical,bursty,29,2,4,4,4,128,full,1000,0d955ad4e7b43a5d3b56a5c09d076f2f1be497454dc265814829abce859b9ec3,1000,77358,12.9269112438274,37040.448,36672.0,71331.7,74448.26,0.12073735101734792,0.12073735101734792,0.9974921792186975,776,272072,36731.792,962,0,0,0,0,0.0,0,0,0,0.5325241086894698,0.4829494040693917,163780,76004,1000,0,3000,1000,0,76004,59492,7000,41195,not-applicable,0.0,True,False,True,1000,1000,0,scheduler
varp.k26.scheduler-model.v1,analytical-model,S0-physical,bursty,31,0,4,4,4,128,full,1000,0c337d7320709b28b33dd752c7a5439e2b2a7328379978923b6621df7e0991f5,1000,79539,12.572448735840279,38532.01,38987.0,73019.2,76262.89,0.11908623442587912,0.11908623442587912,0.9983907265618124,512,280268,38214.366,972,0,0,0,0,0.0,0,0,0,0.5249751694137468,0.47634493770351655,166024,79573,1000,0,3000,1000,0,79573,62257,7000,41756,not-applicable,0.0,True,False,True,1000,1000,0,scheduler
varp.k26.scheduler-model.v1,analytical-model,S0-physical,bursty,31,1,4,4,4,128,full,1000,0c337d7320709b28b33dd752c7a5439e2b2a7328379978923b6621df7e0991f5,1000,79539,12.572448735840279,38532.01,38987.0,73019.2,76262.89,0.11908623442587912,0.11908623442587912,0.9983907265618124,512,280268,38214.366,972,0,0,0,0,0.0,0,0,0,0.5249751694137468,0.47634493770351655,166024,79573,1000,0,3000,1000,0,79573,62257,7000,41756,not-applicable,0.0,True,False,True,1000,1000,0,scheduler
varp.k26.scheduler-model.v1,analytical-model,S0-physical,bursty,31,2,4,4,4,128,full,1000,0c337d7320709b28b33dd752c7a5439e2b2a7328379978923b6621df7e0991f5,1000,79539,12.572448735840279,38532.01,38987.0,73019.2,76262.89,0.11908623442587912,0.11908623442587912,0.9983907265618124,512,280268,38214.366,972,0,0,0,0,0.0,0,0,0,0.5249751694137468,0.47634493770351655,166024,79573,1000,0,3000,1000,0,79573,62257,7000,41756,not-applicable,0.0,True,False,True,1000,1000,0,scheduler
varp.k26.scheduler-model.v1,analytical-model,S0-physical,bursty,43,0,4,4,4,128,full,1000,3e09a44eaa92293daf65af6c5283ed04a53cc437fc3bf2c9e87e3b2fa7598007,1000,80102,12.484082794437093,39543.186,40076.0,73972.2,76861.31999999999,0.11834910489126364,0.11834910489126364,0.99869853436868,417,282488,39223.195,970,0,0,0,0,0.0,0,0,0,0.5217098199795261,0.47339641956505457,166160,80726,1000,0,3000,1000,0,80726,64598,7000,41790,not-applicable,0.0,True,False,True,1000,1000,0,scheduler
varp.k26.scheduler-model.v1,analytical-model,S0-physical,bursty,43,1,4,4,4,128,full,1000,3e09a44eaa92293daf65af6c5283ed04a53cc437fc3bf2c9e87e3b2fa7598007,1000,80102,12.484082794437093,39543.186,40076.0,73972.2,76861.31999999999,0.11834910489126364,0.11834910489126364,0.99869853436868,417,282488,39223.195,970,0,0,0,0,0.0,0,0,0,0.5217098199795261,0.47339641956505457,166160,80726,1000,0,3000,1000,0,80726,64598,7000,41790,not-applicable,0.0,True,False,True,1000,1000,0,scheduler
varp.k26.scheduler-model.v1,analytical-model,S0-physical,bursty,43,2,4,4,4,128,full,1000,3e09a44eaa92293daf65af6c5283ed04a53cc437fc3bf2c9e87e3b2fa7598007,1000,80102,12.484082794437093,39543.186,40076.0,73972.2,76861.31999999999,0.11834910489126364,0.11834910489126364,0.99869853436868,417,282488,39223.195,970,0,0,0,0,0.0,0,0,0,0.5217098199795261,0.47339641956505457,166160,80726,1000,0,3000,1000,0,80726,64598,7000,41790,not-applicable,0.0,True,False,True,1000,1000,0,scheduler
varp.k26.scheduler-model.v1,analytical-model,S1,bursty,19,0,4,4,4,128,full,1000,d8a99f2fcbe373bf233b13257242c974ab0e14a0adef4d436390c0140fd8936a,1000,67446,14.826676155739406,31898.362,32432.5,60778.0,63541.75,0.13593096699581889,0.13593096699581889,0.955564451561249,11988,233112,31640.566,257,43,0,0,0,0.0,0,0,0,0.5999466239658393,0.5437238679832755,160856,0,1000,0,3000,1000,0,0,65868,0,40464,not-applicable,0.0,True,False,True,1000,1000,0,scheduler
varp.k26.scheduler-model.v1,analytical-model,S1,bursty,19,1,4,4,4,128,full,1000,d8a99f2fcbe373bf233b13257242c974ab0e14a0adef4d436390c0140fd8936a,1000,67446,14.826676155739406,31898.362,32432.5,60778.0,63541.75,0.13593096699581889,0.13593096699581889,0.955564451561249,11988,233112,31640.566,257,43,0,0,0,0.0,0,0,0,0.5999466239658393,0.5437238679832755,160856,0,1000,0,3000,1000,0,0,65868,0,40464,not-applicable,0.0,True,False,True,1000,1000,0,scheduler
varp.k26.scheduler-model.v1,analytical-model,S1,bursty,19,2,4,4,4,128,full,1000,d8a99f2fcbe373bf233b13257242c974ab0e14a0adef4d436390c0140fd8936a,1000,67446,14.826676155739406,31898.362,32432.5,60778.0,63541.75,0.13593096699581889,0.13593096699581889,0.955564451561249,11988,233112,31640.566,257,43,0,0,0,0.0,0,0,0,0.5999466239658393,0.5437238679832755,160856,0,1000,0,3000,1000,0,0,65868,0,40464,not-applicable,0.0,True,False,True,1000,1000,0,scheduler
varp.k26.scheduler-model.v1,analytical-model,S1,bursty,23,0,4,4,4,128,full,1000,5638fe0aaab0f702265484edcebb3ea2905eea317d4328b09267fceb0cef4723,1000,65652,15.23182842868458,30878.124,31127.0,59041.5,61854.34,0.13763480168159387,0.13763480168159387,0.978195637604338,5726,226464,30621.242,255,27,0,0,0,0.0,0,0,0,0.6077956497898007,0.5505392067263755,158612,0,1000,0,3000,1000,0,0,68114,0,39903,not-applicable,0.0,True,False,True,1000,1000,0,scheduler
varp.k26.scheduler-model.v1,analytical-model,S1,bursty,23,1,4,4,4,128,full,1000,5638fe0aaab0f702265484edcebb3ea2905eea317d4328b09267fceb0cef4723,1000,65652,15.23182842868458,30878.124,31127.0,59041.5,61854.34,0.13763480168159387,0.13763480168159387,0.978195637604338,5726,226464,30621.242,255,27,0,0,0,0.0,0,0,0,0.6077956497898007,0.5505392067263755,158612,0,1000,0,3000,1000,0,0,68114,0,39903,not-applicable,0.0,True,False,True,1000,1000,0,scheduler
varp.k26.scheduler-model.v1,analytical-model,S1,bursty,23,2,4,4,4,128,full,1000,5638fe0aaab0f702265484edcebb3ea2905eea317d4328b09267fceb0cef4723,1000,65652,15.23182842868458,30878.124,31127.0,59041.5,61854.34,0.13763480168159387,0.13763480168159387,0.978195637604338,5726,226464,30621.242,255,27,0,0,0,0.0,0,0,0,0.6077956497898007,0.5505392067263755,158612,0,1000,0,3000,1000,0,0,68114,0,39903,not-applicable,0.0,True,False,True,1000,1000,0,scheduler
varp.k26.scheduler-model.v1,analytical-model,S1,bursty,29,0,4,4,4,128,full,1000,0d955ad4e7b43a5d3b56a5c09d076f2f1be497454dc265814829abce859b9ec3,1000,68568,14.584062536460156,31368.926,30706.5,61231.49999999999,65328.38,0.13621514409053787,0.13621514409053787,0.9572905728619764,11714,236912,31106.368,255,25,0,0,0,0.0,0,0,0,0.6007904561894761,0.5448605763621515,163780,0,1000,0,3000,1000,0,0,67188,0,41195,not-applicable,0.0,True,False,True,1000,1000,0,scheduler
varp.k26.scheduler-model.v1,analytical-model,S1,bursty,29,1,4,4,4,128,full,1000,0d955ad4e7b43a5d3b56a5c09d076f2f1be497454dc265814829abce859b9ec3,1000,68568,14.584062536460156,31368.926,30706.5,61231.49999999999,65328.38,0.13621514409053787,0.13621514409053787,0.9572905728619764,11714,236912,31106.368,255,25,0,0,0,0.0,0,0,0,0.6007904561894761,0.5448605763621515,163780,0,1000,0,3000,1000,0,0,67188,0,41195,not-applicable,0.0,True,False,True,1000,1000,0,scheduler
varp.k26.scheduler-model.v1,analytical-model,S1,bursty,29,2,4,4,4,128,full,1000,0d955ad4e7b43a5d3b56a5c09d076f2f1be497454dc265814829abce859b9ec3,1000,68568,14.584062536460156,31368.926,30706.5,61231.49999999999,65328.38,0.13621514409053787,0.13621514409053787,0.9572905728619764,11714,236912,31106.368,255,25,0,0,0,0.0,0,0,0,0.6007904561894761,0.5448605763621515,163780,0,1000,0,3000,1000,0,0,67188,0,41195,not-applicable,0.0,True,False,True,1000,1000,0,scheduler
varp.k26.scheduler-model.v1,analytical-model,S1,bursty,31,0,4,4,4,128,full,1000,0c337d7320709b28b33dd752c7a5439e2b2a7328379978923b6621df7e0991f5,1000,67976,14.711074496881253,31905.015,32130.0,61001.049999999996,64054.24,0.13934329763445924,0.13934329763445924,0.9643844886430505,9684,234016,31642.795,256,35,0,0,0,0.0,0,0,0,0.6142756266917736,0.5573731905378368,166024,0,1000,0,3000,1000,0,0,64196,0,41756,not-applicable,0.0,True,False,True,1000,1000,0,scheduler
varp.k26.scheduler-model.v1,analytical-model,S1,bursty,31,1,4,4,4,128,full,1000,0c337d7320709b28b33dd752c7a5439e2b2a7328379978923b6621df7e0991f5,1000,67976,14.711074496881253,31905.015,32130.0,61001.049999999996,64054.24,0.13934329763445924,0.13934329763445924,0.9643844886430505,9684,234016,31642.795,256,35,0,0,0,0.0,0,0,0,0.6142756266917736,0.5573731905378368,166024,0,1000,0,3000,1000,0,0,64196,0,41756,not-applicable,0.0,True,False,True,1000,1000,0,scheduler
varp.k26.scheduler-model.v1,analytical-model,S1,bursty,31,2,4,4,4,128,full,1000,0c337d7320709b28b33dd752c7a5439e2b2a7328379978923b6621df7e0991f5,1000,67976,14.711074496881253,31905.015,32130.0,61001.049999999996,64054.24,0.13934329763445924,0.13934329763445924,0.9643844886430505,9684,234016,31642.795,256,35,0,0,0,0.0,0,0,0,0.6142756266917736,0.5573731905378368,166024,0,1000,0,3000,1000,0,0,64196,0,41756,not-applicable,0.0,True,False,True,1000,1000,0,scheduler
varp.k26.scheduler-model.v1,analytical-model,S1,bursty,43,0,4,4,4,128,full,1000,3e09a44eaa92293daf65af6c5283ed04a53cc437fc3bf2c9e87e3b2fa7598007,1000,71620,13.962580284836637,33061.703,32957.0,63644.6,68217.73,0.13236526110025132,0.13236526110025132,0.9269338173694499,20932,248560,32796.155,261,47,0,0,0,0.0,0,0,0,0.5834962301033231,0.5294610444010053,166160,0,1000,0,3000,1000,0,0,67160,0,41790,not-applicable,0.0,True,False,True,1000,1000,0,scheduler
varp.k26.scheduler-model.v1,analytical-model,S1,bursty,43,1,4,4,4,128,full,1000,3e09a44eaa92293daf65af6c5283ed04a53cc437fc3bf2c9e87e3b2fa7598007,1000,71620,13.962580284836637,33061.703,32957.0,63644.6,68217.73,0.13236526110025132,0.13236526110025132,0.9269338173694499,20932,248560,32796.155,261,47,0,0,0,0.0,0,0,0,0.5834962301033231,0.5294610444010053,166160,0,1000,0,3000,1000,0,0,67160,0,41790,not-applicable,0.0,True,False,True,1000,1000,0,scheduler
varp.k26.scheduler-model.v1,analytical-model,S1,bursty,43,2,4,4,4,128,full,1000,3e09a44eaa92293daf65af6c5283ed04a53cc437fc3bf2c9e87e3b2fa7598007,1000,71620,13.962580284836637,33061.703,32957.0,63644.6,68217.73,0.13236526110025132,0.13236526110025132,0.9269338173694499,20932,248560,32796.155,261,47,0,0,0,0.0,0,0,0,0.5834962301033231,0.5294610444010053,166160,0,1000,0,3000,1000,0,0,67160,0,41790,not-applicable,0.0,True,False,True,1000,1000,0,scheduler
varp.k26.scheduler-model.v1,analytical-model,S2,bursty,19,0,4,4,4,128,full,1000,d8a99f2fcbe373bf233b13257242c974ab0e14a0adef4d436390c0140fd8936a,1000,66340,15.073861923424781,31850.28,32432.5,60419.6,62843.09,0.1381971661139584,0.1381971661139584,0.9961712390714501,1016,228688,31585.936,257,43,0,37,27,0.7297297297297297,66560,4160,1728,0.6099487488694604,0.5527886644558335,160856,5888,1000,0,3000,1000,0,5888,68180,0,40464,not-applicable,0.0,True,False,True,1000,1000,0,scheduler
varp.k26.scheduler-model.v1,analytical-model,S2,bursty,19,1,4,4,4,128,full,1000,d8a99f2fcbe373bf233b13257242c974ab0e14a0adef4d436390c0140fd8936a,1000,66340,15.073861923424781,31850.28,32432.5,60419.6,62843.09,0.1381971661139584,0.1381971661139584,0.9961712390714501,1016,228688,31585.936,257,43,0,37,27,0.7297297297297297,66560,4160,1728,0.6099487488694604,0.5527886644558335,160856,5888,1000,0,3000,1000,0,5888,68180,0,40464,not-applicable,0.0,True,False,True,1000,1000,0,scheduler
varp.k26.scheduler-model.v1,analytical-model,S2,bursty,19,2,4,4,4,128,full,1000,d8a99f2fcbe373bf233b13257242c974ab0e14a0adef4d436390c0140fd8936a,1000,66340,15.073861923424781,31850.28,32432.5,60419.6,62843.09,0.1381971661139584,0.1381971661139584,0.9961712390714501,1016,228688,31585.936,257,43,0,37,27,0.7297297297297297,66560,4160,1728,0.6099487488694604,0.5527886644558335,160856,5888,1000,0,3000,1000,0,5888,68180,0,40464,not-applicable,0.0,True,False,True,1000,1000,0,scheduler
varp.k26.scheduler-model.v1,analytical-model,S2,bursty,23,0,4,4,4,128,full,1000,5638fe0aaab0f702265484edcebb3ea2905eea317d4328b09267fceb0cef4723,1000,64984,15.388403299273667,30872.36,31127.0,59041.5,61698.56,0.13904961221223686,0.13904961221223686,0.9989151175674013,282,223792,30612.706,255,27,0,19,9,0.47368421052631576,21504,1344,576,0.6140434568509171,0.5561984488489474,158612,2918,1000,0,3000,1000,0,2918,68776,0,39903,not-applicable,0.0,True,False,True,1000,1000,0,scheduler
varp.k26.scheduler-model.v1,analytical-model,S2,bursty,23,1,4,4,4,128,full,1000,5638fe0aaab0f702265484edcebb3ea2905eea317d4328b09267fceb0cef4723,1000,64984,15.388403299273667,30872.36,31127.0,59041.5,61698.56,0.13904961221223686,0.13904961221223686,0.9989151175674013,282,223792,30612.706,255,27,0,19,9,0.47368421052631576,21504,1344,576,0.6140434568509171,0.5561984488489474,158612,2918,1000,0,3000,1000,0,2918,68776,0,39903,not-applicable,0.0,True,False,True,1000,1000,0,scheduler
varp.k26.scheduler-model.v1,analytical-model,S2,bursty,23,2,4,4,4,128,full,1000,5638fe0aaab0f702265484edcebb3ea2905eea317d4328b09267fceb0cef4723,1000,64984,15.388403299273667,30872.36,31127.0,59041.5,61698.56,0.13904961221223686,0.13904961221223686,0.9989151175674013,282,223792,30612.706,255,27,0,19,9,0.47368421052631576,21504,1344,576,0.6140434568509171,0.5561984488489474,158612,2918,1000,0,3000,1000,0,2918,68776,0,39903,not-applicable,0.0,True,False,True,1000,1000,0,scheduler
varp.k26.scheduler-model.v1,analytical-model,S2,bursty,29,0,4,4,4,128,full,1000,0d955ad4e7b43a5d3b56a5c09d076f2f1be497454dc265814829abce859b9ec3,1000,67510,14.812620352540364,31352.058,30706.5,61330.75,64566.56,0.138349874092727,0.138349874092727,0.9984150496222781,428,232680,31082.446,255,25,0,32,22,0.6875,58368,3648,1408,0.6102058954229003,0.553399496370908,163780,6854,1000,0,3000,1000,0,6854,67948,0,41195,not-applicable,0.0,True,False,True,1000,1000,0,scheduler
varp.k26.scheduler-model.v1,analytical-model,S2,bursty,29,1,4,4,4,128,full,1000,0d955ad4e7b43a5d3b56a5c09d076f2f1be497454dc265814829abce859b9ec3,1000,67510,14.812620352540364,31352.058,30706.5,61330.75,64566.56,0.138349874092727,0.138349874092727,0.9984150496222781,428,232680,31082.446,255,25,0,32,22,0.6875,58368,3648,1408,0.6102058954229003,0.553399496370908,163780,6854,1000,0,3000,1000,0,6854,67948,0,41195,not-applicable,0.0,True,False,True,1000,1000,0,scheduler
varp.k26.scheduler-model.v1,analytical-model,S2,bursty,29,2,4,4,4,128,full,1000,0d955ad4e7b43a5d3b56a5c09d076f2f1be497454dc265814829abce859b9ec3,1000,67510,14.812620352540364,31352.058,30706.5,61330.75,64566.56,0.138349874092727,0.138349874092727,0.9984150496222781,428,232680,31082.446,255,25,0,32,22,0.6875,58368,3648,1408,0.6102058954229003,0.553399496370908,163780,6854,1000,0,3000,1000,0,6854,67948,0,41195,not-applicable,0.0,True,False,True,1000,1000,0,scheduler
varp.k26.scheduler-model.v1,analytical-model,S2,bursty,31,0,4,4,4,128,full,1000,0c337d7320709b28b33dd752c7a5439e2b2a7328379978923b6621df7e0991f5,1000,66934,14.940090238145038,31890.053,32130.0,60892.649999999994,63716.52,0.1415125347357098,0.1415125347357098,0.9981250186751128,502,229848,31622.819,256,35,0,32,22,0.6875,45056,2816,1408,0.6238384079839843,0.5660501389428392,166024,3818,1000,0,3000,1000,0,3818,66776,0,41756,not-applicable,0.0,True,False,True,1000,1000,0,scheduler
varp.k26.scheduler-model.v1,analytical-model,S2,bursty,31,1,4,4,4,128,full,1000,0c337d7320709b28b33dd752c7a5439e2b2a7328379978923b6621df7e0991f5,1000,66934,14.940090238145038,31890.053,32130.0,60892.649999999994,63716.52,0.1415125347357098,0.1415125347357098,0.9981250186751128,502,229848,31622.819,256,35,0,32,22,0.6875,45056,2816,1408,0.6238384079839843,0.5660501389428392,166024,3818,1000,0,3000,1000,0,3818,66776,0,41756,not-applicable,0.0,True,False,True,1000,1000,0,scheduler
varp.k26.scheduler-model.v1,analytical-model,S2,bursty,31,2,4,4,4,128,full,1000,0c337d7320709b28b33dd752c7a5439e2b2a7328379978923b6621df7e0991f5,1000,66934,14.940090238145038,31890.053,32130.0,60892.649999999994,63716.52,0.1415125347357098,0.1415125347357098,0.9981250186751128,502,229848,31622.819,256,35,0,32,22,0.6875,45056,2816,1408,0.6238384079839843,0.5660501389428392,166024,3818,1000,0,3000,1000,0,3818,66776,0,41756,not-applicable,0.0,True,False,True,1000,1000,0,scheduler
varp.k26.scheduler-model.v1,analytical-model,S2,bursty,43,0,4,4,4,128,full,1000,3e09a44eaa92293daf65af6c5283ed04a53cc437fc3bf2c9e87e3b2fa7598007,1000,68742,14.547147304413604,32866.747,32957.0,62294.05,65447.67,0.13790695644584097,0.13790695644584097,0.9975851735474673,664,237048,32592.443,261,47,0,52,42,0.8076923076923077,99328,6208,2688,0.6079252858514446,0.5516278257833639,166160,10710,1000,0,3000,1000,0,10710,67318,0,41790,not-applicable,0.0,True,False,True,1000,1000,0,scheduler
varp.k26.scheduler-model.v1,analytical-model,S2,bursty,43,1,4,4,4,128,full,1000,3e09a44eaa92293daf65af6c5283ed04a53cc437fc3bf2c9e87e3b2fa7598007,1000,68742,14.547147304413604,32866.747,32957.0,62294.05,65447.67,0.13790695644584097,0.13790695644584097,0.9975851735474673,664,237048,32592.443,261,47,0,52,42,0.8076923076923077,99328,6208,2688,0.6079252858514446,0.5516278257833639,166160,10710,1000,0,3000,1000,0,10710,67318,0,41790,not-applicable,0.0,True,False,True,1000,1000,0,scheduler
varp.k26.scheduler-model.v1,analytical-model,S2,bursty,43,2,4,4,4,128,full,1000,3e09a44eaa92293daf65af6c5283ed04a53cc437fc3bf2c9e87e3b2fa7598007,1000,68742,14.547147304413604,32866.747,32957.0,62294.05,65447.67,0.13790695644584097,0.13790695644584097,0.9975851735474673,664,237048,32592.443,261,47,0,52,42,0.8076923076923077,99328,6208,2688,0.6079252858514446,0.5516278257833639,166160,10710,1000,0,3000,1000,0,10710,67318,0,41790,not-applicable,0.0,True,False,True,1000,1000,0,scheduler
varp.k26.scheduler-model.v1,analytical-model,S3,bursty,19,0,4,4,4,128,full,1000,d8a99f2fcbe373bf233b13257242c974ab0e14a0adef4d436390c0140fd8936a,1000,66254,15.093428321308902,31846.34,32432.5,60037.29999999999,62943.61,0.13837655084976003,0.13837655084976003,0.9986189513086002,366,228344,31581.69,257,43,0,40,30,0.75,50176,3136,1920,0.6107404835934435,0.5535062033990401,160856,5500,1000,0,3000,1000,0,5500,69078,0,40464,not-applicable,0.0,True,False,True,1000,1000,0,scheduler
varp.k26.scheduler-model.v1,analytical-model,S3,bursty,19,1,4,4,4,128,full,1000,d8a99f2fcbe373bf233b13257242c974ab0e14a0adef4d436390c0140fd8936a,1000,66254,15.093428321308902,31846.34,32432.5,60037.29999999999,62943.61,0.13837655084976003,0.13837655084976003,0.9986189513086002,366,228344,31581.69,257,43,0,40,30,0.75,50176,3136,1920,0.6107404835934435,0.5535062033990401,160856,5500,1000,0,3000,1000,0,5500,69078,0,40464,not-applicable,0.0,True,False,True,1000,1000,0,scheduler
varp.k26.scheduler-model.v1,analytical-model,S3,bursty,19,2,4,4,4,128,full,1000,d8a99f2fcbe373bf233b13257242c974ab0e14a0adef4d436390c0140fd8936a,1000,66254,15.093428321308902,31846.34,32432.5,60037.29999999999,62943.61,0.13837655084976003,0.13837655084976003,0.9986189513086002,366,228344,31581.69,257,43,0,40,30,0.75,50176,3136,1920,0.6107404835934435,0.5535062033990401,160856,5500,1000,0,3000,1000,0,5500,69078,0,40464,not-applicable,0.0,True,False,True,1000,1000,0,scheduler
varp.k26.scheduler-model.v1,analytical-model,S3,bursty,23,0,4,4,4,128,full,1000,5638fe0aaab0f702265484edcebb3ea2905eea317d4328b09267fceb0cef4723,1000,64952,15.395984727183151,30867.428,31127.0,59041.5,61548.229999999996,0.13911811799482696,0.13911811799482696,0.9948808350782117,1330,223664,30608.95,255,27,0,24,14,0.5833333333333334,22528,1408,896,0.6143459785687893,0.5564724719793078,158612,2092,1000,0,3000,1000,0,2092,68850,0,39903,not-applicable,0.0,True,False,True,1000,1000,0,scheduler
varp.k26.scheduler-model.v1,analytical-model,S3,bursty,23,1,4,4,4,128,full,1000,5638fe0aaab0f702265484edcebb3ea2905eea317d4328b09267fceb0cef4723,1000,64952,15.395984727183151,30867.428,31127.0,59041.5,61548.229999999996,0.13911811799482696,0.13911811799482696,0.9948808350782117,1330,223664,30608.95,255,27,0,24,14,0.5833333333333334,22528,1408,896,0.6143459785687893,0.5564724719793078,158612,2092,1000,0,3000,1000,0,2092,68850,0,39903,not-applicable,0.0,True,False,True,1000,1000,0,scheduler
varp.k26.scheduler-model.v1,analytical-model,S3,bursty,23,2,4,4,4,128,full,1000,5638fe0aaab0f702265484edcebb3ea2905eea317d4328b09267fceb0cef4723,1000,64952,15.395984727183151,30867.428,31127.0,59041.5,61548.229999999996,0.13911811799482696,0.13911811799482696,0.9948808350782117,1330,223664,30608.95,255,27,0,24,14,0.5833333333333334,22528,1408,896,0.6143459785687893,0.5564724719793078,158612,2092,1000,0,3000,1000,0,2092,68850,0,39903,not-applicable,0.0,True,False,True,1000,1000,0,scheduler
varp.k26.scheduler-model.v1,analytical-model,S3,bursty,29,0,4,4,4,128,full,1000,0d955ad4e7b43a5d3b56a5c09d076f2f1be497454dc265814829abce859b9ec3,1000,67558,14.802095976790314,31346.3,30706.5,61209.5,64565.72,0.13825157642322153,0.13825157642322153,0.997846295035377,582,232872,31076.65,255,25,0,33,23,0.696969696969697,44032,2752,1472,0.6097723437638769,0.5530063056928861,163780,6794,1000,0,3000,1000,0,6794,68090,0,41195,not-applicable,0.0,True,False,True,1000,1000,0,scheduler
varp.k26.scheduler-model.v1,analytical-model,S3,bursty,29,1,4,4,4,128,full,1000,0d955ad4e7b43a5d3b56a5c09d076f2f1be497454dc265814829abce859b9ec3,1000,67558,14.802095976790314,31346.3,30706.5,61209.5,64565.72,0.13825157642322153,0.13825157642322153,0.997846295035377,582,232872,31076.65,255,25,0,33,23,0.696969696969697,44032,2752,1472,0.6097723437638769,0.5530063056928861,163780,6794,1000,0,3000,1000,0,6794,68090,0,41195,not-applicable,0.0,True,False,True,1000,1000,0,scheduler
varp.k26.scheduler-model.v1,analytical-model,S3,bursty,29,2,4,4,4,128,full,1000,0d955ad4e7b43a5d3b56a5c09d076f2f1be497454dc265814829abce859b9ec3,1000,67558,14.802095976790314,31346.3,30706.5,61209.5,64565.72,0.13825157642322153,0.13825157642322153,0.997846295035377,582,232872,31076.65,255,25,0,33,23,0.696969696969697,44032,2752,1472,0.6097723437638769,0.5530063056928861,163780,6794,1000,0,3000,1000,0,6794,68090,0,41195,not-applicable,0.0,True,False,True,1000,1000,0,scheduler
varp.k26.scheduler-model.v1,analytical-model,S3,bursty,31,0,4,4,4,128,full,1000,0c337d7320709b28b33dd752c7a5439e2b2a7328379978923b6621df7e0991f5,1000,66958,14.934735207144778,31885.513,32130.0,60890.85,63569.090000000004,0.14146181188207535,0.14146181188207535,0.9963484572418531,978,229944,31618.659,256,35,0,34,24,0.7058823529411765,33792,2112,1536,0.6236148033095373,0.5658472475283013,166024,2958,1000,0,3000,1000,0,2958,67620,0,41756,not-applicable,0.0,True,False,True,1000,1000,0,scheduler
varp.k26.scheduler-model.v1,analytical-model,S3,bursty,31,1,4,4,4,128,full,1000,0c337d7320709b28b33dd752c7a5439e2b2a7328379978923b6621df7e0991f5,1000,66958,14.934735207144778,31885.513,32130.0,60890.85,63569.090000000004,0.14146181188207535,0.14146181188207535,0.9963484572418531,978,229944,31618.659,256,35,0,34,24,0.7058823529411765,33792,2112,1536,0.6236148033095373,0.5658472475283013,166024,2958,1000,0,3000,1000,0,2958,67620,0,41756,not-applicable,0.0,True,False,True,1000,1000,0,scheduler
varp.k26.scheduler-model.v1,analytical-model,S3,bursty,31,2,4,4,4,128,full,1000,0c337d7320709b28b33dd752c7a5439e2b2a7328379978923b6621df7e0991f5,1000,66958,14.934735207144778,31885.513,32130.0,60890.85,63569.090000000004,0.14146181188207535,0.14146181188207535,0.9963484572418531,978,229944,31618.659,256,35,0,34,24,0.7058823529411765,33792,2112,1536,0.6236148033095373,0.5658472475283013,166024,2958,1000,0,3000,1000,0,2958,67620,0,41756,not-applicable,0.0,True,False,True,1000,1000,0,scheduler
varp.k26.scheduler-model.v1,analytical-model,S3,bursty,43,0,4,4,4,128,full,1000,3e09a44eaa92293daf65af6c5283ed04a53cc437fc3bf2c9e87e3b2fa7598007,1000,69166,14.457970679235462,32864.773,32957.0,62277.94999999999,65452.42,0.13706156203915218,0.13706156203915218,0.9944481392591736,1536,238744,32589.645,261,47,0,63,53,0.8412698412698413,79872,4992,3392,0.60419859468525,0.5482462481566087,166160,9554,1000,0,3000,1000,0,9554,69404,0,41790,not-applicable,0.0,True,False,True,1000,1000,0,scheduler
varp.k26.scheduler-model.v1,analytical-model,S3,bursty,43,1,4,4,4,128,full,1000,3e09a44eaa92293daf65af6c5283ed04a53cc437fc3bf2c9e87e3b2fa7598007,1000,69166,14.457970679235462,32864.773,32957.0,62277.94999999999,65452.42,0.13706156203915218,0.13706156203915218,0.9944481392591736,1536,238744,32589.645,261,47,0,63,53,0.8412698412698413,79872,4992,3392,0.60419859468525,0.5482462481566087,166160,9554,1000,0,3000,1000,0,9554,69404,0,41790,not-applicable,0.0,True,False,True,1000,1000,0,scheduler
varp.k26.scheduler-model.v1,analytical-model,S3,bursty,43,2,4,4,4,128,full,1000,3e09a44eaa92293daf65af6c5283ed04a53cc437fc3bf2c9e87e3b2fa7598007,1000,69166,14.457970679235462,32864.773,32957.0,62277.94999999999,65452.42,0.13706156203915218,0.13706156203915218,0.9944481392591736,1536,238744,32589.645,261,47,0,63,53,0.8412698412698413,79872,4992,3392,0.60419859468525,0.5482462481566087,166160,9554,1000,0,3000,1000,0,9554,69404,0,41790,not-applicable,0.0,True,False,True,1000,1000,0,scheduler
varp.k26.scheduler-model.v1,analytical-model,Oracle,bursty,19,0,4,4,4,128,full,1000,d8a99f2fcbe373bf233b13257242c974ab0e14a0adef4d436390c0140fd8936a,1000,53934,18.5411799606927,17677.038,14486.0,45463.399999999994,49059.149999999994,0.16998553787963067,0.16998553787963067,0.9922683279563911,1668,179064,17462.97,1000,0,0,0,0,0.0,0,0,0,0.7502503059294694,0.6799421515185227,160856,14271,1000,0,3000,1000,0,14271,5204,0,40464,offline-clairvoyant-list-schedule,0.0,True,False,True,1000,1000,0,scheduler
varp.k26.scheduler-model.v1,analytical-model,Oracle,bursty,19,1,4,4,4,128,full,1000,d8a99f2fcbe373bf233b13257242c974ab0e14a0adef4d436390c0140fd8936a,1000,53934,18.5411799606927,17677.038,14486.0,45463.399999999994,49059.149999999994,0.16998553787963067,0.16998553787963067,0.9922683279563911,1668,179064,17462.97,1000,0,0,0,0,0.0,0,0,0,0.7502503059294694,0.6799421515185227,160856,14271,1000,0,3000,1000,0,14271,5204,0,40464,offline-clairvoyant-list-schedule,0.0,True,False,True,1000,1000,0,scheduler
varp.k26.scheduler-model.v1,analytical-model,Oracle,bursty,19,2,4,4,4,128,full,1000,d8a99f2fcbe373bf233b13257242c974ab0e14a0adef4d436390c0140fd8936a,1000,53934,18.5411799606927,17677.038,14486.0,45463.399999999994,49059.149999999994,0.16998553787963067,0.16998553787963067,0.9922683279563911,1668,179064,17462.97,1000,0,0,0,0,0.0,0,0,0,0.7502503059294694,0.6799421515185227,160856,14271,1000,0,3000,1000,0,14271,5204,0,40464,offline-clairvoyant-list-schedule,0.0,True,False,True,1000,1000,0,scheduler
varp.k26.scheduler-model.v1,analytical-model,Oracle,bursty,23,0,4,4,4,128,full,1000,5638fe0aaab0f702265484edcebb3ea2905eea317d4328b09267fceb0cef4723,1000,50758,19.701327869498403,16899.87,13263.5,44370.899999999994,47261.4,0.17802119862878757,0.17802119862878757,0.9925233460735253,1518,166888,16698.356,1000,0,0,0,0,0.0,0,0,0,0.7861420859765949,0.7120847945151503,158612,4214,1000,0,3000,1000,0,4214,4570,0,39903,offline-clairvoyant-list-schedule,0.0,True,False,True,1000,1000,0,scheduler
varp.k26.scheduler-model.v1,analytical-model,Oracle,bursty,23,1,4,4,4,128,full,1000,5638fe0aaab0f702265484edcebb3ea2905eea317d4328b09267fceb0cef4723,1000,50758,19.701327869498403,16899.87,13263.5,44370.899999999994,47261.4,0.17802119862878757,0.17802119862878757,0.9925233460735253,1518,166888,16698.356,1000,0,0,0,0,0.0,0,0,0,0.7861420859765949,0.7120847945151503,158612,4214,1000,0,3000,1000,0,4214,4570,0,39903,offline-clairvoyant-list-schedule,0.0,True,False,True,1000,1000,0,scheduler
varp.k26.scheduler-model.v1,analytical-model,Oracle,bursty,23,2,4,4,4,128,full,1000,5638fe0aaab0f702265484edcebb3ea2905eea317d4328b09267fceb0cef4723,1000,50758,19.701327869498403,16899.87,13263.5,44370.899999999994,47261.4,0.17802119862878757,0.17802119862878757,0.9925233460735253,1518,166888,16698.356,1000,0,0,0,0,0.0,0,0,0,0.7861420859765949,0.7120847945151503,158612,4214,1000,0,3000,1000,0,4214,4570,0,39903,offline-clairvoyant-list-schedule,0.0,True,False,True,1000,1000,0,scheduler
varp.k26.scheduler-model.v1,analytical-model,Oracle,bursty,29,0,4,4,4,128,full,1000,0d955ad4e7b43a5d3b56a5c09d076f2f1be497454dc265814829abce859b9ec3,1000,53050,18.85014137606032,17484.505,13935.5,45462.049999999996,48665.75,0.17606032045240338,0.17606032045240338,0.9921394910461828,1668,174840,17273.973,1000,0,0,0,0,0.0,0,0,0,0.7765315739868048,0.7042412818096135,163780,7675,1000,0,3000,1000,0,7675,2512,0,41195,offline-clairvoyant-list-schedule,0.0,True,False,True,1000,1000,0,scheduler
varp.k26.scheduler-model.v1,analytical-model,Oracle,bursty,29,1,4,4,4,128,full,1000,0d955ad4e7b43a5d3b56a5c09d076f2f1be497454dc265814829abce859b9ec3,1000,53050,18.85014137606032,17484.505,13935.5,45462.049999999996,48665.75,0.17606032045240338,0.17606032045240338,0.9921394910461828,1668,174840,17273.973,1000,0,0,0,0,0.0,0,0,0,0.7765315739868048,0.7042412818096135,163780,7675,1000,0,3000,1000,0,7675,2512,0,41195,offline-clairvoyant-list-schedule,0.0,True,False,True,1000,1000,0,scheduler
varp.k26.scheduler-model.v1,analytical-model,Oracle,bursty,29,2,4,4,4,128,full,1000,0d955ad4e7b43a5d3b56a5c09d076f2f1be497454dc265814829abce859b9ec3,1000,53050,18.85014137606032,17484.505,13935.5,45462.049999999996,48665.75,0.17606032045240338,0.17606032045240338,0.9921394910461828,1668,174840,17273.973,1000,0,0,0,0,0.0,0,0,0,0.7765315739868048,0.7042412818096135,163780,7675,1000,0,3000,1000,0,7675,2512,0,41195,offline-clairvoyant-list-schedule,0.0,True,False,True,1000,1000,0,scheduler
varp.k26.scheduler-model.v1,analytical-model,Oracle,bursty,31,0,4,4,4,128,full,1000,0c337d7320709b28b33dd752c7a5439e2b2a7328379978923b6621df7e0991f5,1000,53534,18.67971756267045,18150.171,14132.0,46298.049999999996,49943.399999999994,0.17693428475361453,0.17693428475361453,0.9931725632308439,1462,176248,17937.497,1000,0,0,0,0,0.0,0,0,0,0.7799902865468674,0.7077371390144581,166024,6326,1000,0,3000,1000,0,6326,3468,0,41756,offline-clairvoyant-list-schedule,0.0,True,False,True,1000,1000,0,scheduler
varp.k26.scheduler-model.v1,analytical-model,Oracle,bursty,31,1,4,4,4,128,full,1000,0c337d7320709b28b33dd752c7a5439e2b2a7328379978923b6621df7e0991f5,1000,53534,18.67971756267045,18150.171,14132.0,46298.049999999996,49943.399999999994,0.17693428475361453,0.17693428475361453,0.9931725632308439,1462,176248,17937.497,1000,0,0,0,0,0.0,0,0,0,0.7799902865468674,0.7077371390144581,166024,6326,1000,0,3000,1000,0,6326,3468,0,41756,offline-clairvoyant-list-schedule,0.0,True,False,True,1000,1000,0,scheduler
varp.k26.scheduler-model.v1,analytical-model,Oracle,bursty,31,2,4,4,4,128,full,1000,0c337d7320709b28b33dd752c7a5439e2b2a7328379978923b6621df7e0991f5,1000,53534,18.67971756267045,18150.171,14132.0,46298.049999999996,49943.399999999994,0.17693428475361453,0.17693428475361453,0.9931725632308439,1462,176248,17937.497,1000,0,0,0,0,0.0,0,0,0,0.7799902865468674,0.7077371390144581,166024,6326,1000,0,3000,1000,0,6326,3468,0,41756,offline-clairvoyant-list-schedule,0.0,True,False,True,1000,1000,0,scheduler
varp.k26.scheduler-model.v1,analytical-model,Oracle,bursty,43,0,4,4,4,128,full,1000,3e09a44eaa92293daf65af6c5283ed04a53cc437fc3bf2c9e87e3b2fa7598007,1000,53448,18.70977398593025,18180.195,14399.0,46640.549999999996,49900.12,0.17736865738661878,0.17736865738661878,0.9968006286484059,684,175872,17967.087,1000,0,0,0,0,0.0,0,0,0,0.7818814548720251,0.7094746295464751,166160,7079,1000,0,3000,1000,0,7079,3768,0,41790,offline-clairvoyant-list-schedule,0.0,True,False,True,1000,1000,0,scheduler
varp.k26.scheduler-model.v1,analytical-model,Oracle,bursty,43,1,4,4,4,128,full,1000,3e09a44eaa92293daf65af6c5283ed04a53cc437fc3bf2c9e87e3b2fa7598007,1000,53448,18.70977398593025,18180.195,14399.0,46640.549999999996,49900.12,0.17736865738661878,0.17736865738661878,0.9968006286484059,684,175872,17967.087,1000,0,0,0,0,0.0,0,0,0,0.7818814548720251,0.7094746295464751,166160,7079,1000,0,3000,1000,0,7079,3768,0,41790,offline-clairvoyant-list-schedule,0.0,True,False,True,1000,1000,0,scheduler
varp.k26.scheduler-model.v1,analytical-model,Oracle,bursty,43,2,4,4,4,128,full,1000,3e09a44eaa92293daf65af6c5283ed04a53cc437fc3bf2c9e87e3b2fa7598007,1000,53448,18.70977398593025,18180.195,14399.0,46640.549999999996,49900.12,0.17736865738661878,0.17736865738661878,0.9968006286484059,684,175872,17967.087,1000,0,0,0,0,0.0,0,0,0,0.7818814548720251,0.7094746295464751,166160,7079,1000,0,3000,1000,0,7079,3768,0,41790,offline-clairvoyant-list-schedule,0.0,True,False,True,1000,1000,0,scheduler
varp.k26.scheduler-model.v1,analytical-model,S0,mixed,19,0,4,4,4,128,full,1000,1984ffe0a1e61004a2a339824b9f04e6d49d81d09dcb776fa506190aa50f48f6,1000,388116,2.5765492790815117,188016.558,187273.5,364791.85,380746.35,0.08772634985416732,0.08772634985416732,0.9964392088963093,5528,1416272,186469.622,996,0,0,0,0,0.0,0,0,0,0.36831256634614395,0.3509053994166692,570792,768376,1000,0,5640,1000,0,768376,181372,0,142948,not-applicable,0.0,True,False,True,1000,1000,0,scheduler
varp.k26.scheduler-model.v1,analytical-model,S0,mixed,19,1,4,4,4,128,full,1000,1984ffe0a1e61004a2a339824b9f04e6d49d81d09dcb776fa506190aa50f48f6,1000,388116,2.5765492790815117,188016.558,187273.5,364791.85,380746.35,0.08772634985416732,0.08772634985416732,0.9964392088963093,5528,1416272,186469.622,996,0,0,0,0,0.0,0,0,0,0.36831256634614395,0.3509053994166692,570792,768376,1000,0,5640,1000,0,768376,181372,0,142948,not-applicable,0.0,True,False,True,1000,1000,0,scheduler
varp.k26.scheduler-model.v1,analytical-model,S0,mixed,19,2,4,4,4,128,full,1000,1984ffe0a1e61004a2a339824b9f04e6d49d81d09dcb776fa506190aa50f48f6,1000,388116,2.5765492790815117,188016.558,187273.5,364791.85,380746.35,0.08772634985416732,0.08772634985416732,0.9964392088963093,5528,1416272,186469.622,996,0,0,0,0,0.0,0,0,0,0.36831256634614395,0.3509053994166692,570792,768376,1000,0,5640,1000,0,768376,181372,0,142948,not-applicable,0.0,True,False,True,1000,1000,0,scheduler
varp.k26.scheduler-model.v1,analytical-model,S0,mixed,23,0,4,4,4,128,full,1000,3f6ad95d5a5f176963441f5e051f6a42a4959572e6f2b6055b75a8499e59a920,1000,396401,2.5226979750303355,194894.445,194660.5,378232.29999999993,392507.83999999997,0.08857697129926514,0.08857697129926514,0.9980865335859395,3034,1445156,193311.875,995,0,0,0,0,0.0,0,0,0,0.37168675154704456,0.3543078851970606,588348,801682,1000,0,5652,1000,0,801682,157152,0,147337,not-applicable,0.0,True,False,True,1000,1000,0,scheduler
varp.k26.scheduler-model.v1,analytical-model,S0,mixed,23,1,4,4,4,128,full,1000,3f6ad95d5a5f176963441f5e051f6a42a4959572e6f2b6055b75a8499e59a920,1000,396401,2.5226979750303355,194894.445,194660.5,378232.29999999993,392507.83999999997,0.08857697129926514,0.08857697129926514,0.9980865335859395,3034,1445156,193311.875,995,0,0,0,0,0.0,0,0,0,0.37168675154704456,0.3543078851970606,588348,801682,1000,0,5652,1000,0,801682,157152,0,147337,not-applicable,0.0,True,False,True,1000,1000,0,scheduler
varp.k26.scheduler-model.v1,analytical-model,S0,mixed,23,2,4,4,4,128,full,1000,3f6ad95d5a5f176963441f5e051f6a42a4959572e6f2b6055b75a8499e59a920,1000,396401,2.5226979750303355,194894.445,194660.5,378232.29999999993,392507.83999999997,0.08857697129926514,0.08857697129926514,0.9980865335859395,3034,1445156,193311.875,995,0,0,0,0,0.0,0,0,0,0.37168675154704456,0.3543078851970606,588348,801682,1000,0,5652,1000,0,801682,157152,0,147337,not-applicable,0.0,True,False,True,1000,1000,0,scheduler
varp.k26.scheduler-model.v1,analytical-model,S0,mixed,29,0,4,4,4,128,full,1000,bbdbf74448d48e01720473da997b4c303cda79ebd64dae971ddc6ed5945b902e,1000,402477,2.484614027633877,197205.351,195653.5,382472.85,398625.57999999996,0.08749816759715462,0.08749816759715462,0.9996819694044629,512,1469044,195595.955,992,0,0,0,0,0.0,0,0,0,0.3671414764073475,0.3499926703886185,590064,808801,1000,0,5648,1000,0,808801,177176,0,147766,not-applicable,0.0,True,False,True,1000,1000,0,scheduler
varp.k26.scheduler-model.v1,analytical-model,S0,mixed,29,1,4,4,4,128,full,1000,bbdbf74448d48e01720473da997b4c303cda79ebd64dae971ddc6ed5945b902e,1000,402477,2.484614027633877,197205.351,195653.5,382472.85,398625.57999999996,0.08749816759715462,0.08749816759715462,0.9996819694044629,512,1469044,195595.955,992,0,0,0,0,0.0,0,0,0,0.3671414764073475,0.3499926703886185,590064,808801,1000,0,5648,1000,0,808801,177176,0,147766,not-applicable,0.0,True,False,True,1000,1000,0,scheduler
varp.k26.scheduler-model.v1,analytical-model,S0,mixed,29,2,4,4,4,128,full,1000,bbdbf74448d48e01720473da997b4c303cda79ebd64dae971ddc6ed5945b902e,1000,402477,2.484614027633877,197205.351,195653.5,382472.85,398625.57999999996,0.08749816759715462,0.08749816759715462,0.9996819694044629,512,1469044,195595.955,992,0,0,0,0,0.0,0,0,0,0.3671414764073475,0.3499926703886185,590064,808801,1000,0,5648,1000,0,808801,177176,0,147766,not-applicable,0.0,True,False,True,1000,1000,0,scheduler
varp.k26.scheduler-model.v1,analytical-model,S0,mixed,31,0,4,4,4,128,full,1000,7057b74bc84954bf1e3b611378a302f3500e100858d568ce307bd11cd0c716e4,1000,375640,2.6621233095516983,185531.658,186458.0,355043.05,368829.44,0.09151315088914919,0.09151315088914919,0.9966151102119051,5086,1365056,184034.184,993,0,0,0,0,0.0,0,0,0,0.3841470556916196,0.36605260355659675,576204,724124,1000,0,5684,1000,0,724124,149345,0,144301,not-applicable,0.0,True,False,True,1000,1000,0,scheduler
varp.k26.scheduler-model.v1,analytical-model,S0,mixed,31,1,4,4,4,128,full,1000,7057b74bc84954bf1e3b611378a302f3500e100858d568ce307bd11cd0c716e4,1000,375640,2.6621233095516983,185531.658,186458.0,355043.05,368829.44,0.09151315088914919,0.09151315088914919,0.9966151102119051,5086,1365056,184034.184,993,0,0,0,0,0.0,0,0,0,0.3841470556916196,0.36605260355659675,576204,724124,1000,0,5684,1000,0,724124,149345,0,144301,not-applicable,0.0,True,False,True,1000,1000,0,scheduler
varp.k26.scheduler-model.v1,analytical-model,S0,mixed,31,2,4,4,4,128,full,1000,7057b74bc84954bf1e3b611378a302f3500e100858d568ce307bd11cd0c716e4,1000,375640,2.6621233095516983,185531.658,186458.0,355043.05,368829.44,0.09151315088914919,0.09151315088914919,0.9966151102119051,5086,1365056,184034.184,993,0,0,0,0,0.0,0,0,0,0.3841470556916196,0.36605260355659675,576204,724124,1000,0,5684,1000,0,724124,149345,0,144301,not-applicable,0.0,True,False,True,1000,1000,0,scheduler
varp.k26.scheduler-model.v1,analytical-model,S0,mixed,43,0,4,4,4,128,full,1000,7b9de4841f4febde5ca28629bec21255bcb3fca3d3f49f86438b019f4b5b5601,1000,406502,2.460012496863484,199684.42,198037.5,382109.4499999999,401121.64999999997,0.0859823567903725,0.0859823567903725,0.9986814333016811,2144,1486200,198060.556,996,0,0,0,0,0.0,0,0,0,0.3608272530024452,0.34392942716149,585708,838264,1000,0,5716,1000,0,838264,158750,0,146677,not-applicable,0.0,True,False,True,1000,1000,0,scheduler
varp.k26.scheduler-model.v1,analytical-model,S0,mixed,43,1,4,4,4,128,full,1000,7b9de4841f4febde5ca28629bec21255bcb3fca3d3f49f86438b019f4b5b5601,1000,406502,2.460012496863484,199684.42,198037.5,382109.4499999999,401121.64999999997,0.0859823567903725,0.0859823567903725,0.9986814333016811,2144,1486200,198060.556,996,0,0,0,0,0.0,0,0,0,0.3608272530024452,0.34392942716149,585708,838264,1000,0,5716,1000,0,838264,158750,0,146677,not-applicable,0.0,True,False,True,1000,1000,0,scheduler
varp.k26.scheduler-model.v1,analytical-model,S0,mixed,43,2,4,4,4,128,full,1000,7b9de4841f4febde5ca28629bec21255bcb3fca3d3f49f86438b019f4b5b5601,1000,406502,2.460012496863484,199684.42,198037.5,382109.4499999999,401121.64999999997,0.0859823567903725,0.0859823567903725,0.9986814333016811,2144,1486200,198060.556,996,0,0,0,0,0.0,0,0,0,0.3608272530024452,0.34392942716149,585708,838264,1000,0,5716,1000,0,838264,158750,0,146677,not-applicable,0.0,True,False,True,1000,1000,0,scheduler
varp.k26.scheduler-model.v1,analytical-model,S0-physical,mixed,19,0,4,4,4,128,full,1000,1984ffe0a1e61004a2a339824b9f04e6d49d81d09dcb776fa506190aa50f48f6,1000,388461,2.57426099402514,188178.907,187443.5,365101.85,381091.35,0.08764843832456798,0.08764843832456798,0.9964468762629968,5521,1417652,186630.584,996,0,0,0,0,0.0,0,0,0,0.36798546057390574,0.3505937532982719,570792,769578,1000,0,5640,1000,0,769578,187998,7000,142948,not-applicable,0.0,True,False,True,1000,1000,0,scheduler
varp.k26.scheduler-model.v1,analytical-model,S0-physical,mixed,19,1,4,4,4,128,full,1000,1984ffe0a1e61004a2a339824b9f04e6d49d81d09dcb776fa506190aa50f48f6,1000,388461,2.57426099402514,188178.907,187443.5,365101.85,381091.35,0.08764843832456798,0.08764843832456798,0.9964468762629968,5521,1417652,186630.584,996,0,0,0,0,0.0,0,0,0,0.36798546057390574,0.3505937532982719,570792,769578,1000,0,5640,1000,0,769578,187998,7000,142948,not-applicable,0.0,True,False,True,1000,1000,0,scheduler
varp.k26.scheduler-model.v1,analytical-model,S0-physical,mixed,19,2,4,4,4,128,full,1000,1984ffe0a1e61004a2a339824b9f04e6d49d81d09dcb776fa506190aa50f48f6,1000,388461,2.57426099402514,188178.907,187443.5,365101.85,381091.35,0.08764843832456798,0.08764843832456798,0.9964468762629968,5521,1417652,186630.584,996,0,0,0,0,0.0,0,0,0,0.36798546057390574,0.3505937532982719,570792,769578,1000,0,5640,1000,0,769578,187998,7000,142948,not-applicable,0.0,True,False,True,1000,1000,0,scheduler
varp.k26.scheduler-model.v1,analytical-model,S0-physical,mixed,23,0,4,4,4,128,full,1000,3f6ad95d5a5f176963441f5e051f6a42a4959572e6f2b6055b75a8499e59a920,1000,396702,2.5207838629500228,195055.581,194828.5,378505.3,392808.84,0.08850976299590121,0.08850976299590121,0.9980879854399524,3034,1446360,193471.807,995,0,0,0,0,0.0,0,0,0,0.37140473201546753,0.35403905198360486,588348,802782,1000,0,5652,1000,0,802782,163782,7000,147337,not-applicable,0.0,True,False,True,1000,1000,0,scheduler
varp.k26.scheduler-model.v1,analytical-model,S0-physical,mixed,23,1,4,4,4,128,full,1000,3f6ad95d5a5f176963441f5e051f6a42a4959572e6f2b6055b75a8499e59a920,1000,396702,2.5207838629500228,195055.581,194828.5,378505.3,392808.84,0.08850976299590121,0.08850976299590121,0.9980879854399524,3034,1446360,193471.807,995,0,0,0,0,0.0,0,0,0,0.37140473201546753,0.35403905198360486,588348,802782,1000,0,5652,1000,0,802782,163782,7000,147337,not-applicable,0.0,True,False,True,1000,1000,0,scheduler
varp.k26.scheduler-model.v1,analytical-model,S0-physical,mixed,23,2,4,4,4,128,full,1000,3f6ad95d5a5f176963441f5e051f6a42a4959572e6f2b6055b75a8499e59a920,1000,396702,2.5207838629500228,195055.581,194828.5,378505.3,392808.84,0.08850976299590121,0.08850976299590121,0.9980879854399524,3034,1446360,193471.807,995,0,0,0,0,0.0,0,0,0,0.37140473201546753,0.35403905198360486,588348,802782,1000,0,5652,1000,0,802782,163782,7000,147337,not-applicable,0.0,True,False,True,1000,1000,0,scheduler
varp.k26.scheduler-model.v1,analytical-model,S0-physical,mixed,29,0,4,4,4,128,full,1000,bbdbf74448d48e01720473da997b4c303cda79ebd64dae971ddc6ed5945b902e,1000,402635,2.4836390279036844,197284.413,195735.5,382623.85,398776.57999999996,0.08746383200665615,0.08746383200665615,0.9996820942044283,512,1469676,195674.385,992,0,0,0,0,0.0,0,0,0,0.36699740459721586,0.3498553280266246,590064,809549,1000,0,5648,1000,0,809549,183544,7000,147766,not-applicable,0.0,True,False,True,1000,1000,0,scheduler
varp.k26.scheduler-model.v1,analytical-model,S0-physical,mixed,29,1,4,4,4,128,full,1000,bbdbf74448d48e01720473da997b4c303cda79ebd64dae971ddc6ed5945b902e,1000,402635,2.4836390279036844,197284.413,195735.5,382623.85,398776.57999999996,0.08746383200665615,0.08746383200665615,0.9996820942044283,512,1469676,195674.385,992,0,0,0,0,0.0,0,0,0,0.36699740459721586,0.3498553280266246,590064,809549,1000,0,5648,1000,0,809549,183544,7000,147766,not-applicable,0.0,True,False,True,1000,1000,0,scheduler
varp.k26.scheduler-model.v1,analytical-model,S0-physical,mixed,29,2,4,4,4,128,full,1000,bbdbf74448d48e01720473da997b4c303cda79ebd64dae971ddc6ed5945b902e,1000,402635,2.4836390279036844,197284.413,195735.5,382623.85,398776.57999999996,0.08746383200665615,0.08746383200665615,0.9996820942044283,512,1469676,195674.385,992,0,0,0,0,0.0,0,0,0,0.36699740459721586,0.3498553280266246,590064,809549,1000,0,5648,1000,0,809549,183544,7000,147766,not-applicable,0.0,True,False,True,1000,1000,0,scheduler
varp.k26.scheduler-model.v1,analytical-model,S0-physical,mixed,31,0,4,4,4,128,full,1000,7057b74bc84954bf1e3b611378a302f3500e100858d568ce307bd11cd0c716e4,1000,376006,2.659532028744222,185732.924,186691.0,355395.04999999993,369195.51,0.09142407302011138,0.09142407302011138,0.9966184050254517,5086,1366520,184233.986,993,0,0,0,0,0.0,0,0,0,0.38377313127982,0.3656962920804455,576204,725513,1000,0,5684,1000,0,725513,155930,7000,144301,not-applicable,0.0,True,False,True,1000,1000,0,scheduler
varp.k26.scheduler-model.v1,analytical-model,S0-physical,mixed,31,1,4,4,4,128,full,1000,7057b74bc84954bf1e3b611378a302f3500e100858d568ce307bd11cd0c716e4,1000,376006,2.659532028744222,185732.924,186691.0,355395.04999999993,369195.51,0.09142407302011138,0.09142407302011138,0.9966184050254517,5086,1366520,184233.986,993,0,0,0,0,0.0,0,0,0,0.38377313127982,0.3656962920804455,576204,725513,1000,0,5684,1000,0,725513,155930,7000,144301,not-applicable,0.0,True,False,True,1000,1000,0,scheduler
varp.k26.scheduler-model.v1,analytical-model,S0-physical,mixed,31,2,4,4,4,128,full,1000,7057b74bc84954bf1e3b611378a302f3500e100858d568ce307bd11cd0c716e4,1000,376006,2.659532028744222,185732.924,186691.0,355395.04999999993,369195.51,0.09142407302011138,0.09142407302011138,0.9966184050254517,5086,1366520,184233.986,993,0,0,0,0,0.0,0,0,0,0.38377313127982,0.3656962920804455,576204,725513,1000,0,5684,1000,0,725513,155930,7000,144301,not-applicable,0.0,True,False,True,1000,1000,0,scheduler
varp.k26.scheduler-model.v1,analytical-model,S0-physical,mixed,43,0,4,4,4,128,full,1000,7b9de4841f4febde5ca28629bec21255bcb3fca3d3f49f86438b019f4b5b5601,1000,406728,2.4586455813221613,199812.264,198195.0,382335.4499999999,401347.65,0.08593458035837218,0.08593458035837218,0.9986864685981787,2137,1487104,198187.489,996,0,0,0,0,0.0,0,0,0,0.36062675793159066,0.3437383214334887,585708,839168,1000,0,5716,1000,0,839168,165533,7000,146677,not-applicable,0.0,True,False,True,1000,1000,0,scheduler
varp.k26.scheduler-model.v1,analytical-model,S0-physical,mixed,43,1,4,4,4,128,full,1000,7b9de4841f4febde5ca28629bec21255bcb3fca3d3f49f86438b019f4b5b5601,1000,406728,2.4586455813221613,199812.264,198195.0,382335.4499999999,401347.65,0.08593458035837218,0.08593458035837218,0.9986864685981787,2137,1487104,198187.489,996,0,0,0,0,0.0,0,0,0,0.36062675793159066,0.3437383214334887,585708,839168,1000,0,5716,1000,0,839168,165533,7000,146677,not-applicable,0.0,True,False,True,1000,1000,0,scheduler
varp.k26.scheduler-model.v1,analytical-model,S0-physical,mixed,43,2,4,4,4,128,full,1000,7b9de4841f4febde5ca28629bec21255bcb3fca3d3f49f86438b019f4b5b5601,1000,406728,2.4586455813221613,199812.264,198195.0,382335.4499999999,401347.65,0.08593458035837218,0.08593458035837218,0.9986864685981787,2137,1487104,198187.489,996,0,0,0,0,0.0,0,0,0,0.36062675793159066,0.3437383214334887,585708,839168,1000,0,5716,1000,0,839168,165533,7000,146677,not-applicable,0.0,True,False,True,1000,1000,0,scheduler
varp.k26.scheduler-model.v1,analytical-model,S1,mixed,19,0,4,4,4,128,full,1000,1984ffe0a1e61004a2a339824b9f04e6d49d81d09dcb776fa506190aa50f48f6,1000,495492,2.018196055637629,183931.87,133983.5,458133.25,485481.65,0.06871553930234998,0.06871553930234998,0.4130757913346734,1163265,1845776,183113.167,649,546,0,0,0,0.0,0,0,0,0.28849708976128774,0.27486215720939994,570792,0,1000,0,5640,1000,0,0,115999,0,142948,not-applicable,0.0,True,False,True,1000,1000,0,scheduler
varp.k26.scheduler-model.v1,analytical-model,S1,mixed,19,1,4,4,4,128,full,1000,1984ffe0a1e61004a2a339824b9f04e6d49d81d09dcb776fa506190aa50f48f6,1000,495492,2.018196055637629,183931.87,133983.5,458133.25,485481.65,0.06871553930234998,0.06871553930234998,0.4130757913346734,1163265,1845776,183113.167,649,546,0,0,0,0.0,0,0,0,0.28849708976128774,0.27486215720939994,570792,0,1000,0,5640,1000,0,0,115999,0,142948,not-applicable,0.0,True,False,True,1000,1000,0,scheduler
varp.k26.scheduler-model.v1,analytical-model,S1,mixed,19,2,4,4,4,128,full,1000,1984ffe0a1e61004a2a339824b9f04e6d49d81d09dcb776fa506190aa50f48f6,1000,495492,2.018196055637629,183931.87,133983.5,458133.25,485481.65,0.06871553930234998,0.06871553930234998,0.4130757913346734,1163265,1845776,183113.167,649,546,0,0,0,0.0,0,0,0,0.28849708976128774,0.27486215720939994,570792,0,1000,0,5640,1000,0,0,115999,0,142948,not-applicable,0.0,True,False,True,1000,1000,0,scheduler
varp.k26.scheduler-model.v1,analytical-model,S1,mixed,23,0,4,4,4,128,full,1000,3f6ad95d5a5f176963441f5e051f6a42a4959572e6f2b6055b75a8499e59a920,1000,513745,1.9464909634157024,196757.088,145009.5,478553.04999999993,506354.73000000004,0.06834519070745214,0.06834519070745214,0.4108541202347468,1210683,1914532,195912.791,670,567,0,0,0,0.0,0,0,0,0.28679013907677936,0.27338076282980855,588348,0,1000,0,5652,1000,0,0,119795,0,147337,not-applicable,0.0,True,False,True,1000,1000,0,scheduler
varp.k26.scheduler-model.v1,analytical-model,S1,mixed,23,1,4,4,4,128,full,1000,3f6ad95d5a5f176963441f5e051f6a42a4959572e6f2b6055b75a8499e59a920,1000,513745,1.9464909634157024,196757.088,145009.5,478553.04999999993,506354.73000000004,0.06834519070745214,0.06834519070745214,0.4108541202347468,1210683,1914532,195912.791,670,567,0,0,0,0.0,0,0,0,0.28679013907677936,0.27338076282980855,588348,0,1000,0,5652,1000,0,0,119795,0,147337,not-applicable,0.0,True,False,True,1000,1000,0,scheduler
varp.k26.scheduler-model.v1,analytical-model,S1,mixed,23,2,4,4,4,128,full,1000,3f6ad95d5a5f176963441f5e051f6a42a4959572e6f2b6055b75a8499e59a920,1000,513745,1.9464909634157024,196757.088,145009.5,478553.04999999993,506354.73000000004,0.06834519070745214,0.06834519070745214,0.4108541202347468,1210683,1914532,195912.791,670,567,0,0,0,0.0,0,0,0,0.28679013907677936,0.27338076282980855,588348,0,1000,0,5652,1000,0,0,119795,0,147337,not-applicable,0.0,True,False,True,1000,1000,0,scheduler
varp.k26.scheduler-model.v1,analytical-model,S1,mixed,29,0,4,4,4,128,full,1000,bbdbf74448d48e01720473da997b4c303cda79ebd64dae971ddc6ed5945b902e,1000,528452,1.892319453800913,203695.567,158164.5,494366.25,521884.64999999997,0.06663992188505295,0.06663992188505295,0.4149038134021633,1236781,1972944,202818.54,668,563,0,0,0,0.0,0,0,0,0.2796204764103457,0.2665596875402118,590064,0,1000,0,5648,1000,0,0,150543,0,147766,not-applicable,0.0,True,False,True,1000,1000,0,scheduler
varp.k26.scheduler-model.v1,analytical-model,S1,mixed,29,1,4,4,4,128,full,1000,bbdbf74448d48e01720473da997b4c303cda79ebd64dae971ddc6ed5945b902e,1000,528452,1.892319453800913,203695.567,158164.5,494366.25,521884.64999999997,0.06663992188505295,0.06663992188505295,0.4149038134021633,1236781,1972944,202818.54,668,563,0,0,0,0.0,0,0,0,0.2796204764103457,0.2665596875402118,590064,0,1000,0,5648,1000,0,0,150543,0,147766,not-applicable,0.0,True,False,True,1000,1000,0,scheduler
varp.k26.scheduler-model.v1,analytical-model,S1,mixed,29,2,4,4,4,128,full,1000,bbdbf74448d48e01720473da997b4c303cda79ebd64dae971ddc6ed5945b902e,1000,528452,1.892319453800913,203695.567,158164.5,494366.25,521884.64999999997,0.06663992188505295,0.06663992188505295,0.4149038134021633,1236781,1972944,202818.54,668,563,0,0,0,0.0,0,0,0,0.2796204764103457,0.2665596875402118,590064,0,1000,0,5648,1000,0,0,150543,0,147766,not-applicable,0.0,True,False,True,1000,1000,0,scheduler
varp.k26.scheduler-model.v1,analytical-model,S1,mixed,31,0,4,4,4,128,full,1000,7057b74bc84954bf1e3b611378a302f3500e100858d568ce307bd11cd0c716e4,1000,483649,2.067615150656778,187063.355,138884.5,446919.6,475770.73,0.0710763384189774,0.0710763384189774,0.43308938920580836,1096743,1797092,186225.502,651,542,0,0,0,0.0,0,0,0,0.29835893385492374,0.2843053536759096,576204,0,1000,0,5684,1000,0,0,129527,0,144301,not-applicable,0.0,True,False,True,1000,1000,0,scheduler
varp.k26.scheduler-model.v1,analytical-model,S1,mixed,31,1,4,4,4,128,full,1000,7057b74bc84954bf1e3b611378a302f3500e100858d568ce307bd11cd0c716e4,1000,483649,2.067615150656778,187063.355,138884.5,446919.6,475770.73,0.0710763384189774,0.0710763384189774,0.43308938920580836,1096743,1797092,186225.502,651,542,0,0,0,0.0,0,0,0,0.29835893385492374,0.2843053536759096,576204,0,1000,0,5684,1000,0,0,129527,0,144301,not-applicable,0.0,True,False,True,1000,1000,0,scheduler
varp.k26.scheduler-model.v1,analytical-model,S1,mixed,31,2,4,4,4,128,full,1000,7057b74bc84954bf1e3b611378a302f3500e100858d568ce307bd11cd0c716e4,1000,483649,2.067615150656778,187063.355,138884.5,446919.6,475770.73,0.0710763384189774,0.0710763384189774,0.43308938920580836,1096743,1797092,186225.502,651,542,0,0,0,0.0,0,0,0,0.29835893385492374,0.2843053536759096,576204,0,1000,0,5684,1000,0,0,129527,0,144301,not-applicable,0.0,True,False,True,1000,1000,0,scheduler
varp.k26.scheduler-model.v1,analytical-model,S1,mixed,43,0,4,4,4,128,full,1000,7b9de4841f4febde5ca28629bec21255bcb3fca3d3f49f86438b019f4b5b5601,1000,527466,1.895856794561166,203393.766,157490.5,489909.65,518930.64,0.06626398668350188,0.06626398668350188,0.40164010571297487,1262458,1970056,202546.36,680,585,0,0,0,0.0,0,0,0,0.27807858705584815,0.2650559467340075,585708,0,1000,0,5716,1000,0,0,126113,0,146677,not-applicable,0.0,True,False,True,1000,1000,0,scheduler
varp.k26.scheduler-model.v1,analytical-model,S1,mixed,43,1,4,4,4,128,full,1000,7b9de4841f4febde5ca28629bec21255bcb3fca3d3f49f86438b019f4b5b5601,1000,527466,1.895856794561166,203393.766,157490.5,489909.65,518930.64,0.06626398668350188,0.06626398668350188,0.40164010571297487,1262458,1970056,202546.36,680,585,0,0,0,0.0,0,0,0,0.27807858705584815,0.2650559467340075,585708,0,1000,0,5716,1000,0,0,126113,0,146677,not-applicable,0.0,True,False,True,1000,1000,0,scheduler
varp.k26.scheduler-model.v1,analytical-model,S1,mixed,43,2,4,4,4,128,full,1000,7b9de4841f4febde5ca28629bec21255bcb3fca3d3f49f86438b019f4b5b5601,1000,527466,1.895856794561166,203393.766,157490.5,489909.65,518930.64,0.06626398668350188,0.06626398668350188,0.40164010571297487,1262458,1970056,202546.36,680,585,0,0,0,0.0,0,0,0,0.27807858705584815,0.2650559467340075,585708,0,1000,0,5716,1000,0,0,126113,0,146677,not-applicable,0.0,True,False,True,1000,1000,0,scheduler
varp.k26.scheduler-model.v1,analytical-model,S2,mixed,19,0,4,4,4,128,full,1000,1984ffe0a1e61004a2a339824b9f04e6d49d81d09dcb776fa506190aa50f48f6,1000,415654,2.4058471709643117,162379.86,123761.0,385136.85,407210.37,0.08191428447699288,0.08191428447699288,0.9965704648577903,5702,1526424,160722.946,648,544,0,423,407,0.9621749408983451,3663872,123264,43328,0.34391104139500644,0.3276571379079715,570792,828466,1000,0,5640,1000,0,828466,183856,0,142948,not-applicable,0.0,True,False,True,1000,1000,0,scheduler
varp.k26.scheduler-model.v1,analytical-model,S2,mixed,19,1,4,4,4,128,full,1000,1984ffe0a1e61004a2a339824b9f04e6d49d81d09dcb776fa506190aa50f48f6,1000,415654,2.4058471709643117,162379.86,123761.0,385136.85,407210.37,0.08191428447699288,0.08191428447699288,0.9965704648577903,5702,1526424,160722.946,648,544,0,423,407,0.9621749408983451,3663872,123264,43328,0.34391104139500644,0.3276571379079715,570792,828466,1000,0,5640,1000,0,828466,183856,0,142948,not-applicable,0.0,True,False,True,1000,1000,0,scheduler
varp.k26.scheduler-model.v1,analytical-model,S2,mixed,19,2,4,4,4,128,full,1000,1984ffe0a1e61004a2a339824b9f04e6d49d81d09dcb776fa506190aa50f48f6,1000,415654,2.4058471709643117,162379.86,123761.0,385136.85,407210.37,0.08191428447699288,0.08191428447699288,0.9965704648577903,5702,1526424,160722.946,648,544,0,423,407,0.9621749408983451,3663872,123264,43328,0.34391104139500644,0.3276571379079715,570792,828466,1000,0,5640,1000,0,828466,183856,0,142948,not-applicable,0.0,True,False,True,1000,1000,0,scheduler
varp.k26.scheduler-model.v1,analytical-model,S2,mixed,23,0,4,4,4,128,full,1000,3f6ad95d5a5f176963441f5e051f6a42a4959572e6f2b6055b75a8499e59a920,1000,432283,2.313299389520291,173190.541,134459.5,403766.24999999994,426120.83,0.08122456816483646,0.08122456816483646,0.9982453624130488,3034,1588684,171464.443,667,563,0,437,421,0.9633867276887872,3799040,127360,45248,0.3408345921537511,0.32489827265934584,588348,890094,1000,0,5652,1000,0,890094,170444,0,147337,not-applicable,0.0,True,False,True,1000,1000,0,scheduler
varp.k26.scheduler-model.v1,analytical-model,S2,mixed,23,1,4,4,4,128,full,1000,3f6ad95d5a5f176963441f5e051f6a42a4959572e6f2b6055b75a8499e59a920,1000,432283,2.313299389520291,173190.541,134459.5,403766.24999999994,426120.83,0.08122456816483646,0.08122456816483646,0.9982453624130488,3034,1588684,171464.443,667,563,0,437,421,0.9633867276887872,3799040,127360,45248,0.3408345921537511,0.32489827265934584,588348,890094,1000,0,5652,1000,0,890094,170444,0,147337,not-applicable,0.0,True,False,True,1000,1000,0,scheduler
varp.k26.scheduler-model.v1,analytical-model,S2,mixed,23,2,4,4,4,128,full,1000,3f6ad95d5a5f176963441f5e051f6a42a4959572e6f2b6055b75a8499e59a920,1000,432283,2.313299389520291,173190.541,134459.5,403766.24999999994,426120.83,0.08122456816483646,0.08122456816483646,0.9982453624130488,3034,1588684,171464.443,667,563,0,437,421,0.9633867276887872,3799040,127360,45248,0.3408345921537511,0.32489827265934584,588348,890094,1000,0,5652,1000,0,890094,170444,0,147337,not-applicable,0.0,True,False,True,1000,1000,0,scheduler
varp.k26.scheduler-model.v1,analytical-model,S2,mixed,29,0,4,4,4,128,full,1000,bbdbf74448d48e01720473da997b4c303cda79ebd64dae971ddc6ed5945b902e,1000,451004,2.2172752348094473,183051.337,151932.5,423465.45,445555.37,0.0780835646690495,0.0780835646690495,0.9994113134251581,1062,1663152,181248.383,668,563,0,447,431,0.9642058165548099,3799040,128384,45504,0.3276378923468528,0.31233425867619796,590064,926903,1000,0,5648,1000,0,926903,207907,0,147766,not-applicable,0.0,True,False,True,1000,1000,0,scheduler
varp.k26.scheduler-model.v1,analytical-model,S2,mixed,29,1,4,4,4,128,full,1000,bbdbf74448d48e01720473da997b4c303cda79ebd64dae971ddc6ed5945b902e,1000,451004,2.2172752348094473,183051.337,151932.5,423465.45,445555.37,0.0780835646690495,0.0780835646690495,0.9994113134251581,1062,1663152,181248.383,668,563,0,447,431,0.9642058165548099,3799040,128384,45504,0.3276378923468528,0.31233425867619796,590064,926903,1000,0,5648,1000,0,926903,207907,0,147766,not-applicable,0.0,True,False,True,1000,1000,0,scheduler
varp.k26.scheduler-model.v1,analytical-model,S2,mixed,29,2,4,4,4,128,full,1000,bbdbf74448d48e01720473da997b4c303cda79ebd64dae971ddc6ed5945b902e,1000,451004,2.2172752348094473,183051.337,151932.5,423465.45,445555.37,0.0780835646690495,0.0780835646690495,0.9994113134251581,1062,1663152,181248.383,668,563,0,447,431,0.9642058165548099,3799040,128384,45504,0.3276378923468528,0.31233425867619796,590064,926903,1000,0,5648,1000,0,926903,207907,0,147766,not-applicable,0.0,True,False,True,1000,1000,0,scheduler
varp.k26.scheduler-model.v1,analytical-model,S2,mixed,31,0,4,4,4,128,full,1000,7057b74bc84954bf1e3b611378a302f3500e100858d568ce307bd11cd0c716e4,1000,410474,2.4362078962370335,167051.708,132007.0,380632.2,403919.83,0.08374708264104425,0.08374708264104425,0.9978646637789482,3506,1504392,165413.318,648,538,0,419,403,0.9618138424821002,3301376,112640,42112,0.35154723563490015,0.334988330564177,576204,802108,1000,0,5684,1000,0,802108,179463,0,144301,not-applicable,0.0,True,False,True,1000,1000,0,scheduler
varp.k26.scheduler-model.v1,analytical-model,S2,mixed,31,1,4,4,4,128,full,1000,7057b74bc84954bf1e3b611378a302f3500e100858d568ce307bd11cd0c716e4,1000,410474,2.4362078962370335,167051.708,132007.0,380632.2,403919.83,0.08374708264104425,0.08374708264104425,0.9978646637789482,3506,1504392,165413.318,648,538,0,419,403,0.9618138424821002,3301376,112640,42112,0.35154723563490015,0.334988330564177,576204,802108,1000,0,5684,1000,0,802108,179463,0,144301,not-applicable,0.0,True,False,True,1000,1000,0,scheduler
varp.k26.scheduler-model.v1,analytical-model,S2,mixed,31,2,4,4,4,128,full,1000,7057b74bc84954bf1e3b611378a302f3500e100858d568ce307bd11cd0c716e4,1000,410474,2.4362078962370335,167051.708,132007.0,380632.2,403919.83,0.08374708264104425,0.08374708264104425,0.9978646637789482,3506,1504392,165413.318,648,538,0,419,403,0.9618138424821002,3301376,112640,42112,0.35154723563490015,0.334988330564177,576204,802108,1000,0,5684,1000,0,802108,179463,0,144301,not-applicable,0.0,True,False,True,1000,1000,0,scheduler
varp.k26.scheduler-model.v1,analytical-model,S2,mixed,43,0,4,4,4,128,full,1000,7b9de4841f4febde5ca28629bec21255bcb3fca3d3f49f86438b019f4b5b5601,1000,441040,2.26736803918012,177810.95,142134.5,410408.05,433830.32,0.07924904770542354,0.07924904770542354,0.998407173952476,2810,1624352,176049.6,677,577,0,442,426,0.9638009049773756,3950592,131712,46272,0.33257074188282243,0.31699619082169417,585708,928084,1000,0,5716,1000,0,928084,166026,0,146677,not-applicable,0.0,True,False,True,1000,1000,0,scheduler
varp.k26.scheduler-model.v1,analytical-model,S2,mixed,43,1,4,4,4,128,full,1000,7b9de4841f4febde5ca28629bec21255bcb3fca3d3f49f86438b019f4b5b5601,1000,441040,2.26736803918012,177810.95,142134.5,410408.05,433830.32,0.07924904770542354,0.07924904770542354,0.998407173952476,2810,1624352,176049.6,677,577,0,442,426,0.9638009049773756,3950592,131712,46272,0.33257074188282243,0.31699619082169417,585708,928084,1000,0,5716,1000,0,928084,166026,0,146677,not-applicable,0.0,True,False,True,1000,1000,0,scheduler
varp.k26.scheduler-model.v1,analytical-model,S2,mixed,43,2,4,4,4,128,full,1000,7b9de4841f4febde5ca28629bec21255bcb3fca3d3f49f86438b019f4b5b5601,1000,441040,2.26736803918012,177810.95,142134.5,410408.05,433830.32,0.07924904770542354,0.07924904770542354,0.998407173952476,2810,1624352,176049.6,677,577,0,442,426,0.9638009049773756,3950592,131712,46272,0.33257074188282243,0.31699619082169417,585708,928084,1000,0,5716,1000,0,928084,166026,0,146677,not-applicable,0.0,True,False,True,1000,1000,0,scheduler
varp.k26.scheduler-model.v1,analytical-model,S3,mixed,19,0,4,4,4,128,full,1000,1984ffe0a1e61004a2a339824b9f04e6d49d81d09dcb776fa506190aa50f48f6,1000,415440,2.4070864625457347,156184.66,118828.5,374576.85,403616.64999999997,0.08195647987675717,0.08195647987675717,0.9961408386289236,6413,1525568,154529.313,649,546,0,446,419,0.9394618834080718,2809856,99840,41600,0.3440881956479877,0.32782591950702866,570792,833624,1000,0,5640,1000,0,833624,165063,0,142948,not-applicable,0.0,True,False,True,1000,1000,0,scheduler
varp.k26.scheduler-model.v1,analytical-model,S3,mixed,19,1,4,4,4,128,full,1000,1984ffe0a1e61004a2a339824b9f04e6d49d81d09dcb776fa506190aa50f48f6,1000,415440,2.4070864625457347,156184.66,118828.5,374576.85,403616.64999999997,0.08195647987675717,0.08195647987675717,0.9961408386289236,6413,1525568,154529.313,649,546,0,446,419,0.9394618834080718,2809856,99840,41600,0.3440881956479877,0.32782591950702866,570792,833624,1000,0,5640,1000,0,833624,165063,0,142948,not-applicable,0.0,True,False,True,1000,1000,0,scheduler
varp.k26.scheduler-model.v1,analytical-model,S3,mixed,19,2,4,4,4,128,full,1000,1984ffe0a1e61004a2a339824b9f04e6d49d81d09dcb776fa506190aa50f48f6,1000,415440,2.4070864625457347,156184.66,118828.5,374576.85,403616.64999999997,0.08195647987675717,0.08195647987675717,0.9961408386289236,6413,1525568,154529.313,649,546,0,446,419,0.9394618834080718,2809856,99840,41600,0.3440881956479877,0.32782591950702866,570792,833624,1000,0,5640,1000,0,833624,165063,0,142948,not-applicable,0.0,True,False,True,1000,1000,0,scheduler
varp.k26.scheduler-model.v1,analytical-model,S3,mixed,23,0,4,4,4,128,full,1000,3f6ad95d5a5f176963441f5e051f6a42a4959572e6f2b6055b75a8499e59a920,1000,434075,2.303749352070495,169064.15,128867.5,394375.44999999995,422255.58999999997,0.08088924724989921,0.08088924724989921,0.9962909635431665,6440,1595852,167334.29,669,565,0,483,429,0.8881987577639752,2957312,103936,43392,0.3394275182860105,0.32355698899959684,588348,881252,1000,0,5652,1000,0,881252,180095,0,147337,not-applicable,0.0,True,False,True,1000,1000,0,scheduler
varp.k26.scheduler-model.v1,analytical-model,S3,mixed,23,1,4,4,4,128,full,1000,3f6ad95d5a5f176963441f5e051f6a42a4959572e6f2b6055b75a8499e59a920,1000,434075,2.303749352070495,169064.15,128867.5,394375.44999999995,422255.58999999997,0.08088924724989921,0.08088924724989921,0.9962909635431665,6440,1595852,167334.29,669,565,0,483,429,0.8881987577639752,2957312,103936,43392,0.3394275182860105,0.32355698899959684,588348,881252,1000,0,5652,1000,0,881252,180095,0,147337,not-applicable,0.0,True,False,True,1000,1000,0,scheduler
varp.k26.scheduler-model.v1,analytical-model,S3,mixed,23,2,4,4,4,128,full,1000,3f6ad95d5a5f176963441f5e051f6a42a4959572e6f2b6055b75a8499e59a920,1000,434075,2.303749352070495,169064.15,128867.5,394375.44999999995,422255.58999999997,0.08088924724989921,0.08088924724989921,0.9962909635431665,6440,1595852,167334.29,669,565,0,483,429,0.8881987577639752,2957312,103936,43392,0.3394275182860105,0.32355698899959684,588348,881252,1000,0,5652,1000,0,881252,180095,0,147337,not-applicable,0.0,True,False,True,1000,1000,0,scheduler
varp.k26.scheduler-model.v1,analytical-model,S3,mixed,29,0,4,4,4,128,full,1000,bbdbf74448d48e01720473da997b4c303cda79ebd64dae971ddc6ed5945b902e,1000,448968,2.227330232889649,175502.777,136688.5,410971.15,437159.57999999996,0.07843766148144188,0.07843766148144188,0.9964312601343526,6409,1655008,173713.314,668,563,0,457,434,0.949671772428884,3047424,107264,43520,0.32912367919317187,0.3137506459257675,590064,911378,1000,0,5648,1000,0,911378,205921,0,147766,not-applicable,0.0,True,False,True,1000,1000,0,scheduler
varp.k26.scheduler-model.v1,analytical-model,S3,mixed,29,1,4,4,4,128,full,1000,bbdbf74448d48e01720473da997b4c303cda79ebd64dae971ddc6ed5945b902e,1000,448968,2.227330232889649,175502.777,136688.5,410971.15,437159.57999999996,0.07843766148144188,0.07843766148144188,0.9964312601343526,6409,1655008,173713.314,668,563,0,457,434,0.949671772428884,3047424,107264,43520,0.32912367919317187,0.3137506459257675,590064,911378,1000,0,5648,1000,0,911378,205921,0,147766,not-applicable,0.0,True,False,True,1000,1000,0,scheduler
varp.k26.scheduler-model.v1,analytical-model,S3,mixed,29,2,4,4,4,128,full,1000,bbdbf74448d48e01720473da997b4c303cda79ebd64dae971ddc6ed5945b902e,1000,448968,2.227330232889649,175502.777,136688.5,410971.15,437159.57999999996,0.07843766148144188,0.07843766148144188,0.9964312601343526,6409,1655008,173713.314,668,563,0,457,434,0.949671772428884,3047424,107264,43520,0.32912367919317187,0.3137506459257675,590064,911378,1000,0,5648,1000,0,911378,205921,0,147766,not-applicable,0.0,True,False,True,1000,1000,0,scheduler
varp.k26.scheduler-model.v1,analytical-model,S3,mixed,31,0,4,4,4,128,full,1000,7057b74bc84954bf1e3b611378a302f3500e100858d568ce307bd11cd0c716e4,1000,409625,2.4412572474824534,161666.029,126702.0,372474.14999999997,397814.58,0.08392065913945682,0.08392065913945682,0.9960714067744889,6437,1500996,160033.966,651,542,0,462,411,0.8896103896103896,2543616,91136,40960,0.3522758620689655,0.33568263655782726,576204,796658,1000,0,5684,1000,0,796658,172169,0,144301,not-applicable,0.0,True,False,True,1000,1000,0,scheduler
varp.k26.scheduler-model.v1,analytical-model,S3,mixed,31,1,4,4,4,128,full,1000,7057b74bc84954bf1e3b611378a302f3500e100858d568ce307bd11cd0c716e4,1000,409625,2.4412572474824534,161666.029,126702.0,372474.14999999997,397814.58,0.08392065913945682,0.08392065913945682,0.9960714067744889,6437,1500996,160033.966,651,542,0,462,411,0.8896103896103896,2543616,91136,40960,0.3522758620689655,0.33568263655782726,576204,796658,1000,0,5684,1000,0,796658,172169,0,144301,not-applicable,0.0,True,False,True,1000,1000,0,scheduler
varp.k26.scheduler-model.v1,analytical-model,S3,mixed,31,2,4,4,4,128,full,1000,7057b74bc84954bf1e3b611378a302f3500e100858d568ce307bd11cd0c716e4,1000,409625,2.4412572474824534,161666.029,126702.0,372474.14999999997,397814.58,0.08392065913945682,0.08392065913945682,0.9960714067744889,6437,1500996,160033.966,651,542,0,462,411,0.8896103896103896,2543616,91136,40960,0.3522758620689655,0.33568263655782726,576204,796658,1000,0,5684,1000,0,796658,172169,0,144301,not-applicable,0.0,True,False,True,1000,1000,0,scheduler
varp.k26.scheduler-model.v1,analytical-model,S3,mixed,43,0,4,4,4,128,full,1000,7b9de4841f4febde5ca28629bec21255bcb3fca3d3f49f86438b019f4b5b5601,1000,445452,2.2449107872453147,173927.888,139440.5,404473.64999999997,433597.64,0.07846412183579825,0.07846412183579825,0.9963901834541096,6432,1642000,172152.512,680,585,0,491,445,0.9063136456211812,3088384,108032,45440,0.32927677954078105,0.313856487343193,585708,928166,1000,0,5716,1000,0,928166,178947,0,146677,not-applicable,0.0,True,False,True,1000,1000,0,scheduler
varp.k26.scheduler-model.v1,analytical-model,S3,mixed,43,1,4,4,4,128,full,1000,7b9de4841f4febde5ca28629bec21255bcb3fca3d3f49f86438b019f4b5b5601,1000,445452,2.2449107872453147,173927.888,139440.5,404473.64999999997,433597.64,0.07846412183579825,0.07846412183579825,0.9963901834541096,6432,1642000,172152.512,680,585,0,491,445,0.9063136456211812,3088384,108032,45440,0.32927677954078105,0.313856487343193,585708,928166,1000,0,5716,1000,0,928166,178947,0,146677,not-applicable,0.0,True,False,True,1000,1000,0,scheduler
varp.k26.scheduler-model.v1,analytical-model,S3,mixed,43,2,4,4,4,128,full,1000,7b9de4841f4febde5ca28629bec21255bcb3fca3d3f49f86438b019f4b5b5601,1000,445452,2.2449107872453147,173927.888,139440.5,404473.64999999997,433597.64,0.07846412183579825,0.07846412183579825,0.9963901834541096,6432,1642000,172152.512,680,585,0,491,445,0.9063136456211812,3088384,108032,45440,0.32927677954078105,0.313856487343193,585708,928166,1000,0,5716,1000,0,928166,178947,0,146677,not-applicable,0.0,True,False,True,1000,1000,0,scheduler
varp.k26.scheduler-model.v1,analytical-model,Oracle,mixed,19,0,4,4,4,128,full,1000,1984ffe0a1e61004a2a339824b9f04e6d49d81d09dcb776fa506190aa50f48f6,1000,381611,2.6204695357314125,97370.454,58629.0,327385.19999999995,369787.64999999997,0.08922174675258313,0.08922174675258313,0.9958098692123655,6396,1390252,95850.406,1000,0,0,0,0,0.0,0,0,0,0.37459087919373396,0.3568869870103325,570792,811634,1000,0,5640,1000,0,811634,11570,0,142948,offline-clairvoyant-list-schedule,0.0,True,False,True,1000,1000,0,scheduler
varp.k26.scheduler-model.v1,analytical-model,Oracle,mixed,19,1,4,4,4,128,full,1000,1984ffe0a1e61004a2a339824b9f04e6d49d81d09dcb776fa506190aa50f48f6,1000,381611,2.6204695357314125,97370.454,58629.0,327385.19999999995,369787.64999999997,0.08922174675258313,0.08922174675258313,0.9958098692123655,6396,1390252,95850.406,1000,0,0,0,0,0.0,0,0,0,0.37459087919373396,0.3568869870103325,570792,811634,1000,0,5640,1000,0,811634,11570,0,142948,offline-clairvoyant-list-schedule,0.0,True,False,True,1000,1000,0,scheduler
varp.k26.scheduler-model.v1,analytical-model,Oracle,mixed,19,2,4,4,4,128,full,1000,1984ffe0a1e61004a2a339824b9f04e6d49d81d09dcb776fa506190aa50f48f6,1000,381611,2.6204695357314125,97370.454,58629.0,327385.19999999995,369787.64999999997,0.08922174675258313,0.08922174675258313,0.9958098692123655,6396,1390252,95850.406,1000,0,0,0,0,0.0,0,0,0,0.37459087919373396,0.3568869870103325,570792,811634,1000,0,5640,1000,0,811634,11570,0,142948,offline-clairvoyant-list-schedule,0.0,True,False,True,1000,1000,0,scheduler
varp.k26.scheduler-model.v1,analytical-model,Oracle,mixed,23,0,4,4,4,128,full,1000,3f6ad95d5a5f176963441f5e051f6a42a4959572e6f2b6055b75a8499e59a920,1000,395418,2.528969343833614,102921.286,65105.5,341161.24999999994,383598.58999999997,0.08879717160068586,0.08879717160068586,0.9959561780192101,6396,1441224,101346.01,1000,0,0,0,0,0.0,0,0,0,0.3726107562124132,0.3551886864027434,588348,844840,1000,0,5652,1000,0,844840,11286,0,147337,offline-clairvoyant-list-schedule,0.0,True,False,True,1000,1000,0,scheduler
varp.k26.scheduler-model.v1,analytical-model,Oracle,mixed,23,1,4,4,4,128,full,1000,3f6ad95d5a5f176963441f5e051f6a42a4959572e6f2b6055b75a8499e59a920,1000,395418,2.528969343833614,102921.286,65105.5,341161.24999999994,383598.58999999997,0.08879717160068586,0.08879717160068586,0.9959561780192101,6396,1441224,101346.01,1000,0,0,0,0,0.0,0,0,0,0.3726107562124132,0.3551886864027434,588348,844840,1000,0,5652,1000,0,844840,11286,0,147337,offline-clairvoyant-list-schedule,0.0,True,False,True,1000,1000,0,scheduler
varp.k26.scheduler-model.v1,analytical-model,Oracle,mixed,23,2,4,4,4,128,full,1000,3f6ad95d5a5f176963441f5e051f6a42a4959572e6f2b6055b75a8499e59a920,1000,395418,2.528969343833614,102921.286,65105.5,341161.24999999994,383598.58999999997,0.08879717160068586,0.08879717160068586,0.9959561780192101,6396,1441224,101346.01,1000,0,0,0,0,0.0,0,0,0,0.3726107562124132,0.3551886864027434,588348,844840,1000,0,5652,1000,0,844840,11286,0,147337,offline-clairvoyant-list-schedule,0.0,True,False,True,1000,1000,0,scheduler
varp.k26.scheduler-model.v1,analytical-model,Oracle,mixed,29,0,4,4,4,128,full,1000,bbdbf74448d48e01720473da997b4c303cda79ebd64dae971ddc6ed5945b902e,1000,402755,2.4828990329108267,104260.4,64407.0,348539.24999999994,390946.58,0.08743777234298768,0.08743777234298768,0.9960298444463755,6396,1470156,102655.776,1000,0,0,0,0,0.0,0,0,0,0.3668880584971012,0.34975108937195065,590064,870744,1000,0,5648,1000,0,870744,16238,0,147766,offline-clairvoyant-list-schedule,0.0,True,False,True,1000,1000,0,scheduler
varp.k26.scheduler-model.v1,analytical-model,Oracle,mixed,29,1,4,4,4,128,full,1000,bbdbf74448d48e01720473da997b4c303cda79ebd64dae971ddc6ed5945b902e,1000,402755,2.4828990329108267,104260.4,64407.0,348539.24999999994,390946.58,0.08743777234298768,0.08743777234298768,0.9960298444463755,6396,1470156,102655.776,1000,0,0,0,0,0.0,0,0,0,0.3668880584971012,0.34975108937195065,590064,870744,1000,0,5648,1000,0,870744,16238,0,147766,offline-clairvoyant-list-schedule,0.0,True,False,True,1000,1000,0,scheduler
varp.k26.scheduler-model.v1,analytical-model,Oracle,mixed,29,2,4,4,4,128,full,1000,bbdbf74448d48e01720473da997b4c303cda79ebd64dae971ddc6ed5945b902e,1000,402755,2.4828990329108267,104260.4,64407.0,348539.24999999994,390946.58,0.08743777234298768,0.08743777234298768,0.9960298444463755,6396,1470156,102655.776,1000,0,0,0,0,0.0,0,0,0,0.3668880584971012,0.34975108937195065,590064,870744,1000,0,5648,1000,0,870744,16238,0,147766,offline-clairvoyant-list-schedule,0.0,True,False,True,1000,1000,0,scheduler
varp.k26.scheduler-model.v1,analytical-model,Oracle,mixed,31,0,4,4,4,128,full,1000,7057b74bc84954bf1e3b611378a302f3500e100858d568ce307bd11cd0c716e4,1000,369894,2.7034772123905766,97343.194,64486.0,315726.14999999997,358083.58,0.09293473265313847,0.09293473265313847,0.9956771399373875,6396,1342072,95870.014,1000,0,0,0,0,0.0,0,0,0,0.3901144652251726,0.37173893061255386,576204,757996,1000,0,5684,1000,0,757996,11732,0,144301,offline-clairvoyant-list-schedule,0.0,True,False,True,1000,1000,0,scheduler
varp.k26.scheduler-model.v1,analytical-model,Oracle,mixed,31,1,4,4,4,128,full,1000,7057b74bc84954bf1e3b611378a302f3500e100858d568ce307bd11cd0c716e4,1000,369894,2.7034772123905766,97343.194,64486.0,315726.14999999997,358083.58,0.09293473265313847,0.09293473265313847,0.9956771399373875,6396,1342072,95870.014,1000,0,0,0,0,0.0,0,0,0,0.3901144652251726,0.37173893061255386,576204,757996,1000,0,5684,1000,0,757996,11732,0,144301,offline-clairvoyant-list-schedule,0.0,True,False,True,1000,1000,0,scheduler
varp.k26.scheduler-model.v1,analytical-model,Oracle,mixed,31,2,4,4,4,128,full,1000,7057b74bc84954bf1e3b611378a302f3500e100858d568ce307bd11cd0c716e4,1000,369894,2.7034772123905766,97343.194,64486.0,315726.14999999997,358083.58,0.09293473265313847,0.09293473265313847,0.9956771399373875,6396,1342072,95870.014,1000,0,0,0,0,0.0,0,0,0,0.3901144652251726,0.37173893061255386,576204,757996,1000,0,5684,1000,0,757996,11732,0,144301,offline-clairvoyant-list-schedule,0.0,True,False,True,1000,1000,0,scheduler
varp.k26.scheduler-model.v1,analytical-model,Oracle,mixed,43,0,4,4,4,128,full,1000,7b9de4841f4febde5ca28629bec21255bcb3fca3d3f49f86438b019f4b5b5601,1000,405381,2.4668151689398368,106314.966,66246.5,351172.69999999995,393526.64,0.08622012378478518,0.08622012378478518,0.9960555625448653,6396,1481716,104699.838,1000,0,0,0,0,0.0,0,0,0,0.36182504853458847,0.3448804951391407,585708,887756,1000,0,5716,1000,0,887756,13473,0,146677,offline-clairvoyant-list-schedule,0.0,True,False,True,1000,1000,0,scheduler
varp.k26.scheduler-model.v1,analytical-model,Oracle,mixed,43,1,4,4,4,128,full,1000,7b9de4841f4febde5ca28629bec21255bcb3fca3d3f49f86438b019f4b5b5601,1000,405381,2.4668151689398368,106314.966,66246.5,351172.69999999995,393526.64,0.08622012378478518,0.08622012378478518,0.9960555625448653,6396,1481716,104699.838,1000,0,0,0,0,0.0,0,0,0,0.36182504853458847,0.3448804951391407,585708,887756,1000,0,5716,1000,0,887756,13473,0,146677,offline-clairvoyant-list-schedule,0.0,True,False,True,1000,1000,0,scheduler
varp.k26.scheduler-model.v1,analytical-model,Oracle,mixed,43,2,4,4,4,128,full,1000,7b9de4841f4febde5ca28629bec21255bcb3fca3d3f49f86438b019f4b5b5601,1000,405381,2.4668151689398368,106314.966,66246.5,351172.69999999995,393526.64,0.08622012378478518,0.08622012378478518,0.9960555625448653,6396,1481716,104699.838,1000,0,0,0,0,0.0,0,0,0,0.36182504853458847,0.3448804951391407,585708,887756,1000,0,5716,1000,0,887756,13473,0,146677,offline-clairvoyant-list-schedule,0.0,True,False,True,1000,1000,0,scheduler
varp.k26.scheduler-model.v1,analytical-model,S3,skew,19,0,1,4,4,128,full,1000,c00edd5ede4fb3b4d81714876892fd810061be24df4abe8518bac03539c37ddb,1000,363068,2.7543049786816796,186449.992,189949.5,344217.64999999997,358186.21,0.18813004726387345,0.18813004726387345,1.0,0,294764,186086.924,996,0,0,1,0,0.0,0,0,0,0.20296748818403162,0.18813004726387345,293764,0,1000,0,3616,1000,0,0,0,0,73691,not-applicable,0.0,False,False,True,1000,1000,0,clusters
varp.k26.scheduler-model.v1,analytical-model,S3,skew,19,1,1,4,4,128,full,1000,c00edd5ede4fb3b4d81714876892fd810061be24df4abe8518bac03539c37ddb,1000,363068,2.7543049786816796,186449.992,189949.5,344217.64999999997,358186.21,0.18813004726387345,0.18813004726387345,1.0,0,294764,186086.924,996,0,0,1,0,0.0,0,0,0,0.20296748818403162,0.18813004726387345,293764,0,1000,0,3616,1000,0,0,0,0,73691,not-applicable,0.0,False,False,True,1000,1000,0,clusters
varp.k26.scheduler-model.v1,analytical-model,S3,skew,19,2,1,4,4,128,full,1000,c00edd5ede4fb3b4d81714876892fd810061be24df4abe8518bac03539c37ddb,1000,363068,2.7543049786816796,186449.992,189949.5,344217.64999999997,358186.21,0.18813004726387345,0.18813004726387345,1.0,0,294764,186086.924,996,0,0,1,0,0.0,0,0,0,0.20296748818403162,0.18813004726387345,293764,0,1000,0,3616,1000,0,0,0,0,73691,not-applicable,0.0,False,False,True,1000,1000,0,clusters
varp.k26.scheduler-model.v1,analytical-model,S3,skew,23,0,1,4,4,128,full,1000,8ad725ec82f5c7bffa3303407575e741aff6cbce4ed5f1661cd69c6e52db53eb,1000,369800,2.7041644131963225,184736.506,179647.5,347257.45,366486.73,0.18827474310438075,0.18827474310438075,1.0,0,300176,184366.706,995,0,0,1,0,0.0,0,0,0,0.2029313142239048,0.18827474310438075,299176,0,1000,0,3624,1000,0,0,0,0,75044,not-applicable,0.0,False,False,True,1000,1000,0,clusters
varp.k26.scheduler-model.v1,analytical-model,S3,skew,23,1,1,4,4,128,full,1000,8ad725ec82f5c7bffa3303407575e741aff6cbce4ed5f1661cd69c6e52db53eb,1000,369800,2.7041644131963225,184736.506,179647.5,347257.45,366486.73,0.18827474310438075,0.18827474310438075,1.0,0,300176,184366.706,995,0,0,1,0,0.0,0,0,0,0.2029313142239048,0.18827474310438075,299176,0,1000,0,3624,1000,0,0,0,0,75044,not-applicable,0.0,False,False,True,1000,1000,0,clusters
varp.k26.scheduler-model.v1,analytical-model,S3,skew,23,2,1,4,4,128,full,1000,8ad725ec82f5c7bffa3303407575e741aff6cbce4ed5f1661cd69c6e52db53eb,1000,369800,2.7041644131963225,184736.506,179647.5,347257.45,366486.73,0.18827474310438075,0.18827474310438075,1.0,0,300176,184366.706,995,0,0,1,0,0.0,0,0,0,0.2029313142239048,0.18827474310438075,299176,0,1000,0,3624,1000,0,0,0,0,75044,not-applicable,0.0,False,False,True,1000,1000,0,clusters
varp.k26.scheduler-model.v1,analytical-model,S3,skew,29,0,1,4,4,128,full,1000,e6789c4346907fa7a1c0ba6851989e06690cec4e054d9d6e28a8474a328c0a5f,1000,369490,2.706433191696663,181791.67,183789.5,350971.65,363926.73,0.1883244472110206,0.1883244472110206,1.0,0,299906,181422.18,998,0,0,1,0,0.0,0,0,0,0.20291888819724485,0.1883244472110206,298906,0,1000,0,3674,1000,0,0,0,0,74977,not-applicable,0.0,False,False,True,1000,1000,0,clusters
varp.k26.scheduler-model.v1,analytical-model,S3,skew,29,1,1,4,4,128,full,1000,e6789c4346907fa7a1c0ba6851989e06690cec4e054d9d6e28a8474a328c0a5f,1000,369490,2.706433191696663,181791.67,183789.5,350971.65,363926.73,0.1883244472110206,0.1883244472110206,1.0,0,299906,181422.18,998,0,0,1,0,0.0,0,0,0,0.20291888819724485,0.1883244472110206,298906,0,1000,0,3674,1000,0,0,0,0,74977,not-applicable,0.0,False,False,True,1000,1000,0,clusters
varp.k26.scheduler-model.v1,analytical-model,S3,skew,29,2,1,4,4,128,full,1000,e6789c4346907fa7a1c0ba6851989e06690cec4e054d9d6e28a8474a328c0a5f,1000,369490,2.706433191696663,181791.67,183789.5,350971.65,363926.73,0.1883244472110206,0.1883244472110206,1.0,0,299906,181422.18,998,0,0,1,0,0.0,0,0,0,0.20291888819724485,0.1883244472110206,298906,0,1000,0,3674,1000,0,0,0,0,74977,not-applicable,0.0,False,False,True,1000,1000,0,clusters
varp.k26.scheduler-model.v1,analytical-model,S3,skew,31,0,1,4,4,128,full,1000,2887d0098e7c2493dde8a2ac7cd9b49c4b908c0ab3045deb894a2c6f79375691,1000,376194,2.6582029484787104,187713.768,185615.5,356507.45,371791.91000000003,0.18843469061175883,0.18843469061175883,1.0,0,305306,187337.574,994,0,0,1,0,0.0,0,0,0,0.20289132734706028,0.18843469061175883,304306,0,1000,0,3698,1000,0,0,0,0,76327,not-applicable,0.0,False,False,True,1000,1000,0,clusters
varp.k26.scheduler-model.v1,analytical-model,S3,skew,31,1,1,4,4,128,full,1000,2887d0098e7c2493dde8a2ac7cd9b49c4b908c0ab3045deb894a2c6f79375691,1000,376194,2.6582029484787104,187713.768,185615.5,356507.45,371791.91000000003,0.18843469061175883,0.18843469061175883,1.0,0,305306,187337.574,994,0,0,1,0,0.0,0,0,0,0.20289132734706028,0.18843469061175883,304306,0,1000,0,3698,1000,0,0,0,0,76327,not-applicable,0.0,False,False,True,1000,1000,0,clusters
varp.k26.scheduler-model.v1,analytical-model,S3,skew,31,2,1,4,4,128,full,1000,2887d0098e7c2493dde8a2ac7cd9b49c4b908c0ab3045deb894a2c6f79375691,1000,376194,2.6582029484787104,187713.768,185615.5,356507.45,371791.91000000003,0.18843469061175883,0.18843469061175883,1.0,0,305306,187337.574,994,0,0,1,0,0.0,0,0,0,0.20289132734706028,0.18843469061175883,304306,0,1000,0,3698,1000,0,0,0,0,76327,not-applicable,0.0,False,False,True,1000,1000,0,clusters
varp.k26.scheduler-model.v1,analytical-model,S3,skew,43,0,1,4,4,128,full,1000,99bb745df36a5abbf91b45c61e6cd12828990fddcd6796b328d64770f2053bc0,1000,371396,2.692543807687751,184510.804,192077.5,350921.45,366864.20999999996,0.18832728408491206,0.18832728408491206,1.0,0,301452,184139.408,997,0,0,1,0,0.0,0,0,0,0.20291817897877196,0.18832728408491206,300452,0,1000,0,3636,1000,0,0,0,0,75363,not-applicable,0.0,False,False,True,1000,1000,0,clusters
varp.k26.scheduler-model.v1,analytical-model,S3,skew,43,1,1,4,4,128,full,1000,99bb745df36a5abbf91b45c61e6cd12828990fddcd6796b328d64770f2053bc0,1000,371396,2.692543807687751,184510.804,192077.5,350921.45,366864.20999999996,0.18832728408491206,0.18832728408491206,1.0,0,301452,184139.408,997,0,0,1,0,0.0,0,0,0,0.20291817897877196,0.18832728408491206,300452,0,1000,0,3636,1000,0,0,0,0,75363,not-applicable,0.0,False,False,True,1000,1000,0,clusters
varp.k26.scheduler-model.v1,analytical-model,S3,skew,43,2,1,4,4,128,full,1000,99bb745df36a5abbf91b45c61e6cd12828990fddcd6796b328d64770f2053bc0,1000,371396,2.692543807687751,184510.804,192077.5,350921.45,366864.20999999996,0.18832728408491206,0.18832728408491206,1.0,0,301452,184139.408,997,0,0,1,0,0.0,0,0,0,0.20291817897877196,0.18832728408491206,300452,0,1000,0,3636,1000,0,0,0,0,75363,not-applicable,0.0,False,False,True,1000,1000,0,clusters
varp.k26.scheduler-model.v1,analytical-model,S3,skew,19,0,2,4,4,128,full,1000,c00edd5ede4fb3b4d81714876892fd810061be24df4abe8518bac03539c37ddb,1000,258328,3.871047660338794,124112.1,126278.5,242250.24999999994,253466.61,0.1322040196958905,0.1322040196958905,0.998799975225295,620,448352,123596.064,860,726,0,449,440,0.9799554565701559,815616,64064,26848,0.2852613731380261,0.264408039391781,293764,135116,1000,0,3616,1000,0,135116,46170,0,73691,not-applicable,0.0,True,False,True,1000,1000,0,clusters
varp.k26.scheduler-model.v1,analytical-model,S3,skew,19,1,2,4,4,128,full,1000,c00edd5ede4fb3b4d81714876892fd810061be24df4abe8518bac03539c37ddb,1000,258328,3.871047660338794,124112.1,126278.5,242250.24999999994,253466.61,0.1322040196958905,0.1322040196958905,0.998799975225295,620,448352,123596.064,860,726,0,449,440,0.9799554565701559,815616,64064,26848,0.2852613731380261,0.264408039391781,293764,135116,1000,0,3616,1000,0,135116,46170,0,73691,not-applicable,0.0,True,False,True,1000,1000,0,clusters
varp.k26.scheduler-model.v1,analytical-model,S3,skew,19,2,2,4,4,128,full,1000,c00edd5ede4fb3b4d81714876892fd810061be24df4abe8518bac03539c37ddb,1000,258328,3.871047660338794,124112.1,126278.5,242250.24999999994,253466.61,0.1322040196958905,0.1322040196958905,0.998799975225295,620,448352,123596.064,860,726,0,449,440,0.9799554565701559,815616,64064,26848,0.2852613731380261,0.264408039391781,293764,135116,1000,0,3616,1000,0,135116,46170,0,73691,not-applicable,0.0,True,False,True,1000,1000,0,clusters
varp.k26.scheduler-model.v1,analytical-model,S3,skew,23,0,2,4,4,128,full,1000,8ad725ec82f5c7bffa3303407575e741aff6cbce4ed5f1661cd69c6e52db53eb,1000,273321,3.658701673124275,126210.205,124868.0,252796.44999999998,267523.07,0.12736672264480225,0.12736672264480225,0.9994822937132529,283,477018,125663.846,865,733,0,474,462,0.9746835443037974,915968,70912,28672,0.27456360835793814,0.2547334452896045,299176,153352,1000,0,3624,1000,0,153352,55365,0,75044,not-applicable,0.0,True,False,True,1000,1000,0,clusters
varp.k26.scheduler-model.v1,analytical-model,S3,skew,23,1,2,4,4,128,full,1000,8ad725ec82f5c7bffa3303407575e741aff6cbce4ed5f1661cd69c6e52db53eb,1000,273321,3.658701673124275,126210.205,124868.0,252796.44999999998,267523.07,0.12736672264480225,0.12736672264480225,0.9994822937132529,283,477018,125663.846,865,733,0,474,462,0.9746835443037974,915968,70912,28672,0.27456360835793814,0.2547334452896045,299176,153352,1000,0,3624,1000,0,153352,55365,0,75044,not-applicable,0.0,True,False,True,1000,1000,0,clusters
varp.k26.scheduler-model.v1,analytical-model,S3,skew,23,2,2,4,4,128,full,1000,8ad725ec82f5c7bffa3303407575e741aff6cbce4ed5f1661cd69c6e52db53eb,1000,273321,3.658701673124275,126210.205,124868.0,252796.44999999998,267523.07,0.12736672264480225,0.12736672264480225,0.9994822937132529,283,477018,125663.846,865,733,0,474,462,0.9746835443037974,915968,70912,28672,0.27456360835793814,0.2547334452896045,299176,153352,1000,0,3624,1000,0,153352,55365,0,75044,not-applicable,0.0,True,False,True,1000,1000,0,clusters
varp.k26.scheduler-model.v1,analytical-model,S3,skew,29,0,2,4,4,128,full,1000,e6789c4346907fa7a1c0ba6851989e06690cec4e054d9d6e28a8474a328c0a5f,1000,269384,3.712172957562439,124060.806,123358.0,250418.04999999996,263947.72,0.12915392153951238,0.12915392153951238,0.9988492263831557,620,469184,123522.658,860,725,0,451,442,0.9800443458980045,873984,68480,26528,0.2783257357526802,0.25830784307902477,298906,146594,1000,0,3674,1000,0,146594,48666,0,74977,not-applicable,0.0,True,False,True,1000,1000,0,clusters
varp.k26.scheduler-model.v1,analytical-model,S3,skew,29,1,2,4,4,128,full,1000,e6789c4346907fa7a1c0ba6851989e06690cec4e054d9d6e28a8474a328c0a5f,1000,269384,3.712172957562439,124060.806,123358.0,250418.04999999996,263947.72,0.12915392153951238,0.12915392153951238,0.9988492263831557,620,469184,123522.658,860,725,0,451,442,0.9800443458980045,873984,68480,26528,0.2783257357526802,0.25830784307902477,298906,146594,1000,0,3674,1000,0,146594,48666,0,74977,not-applicable,0.0,True,False,True,1000,1000,0,clusters
varp.k26.scheduler-model.v1,analytical-model,S3,skew,29,2,2,4,4,128,full,1000,e6789c4346907fa7a1c0ba6851989e06690cec4e054d9d6e28a8474a328c0a5f,1000,269384,3.712172957562439,124060.806,123358.0,250418.04999999996,263947.72,0.12915392153951238,0.12915392153951238,0.9988492263831557,620,469184,123522.658,860,725,0,451,442,0.9800443458980045,873984,68480,26528,0.2783257357526802,0.25830784307902477,298906,146594,1000,0,3674,1000,0,146594,48666,0,74977,not-applicable,0.0,True,False,True,1000,1000,0,clusters
varp.k26.scheduler-model.v1,analytical-model,S3,skew,31,0,2,4,4,128,full,1000,2887d0098e7c2493dde8a2ac7cd9b49c4b908c0ab3045deb894a2c6f79375691,1000,271736,3.68004239408838,126336.576,122515.0,255204.19999999998,266033.89,0.13043542261606852,0.13043542261606852,0.9976705331645421,1266,472584,125794.37,855,719,0,466,455,0.9763948497854077,894464,68224,28576,0.28088475579238675,0.26087084523213705,304306,149526,1000,0,3698,1000,0,149526,43358,0,76327,not-applicable,0.0,True,False,True,1000,1000,0,clusters
varp.k26.scheduler-model.v1,analytical-model,S3,skew,31,1,2,4,4,128,full,1000,2887d0098e7c2493dde8a2ac7cd9b49c4b908c0ab3045deb894a2c6f79375691,1000,271736,3.68004239408838,126336.576,122515.0,255204.19999999998,266033.89,0.13043542261606852,0.13043542261606852,0.9976705331645421,1266,472584,125794.37,855,719,0,466,455,0.9763948497854077,894464,68224,28576,0.28088475579238675,0.26087084523213705,304306,149526,1000,0,3698,1000,0,149526,43358,0,76327,not-applicable,0.0,True,False,True,1000,1000,0,clusters
varp.k26.scheduler-model.v1,analytical-model,S3,skew,31,2,2,4,4,128,full,1000,2887d0098e7c2493dde8a2ac7cd9b49c4b908c0ab3045deb894a2c6f79375691,1000,271736,3.68004239408838,126336.576,122515.0,255204.19999999998,266033.89,0.13043542261606852,0.13043542261606852,0.9976705331645421,1266,472584,125794.37,855,719,0,466,455,0.9763948497854077,894464,68224,28576,0.28088475579238675,0.26087084523213705,304306,149526,1000,0,3698,1000,0,149526,43358,0,76327,not-applicable,0.0,True,False,True,1000,1000,0,clusters
varp.k26.scheduler-model.v1,analytical-model,S3,skew,43,0,2,4,4,128,full,1000,99bb745df36a5abbf91b45c61e6cd12828990fddcd6796b328d64770f2053bc0,1000,270744,3.693525987648849,124365.51,122457.5,252710.55,264888.49000000005,0.12916999084005554,0.12916999084005554,0.9988476198918536,624,471544,123824.646,866,741,0,479,454,0.9478079331941545,920064,72128,27392,0.2783551990071802,0.2583399816801111,300452,151228,1000,0,3636,1000,0,151228,44128,0,75363,not-applicable,0.0,True,False,True,1000,1000,0,clusters
varp.k26.scheduler-model.v1,analytical-model,S3,skew,43,1,2,4,4,128,full,1000,99bb745df36a5abbf91b45c61e6cd12828990fddcd6796b328d64770f2053bc0,1000,270744,3.693525987648849,124365.51,122457.5,252710.55,264888.49000000005,0.12916999084005554,0.12916999084005554,0.9988476198918536,624,471544,123824.646,866,741,0,479,454,0.9478079331941545,920064,72128,27392,0.2783551990071802,0.2583399816801111,300452,151228,1000,0,3636,1000,0,151228,44128,0,75363,not-applicable,0.0,True,False,True,1000,1000,0,clusters
varp.k26.scheduler-model.v1,analytical-model,S3,skew,43,2,2,4,4,128,full,1000,99bb745df36a5abbf91b45c61e6cd12828990fddcd6796b328d64770f2053bc0,1000,270744,3.693525987648849,124365.51,122457.5,252710.55,264888.49000000005,0.12916999084005554,0.12916999084005554,0.9988476198918536,624,471544,123824.646,866,741,0,479,454,0.9478079331941545,920064,72128,27392,0.2783551990071802,0.2583399816801111,300452,151228,1000,0,3636,1000,0,151228,44128,0,75363,not-applicable,0.0,True,False,True,1000,1000,0,clusters
varp.k26.scheduler-model.v1,analytical-model,S3,skew,19,0,4,4,4,128,full,1000,c00edd5ede4fb3b4d81714876892fd810061be24df4abe8518bac03539c37ddb,1000,247360,4.042690815006468,109535.184,106996.5,229882.5,241784.83000000002,0.06903298835705045,0.06903298835705045,0.9948637613195342,5082,921136,108550.826,781,717,0,629,561,0.8918918918918919,1397248,104128,36160,0.29790992884864165,0.2761319534282018,293764,565044,1000,0,3616,1000,0,565044,116634,0,73691,not-applicable,0.0,True,False,True,1000,1000,0,clusters
varp.k26.scheduler-model.v1,analytical-model,S3,skew,19,1,4,4,4,128,full,1000,c00edd5ede4fb3b4d81714876892fd810061be24df4abe8518bac03539c37ddb,1000,247360,4.042690815006468,109535.184,106996.5,229882.5,241784.83000000002,0.06903298835705045,0.06903298835705045,0.9948637613195342,5082,921136,108550.826,781,717,0,629,561,0.8918918918918919,1397248,104128,36160,0.29790992884864165,0.2761319534282018,293764,565044,1000,0,3616,1000,0,565044,116634,0,73691,not-applicable,0.0,True,False,True,1000,1000,0,clusters
varp.k26.scheduler-model.v1,analytical-model,S3,skew,19,2,4,4,4,128,full,1000,c00edd5ede4fb3b4d81714876892fd810061be24df4abe8518bac03539c37ddb,1000,247360,4.042690815006468,109535.184,106996.5,229882.5,241784.83000000002,0.06903298835705045,0.06903298835705045,0.9948637613195342,5082,921136,108550.826,781,717,0,629,561,0.8918918918918919,1397248,104128,36160,0.29790992884864165,0.2761319534282018,293764,565044,1000,0,3616,1000,0,565044,116634,0,73691,not-applicable,0.0,True,False,True,1000,1000,0,clusters
varp.k26.scheduler-model.v1,analytical-model,S3,skew,23,0,4,4,4,128,full,1000,8ad725ec82f5c7bffa3303407575e741aff6cbce4ed5f1661cd69c6e52db53eb,1000,255897,3.907822287873637,105206.765,99310.0,234026.64999999997,247296.41999999998,0.06801955474272851,0.06801955474272851,0.9935970331813191,6554,953964,104189.731,798,736,0,625,585,0.936,1545216,109632,38336,0.29325861577118917,0.2720782189709141,299176,614125,1000,0,3624,1000,0,614125,92217,0,75044,not-applicable,0.0,True,False,True,1000,1000,0,clusters
varp.k26.scheduler-model.v1,analytical-model,S3,skew,23,1,4,4,4,128,full,1000,8ad725ec82f5c7bffa3303407575e741aff6cbce4ed5f1661cd69c6e52db53eb,1000,255897,3.907822287873637,105206.765,99310.0,234026.64999999997,247296.41999999998,0.06801955474272851,0.06801955474272851,0.9935970331813191,6554,953964,104189.731,798,736,0,625,585,0.936,1545216,109632,38336,0.29325861577118917,0.2720782189709141,299176,614125,1000,0,3624,1000,0,614125,92217,0,75044,not-applicable,0.0,True,False,True,1000,1000,0,clusters
varp.k26.scheduler-model.v1,analytical-model,S3,skew,23,2,4,4,4,128,full,1000,8ad725ec82f5c7bffa3303407575e741aff6cbce4ed5f1661cd69c6e52db53eb,1000,255897,3.907822287873637,105206.765,99310.0,234026.64999999997,247296.41999999998,0.06801955474272851,0.06801955474272851,0.9935970331813191,6554,953964,104189.731,798,736,0,625,585,0.936,1545216,109632,38336,0.29325861577118917,0.2720782189709141,299176,614125,1000,0,3624,1000,0,614125,92217,0,75044,not-applicable,0.0,True,False,True,1000,1000,0,clusters
varp.k26.scheduler-model.v1,analytical-model,S3,skew,29,0,4,4,4,128,full,1000,e6789c4346907fa7a1c0ba6851989e06690cec4e054d9d6e28a8474a328c0a5f,1000,252120,3.9663652229097255,103201.635,93576.0,230597.09999999998,244581.9,0.06899888941773759,0.06899888941773759,0.9958045771854672,4231,938896,102197.386,776,715,0,596,559,0.9379194630872483,1519104,107840,36224,0.29738418213549106,0.27599555767095035,298906,589488,1000,0,3674,1000,0,589488,100615,0,74977,not-applicable,0.0,True,False,True,1000,1000,0,clusters
varp.k26.scheduler-model.v1,analytical-model,S3,skew,29,1,4,4,4,128,full,1000,e6789c4346907fa7a1c0ba6851989e06690cec4e054d9d6e28a8474a328c0a5f,1000,252120,3.9663652229097255,103201.635,93576.0,230597.09999999998,244581.9,0.06899888941773759,0.06899888941773759,0.9958045771854672,4231,938896,102197.386,776,715,0,596,559,0.9379194630872483,1519104,107840,36224,0.29738418213549106,0.27599555767095035,298906,589488,1000,0,3674,1000,0,589488,100615,0,74977,not-applicable,0.0,True,False,True,1000,1000,0,clusters
varp.k26.scheduler-model.v1,analytical-model,S3,skew,29,2,4,4,4,128,full,1000,e6789c4346907fa7a1c0ba6851989e06690cec4e054d9d6e28a8474a328c0a5f,1000,252120,3.9663652229097255,103201.635,93576.0,230597.09999999998,244581.9,0.06899888941773759,0.06899888941773759,0.9958045771854672,4231,938896,102197.386,776,715,0,596,559,0.9379194630872483,1519104,107840,36224,0.29738418213549106,0.27599555767095035,298906,589488,1000,0,3674,1000,0,589488,100615,0,74977,not-applicable,0.0,True,False,True,1000,1000,0,clusters
varp.k26.scheduler-model.v1,analytical-model,S3,skew,31,0,4,4,4,128,full,1000,2887d0098e7c2493dde8a2ac7cd9b49c4b908c0ab3045deb894a2c6f79375691,1000,256318,3.901403725060277,106089.226,95854.0,236424.6,248888.53,0.06914067681551822,0.06914067681551822,0.994855999188508,5274,954384,105069.228,775,713,0,612,560,0.9150326797385621,1491456,103616,36896,0.2977804914208132,0.2765627072620729,304306,603946,1000,0,3698,1000,0,603946,98362,0,76327,not-applicable,0.0,True,False,True,1000,1000,0,clusters
varp.k26.scheduler-model.v1,analytical-model,S3,skew,31,1,4,4,4,128,full,1000,2887d0098e7c2493dde8a2ac7cd9b49c4b908c0ab3045deb894a2c6f79375691,1000,256318,3.901403725060277,106089.226,95854.0,236424.6,248888.53,0.06914067681551822,0.06914067681551822,0.994855999188508,5274,954384,105069.228,775,713,0,612,560,0.9150326797385621,1491456,103616,36896,0.2977804914208132,0.2765627072620729,304306,603946,1000,0,3698,1000,0,603946,98362,0,76327,not-applicable,0.0,True,False,True,1000,1000,0,clusters
varp.k26.scheduler-model.v1,analytical-model,S3,skew,31,2,4,4,4,128,full,1000,2887d0098e7c2493dde8a2ac7cd9b49c4b908c0ab3045deb894a2c6f79375691,1000,256318,3.901403725060277,106089.226,95854.0,236424.6,248888.53,0.06914067681551822,0.06914067681551822,0.994855999188508,5274,954384,105069.228,775,713,0,612,560,0.9150326797385621,1491456,103616,36896,0.2977804914208132,0.2765627072620729,304306,603946,1000,0,3698,1000,0,603946,98362,0,76327,not-applicable,0.0,True,False,True,1000,1000,0,clusters
varp.k26.scheduler-model.v1,analytical-model,S3,skew,43,0,4,4,4,128,full,1000,99bb745df36a5abbf91b45c61e6cd12828990fddcd6796b328d64770f2053bc0,1000,256304,3.901616830014358,106881.011,96684.5,233625.15,248638.47999999998,0.06822367188963106,0.06822367188963106,0.9949893485860541,5137,955272,105860.932,786,725,0,633,566,0.8941548183254344,1554432,110208,36800,0.29403754916037206,0.27289468755852425,300452,603498,1000,0,3636,1000,0,603498,107757,0,75363,not-applicable,0.0,True,False,True,1000,1000,0,clusters
varp.k26.scheduler-model.v1,analytical-model,S3,skew,43,1,4,4,4,128,full,1000,99bb745df36a5abbf91b45c61e6cd12828990fddcd6796b328d64770f2053bc0,1000,256304,3.901616830014358,106881.011,96684.5,233625.15,248638.47999999998,0.06822367188963106,0.06822367188963106,0.9949893485860541,5137,955272,105860.932,786,725,0,633,566,0.8941548183254344,1554432,110208,36800,0.29403754916037206,0.27289468755852425,300452,603498,1000,0,3636,1000,0,603498,107757,0,75363,not-applicable,0.0,True,False,True,1000,1000,0,clusters
varp.k26.scheduler-model.v1,analytical-model,S3,skew,43,2,4,4,4,128,full,1000,99bb745df36a5abbf91b45c61e6cd12828990fddcd6796b328d64770f2053bc0,1000,256304,3.901616830014358,106881.011,96684.5,233625.15,248638.47999999998,0.06822367188963106,0.06822367188963106,0.9949893485860541,5137,955272,105860.932,786,725,0,633,566,0.8941548183254344,1554432,110208,36800,0.29403754916037206,0.27289468755852425,300452,603498,1000,0,3636,1000,0,603498,107757,0,75363,not-applicable,0.0,True,False,True,1000,1000,0,clusters
varp.k26.scheduler-model.v1,analytical-model,S3,mixed,19,0,1,4,4,128,full,1000,1984ffe0a1e61004a2a339824b9f04e6d49d81d09dcb776fa506190aa50f48f6,1000,707984,1.4124612985604195,345345.644,346407.5,667152.25,697805.6499999999,0.19236592917354065,0.19236592917354065,1.0,0,571792,344637.66,999,0,0,1,0,0.0,0,0,0,0.20190851770661483,0.19236592917354065,570792,0,1000,0,5640,1000,0,0,0,0,142948,not-applicable,0.0,False,False,True,1000,1000,0,clusters
varp.k26.scheduler-model.v1,analytical-model,S3,mixed,19,1,1,4,4,128,full,1000,1984ffe0a1e61004a2a339824b9f04e6d49d81d09dcb776fa506190aa50f48f6,1000,707984,1.4124612985604195,345345.644,346407.5,667152.25,697805.6499999999,0.19236592917354065,0.19236592917354065,1.0,0,571792,344637.66,999,0,0,1,0,0.0,0,0,0,0.20190851770661483,0.19236592917354065,570792,0,1000,0,5640,1000,0,0,0,0,142948,not-applicable,0.0,False,False,True,1000,1000,0,clusters
varp.k26.scheduler-model.v1,analytical-model,S3,mixed,19,2,1,4,4,128,full,1000,1984ffe0a1e61004a2a339824b9f04e6d49d81d09dcb776fa506190aa50f48f6,1000,707984,1.4124612985604195,345345.644,346407.5,667152.25,697805.6499999999,0.19236592917354065,0.19236592917354065,1.0,0,571792,344637.66,999,0,0,1,0,0.0,0,0,0,0.20190851770661483,0.19236592917354065,570792,0,1000,0,5640,1000,0,0,0,0,142948,not-applicable,0.0,False,False,True,1000,1000,0,clusters
varp.k26.scheduler-model.v1,analytical-model,S3,mixed,23,0,1,4,4,128,full,1000,3f6ad95d5a5f176963441f5e051f6a42a4959572e6f2b6055b75a8499e59a920,1000,729796,1.3702459317398286,365575.864,364693.5,692277.0499999999,723548.73,0.19244830062099547,0.19244830062099547,1.0,0,589348,364846.068,998,0,0,1,0,0.0,0,0,0,0.20188792484475113,0.19244830062099547,588348,0,1000,0,5652,1000,0,0,0,0,147337,not-applicable,0.0,False,False,True,1000,1000,0,clusters
varp.k26.scheduler-model.v1,analytical-model,S3,mixed,23,1,1,4,4,128,full,1000,3f6ad95d5a5f176963441f5e051f6a42a4959572e6f2b6055b75a8499e59a920,1000,729796,1.3702459317398286,365575.864,364693.5,692277.0499999999,723548.73,0.19244830062099547,0.19244830062099547,1.0,0,589348,364846.068,998,0,0,1,0,0.0,0,0,0,0.20188792484475113,0.19244830062099547,588348,0,1000,0,5652,1000,0,0,0,0,147337,not-applicable,0.0,False,False,True,1000,1000,0,clusters
varp.k26.scheduler-model.v1,analytical-model,S3,mixed,23,2,1,4,4,128,full,1000,3f6ad95d5a5f176963441f5e051f6a42a4959572e6f2b6055b75a8499e59a920,1000,729796,1.3702459317398286,365575.864,364693.5,692277.0499999999,723548.73,0.19244830062099547,0.19244830062099547,1.0,0,589348,364846.068,998,0,0,1,0,0.0,0,0,0,0.20188792484475113,0.19244830062099547,588348,0,1000,0,5652,1000,0,0,0,0,147337,not-applicable,0.0,False,False,True,1000,1000,0,clusters
varp.k26.scheduler-model.v1,analytical-model,S3,mixed,29,0,1,4,4,128,full,1000,bbdbf74448d48e01720473da997b4c303cda79ebd64dae971ddc6ed5945b902e,1000,731928,1.3662546042780164,358251.296,360511.5,694212.25,723548.73,0.1924560885770185,0.1924560885770185,1.0,0,591064,357519.368,996,0,0,1,0,0.0,0,0,0,0.20188597785574536,0.1924560885770185,590064,0,1000,0,5648,1000,0,0,0,0,147766,not-applicable,0.0,False,False,True,1000,1000,0,clusters
varp.k26.scheduler-model.v1,analytical-model,S3,mixed,29,1,1,4,4,128,full,1000,bbdbf74448d48e01720473da997b4c303cda79ebd64dae971ddc6ed5945b902e,1000,731928,1.3662546042780164,358251.296,360511.5,694212.25,723548.73,0.1924560885770185,0.1924560885770185,1.0,0,591064,357519.368,996,0,0,1,0,0.0,0,0,0,0.20188597785574536,0.1924560885770185,590064,0,1000,0,5648,1000,0,0,0,0,147766,not-applicable,0.0,False,False,True,1000,1000,0,clusters
varp.k26.scheduler-model.v1,analytical-model,S3,mixed,29,2,1,4,4,128,full,1000,bbdbf74448d48e01720473da997b4c303cda79ebd64dae971ddc6ed5945b902e,1000,731928,1.3662546042780164,358251.296,360511.5,694212.25,723548.73,0.1924560885770185,0.1924560885770185,1.0,0,591064,357519.368,996,0,0,1,0,0.0,0,0,0,0.20188597785574536,0.1924560885770185,590064,0,1000,0,5648,1000,0,0,0,0,147766,not-applicable,0.0,False,False,True,1000,1000,0,clusters
varp.k26.scheduler-model.v1,analytical-model,S3,mixed,31,0,1,4,4,128,full,1000,7057b74bc84954bf1e3b611378a302f3500e100858d568ce307bd11cd0c716e4,1000,714708,1.3991728090352984,354749.896,354607.5,677295.6499999999,701584.21,0.19239185793358965,0.19239185793358965,1.0,0,577204,354035.188,997,0,0,1,0,0.0,0,0,0,0.2019020355166026,0.19239185793358965,576204,0,1000,0,5684,1000,0,0,0,0,144301,not-applicable,0.0,False,False,True,1000,1000,0,clusters
varp.k26.scheduler-model.v1,analytical-model,S3,mixed,31,1,1,4,4,128,full,1000,7057b74bc84954bf1e3b611378a302f3500e100858d568ce307bd11cd0c716e4,1000,714708,1.3991728090352984,354749.896,354607.5,677295.6499999999,701584.21,0.19239185793358965,0.19239185793358965,1.0,0,577204,354035.188,997,0,0,1,0,0.0,0,0,0,0.2019020355166026,0.19239185793358965,576204,0,1000,0,5684,1000,0,0,0,0,144301,not-applicable,0.0,False,False,True,1000,1000,0,clusters
varp.k26.scheduler-model.v1,analytical-model,S3,mixed,31,2,1,4,4,128,full,1000,7057b74bc84954bf1e3b611378a302f3500e100858d568ce307bd11cd0c716e4,1000,714708,1.3991728090352984,354749.896,354607.5,677295.6499999999,701584.21,0.19239185793358965,0.19239185793358965,1.0,0,577204,354035.188,997,0,0,1,0,0.0,0,0,0,0.2019020355166026,0.19239185793358965,576204,0,1000,0,5684,1000,0,0,0,0,144301,not-applicable,0.0,False,False,True,1000,1000,0,clusters
varp.k26.scheduler-model.v1,analytical-model,S3,mixed,43,0,1,4,4,128,full,1000,7b9de4841f4febde5ca28629bec21255bcb3fca3d3f49f86438b019f4b5b5601,1000,726516,1.376432177680877,358684.42,355591.5,686045.05,718640.21,0.19243622989720804,0.19243622989720804,1.0,0,586708,357957.904,999,0,0,1,0,0.0,0,0,0,0.20189094252569798,0.19243622989720804,585708,0,1000,0,5716,1000,0,0,0,0,146677,not-applicable,0.0,False,False,True,1000,1000,0,clusters
varp.k26.scheduler-model.v1,analytical-model,S3,mixed,43,1,1,4,4,128,full,1000,7b9de4841f4febde5ca28629bec21255bcb3fca3d3f49f86438b019f4b5b5601,1000,726516,1.376432177680877,358684.42,355591.5,686045.05,718640.21,0.19243622989720804,0.19243622989720804,1.0,0,586708,357957.904,999,0,0,1,0,0.0,0,0,0,0.20189094252569798,0.19243622989720804,585708,0,1000,0,5716,1000,0,0,0,0,146677,not-applicable,0.0,False,False,True,1000,1000,0,clusters
varp.k26.scheduler-model.v1,analytical-model,S3,mixed,43,2,1,4,4,128,full,1000,7b9de4841f4febde5ca28629bec21255bcb3fca3d3f49f86438b019f4b5b5601,1000,726516,1.376432177680877,358684.42,355591.5,686045.05,718640.21,0.19243622989720804,0.19243622989720804,1.0,0,586708,357957.904,999,0,0,1,0,0.0,0,0,0,0.20189094252569798,0.19243622989720804,585708,0,1000,0,5716,1000,0,0,0,0,146677,not-applicable,0.0,False,False,True,1000,1000,0,clusters
varp.k26.scheduler-model.v1,analytical-model,S3,mixed,19,0,2,4,4,128,full,1000,1984ffe0a1e61004a2a339824b9f04e6d49d81d09dcb776fa506190aa50f48f6,1000,464036,2.1550052151126207,203525.944,181625.0,425763.0,453021.41000000003,0.146747235128309,0.146747235128309,0.9988459947073072,1071,791880,202598.943,776,558,0,367,359,0.9782016348773842,1808384,68736,33728,0.3080536854899189,0.293494470256618,570792,182778,1000,0,5640,1000,0,182778,73220,0,142948,not-applicable,0.0,True,False,True,1000,1000,0,clusters
varp.k26.scheduler-model.v1,analytical-model,S3,mixed,19,1,2,4,4,128,full,1000,1984ffe0a1e61004a2a339824b9f04e6d49d81d09dcb776fa506190aa50f48f6,1000,464036,2.1550052151126207,203525.944,181625.0,425763.0,453021.41000000003,0.146747235128309,0.146747235128309,0.9988459947073072,1071,791880,202598.943,776,558,0,367,359,0.9782016348773842,1808384,68736,33728,0.3080536854899189,0.293494470256618,570792,182778,1000,0,5640,1000,0,182778,73220,0,142948,not-applicable,0.0,True,False,True,1000,1000,0,clusters
varp.k26.scheduler-model.v1,analytical-model,S3,mixed,19,2,2,4,4,128,full,1000,1984ffe0a1e61004a2a339824b9f04e6d49d81d09dcb776fa506190aa50f48f6,1000,464036,2.1550052151126207,203525.944,181625.0,425763.0,453021.41000000003,0.146747235128309,0.146747235128309,0.9988459947073072,1071,791880,202598.943,776,558,0,367,359,0.9782016348773842,1808384,68736,33728,0.3080536854899189,0.293494470256618,570792,182778,1000,0,5640,1000,0,182778,73220,0,142948,not-applicable,0.0,True,False,True,1000,1000,0,clusters
varp.k26.scheduler-model.v1,analytical-model,S3,mixed,23,0,2,4,4,128,full,1000,3f6ad95d5a5f176963441f5e051f6a42a4959572e6f2b6055b75a8499e59a920,1000,484478,2.0640772130003837,219513.162,201739.0,451461.54999999993,475079.44,0.14494775820573896,0.14494775820573896,0.9988915905366188,1074,828508,218545.28,784,571,0,361,350,0.9695290858725761,1816576,68224,33344,0.30411494433183756,0.2898955164114779,588348,198342,1000,0,5652,1000,0,198342,77594,0,147337,not-applicable,0.0,True,False,True,1000,1000,0,clusters
varp.k26.scheduler-model.v1,analytical-model,S3,mixed,23,1,2,4,4,128,full,1000,3f6ad95d5a5f176963441f5e051f6a42a4959572e6f2b6055b75a8499e59a920,1000,484478,2.0640772130003837,219513.162,201739.0,451461.54999999993,475079.44,0.14494775820573896,0.14494775820573896,0.9988915905366188,1074,828508,218545.28,784,571,0,361,350,0.9695290858725761,1816576,68224,33344,0.30411494433183756,0.2898955164114779,588348,198342,1000,0,5652,1000,0,198342,77594,0,147337,not-applicable,0.0,True,False,True,1000,1000,0,clusters
varp.k26.scheduler-model.v1,analytical-model,S3,mixed,23,2,2,4,4,128,full,1000,3f6ad95d5a5f176963441f5e051f6a42a4959572e6f2b6055b75a8499e59a920,1000,484478,2.0640772130003837,219513.162,201739.0,451461.54999999993,475079.44,0.14494775820573896,0.14494775820573896,0.9988915905366188,1074,828508,218545.28,784,571,0,361,350,0.9695290858725761,1816576,68224,33344,0.30411494433183756,0.2898955164114779,588348,198342,1000,0,5652,1000,0,198342,77594,0,147337,not-applicable,0.0,True,False,True,1000,1000,0,clusters
varp.k26.scheduler-model.v1,analytical-model,S3,mixed,29,0,2,4,4,128,full,1000,bbdbf74448d48e01720473da997b4c303cda79ebd64dae971ddc6ed5945b902e,1000,485871,2.058159470312079,217041.022,197883.5,452172.8,475332.93,0.14496028781302034,0.14496028781302034,0.9988999137631183,1069,830878,216070.349,775,555,0,350,344,0.9828571428571429,1812480,67456,33216,0.30412599229013465,0.2899205756260407,590064,191372,1000,0,5648,1000,0,191372,86905,0,147766,not-applicable,0.0,True,False,True,1000,1000,0,clusters
varp.k26.scheduler-model.v1,analytical-model,S3,mixed,29,1,2,4,4,128,full,1000,bbdbf74448d48e01720473da997b4c303cda79ebd64dae971ddc6ed5945b902e,1000,485871,2.058159470312079,217041.022,197883.5,452172.8,475332.93,0.14496028781302034,0.14496028781302034,0.9988999137631183,1069,830878,216070.349,775,555,0,350,344,0.9828571428571429,1812480,67456,33216,0.30412599229013465,0.2899205756260407,590064,191372,1000,0,5648,1000,0,191372,86905,0,147766,not-applicable,0.0,True,False,True,1000,1000,0,clusters
varp.k26.scheduler-model.v1,analytical-model,S3,mixed,29,2,2,4,4,128,full,1000,bbdbf74448d48e01720473da997b4c303cda79ebd64dae971ddc6ed5945b902e,1000,485871,2.058159470312079,217041.022,197883.5,452172.8,475332.93,0.14496028781302034,0.14496028781302034,0.9988999137631183,1069,830878,216070.349,775,555,0,350,344,0.9828571428571429,1812480,67456,33216,0.30412599229013465,0.2899205756260407,590064,191372,1000,0,5648,1000,0,191372,86905,0,147766,not-applicable,0.0,True,False,True,1000,1000,0,clusters
varp.k26.scheduler-model.v1,analytical-model,S3,mixed,31,0,2,4,4,128,full,1000,7057b74bc84954bf1e3b611378a302f3500e100858d568ce307bd11cd0c716e4,1000,462287,2.1631583842937396,213041.097,200429.0,431259.25,453701.52999999997,0.14872146523696317,0.14872146523696317,0.998932481337351,987,787070,212117.51,760,525,0,329,321,0.9756838905775076,1579008,60544,29888,0.31214591801197095,0.2974429304739264,576204,157052,1000,0,5684,1000,0,157052,84263,0,144301,not-applicable,0.0,True,False,True,1000,1000,0,clusters
varp.k26.scheduler-model.v1,analytical-model,S3,mixed,31,1,2,4,4,128,full,1000,7057b74bc84954bf1e3b611378a302f3500e100858d568ce307bd11cd0c716e4,1000,462287,2.1631583842937396,213041.097,200429.0,431259.25,453701.52999999997,0.14872146523696317,0.14872146523696317,0.998932481337351,987,787070,212117.51,760,525,0,329,321,0.9756838905775076,1579008,60544,29888,0.31214591801197095,0.2974429304739264,576204,157052,1000,0,5684,1000,0,157052,84263,0,144301,not-applicable,0.0,True,False,True,1000,1000,0,clusters
varp.k26.scheduler-model.v1,analytical-model,S3,mixed,31,2,2,4,4,128,full,1000,7057b74bc84954bf1e3b611378a302f3500e100858d568ce307bd11cd0c716e4,1000,462287,2.1631583842937396,213041.097,200429.0,431259.25,453701.52999999997,0.14872146523696317,0.14872146523696317,0.998932481337351,987,787070,212117.51,760,525,0,329,321,0.9756838905775076,1579008,60544,29888,0.31214591801197095,0.2974429304739264,576204,157052,1000,0,5684,1000,0,157052,84263,0,144301,not-applicable,0.0,True,False,True,1000,1000,0,clusters
varp.k26.scheduler-model.v1,analytical-model,S3,mixed,43,0,2,4,4,128,full,1000,7b9de4841f4febde5ca28629bec21255bcb3fca3d3f49f86438b019f4b5b5601,1000,488446,2.0473092214901953,220530.146,202618.0,453746.94999999995,478036.11000000004,0.14311510381905063,0.14311510381905063,0.9988944530203954,1080,837084,219554.334,789,580,0,371,354,0.954177897574124,1824768,68480,33856,0.3002931746805174,0.28623020763810125,585708,202394,1000,0,5716,1000,0,202394,85408,0,146677,not-applicable,0.0,True,False,True,1000,1000,0,clusters
varp.k26.scheduler-model.v1,analytical-model,S3,mixed,43,1,2,4,4,128,full,1000,7b9de4841f4febde5ca28629bec21255bcb3fca3d3f49f86438b019f4b5b5601,1000,488446,2.0473092214901953,220530.146,202618.0,453746.94999999995,478036.11000000004,0.14311510381905063,0.14311510381905063,0.9988944530203954,1080,837084,219554.334,789,580,0,371,354,0.954177897574124,1824768,68480,33856,0.3002931746805174,0.28623020763810125,585708,202394,1000,0,5716,1000,0,202394,85408,0,146677,not-applicable,0.0,True,False,True,1000,1000,0,clusters
varp.k26.scheduler-model.v1,analytical-model,S3,mixed,43,2,2,4,4,128,full,1000,7b9de4841f4febde5ca28629bec21255bcb3fca3d3f49f86438b019f4b5b5601,1000,488446,2.0473092214901953,220530.146,202618.0,453746.94999999995,478036.11000000004,0.14311510381905063,0.14311510381905063,0.9988944530203954,1080,837084,219554.334,789,580,0,371,354,0.954177897574124,1824768,68480,33856,0.3002931746805174,0.28623020763810125,585708,202394,1000,0,5716,1000,0,202394,85408,0,146677,not-applicable,0.0,True,False,True,1000,1000,0,clusters
varp.k26.scheduler-model.v1,analytical-model,S3,mixed,19,0,4,4,4,128,full,1000,1984ffe0a1e61004a2a339824b9f04e6d49d81d09dcb776fa506190aa50f48f6,1000,415440,2.4070864625457347,156184.66,118828.5,374576.85,403616.64999999997,0.08195647987675717,0.08195647987675717,0.9961408386289236,6413,1525568,154529.313,649,546,0,446,419,0.9394618834080718,2809856,99840,41600,0.3440881956479877,0.32782591950702866,570792,833624,1000,0,5640,1000,0,833624,165063,0,142948,not-applicable,0.0,True,False,True,1000,1000,0,clusters
varp.k26.scheduler-model.v1,analytical-model,S3,mixed,19,1,4,4,4,128,full,1000,1984ffe0a1e61004a2a339824b9f04e6d49d81d09dcb776fa506190aa50f48f6,1000,415440,2.4070864625457347,156184.66,118828.5,374576.85,403616.64999999997,0.08195647987675717,0.08195647987675717,0.9961408386289236,6413,1525568,154529.313,649,546,0,446,419,0.9394618834080718,2809856,99840,41600,0.3440881956479877,0.32782591950702866,570792,833624,1000,0,5640,1000,0,833624,165063,0,142948,not-applicable,0.0,True,False,True,1000,1000,0,clusters
varp.k26.scheduler-model.v1,analytical-model,S3,mixed,19,2,4,4,4,128,full,1000,1984ffe0a1e61004a2a339824b9f04e6d49d81d09dcb776fa506190aa50f48f6,1000,415440,2.4070864625457347,156184.66,118828.5,374576.85,403616.64999999997,0.08195647987675717,0.08195647987675717,0.9961408386289236,6413,1525568,154529.313,649,546,0,446,419,0.9394618834080718,2809856,99840,41600,0.3440881956479877,0.32782591950702866,570792,833624,1000,0,5640,1000,0,833624,165063,0,142948,not-applicable,0.0,True,False,True,1000,1000,0,clusters
varp.k26.scheduler-model.v1,analytical-model,S3,mixed,23,0,4,4,4,128,full,1000,3f6ad95d5a5f176963441f5e051f6a42a4959572e6f2b6055b75a8499e59a920,1000,434075,2.303749352070495,169064.15,128867.5,394375.44999999995,422255.58999999997,0.08088924724989921,0.08088924724989921,0.9962909635431665,6440,1595852,167334.29,669,565,0,483,429,0.8881987577639752,2957312,103936,43392,0.3394275182860105,0.32355698899959684,588348,881252,1000,0,5652,1000,0,881252,180095,0,147337,not-applicable,0.0,True,False,True,1000,1000,0,clusters
varp.k26.scheduler-model.v1,analytical-model,S3,mixed,23,1,4,4,4,128,full,1000,3f6ad95d5a5f176963441f5e051f6a42a4959572e6f2b6055b75a8499e59a920,1000,434075,2.303749352070495,169064.15,128867.5,394375.44999999995,422255.58999999997,0.08088924724989921,0.08088924724989921,0.9962909635431665,6440,1595852,167334.29,669,565,0,483,429,0.8881987577639752,2957312,103936,43392,0.3394275182860105,0.32355698899959684,588348,881252,1000,0,5652,1000,0,881252,180095,0,147337,not-applicable,0.0,True,False,True,1000,1000,0,clusters
varp.k26.scheduler-model.v1,analytical-model,S3,mixed,23,2,4,4,4,128,full,1000,3f6ad95d5a5f176963441f5e051f6a42a4959572e6f2b6055b75a8499e59a920,1000,434075,2.303749352070495,169064.15,128867.5,394375.44999999995,422255.58999999997,0.08088924724989921,0.08088924724989921,0.9962909635431665,6440,1595852,167334.29,669,565,0,483,429,0.8881987577639752,2957312,103936,43392,0.3394275182860105,0.32355698899959684,588348,881252,1000,0,5652,1000,0,881252,180095,0,147337,not-applicable,0.0,True,False,True,1000,1000,0,clusters
varp.k26.scheduler-model.v1,analytical-model,S3,mixed,29,0,4,4,4,128,full,1000,bbdbf74448d48e01720473da997b4c303cda79ebd64dae971ddc6ed5945b902e,1000,448968,2.227330232889649,175502.777,136688.5,410971.15,437159.57999999996,0.07843766148144188,0.07843766148144188,0.9964312601343526,6409,1655008,173713.314,668,563,0,457,434,0.949671772428884,3047424,107264,43520,0.32912367919317187,0.3137506459257675,590064,911378,1000,0,5648,1000,0,911378,205921,0,147766,not-applicable,0.0,True,False,True,1000,1000,0,clusters
varp.k26.scheduler-model.v1,analytical-model,S3,mixed,29,1,4,4,4,128,full,1000,bbdbf74448d48e01720473da997b4c303cda79ebd64dae971ddc6ed5945b902e,1000,448968,2.227330232889649,175502.777,136688.5,410971.15,437159.57999999996,0.07843766148144188,0.07843766148144188,0.9964312601343526,6409,1655008,173713.314,668,563,0,457,434,0.949671772428884,3047424,107264,43520,0.32912367919317187,0.3137506459257675,590064,911378,1000,0,5648,1000,0,911378,205921,0,147766,not-applicable,0.0,True,False,True,1000,1000,0,clusters
varp.k26.scheduler-model.v1,analytical-model,S3,mixed,29,2,4,4,4,128,full,1000,bbdbf74448d48e01720473da997b4c303cda79ebd64dae971ddc6ed5945b902e,1000,448968,2.227330232889649,175502.777,136688.5,410971.15,437159.57999999996,0.07843766148144188,0.07843766148144188,0.9964312601343526,6409,1655008,173713.314,668,563,0,457,434,0.949671772428884,3047424,107264,43520,0.32912367919317187,0.3137506459257675,590064,911378,1000,0,5648,1000,0,911378,205921,0,147766,not-applicable,0.0,True,False,True,1000,1000,0,clusters
varp.k26.scheduler-model.v1,analytical-model,S3,mixed,31,0,4,4,4,128,full,1000,7057b74bc84954bf1e3b611378a302f3500e100858d568ce307bd11cd0c716e4,1000,409625,2.4412572474824534,161666.029,126702.0,372474.14999999997,397814.58,0.08392065913945682,0.08392065913945682,0.9960714067744889,6437,1500996,160033.966,651,542,0,462,411,0.8896103896103896,2543616,91136,40960,0.3522758620689655,0.33568263655782726,576204,796658,1000,0,5684,1000,0,796658,172169,0,144301,not-applicable,0.0,True,False,True,1000,1000,0,clusters
varp.k26.scheduler-model.v1,analytical-model,S3,mixed,31,1,4,4,4,128,full,1000,7057b74bc84954bf1e3b611378a302f3500e100858d568ce307bd11cd0c716e4,1000,409625,2.4412572474824534,161666.029,126702.0,372474.14999999997,397814.58,0.08392065913945682,0.08392065913945682,0.9960714067744889,6437,1500996,160033.966,651,542,0,462,411,0.8896103896103896,2543616,91136,40960,0.3522758620689655,0.33568263655782726,576204,796658,1000,0,5684,1000,0,796658,172169,0,144301,not-applicable,0.0,True,False,True,1000,1000,0,clusters
varp.k26.scheduler-model.v1,analytical-model,S3,mixed,31,2,4,4,4,128,full,1000,7057b74bc84954bf1e3b611378a302f3500e100858d568ce307bd11cd0c716e4,1000,409625,2.4412572474824534,161666.029,126702.0,372474.14999999997,397814.58,0.08392065913945682,0.08392065913945682,0.9960714067744889,6437,1500996,160033.966,651,542,0,462,411,0.8896103896103896,2543616,91136,40960,0.3522758620689655,0.33568263655782726,576204,796658,1000,0,5684,1000,0,796658,172169,0,144301,not-applicable,0.0,True,False,True,1000,1000,0,clusters
varp.k26.scheduler-model.v1,analytical-model,S3,mixed,43,0,4,4,4,128,full,1000,7b9de4841f4febde5ca28629bec21255bcb3fca3d3f49f86438b019f4b5b5601,1000,445452,2.2449107872453147,173927.888,139440.5,404473.64999999997,433597.64,0.07846412183579825,0.07846412183579825,0.9963901834541096,6432,1642000,172152.512,680,585,0,491,445,0.9063136456211812,3088384,108032,45440,0.32927677954078105,0.313856487343193,585708,928166,1000,0,5716,1000,0,928166,178947,0,146677,not-applicable,0.0,True,False,True,1000,1000,0,clusters
varp.k26.scheduler-model.v1,analytical-model,S3,mixed,43,1,4,4,4,128,full,1000,7b9de4841f4febde5ca28629bec21255bcb3fca3d3f49f86438b019f4b5b5601,1000,445452,2.2449107872453147,173927.888,139440.5,404473.64999999997,433597.64,0.07846412183579825,0.07846412183579825,0.9963901834541096,6432,1642000,172152.512,680,585,0,491,445,0.9063136456211812,3088384,108032,45440,0.32927677954078105,0.313856487343193,585708,928166,1000,0,5716,1000,0,928166,178947,0,146677,not-applicable,0.0,True,False,True,1000,1000,0,clusters
varp.k26.scheduler-model.v1,analytical-model,S3,mixed,43,2,4,4,4,128,full,1000,7b9de4841f4febde5ca28629bec21255bcb3fca3d3f49f86438b019f4b5b5601,1000,445452,2.2449107872453147,173927.888,139440.5,404473.64999999997,433597.64,0.07846412183579825,0.07846412183579825,0.9963901834541096,6432,1642000,172152.512,680,585,0,491,445,0.9063136456211812,3088384,108032,45440,0.32927677954078105,0.313856487343193,585708,928166,1000,0,5716,1000,0,928166,178947,0,146677,not-applicable,0.0,True,False,True,1000,1000,0,clusters
varp.k26.scheduler-model.v1,analytical-model,S3,hotspot,19,0,4,1,4,128,full,1000,bf1ae2133e17a5e1a200d4eeab505a55d3da0f0e5ba571652790f8b10054ef69,1000,189888,5.266262217728345,94520.77,94204.5,179343.75,186597.55000000002,0.06247893495112909,0.06247893495112909,0.9979698559150657,1542,712096,93762.76,248,1,0,16,0,0.0,0,0,0,0.2734348668688911,0.9996629592180654,206688,0,1000,0,3000,1000,0,0,520716,0,189824,not-applicable,0.0,False,False,True,1000,1000,0,channels
varp.k26.scheduler-model.v1,analytical-model,S3,hotspot,19,1,4,1,4,128,full,1000,bf1ae2133e17a5e1a200d4eeab505a55d3da0f0e5ba571652790f8b10054ef69,1000,189888,5.266262217728345,94520.77,94204.5,179343.75,186597.55000000002,0.06247893495112909,0.06247893495112909,0.9979698559150657,1542,712096,93762.76,248,1,0,16,0,0.0,0,0,0,0.2734348668688911,0.9996629592180654,206688,0,1000,0,3000,1000,0,0,520716,0,189824,not-applicable,0.0,False,False,True,1000,1000,0,channels
varp.k26.scheduler-model.v1,analytical-model,S3,hotspot,19,2,4,1,4,128,full,1000,bf1ae2133e17a5e1a200d4eeab505a55d3da0f0e5ba571652790f8b10054ef69,1000,189888,5.266262217728345,94520.77,94204.5,179343.75,186597.55000000002,0.06247893495112909,0.06247893495112909,0.9979698559150657,1542,712096,93762.76,248,1,0,16,0,0.0,0,0,0,0.2734348668688911,0.9996629592180654,206688,0,1000,0,3000,1000,0,0,520716,0,189824,not-applicable,0.0,False,False,True,1000,1000,0,channels
varp.k26.scheduler-model.v1,analytical-model,S3,hotspot,23,0,4,1,4,128,full,1000,cac17ab47ec736a21b9fc3678cc3a84291166ea79198ce44e5955c82905cc1f4,1000,192576,5.192755068128946,95550.826,95436.5,181519.75,189509.87,0.062479228979727484,0.062479228979727484,0.9984136133266867,1222,722176,94781.744,248,0,0,16,0,0.0,0,0,0,0.27332585576603524,0.9996676636756398,209544,0,1000,0,3000,1000,0,0,528420,0,192512,not-applicable,0.0,False,False,True,1000,1000,0,channels
varp.k26.scheduler-model.v1,analytical-model,S3,hotspot,23,1,4,1,4,128,full,1000,cac17ab47ec736a21b9fc3678cc3a84291166ea79198ce44e5955c82905cc1f4,1000,192576,5.192755068128946,95550.826,95436.5,181519.75,189509.87,0.062479228979727484,0.062479228979727484,0.9984136133266867,1222,722176,94781.744,248,0,0,16,0,0.0,0,0,0,0.27332585576603524,0.9996676636756398,209544,0,1000,0,3000,1000,0,0,528420,0,192512,not-applicable,0.0,False,False,True,1000,1000,0,channels
varp.k26.scheduler-model.v1,analytical-model,S3,hotspot,23,2,4,1,4,128,full,1000,cac17ab47ec736a21b9fc3678cc3a84291166ea79198ce44e5955c82905cc1f4,1000,192576,5.192755068128946,95550.826,95436.5,181519.75,189509.87,0.062479228979727484,0.062479228979727484,0.9984136133266867,1222,722176,94781.744,248,0,0,16,0,0.0,0,0,0,0.27332585576603524,0.9996676636756398,209544,0,1000,0,3000,1000,0,0,528420,0,192512,not-applicable,0.0,False,False,True,1000,1000,0,channels
varp.k26.scheduler-model.v1,analytical-model,S3,hotspot,29,0,4,1,4,128,full,1000,803080c08108b8a28120dcb99f67fece3b78ee9a7277cc8024fa0d9681a8de38,1000,192960,5.182421227197347,96145.474,95740.5,181745.34999999998,189636.27,0.06247927031509121,0.06247927031509121,0.9981265547263682,1446,723616,95375.08,248,1,0,16,0,0.0,0,0,0,0.27331053067993366,0.9996683250414594,209952,0,1000,0,3000,1000,0,0,529260,0,192896,not-applicable,0.0,False,False,True,1000,1000,0,channels
varp.k26.scheduler-model.v1,analytical-model,S3,hotspot,29,1,4,1,4,128,full,1000,803080c08108b8a28120dcb99f67fece3b78ee9a7277cc8024fa0d9681a8de38,1000,192960,5.182421227197347,96145.474,95740.5,181745.34999999998,189636.27,0.06247927031509121,0.06247927031509121,0.9981265547263682,1446,723616,95375.08,248,1,0,16,0,0.0,0,0,0,0.27331053067993366,0.9996683250414594,209952,0,1000,0,3000,1000,0,0,529260,0,192896,not-applicable,0.0,False,False,True,1000,1000,0,channels
varp.k26.scheduler-model.v1,analytical-model,S3,hotspot,29,2,4,1,4,128,full,1000,803080c08108b8a28120dcb99f67fece3b78ee9a7277cc8024fa0d9681a8de38,1000,192960,5.182421227197347,96145.474,95740.5,181745.34999999998,189636.27,0.06247927031509121,0.06247927031509121,0.9981265547263682,1446,723616,95375.08,248,1,0,16,0,0.0,0,0,0,0.27331053067993366,0.9996683250414594,209952,0,1000,0,3000,1000,0,0,529260,0,192896,not-applicable,0.0,False,False,True,1000,1000,0,channels
varp.k26.scheduler-model.v1,analytical-model,S3,hotspot,31,0,4,1,4,128,full,1000,099aec332d7143420b15ba10a30b4de2192be2be462bf1ea0832586ca4686b88,1000,193728,5.1618764453254045,96600.066,96380.5,183575.75,190789.87,0.062479352494218696,0.062479352494218696,0.9984230467459531,1222,726496,95826.376,248,1,0,16,0,0.0,0,0,0,0.27328006276841754,0.9996696399074991,210768,0,1000,0,3000,1000,0,0,531596,0,193664,not-applicable,0.0,False,False,True,1000,1000,0,channels
varp.k26.scheduler-model.v1,analytical-model,S3,hotspot,31,1,4,1,4,128,full,1000,099aec332d7143420b15ba10a30b4de2192be2be462bf1ea0832586ca4686b88,1000,193728,5.1618764453254045,96600.066,96380.5,183575.75,190789.87,0.062479352494218696,0.062479352494218696,0.9984230467459531,1222,726496,95826.376,248,1,0,16,0,0.0,0,0,0,0.27328006276841754,0.9996696399074991,210768,0,1000,0,3000,1000,0,0,531596,0,193664,not-applicable,0.0,False,False,True,1000,1000,0,channels
varp.k26.scheduler-model.v1,analytical-model,S3,hotspot,31,2,4,1,4,128,full,1000,099aec332d7143420b15ba10a30b4de2192be2be462bf1ea0832586ca4686b88,1000,193728,5.1618764453254045,96600.066,96380.5,183575.75,190789.87,0.062479352494218696,0.062479352494218696,0.9984230467459531,1222,726496,95826.376,248,1,0,16,0,0.0,0,0,0,0.27328006276841754,0.9996696399074991,210768,0,1000,0,3000,1000,0,0,531596,0,193664,not-applicable,0.0,False,False,True,1000,1000,0,channels
varp.k26.scheduler-model.v1,analytical-model,S3,hotspot,43,0,4,1,4,128,full,1000,c75264eb347df971ecc31aeb70603304679c25a4b48dbf4d10cb5c1d719c35a8,1000,192672,5.190167746221558,95513.858,94796.5,182039.75,189893.87,0.062489619664507556,0.062489619664507556,0.9987050531473177,998,722528,94744.168,248,0,0,16,0,0.0,0,0,0,0.27336613519348946,0.9998339146321209,209680,0,1000,0,3000,1000,0,0,528876,0,192640,not-applicable,0.0,False,False,True,1000,1000,0,channels
varp.k26.scheduler-model.v1,analytical-model,S3,hotspot,43,1,4,1,4,128,full,1000,c75264eb347df971ecc31aeb70603304679c25a4b48dbf4d10cb5c1d719c35a8,1000,192672,5.190167746221558,95513.858,94796.5,182039.75,189893.87,0.062489619664507556,0.062489619664507556,0.9987050531473177,998,722528,94744.168,248,0,0,16,0,0.0,0,0,0,0.27336613519348946,0.9998339146321209,209680,0,1000,0,3000,1000,0,0,528876,0,192640,not-applicable,0.0,False,False,True,1000,1000,0,channels
varp.k26.scheduler-model.v1,analytical-model,S3,hotspot,43,2,4,1,4,128,full,1000,c75264eb347df971ecc31aeb70603304679c25a4b48dbf4d10cb5c1d719c35a8,1000,192672,5.190167746221558,95513.858,94796.5,182039.75,189893.87,0.062489619664507556,0.062489619664507556,0.9987050531473177,998,722528,94744.168,248,0,0,16,0,0.0,0,0,0,0.27336613519348946,0.9998339146321209,209680,0,1000,0,3000,1000,0,0,528876,0,192640,not-applicable,0.0,False,False,True,1000,1000,0,channels
varp.k26.scheduler-model.v1,analytical-model,S3,hotspot,19,0,4,2,4,128,full,1000,bf1ae2133e17a5e1a200d4eeab505a55d3da0f0e5ba571652790f8b10054ef69,1000,175808,5.688023298143429,87403.006,86715.5,165984.44999999998,172664.81999999998,0.06748270840917364,0.06748270840917364,0.9978072670185657,1542,655776,86701.316,248,1,0,23,7,0.30434782608695654,18432,1152,448,0.2953335456862031,0.5398616672733891,206688,242,1000,0,3000,1000,0,242,463092,0,94912,not-applicable,0.0,True,False,True,1000,1000,0,channels
varp.k26.scheduler-model.v1,analytical-model,S3,hotspot,19,1,4,2,4,128,full,1000,bf1ae2133e17a5e1a200d4eeab505a55d3da0f0e5ba571652790f8b10054ef69,1000,175808,5.688023298143429,87403.006,86715.5,165984.44999999998,172664.81999999998,0.06748270840917364,0.06748270840917364,0.9978072670185657,1542,655776,86701.316,248,1,0,23,7,0.30434782608695654,18432,1152,448,0.2953335456862031,0.5398616672733891,206688,242,1000,0,3000,1000,0,242,463092,0,94912,not-applicable,0.0,True,False,True,1000,1000,0,channels
varp.k26.scheduler-model.v1,analytical-model,S3,hotspot,19,2,4,2,4,128,full,1000,bf1ae2133e17a5e1a200d4eeab505a55d3da0f0e5ba571652790f8b10054ef69,1000,175808,5.688023298143429,87403.006,86715.5,165984.44999999998,172664.81999999998,0.06748270840917364,0.06748270840917364,0.9978072670185657,1542,655776,86701.316,248,1,0,23,7,0.30434782608695654,18432,1152,448,0.2953335456862031,0.5398616672733891,206688,242,1000,0,3000,1000,0,242,463092,0,94912,not-applicable,0.0,True,False,True,1000,1000,0,channels
varp.k26.scheduler-model.v1,analytical-model,S3,hotspot,23,0,4,2,4,128,full,1000,cac17ab47ec736a21b9fc3678cc3a84291166ea79198ce44e5955c82905cc1f4,1000,177216,5.642831347056699,87858.436,87869.5,166383.94999999998,174141.95,0.0678945467677862,0.0678945467677862,0.997960116468039,1446,660736,87151.018,248,0,0,19,3,0.15789473684210525,8192,512,192,0.2970160707836764,0.5431563741422896,209544,68,1000,0,3000,1000,0,68,465332,0,96256,not-applicable,0.0,True,False,True,1000,1000,0,channels
varp.k26.scheduler-model.v1,analytical-model,S3,hotspot,23,1,4,2,4,128,full,1000,cac17ab47ec736a21b9fc3678cc3a84291166ea79198ce44e5955c82905cc1f4,1000,177216,5.642831347056699,87858.436,87869.5,166383.94999999998,174141.95,0.0678945467677862,0.0678945467677862,0.997960116468039,1446,660736,87151.018,248,0,0,19,3,0.15789473684210525,8192,512,192,0.2970160707836764,0.5431563741422896,209544,68,1000,0,3000,1000,0,68,465332,0,96256,not-applicable,0.0,True,False,True,1000,1000,0,channels
varp.k26.scheduler-model.v1,analytical-model,S3,hotspot,23,2,4,2,4,128,full,1000,cac17ab47ec736a21b9fc3678cc3a84291166ea79198ce44e5955c82905cc1f4,1000,177216,5.642831347056699,87858.436,87869.5,166383.94999999998,174141.95,0.0678945467677862,0.0678945467677862,0.997960116468039,1446,660736,87151.018,248,0,0,19,3,0.15789473684210525,8192,512,192,0.2970160707836764,0.5431563741422896,209544,68,1000,0,3000,1000,0,68,465332,0,96256,not-applicable,0.0,True,False,True,1000,1000,0,channels
varp.k26.scheduler-model.v1,analytical-model,S3,hotspot,29,0,4,2,4,128,full,1000,803080c08108b8a28120dcb99f67fece3b78ee9a7277cc8024fa0d9681a8de38,1000,176192,5.675626589175445,87319.462,86604.0,165757.9,172791.34,0.06842535415909917,0.06842535415909917,0.9978120459498728,1542,656544,86616.236,248,1,0,23,7,0.30434782608695654,22528,1408,448,0.2993211950599346,0.5474028332727934,209952,794,1000,0,3000,1000,0,794,460612,0,96448,not-applicable,0.0,True,False,True,1000,1000,0,channels
varp.k26.scheduler-model.v1,analytical-model,S3,hotspot,29,1,4,2,4,128,full,1000,803080c08108b8a28120dcb99f67fece3b78ee9a7277cc8024fa0d9681a8de38,1000,176192,5.675626589175445,87319.462,86604.0,165757.9,172791.34,0.06842535415909917,0.06842535415909917,0.9978120459498728,1542,656544,86616.236,248,1,0,23,7,0.30434782608695654,22528,1408,448,0.2993211950599346,0.5474028332727934,209952,794,1000,0,3000,1000,0,794,460612,0,96448,not-applicable,0.0,True,False,True,1000,1000,0,channels
varp.k26.scheduler-model.v1,analytical-model,S3,hotspot,29,2,4,2,4,128,full,1000,803080c08108b8a28120dcb99f67fece3b78ee9a7277cc8024fa0d9681a8de38,1000,176192,5.675626589175445,87319.462,86604.0,165757.9,172791.34,0.06842535415909917,0.06842535415909917,0.9978120459498728,1542,656544,86616.236,248,1,0,23,7,0.30434782608695654,22528,1408,448,0.2993211950599346,0.5474028332727934,209952,794,1000,0,3000,1000,0,794,460612,0,96448,not-applicable,0.0,True,False,True,1000,1000,0,channels
varp.k26.scheduler-model.v1,analytical-model,S3,hotspot,31,0,4,2,4,128,full,1000,099aec332d7143420b15ba10a30b4de2192be2be462bf1ea0832586ca4686b88,1000,180800,5.530973451327434,89929.756,88431.5,170639.9,177989.31,0.06694690265486725,0.06694690265486725,0.998133296460177,1350,674784,89207.906,248,1,0,20,4,0.2,8192,512,256,0.292820796460177,0.5355752212389381,210768,108,1000,0,3000,1000,0,108,478560,0,96832,not-applicable,0.0,True,False,True,1000,1000,0,channels
varp.k26.scheduler-model.v1,analytical-model,S3,hotspot,31,1,4,2,4,128,full,1000,099aec332d7143420b15ba10a30b4de2192be2be462bf1ea0832586ca4686b88,1000,180800,5.530973451327434,89929.756,88431.5,170639.9,177989.31,0.06694690265486725,0.06694690265486725,0.998133296460177,1350,674784,89207.906,248,1,0,20,4,0.2,8192,512,256,0.292820796460177,0.5355752212389381,210768,108,1000,0,3000,1000,0,108,478560,0,96832,not-applicable,0.0,True,False,True,1000,1000,0,channels
varp.k26.scheduler-model.v1,analytical-model,S3,hotspot,31,2,4,2,4,128,full,1000,099aec332d7143420b15ba10a30b4de2192be2be462bf1ea0832586ca4686b88,1000,180800,5.530973451327434,89929.756,88431.5,170639.9,177989.31,0.06694690265486725,0.06694690265486725,0.998133296460177,1350,674784,89207.906,248,1,0,20,4,0.2,8192,512,256,0.292820796460177,0.5355752212389381,210768,108,1000,0,3000,1000,0,108,478560,0,96832,not-applicable,0.0,True,False,True,1000,1000,0,channels
varp.k26.scheduler-model.v1,analytical-model,S3,hotspot,43,0,4,2,4,128,full,1000,c75264eb347df971ecc31aeb70603304679c25a4b48dbf4d10cb5c1d719c35a8,1000,180672,5.534891958908962,89666.094,88556.5,170279.35,177516.66,0.06664009918526391,0.06664009918526391,0.9978662991498406,1542,674528,88944.948,248,0,0,23,7,0.30434782608695654,20480,1280,448,0.291522759475735,0.5331207934821112,209680,918,1000,0,3000,1000,0,918,479222,0,96320,not-applicable,0.0,True,False,True,1000,1000,0,channels
varp.k26.scheduler-model.v1,analytical-model,S3,hotspot,43,1,4,2,4,128,full,1000,c75264eb347df971ecc31aeb70603304679c25a4b48dbf4d10cb5c1d719c35a8,1000,180672,5.534891958908962,89666.094,88556.5,170279.35,177516.66,0.06664009918526391,0.06664009918526391,0.9978662991498406,1542,674528,88944.948,248,0,0,23,7,0.30434782608695654,20480,1280,448,0.291522759475735,0.5331207934821112,209680,918,1000,0,3000,1000,0,918,479222,0,96320,not-applicable,0.0,True,False,True,1000,1000,0,channels
varp.k26.scheduler-model.v1,analytical-model,S3,hotspot,43,2,4,2,4,128,full,1000,c75264eb347df971ecc31aeb70603304679c25a4b48dbf4d10cb5c1d719c35a8,1000,180672,5.534891958908962,89666.094,88556.5,170279.35,177516.66,0.06664009918526391,0.06664009918526391,0.9978662991498406,1542,674528,88944.948,248,0,0,23,7,0.30434782608695654,20480,1280,448,0.291522759475735,0.5331207934821112,209680,918,1000,0,3000,1000,0,918,479222,0,96320,not-applicable,0.0,True,False,True,1000,1000,0,channels
varp.k26.scheduler-model.v1,analytical-model,S3,hotspot,19,0,4,4,4,128,full,1000,bf1ae2133e17a5e1a200d4eeab505a55d3da0f0e5ba571652790f8b10054ef69,1000,169280,5.9073724007561434,84088.35,83776.5,159758.05,166364.1,0.07008506616257089,0.07008506616257089,0.9976754489603025,1574,629664,83412.804,248,1,0,25,9,0.36,20480,1280,576,0.3067225897920605,0.28034026465028355,206688,386,1000,0,3000,1000,0,386,436356,0,51922,not-applicable,0.0,True,False,True,1000,1000,0,channels
varp.k26.scheduler-model.v1,analytical-model,S3,hotspot,19,1,4,4,4,128,full,1000,bf1ae2133e17a5e1a200d4eeab505a55d3da0f0e5ba571652790f8b10054ef69,1000,169280,5.9073724007561434,84088.35,83776.5,159758.05,166364.1,0.07008506616257089,0.07008506616257089,0.9976754489603025,1574,629664,83412.804,248,1,0,25,9,0.36,20480,1280,576,0.3067225897920605,0.28034026465028355,206688,386,1000,0,3000,1000,0,386,436356,0,51922,not-applicable,0.0,True,False,True,1000,1000,0,channels
varp.k26.scheduler-model.v1,analytical-model,S3,hotspot,19,2,4,4,4,128,full,1000,bf1ae2133e17a5e1a200d4eeab505a55d3da0f0e5ba571652790f8b10054ef69,1000,169280,5.9073724007561434,84088.35,83776.5,159758.05,166364.1,0.07008506616257089,0.07008506616257089,0.9976754489603025,1574,629664,83412.804,248,1,0,25,9,0.36,20480,1280,576,0.3067225897920605,0.28034026465028355,206688,386,1000,0,3000,1000,0,386,436356,0,51922,not-applicable,0.0,True,False,True,1000,1000,0,channels
varp.k26.scheduler-model.v1,analytical-model,S3,hotspot,23,0,4,4,4,128,full,1000,cac17ab47ec736a21b9fc3678cc3a84291166ea79198ce44e5955c82905cc1f4,1000,170816,5.854252529037092,84619.722,84598.5,159940.25,167749.99,0.07043836642937429,0.07043836642937429,0.9978836877107531,1446,635136,83937.904,248,0,0,20,4,0.2,10240,640,256,0.3081444361183964,0.2817534657174972,209544,182,1000,0,3000,1000,0,182,439112,0,52636,not-applicable,0.0,True,False,True,1000,1000,0,channels
varp.k26.scheduler-model.v1,analytical-model,S3,hotspot,23,1,4,4,4,128,full,1000,cac17ab47ec736a21b9fc3678cc3a84291166ea79198ce44e5955c82905cc1f4,1000,170816,5.854252529037092,84619.722,84598.5,159940.25,167749.99,0.07043836642937429,0.07043836642937429,0.9978836877107531,1446,635136,83937.904,248,0,0,20,4,0.2,10240,640,256,0.3081444361183964,0.2817534657174972,209544,182,1000,0,3000,1000,0,182,439112,0,52636,not-applicable,0.0,True,False,True,1000,1000,0,channels
varp.k26.scheduler-model.v1,analytical-model,S3,hotspot,23,2,4,4,4,128,full,1000,cac17ab47ec736a21b9fc3678cc3a84291166ea79198ce44e5955c82905cc1f4,1000,170816,5.854252529037092,84619.722,84598.5,159940.25,167749.99,0.07043836642937429,0.07043836642937429,0.9978836877107531,1446,635136,83937.904,248,0,0,20,4,0.2,10240,640,256,0.3081444361183964,0.2817534657174972,209544,182,1000,0,3000,1000,0,182,439112,0,52636,not-applicable,0.0,True,False,True,1000,1000,0,channels
varp.k26.scheduler-model.v1,analytical-model,S3,hotspot,29,0,4,4,4,128,full,1000,803080c08108b8a28120dcb99f67fece3b78ee9a7277cc8024fa0d9681a8de38,1000,168512,5.934295480440562,83096.448,82621.5,158348.3,165320.91999999998,0.07154386631219142,0.07154386631219142,0.9977123290922901,1542,625824,82423.942,248,2,0,21,5,0.23809523809523808,16384,1024,320,0.3129628750474744,0.28617546524876564,209952,464,1000,0,3000,1000,0,464,429124,0,52738,not-applicable,0.0,True,False,True,1000,1000,0,channels
varp.k26.scheduler-model.v1,analytical-model,S3,hotspot,29,1,4,4,4,128,full,1000,803080c08108b8a28120dcb99f67fece3b78ee9a7277cc8024fa0d9681a8de38,1000,168512,5.934295480440562,83096.448,82621.5,158348.3,165320.91999999998,0.07154386631219142,0.07154386631219142,0.9977123290922901,1542,625824,82423.942,248,2,0,21,5,0.23809523809523808,16384,1024,320,0.3129628750474744,0.28617546524876564,209952,464,1000,0,3000,1000,0,464,429124,0,52738,not-applicable,0.0,True,False,True,1000,1000,0,channels
varp.k26.scheduler-model.v1,analytical-model,S3,hotspot,29,2,4,4,4,128,full,1000,803080c08108b8a28120dcb99f67fece3b78ee9a7277cc8024fa0d9681a8de38,1000,168512,5.934295480440562,83096.448,82621.5,158348.3,165320.91999999998,0.07154386631219142,0.07154386631219142,0.9977123290922901,1542,625824,82423.942,248,2,0,21,5,0.23809523809523808,16384,1024,320,0.3129628750474744,0.28617546524876564,209952,464,1000,0,3000,1000,0,464,429124,0,52738,not-applicable,0.0,True,False,True,1000,1000,0,channels
varp.k26.scheduler-model.v1,analytical-model,S3,hotspot,31,0,4,4,4,128,full,1000,099aec332d7143420b15ba10a30b4de2192be2be462bf1ea0832586ca4686b88,1000,173344,5.768875761491601,86040.52,84472.5,163609.05,170441.86000000002,0.06982647221709433,0.06982647221709433,0.9985606654975079,998,644960,85348.142,248,1,0,20,4,0.2,8192,512,256,0.3054158205648883,0.2793058888683773,210768,282,1000,0,3000,1000,0,282,448346,0,52942,not-applicable,0.0,True,False,True,1000,1000,0,channels
varp.k26.scheduler-model.v1,analytical-model,S3,hotspot,31,1,4,4,4,128,full,1000,099aec332d7143420b15ba10a30b4de2192be2be462bf1ea0832586ca4686b88,1000,173344,5.768875761491601,86040.52,84472.5,163609.05,170441.86000000002,0.06982647221709433,0.06982647221709433,0.9985606654975079,998,644960,85348.142,248,1,0,20,4,0.2,8192,512,256,0.3054158205648883,0.2793058888683773,210768,282,1000,0,3000,1000,0,282,448346,0,52942,not-applicable,0.0,True,False,True,1000,1000,0,channels
varp.k26.scheduler-model.v1,analytical-model,S3,hotspot,31,2,4,4,4,128,full,1000,099aec332d7143420b15ba10a30b4de2192be2be462bf1ea0832586ca4686b88,1000,173344,5.768875761491601,86040.52,84472.5,163609.05,170441.86000000002,0.06982647221709433,0.06982647221709433,0.9985606654975079,998,644960,85348.142,248,1,0,20,4,0.2,8192,512,256,0.3054158205648883,0.2793058888683773,210768,282,1000,0,3000,1000,0,282,448346,0,52942,not-applicable,0.0,True,False,True,1000,1000,0,channels
varp.k26.scheduler-model.v1,analytical-model,S3,hotspot,43,0,4,4,4,128,full,1000,c75264eb347df971ecc31aeb70603304679c25a4b48dbf4d10cb5c1d719c35a8,1000,173632,5.7593070401769255,86397.586,85540.5,163459.15,170812.47,0.06934205676373019,0.06934205676373019,0.9977797871360118,1542,646368,85704.6,248,0,0,22,6,0.2727272727272727,18432,1152,384,0.30334270180611866,0.27736822705492076,209680,1354,1000,0,3000,1000,0,1354,450424,0,52670,not-applicable,0.0,True,False,True,1000,1000,0,channels
varp.k26.scheduler-model.v1,analytical-model,S3,hotspot,43,1,4,4,4,128,full,1000,c75264eb347df971ecc31aeb70603304679c25a4b48dbf4d10cb5c1d719c35a8,1000,173632,5.7593070401769255,86397.586,85540.5,163459.15,170812.47,0.06934205676373019,0.06934205676373019,0.9977797871360118,1542,646368,85704.6,248,0,0,22,6,0.2727272727272727,18432,1152,384,0.30334270180611866,0.27736822705492076,209680,1354,1000,0,3000,1000,0,1354,450424,0,52670,not-applicable,0.0,True,False,True,1000,1000,0,channels
varp.k26.scheduler-model.v1,analytical-model,S3,hotspot,43,2,4,4,4,128,full,1000,c75264eb347df971ecc31aeb70603304679c25a4b48dbf4d10cb5c1d719c35a8,1000,173632,5.7593070401769255,86397.586,85540.5,163459.15,170812.47,0.06934205676373019,0.06934205676373019,0.9977797871360118,1542,646368,85704.6,248,0,0,22,6,0.2727272727272727,18432,1152,384,0.30334270180611866,0.27736822705492076,209680,1354,1000,0,3000,1000,0,1354,450424,0,52670,not-applicable,0.0,True,False,True,1000,1000,0,channels
varp.k26.scheduler-model.v1,analytical-model,S3,mixed,19,0,4,1,4,128,full,1000,1984ffe0a1e61004a2a339824b9f04e6d49d81d09dcb776fa506190aa50f48f6,1000,557952,1.7922688690066528,263502.034,259552.5,517088.85,546128.65,0.061023170451938516,0.061023170451938516,0.9971265449357651,6413,2095616,261276.639,649,546,0,440,413,0.9386363636363636,2756608,98048,40960,0.256201250286763,0.9763707272310163,570792,803582,1000,0,5640,1000,0,803582,1193589,0,544768,not-applicable,0.0,True,False,True,1000,1000,0,channels
varp.k26.scheduler-model.v1,analytical-model,S3,mixed,19,1,4,1,4,128,full,1000,1984ffe0a1e61004a2a339824b9f04e6d49d81d09dcb776fa506190aa50f48f6,1000,557952,1.7922688690066528,263502.034,259552.5,517088.85,546128.65,0.061023170451938516,0.061023170451938516,0.9971265449357651,6413,2095616,261276.639,649,546,0,440,413,0.9386363636363636,2756608,98048,40960,0.256201250286763,0.9763707272310163,570792,803582,1000,0,5640,1000,0,803582,1193589,0,544768,not-applicable,0.0,True,False,True,1000,1000,0,channels
varp.k26.scheduler-model.v1,analytical-model,S3,mixed,19,2,4,1,4,128,full,1000,1984ffe0a1e61004a2a339824b9f04e6d49d81d09dcb776fa506190aa50f48f6,1000,557952,1.7922688690066528,263502.034,259552.5,517088.85,546128.65,0.061023170451938516,0.061023170451938516,0.9971265449357651,6413,2095616,261276.639,649,546,0,440,413,0.9386363636363636,2756608,98048,40960,0.256201250286763,0.9763707272310163,570792,803582,1000,0,5640,1000,0,803582,1193589,0,544768,not-applicable,0.0,True,False,True,1000,1000,0,channels
varp.k26.scheduler-model.v1,analytical-model,S3,mixed,23,0,4,1,4,128,full,1000,3f6ad95d5a5f176963441f5e051f6a42a4959572e6f2b6055b75a8499e59a920,1000,576238,1.7353940559282797,278940.454,270500.0,536538.45,564418.59,0.06093315609175375,0.06093315609175375,0.9972060155699555,6440,2164504,276641.942,669,565,0,487,433,0.8891170431211499,2965504,104448,43648,0.25568775401830496,0.97493049746806,588348,876028,1000,0,5652,1000,0,876028,1192082,0,561792,not-applicable,0.0,True,False,True,1000,1000,0,channels
varp.k26.scheduler-model.v1,analytical-model,S3,mixed,23,1,4,1,4,128,full,1000,3f6ad95d5a5f176963441f5e051f6a42a4959572e6f2b6055b75a8499e59a920,1000,576238,1.7353940559282797,278940.454,270500.0,536538.45,564418.59,0.06093315609175375,0.06093315609175375,0.9972060155699555,6440,2164504,276641.942,669,565,0,487,433,0.8891170431211499,2965504,104448,43648,0.25568775401830496,0.97493049746806,588348,876028,1000,0,5652,1000,0,876028,1192082,0,561792,not-applicable,0.0,True,False,True,1000,1000,0,channels
varp.k26.scheduler-model.v1,analytical-model,S3,mixed,23,2,4,1,4,128,full,1000,3f6ad95d5a5f176963441f5e051f6a42a4959572e6f2b6055b75a8499e59a920,1000,576238,1.7353940559282797,278940.454,270500.0,536538.45,564418.59,0.06093315609175375,0.06093315609175375,0.9972060155699555,6440,2164504,276641.942,669,565,0,487,433,0.8891170431211499,2965504,104448,43648,0.25568775401830496,0.97493049746806,588348,876028,1000,0,5652,1000,0,876028,1192082,0,561792,not-applicable,0.0,True,False,True,1000,1000,0,channels
varp.k26.scheduler-model.v1,analytical-model,S3,mixed,29,0,4,1,4,128,full,1000,bbdbf74448d48e01720473da997b4c303cda79ebd64dae971ddc6ed5945b902e,1000,578564,1.7284172537523939,276140.752,266379.0,540567.15,566755.58,0.060867942008144306,0.060867942008144306,0.9972306434551752,6409,2173392,273832.905,669,564,0,457,434,0.949671772428884,3047424,107264,43520,0.2554013039179762,0.9738870721303088,590064,902600,1000,0,5648,1000,0,902600,1198495,0,563456,not-applicable,0.0,True,False,True,1000,1000,0,channels
varp.k26.scheduler-model.v1,analytical-model,S3,mixed,29,1,4,1,4,128,full,1000,bbdbf74448d48e01720473da997b4c303cda79ebd64dae971ddc6ed5945b902e,1000,578564,1.7284172537523939,276140.752,266379.0,540567.15,566755.58,0.060867942008144306,0.060867942008144306,0.9972306434551752,6409,2173392,273832.905,669,564,0,457,434,0.949671772428884,3047424,107264,43520,0.2554013039179762,0.9738870721303088,590064,902600,1000,0,5648,1000,0,902600,1198495,0,563456,not-applicable,0.0,True,False,True,1000,1000,0,channels
varp.k26.scheduler-model.v1,analytical-model,S3,mixed,29,2,4,1,4,128,full,1000,bbdbf74448d48e01720473da997b4c303cda79ebd64dae971ddc6ed5945b902e,1000,578564,1.7284172537523939,276140.752,266379.0,540567.15,566755.58,0.060867942008144306,0.060867942008144306,0.9972306434551752,6409,2173392,273832.905,669,564,0,457,434,0.949671772428884,3047424,107264,43520,0.2554013039179762,0.9738870721303088,590064,902600,1000,0,5648,1000,0,902600,1198495,0,563456,not-applicable,0.0,True,False,True,1000,1000,0,channels
varp.k26.scheduler-model.v1,analytical-model,S3,mixed,31,0,4,1,4,128,full,1000,7057b74bc84954bf1e3b611378a302f3500e100858d568ce307bd11cd0c716e4,1000,563386,1.774981983932863,277852.316,279905.5,526235.15,551575.58,0.0610167806796761,0.0610167806796761,0.9971436102423561,6437,2116040,275605.209,651,542,0,466,415,0.8905579399141631,2560000,91904,41216,0.25613167526349606,0.9762684908748176,576204,786340,1000,0,5684,1000,0,786340,1217515,0,550016,not-applicable,0.0,True,False,True,1000,1000,0,channels
varp.k26.scheduler-model.v1,analytical-model,S3,mixed,31,1,4,1,4,128,full,1000,7057b74bc84954bf1e3b611378a302f3500e100858d568ce307bd11cd0c716e4,1000,563386,1.774981983932863,277852.316,279905.5,526235.15,551575.58,0.0610167806796761,0.0610167806796761,0.9971436102423561,6437,2116040,275605.209,651,542,0,466,415,0.8905579399141631,2560000,91904,41216,0.25613167526349606,0.9762684908748176,576204,786340,1000,0,5684,1000,0,786340,1217515,0,550016,not-applicable,0.0,True,False,True,1000,1000,0,channels
varp.k26.scheduler-model.v1,analytical-model,S3,mixed,31,2,4,1,4,128,full,1000,7057b74bc84954bf1e3b611378a302f3500e100858d568ce307bd11cd0c716e4,1000,563386,1.774981983932863,277852.316,279905.5,526235.15,551575.58,0.0610167806796761,0.0610167806796761,0.9971436102423561,6437,2116040,275605.209,651,542,0,466,415,0.8905579399141631,2560000,91904,41216,0.25613167526349606,0.9762684908748176,576204,786340,1000,0,5684,1000,0,786340,1217515,0,550016,not-applicable,0.0,True,False,True,1000,1000,0,channels
varp.k26.scheduler-model.v1,analytical-model,S3,mixed,43,0,4,1,4,128,full,1000,7b9de4841f4febde5ca28629bec21255bcb3fca3d3f49f86438b019f4b5b5601,1000,574770,1.7398263653287402,275375.304,268493.5,533791.65,562915.6399999999,0.060810411120970125,0.060810411120970125,0.9972023592045514,6432,2159272,273082.656,680,581,0,491,445,0.9063136456211812,3084288,108032,45312,0.2551925117873236,0.972966577935522,585708,919318,1000,0,5716,1000,0,919318,1200428,0,559232,not-applicable,0.0,True,False,True,1000,1000,0,channels
varp.k26.scheduler-model.v1,analytical-model,S3,mixed,43,1,4,1,4,128,full,1000,7b9de4841f4febde5ca28629bec21255bcb3fca3d3f49f86438b019f4b5b5601,1000,574770,1.7398263653287402,275375.304,268493.5,533791.65,562915.6399999999,0.060810411120970125,0.060810411120970125,0.9972023592045514,6432,2159272,273082.656,680,581,0,491,445,0.9063136456211812,3084288,108032,45312,0.2551925117873236,0.972966577935522,585708,919318,1000,0,5716,1000,0,919318,1200428,0,559232,not-applicable,0.0,True,False,True,1000,1000,0,channels
varp.k26.scheduler-model.v1,analytical-model,S3,mixed,43,2,4,1,4,128,full,1000,7b9de4841f4febde5ca28629bec21255bcb3fca3d3f49f86438b019f4b5b5601,1000,574770,1.7398263653287402,275375.304,268493.5,533791.65,562915.6399999999,0.060810411120970125,0.060810411120970125,0.9972023592045514,6432,2159272,273082.656,680,581,0,491,445,0.9063136456211812,3084288,108032,45312,0.2551925117873236,0.972966577935522,585708,919318,1000,0,5716,1000,0,919318,1200428,0,559232,not-applicable,0.0,True,False,True,1000,1000,0,channels
varp.k26.scheduler-model.v1,analytical-model,S3,mixed,19,0,4,2,4,128,full,1000,1984ffe0a1e61004a2a339824b9f04e6d49d81d09dcb776fa506190aa50f48f6,1000,454404,2.200684853126293,187200.135,158299.5,413540.85,442580.64999999997,0.07492891787924402,0.07492891787924402,0.9964717520092252,6413,1681424,185388.932,649,546,0,449,422,0.9398663697104677,2822144,100352,41856,0.3145834983846973,0.5994313430339522,570792,832316,1000,0,5640,1000,0,832316,408191,0,272384,not-applicable,0.0,True,False,True,1000,1000,0,channels
varp.k26.scheduler-model.v1,analytical-model,S3,mixed,19,1,4,2,4,128,full,1000,1984ffe0a1e61004a2a339824b9f04e6d49d81d09dcb776fa506190aa50f48f6,1000,454404,2.200684853126293,187200.135,158299.5,413540.85,442580.64999999997,0.07492891787924402,0.07492891787924402,0.9964717520092252,6413,1681424,185388.932,649,546,0,449,422,0.9398663697104677,2822144,100352,41856,0.3145834983846973,0.5994313430339522,570792,832316,1000,0,5640,1000,0,832316,408191,0,272384,not-applicable,0.0,True,False,True,1000,1000,0,channels
varp.k26.scheduler-model.v1,analytical-model,S3,mixed,19,2,4,2,4,128,full,1000,1984ffe0a1e61004a2a339824b9f04e6d49d81d09dcb776fa506190aa50f48f6,1000,454404,2.200684853126293,187200.135,158299.5,413540.85,442580.64999999997,0.07492891787924402,0.07492891787924402,0.9964717520092252,6413,1681424,185388.932,649,546,0,449,422,0.9398663697104677,2822144,100352,41856,0.3145834983846973,0.5994313430339522,570792,832316,1000,0,5640,1000,0,832316,408191,0,272384,not-applicable,0.0,True,False,True,1000,1000,0,channels
varp.k26.scheduler-model.v1,analytical-model,S3,mixed,23,0,4,2,4,128,full,1000,3f6ad95d5a5f176963441f5e051f6a42a4959572e6f2b6055b75a8499e59a920,1000,475730,2.102032665587623,201999.181,171325.0,436030.45,463910.58999999997,0.07380657095411262,0.07380657095411262,0.996615727408404,6440,1762472,200102.701,669,565,0,481,427,0.8877338877338877,2918400,102784,43072,0.3097071868496836,0.590452567632901,588348,871522,1000,0,5652,1000,0,871522,427339,0,280896,not-applicable,0.0,True,False,True,1000,1000,0,channels
varp.k26.scheduler-model.v1,analytical-model,S3,mixed,23,1,4,2,4,128,full,1000,3f6ad95d5a5f176963441f5e051f6a42a4959572e6f2b6055b75a8499e59a920,1000,475730,2.102032665587623,201999.181,171325.0,436030.45,463910.58999999997,0.07380657095411262,0.07380657095411262,0.996615727408404,6440,1762472,200102.701,669,565,0,481,427,0.8877338877338877,2918400,102784,43072,0.3097071868496836,0.590452567632901,588348,871522,1000,0,5652,1000,0,871522,427339,0,280896,not-applicable,0.0,True,False,True,1000,1000,0,channels
varp.k26.scheduler-model.v1,analytical-model,S3,mixed,23,2,4,2,4,128,full,1000,3f6ad95d5a5f176963441f5e051f6a42a4959572e6f2b6055b75a8499e59a920,1000,475730,2.102032665587623,201999.181,171325.0,436030.45,463910.58999999997,0.07380657095411262,0.07380657095411262,0.996615727408404,6440,1762472,200102.701,669,565,0,481,427,0.8877338877338877,2918400,102784,43072,0.3097071868496836,0.590452567632901,588348,871522,1000,0,5652,1000,0,871522,427339,0,280896,not-applicable,0.0,True,False,True,1000,1000,0,channels
varp.k26.scheduler-model.v1,analytical-model,S3,mixed,29,0,4,2,4,128,full,1000,bbdbf74448d48e01720473da997b4c303cda79ebd64dae971ddc6ed5945b902e,1000,485694,2.058909519162271,204985.76,173414.5,447697.14999999997,473885.58,0.07250655762681853,0.07250655762681853,0.9967011122229222,6409,1801912,203049.393,668,563,0,457,434,0.949671772428884,3047424,107264,43520,0.30423682400853214,0.5800524610145482,590064,907820,1000,0,5648,1000,0,907820,436179,0,281728,not-applicable,0.0,True,False,True,1000,1000,0,channels
varp.k26.scheduler-model.v1,analytical-model,S3,mixed,29,1,4,2,4,128,full,1000,bbdbf74448d48e01720473da997b4c303cda79ebd64dae971ddc6ed5945b902e,1000,485694,2.058909519162271,204985.76,173414.5,447697.14999999997,473885.58,0.07250655762681853,0.07250655762681853,0.9967011122229222,6409,1801912,203049.393,668,563,0,457,434,0.949671772428884,3047424,107264,43520,0.30423682400853214,0.5800524610145482,590064,907820,1000,0,5648,1000,0,907820,436179,0,281728,not-applicable,0.0,True,False,True,1000,1000,0,channels
varp.k26.scheduler-model.v1,analytical-model,S3,mixed,29,2,4,2,4,128,full,1000,bbdbf74448d48e01720473da997b4c303cda79ebd64dae971ddc6ed5945b902e,1000,485694,2.058909519162271,204985.76,173414.5,447697.14999999997,473885.58,0.07250655762681853,0.07250655762681853,0.9967011122229222,6409,1801912,203049.393,668,563,0,457,434,0.949671772428884,3047424,107264,43520,0.30423682400853214,0.5800524610145482,590064,907820,1000,0,5648,1000,0,907820,436179,0,281728,not-applicable,0.0,True,False,True,1000,1000,0,channels
varp.k26.scheduler-model.v1,analytical-model,S3,mixed,31,0,4,2,4,128,full,1000,7057b74bc84954bf1e3b611378a302f3500e100858d568ce307bd11cd0c716e4,1000,447268,2.2357959880876788,190915.679,164891.0,410117.14999999997,435457.58,0.07685772288650206,0.07685772288650206,0.9964020453061699,6437,1651568,189133.044,651,542,0,460,409,0.8891304347826087,2533376,90752,40768,0.3226275968770402,0.6148617830920164,576204,782942,1000,0,5684,1000,0,782942,434015,0,275008,not-applicable,0.0,True,False,True,1000,1000,0,channels
varp.k26.scheduler-model.v1,analytical-model,S3,mixed,31,1,4,2,4,128,full,1000,7057b74bc84954bf1e3b611378a302f3500e100858d568ce307bd11cd0c716e4,1000,447268,2.2357959880876788,190915.679,164891.0,410117.14999999997,435457.58,0.07685772288650206,0.07685772288650206,0.9964020453061699,6437,1651568,189133.044,651,542,0,460,409,0.8891304347826087,2533376,90752,40768,0.3226275968770402,0.6148617830920164,576204,782942,1000,0,5684,1000,0,782942,434015,0,275008,not-applicable,0.0,True,False,True,1000,1000,0,channels
varp.k26.scheduler-model.v1,analytical-model,S3,mixed,31,2,4,2,4,128,full,1000,7057b74bc84954bf1e3b611378a302f3500e100858d568ce307bd11cd0c716e4,1000,447268,2.2357959880876788,190915.679,164891.0,410117.14999999997,435457.58,0.07685772288650206,0.07685772288650206,0.9964020453061699,6437,1651568,189133.044,651,542,0,460,409,0.8891304347826087,2533376,90752,40768,0.3226275968770402,0.6148617830920164,576204,782942,1000,0,5684,1000,0,782942,434015,0,275008,not-applicable,0.0,True,False,True,1000,1000,0,channels
varp.k26.scheduler-model.v1,analytical-model,S3,mixed,43,0,4,2,4,128,full,1000,7b9de4841f4febde5ca28629bec21255bcb3fca3d3f49f86438b019f4b5b5601,1000,485858,2.0582145400507965,206286.132,179846.5,444879.65,474003.64,0.07193871460385545,0.07193871460385545,0.9966903910195983,6432,1803624,204349.132,680,581,0,490,444,0.9061224489795918,3086336,107904,45376,0.3018927340910307,0.5755097168308436,585708,927100,1000,0,5716,1000,0,927100,417912,0,279616,not-applicable,0.0,True,False,True,1000,1000,0,channels
varp.k26.scheduler-model.v1,analytical-model,S3,mixed,43,1,4,2,4,128,full,1000,7b9de4841f4febde5ca28629bec21255bcb3fca3d3f49f86438b019f4b5b5601,1000,485858,2.0582145400507965,206286.132,179846.5,444879.65,474003.64,0.07193871460385545,0.07193871460385545,0.9966903910195983,6432,1803624,204349.132,680,581,0,490,444,0.9061224489795918,3086336,107904,45376,0.3018927340910307,0.5755097168308436,585708,927100,1000,0,5716,1000,0,927100,417912,0,279616,not-applicable,0.0,True,False,True,1000,1000,0,channels
varp.k26.scheduler-model.v1,analytical-model,S3,mixed,43,2,4,2,4,128,full,1000,7b9de4841f4febde5ca28629bec21255bcb3fca3d3f49f86438b019f4b5b5601,1000,485858,2.0582145400507965,206286.132,179846.5,444879.65,474003.64,0.07193871460385545,0.07193871460385545,0.9966903910195983,6432,1803624,204349.132,680,581,0,490,444,0.9061224489795918,3086336,107904,45376,0.3018927340910307,0.5755097168308436,585708,927100,1000,0,5716,1000,0,927100,417912,0,279616,not-applicable,0.0,True,False,True,1000,1000,0,channels
varp.k26.scheduler-model.v1,analytical-model,S3,mixed,19,0,4,4,4,128,full,1000,1984ffe0a1e61004a2a339824b9f04e6d49d81d09dcb776fa506190aa50f48f6,1000,415440,2.4070864625457347,156184.66,118828.5,374576.85,403616.64999999997,0.08195647987675717,0.08195647987675717,0.9961408386289236,6413,1525568,154529.313,649,546,0,446,419,0.9394618834080718,2809856,99840,41600,0.3440881956479877,0.32782591950702866,570792,833624,1000,0,5640,1000,0,833624,165063,0,142948,not-applicable,0.0,True,False,True,1000,1000,0,channels
varp.k26.scheduler-model.v1,analytical-model,S3,mixed,19,1,4,4,4,128,full,1000,1984ffe0a1e61004a2a339824b9f04e6d49d81d09dcb776fa506190aa50f48f6,1000,415440,2.4070864625457347,156184.66,118828.5,374576.85,403616.64999999997,0.08195647987675717,0.08195647987675717,0.9961408386289236,6413,1525568,154529.313,649,546,0,446,419,0.9394618834080718,2809856,99840,41600,0.3440881956479877,0.32782591950702866,570792,833624,1000,0,5640,1000,0,833624,165063,0,142948,not-applicable,0.0,True,False,True,1000,1000,0,channels
varp.k26.scheduler-model.v1,analytical-model,S3,mixed,19,2,4,4,4,128,full,1000,1984ffe0a1e61004a2a339824b9f04e6d49d81d09dcb776fa506190aa50f48f6,1000,415440,2.4070864625457347,156184.66,118828.5,374576.85,403616.64999999997,0.08195647987675717,0.08195647987675717,0.9961408386289236,6413,1525568,154529.313,649,546,0,446,419,0.9394618834080718,2809856,99840,41600,0.3440881956479877,0.32782591950702866,570792,833624,1000,0,5640,1000,0,833624,165063,0,142948,not-applicable,0.0,True,False,True,1000,1000,0,channels
varp.k26.scheduler-model.v1,analytical-model,S3,mixed,23,0,4,4,4,128,full,1000,3f6ad95d5a5f176963441f5e051f6a42a4959572e6f2b6055b75a8499e59a920,1000,434075,2.303749352070495,169064.15,128867.5,394375.44999999995,422255.58999999997,0.08088924724989921,0.08088924724989921,0.9962909635431665,6440,1595852,167334.29,669,565,0,483,429,0.8881987577639752,2957312,103936,43392,0.3394275182860105,0.32355698899959684,588348,881252,1000,0,5652,1000,0,881252,180095,0,147337,not-applicable,0.0,True,False,True,1000,1000,0,channels
varp.k26.scheduler-model.v1,analytical-model,S3,mixed,23,1,4,4,4,128,full,1000,3f6ad95d5a5f176963441f5e051f6a42a4959572e6f2b6055b75a8499e59a920,1000,434075,2.303749352070495,169064.15,128867.5,394375.44999999995,422255.58999999997,0.08088924724989921,0.08088924724989921,0.9962909635431665,6440,1595852,167334.29,669,565,0,483,429,0.8881987577639752,2957312,103936,43392,0.3394275182860105,0.32355698899959684,588348,881252,1000,0,5652,1000,0,881252,180095,0,147337,not-applicable,0.0,True,False,True,1000,1000,0,channels
varp.k26.scheduler-model.v1,analytical-model,S3,mixed,23,2,4,4,4,128,full,1000,3f6ad95d5a5f176963441f5e051f6a42a4959572e6f2b6055b75a8499e59a920,1000,434075,2.303749352070495,169064.15,128867.5,394375.44999999995,422255.58999999997,0.08088924724989921,0.08088924724989921,0.9962909635431665,6440,1595852,167334.29,669,565,0,483,429,0.8881987577639752,2957312,103936,43392,0.3394275182860105,0.32355698899959684,588348,881252,1000,0,5652,1000,0,881252,180095,0,147337,not-applicable,0.0,True,False,True,1000,1000,0,channels
varp.k26.scheduler-model.v1,analytical-model,S3,mixed,29,0,4,4,4,128,full,1000,bbdbf74448d48e01720473da997b4c303cda79ebd64dae971ddc6ed5945b902e,1000,448968,2.227330232889649,175502.777,136688.5,410971.15,437159.57999999996,0.07843766148144188,0.07843766148144188,0.9964312601343526,6409,1655008,173713.314,668,563,0,457,434,0.949671772428884,3047424,107264,43520,0.32912367919317187,0.3137506459257675,590064,911378,1000,0,5648,1000,0,911378,205921,0,147766,not-applicable,0.0,True,False,True,1000,1000,0,channels
varp.k26.scheduler-model.v1,analytical-model,S3,mixed,29,1,4,4,4,128,full,1000,bbdbf74448d48e01720473da997b4c303cda79ebd64dae971ddc6ed5945b902e,1000,448968,2.227330232889649,175502.777,136688.5,410971.15,437159.57999999996,0.07843766148144188,0.07843766148144188,0.9964312601343526,6409,1655008,173713.314,668,563,0,457,434,0.949671772428884,3047424,107264,43520,0.32912367919317187,0.3137506459257675,590064,911378,1000,0,5648,1000,0,911378,205921,0,147766,not-applicable,0.0,True,False,True,1000,1000,0,channels
varp.k26.scheduler-model.v1,analytical-model,S3,mixed,29,2,4,4,4,128,full,1000,bbdbf74448d48e01720473da997b4c303cda79ebd64dae971ddc6ed5945b902e,1000,448968,2.227330232889649,175502.777,136688.5,410971.15,437159.57999999996,0.07843766148144188,0.07843766148144188,0.9964312601343526,6409,1655008,173713.314,668,563,0,457,434,0.949671772428884,3047424,107264,43520,0.32912367919317187,0.3137506459257675,590064,911378,1000,0,5648,1000,0,911378,205921,0,147766,not-applicable,0.0,True,False,True,1000,1000,0,channels
varp.k26.scheduler-model.v1,analytical-model,S3,mixed,31,0,4,4,4,128,full,1000,7057b74bc84954bf1e3b611378a302f3500e100858d568ce307bd11cd0c716e4,1000,409625,2.4412572474824534,161666.029,126702.0,372474.14999999997,397814.58,0.08392065913945682,0.08392065913945682,0.9960714067744889,6437,1500996,160033.966,651,542,0,462,411,0.8896103896103896,2543616,91136,40960,0.3522758620689655,0.33568263655782726,576204,796658,1000,0,5684,1000,0,796658,172169,0,144301,not-applicable,0.0,True,False,True,1000,1000,0,channels
varp.k26.scheduler-model.v1,analytical-model,S3,mixed,31,1,4,4,4,128,full,1000,7057b74bc84954bf1e3b611378a302f3500e100858d568ce307bd11cd0c716e4,1000,409625,2.4412572474824534,161666.029,126702.0,372474.14999999997,397814.58,0.08392065913945682,0.08392065913945682,0.9960714067744889,6437,1500996,160033.966,651,542,0,462,411,0.8896103896103896,2543616,91136,40960,0.3522758620689655,0.33568263655782726,576204,796658,1000,0,5684,1000,0,796658,172169,0,144301,not-applicable,0.0,True,False,True,1000,1000,0,channels
varp.k26.scheduler-model.v1,analytical-model,S3,mixed,31,2,4,4,4,128,full,1000,7057b74bc84954bf1e3b611378a302f3500e100858d568ce307bd11cd0c716e4,1000,409625,2.4412572474824534,161666.029,126702.0,372474.14999999997,397814.58,0.08392065913945682,0.08392065913945682,0.9960714067744889,6437,1500996,160033.966,651,542,0,462,411,0.8896103896103896,2543616,91136,40960,0.3522758620689655,0.33568263655782726,576204,796658,1000,0,5684,1000,0,796658,172169,0,144301,not-applicable,0.0,True,False,True,1000,1000,0,channels
varp.k26.scheduler-model.v1,analytical-model,S3,mixed,43,0,4,4,4,128,full,1000,7b9de4841f4febde5ca28629bec21255bcb3fca3d3f49f86438b019f4b5b5601,1000,445452,2.2449107872453147,173927.888,139440.5,404473.64999999997,433597.64,0.07846412183579825,0.07846412183579825,0.9963901834541096,6432,1642000,172152.512,680,585,0,491,445,0.9063136456211812,3088384,108032,45440,0.32927677954078105,0.313856487343193,585708,928166,1000,0,5716,1000,0,928166,178947,0,146677,not-applicable,0.0,True,False,True,1000,1000,0,channels
varp.k26.scheduler-model.v1,analytical-model,S3,mixed,43,1,4,4,4,128,full,1000,7b9de4841f4febde5ca28629bec21255bcb3fca3d3f49f86438b019f4b5b5601,1000,445452,2.2449107872453147,173927.888,139440.5,404473.64999999997,433597.64,0.07846412183579825,0.07846412183579825,0.9963901834541096,6432,1642000,172152.512,680,585,0,491,445,0.9063136456211812,3088384,108032,45440,0.32927677954078105,0.313856487343193,585708,928166,1000,0,5716,1000,0,928166,178947,0,146677,not-applicable,0.0,True,False,True,1000,1000,0,channels
varp.k26.scheduler-model.v1,analytical-model,S3,mixed,43,2,4,4,4,128,full,1000,7b9de4841f4febde5ca28629bec21255bcb3fca3d3f49f86438b019f4b5b5601,1000,445452,2.2449107872453147,173927.888,139440.5,404473.64999999997,433597.64,0.07846412183579825,0.07846412183579825,0.9963901834541096,6432,1642000,172152.512,680,585,0,491,445,0.9063136456211812,3088384,108032,45440,0.32927677954078105,0.313856487343193,585708,928166,1000,0,5716,1000,0,928166,178947,0,146677,not-applicable,0.0,True,False,True,1000,1000,0,channels
varp.k26.scheduler-model.v1,analytical-model,S3,skew,19,0,4,4,1,128,full,1000,c00edd5ede4fb3b4d81714876892fd810061be24df4abe8518bac03539c37ddb,1000,295020,3.3896007050369468,150311.852,154656.5,277542.5,289444.83,0.057880821639210905,0.057880821639210905,0.9956969019049555,5078,1111776,149136.85,782,716,0,624,560,0.8974358974358975,1393152,103872,36096,0.9991322622195106,0.23152328655684362,293764,811934,1000,0,3616,1000,0,811934,73078,0,294764,not-applicable,0.0,True,False,True,1000,1000,0,bundles
varp.k26.scheduler-model.v1,analytical-model,S3,skew,19,1,4,4,1,128,full,1000,c00edd5ede4fb3b4d81714876892fd810061be24df4abe8518bac03539c37ddb,1000,295020,3.3896007050369468,150311.852,154656.5,277542.5,289444.83,0.057880821639210905,0.057880821639210905,0.9956969019049555,5078,1111776,149136.85,782,716,0,624,560,0.8974358974358975,1393152,103872,36096,0.9991322622195106,0.23152328655684362,293764,811934,1000,0,3616,1000,0,811934,73078,0,294764,not-applicable,0.0,True,False,True,1000,1000,0,bundles
varp.k26.scheduler-model.v1,analytical-model,S3,skew,19,2,4,4,1,128,full,1000,c00edd5ede4fb3b4d81714876892fd810061be24df4abe8518bac03539c37ddb,1000,295020,3.3896007050369468,150311.852,154656.5,277542.5,289444.83,0.057880821639210905,0.057880821639210905,0.9956969019049555,5078,1111776,149136.85,782,716,0,624,560,0.8974358974358975,1393152,103872,36096,0.9991322622195106,0.23152328655684362,293764,811934,1000,0,3616,1000,0,811934,73078,0,294764,not-applicable,0.0,True,False,True,1000,1000,0,bundles
varp.k26.scheduler-model.v1,analytical-model,S3,skew,23,0,4,4,1,128,full,1000,8ad725ec82f5c7bffa3303407575e741aff6cbce4ed5f1661cd69c6e52db53eb,1000,300432,3.3285402353943656,144231.164,143845.0,278561.64999999997,291831.42,0.057936571337274326,0.057936571337274326,0.994547851094424,6552,1132104,143035.988,799,736,0,615,577,0.9382113821138212,1530368,108928,37632,0.999147893699739,0.2317462853490973,299176,825376,1000,0,3624,1000,0,825376,68825,0,300176,not-applicable,0.0,True,False,True,1000,1000,0,bundles
varp.k26.scheduler-model.v1,analytical-model,S3,skew,23,1,4,4,1,128,full,1000,8ad725ec82f5c7bffa3303407575e741aff6cbce4ed5f1661cd69c6e52db53eb,1000,300432,3.3285402353943656,144231.164,143845.0,278561.64999999997,291831.42,0.057936571337274326,0.057936571337274326,0.994547851094424,6552,1132104,143035.988,799,736,0,615,577,0.9382113821138212,1530368,108928,37632,0.999147893699739,0.2317462853490973,299176,825376,1000,0,3624,1000,0,825376,68825,0,300176,not-applicable,0.0,True,False,True,1000,1000,0,bundles
varp.k26.scheduler-model.v1,analytical-model,S3,skew,23,2,4,4,1,128,full,1000,8ad725ec82f5c7bffa3303407575e741aff6cbce4ed5f1661cd69c6e52db53eb,1000,300432,3.3285402353943656,144231.164,143845.0,278561.64999999997,291831.42,0.057936571337274326,0.057936571337274326,0.994547851094424,6552,1132104,143035.988,799,736,0,615,577,0.9382113821138212,1530368,108928,37632,0.999147893699739,0.2317462853490973,299176,825376,1000,0,3624,1000,0,825376,68825,0,300176,not-applicable,0.0,True,False,True,1000,1000,0,bundles
varp.k26.scheduler-model.v1,analytical-model,S3,skew,29,0,4,4,1,128,full,1000,e6789c4346907fa7a1c0ba6851989e06690cec4e054d9d6e28a8474a328c0a5f,1000,300034,3.3329555983655186,143809.93,141490.0,278511.1,292495.89999999997,0.05798009558916656,0.05798009558916656,0.9964745662158289,4231,1130552,142614.025,776,714,0,590,553,0.9372881355932203,1498624,106304,35808,0.9995733816834093,0.23192038235666623,298906,826415,1000,0,3674,1000,0,826415,73336,0,299906,not-applicable,0.0,True,False,True,1000,1000,0,bundles
varp.k26.scheduler-model.v1,analytical-model,S3,skew,29,1,4,4,1,128,full,1000,e6789c4346907fa7a1c0ba6851989e06690cec4e054d9d6e28a8474a328c0a5f,1000,300034,3.3329555983655186,143809.93,141490.0,278511.1,292495.89999999997,0.05798009558916656,0.05798009558916656,0.9964745662158289,4231,1130552,142614.025,776,714,0,590,553,0.9372881355932203,1498624,106304,35808,0.9995733816834093,0.23192038235666623,298906,826415,1000,0,3674,1000,0,826415,73336,0,299906,not-applicable,0.0,True,False,True,1000,1000,0,bundles
varp.k26.scheduler-model.v1,analytical-model,S3,skew,29,2,4,4,1,128,full,1000,e6789c4346907fa7a1c0ba6851989e06690cec4e054d9d6e28a8474a328c0a5f,1000,300034,3.3329555983655186,143809.93,141490.0,278511.1,292495.89999999997,0.05798009558916656,0.05798009558916656,0.9964745662158289,4231,1130552,142614.025,776,714,0,590,553,0.9372881355932203,1498624,106304,35808,0.9995733816834093,0.23192038235666623,298906,826415,1000,0,3674,1000,0,826415,73336,0,299906,not-applicable,0.0,True,False,True,1000,1000,0,bundles
varp.k26.scheduler-model.v1,analytical-model,S3,skew,31,0,4,4,1,128,full,1000,2887d0098e7c2493dde8a2ac7cd9b49c4b908c0ab3045deb894a2c6f79375691,1000,305562,3.272658249389649,148146.808,145098.0,285668.6,298132.53,0.057998049495683365,0.057998049495683365,0.9956866364273045,5272,1151360,146929.832,776,713,0,604,554,0.9172185430463576,1468928,102464,36448,0.9991621994881562,0.23199219798273346,304306,840782,1000,0,3698,1000,0,840782,75478,0,305306,not-applicable,0.0,True,False,True,1000,1000,0,bundles
varp.k26.scheduler-model.v1,analytical-model,S3,skew,31,1,4,4,1,128,full,1000,2887d0098e7c2493dde8a2ac7cd9b49c4b908c0ab3045deb894a2c6f79375691,1000,305562,3.272658249389649,148146.808,145098.0,285668.6,298132.53,0.057998049495683365,0.057998049495683365,0.9956866364273045,5272,1151360,146929.832,776,713,0,604,554,0.9172185430463576,1468928,102464,36448,0.9991621994881562,0.23199219798273346,304306,840782,1000,0,3698,1000,0,840782,75478,0,305306,not-applicable,0.0,True,False,True,1000,1000,0,bundles
varp.k26.scheduler-model.v1,analytical-model,S3,skew,31,2,4,4,1,128,full,1000,2887d0098e7c2493dde8a2ac7cd9b49c4b908c0ab3045deb894a2c6f79375691,1000,305562,3.272658249389649,148146.808,145098.0,285668.6,298132.53,0.057998049495683365,0.057998049495683365,0.9956866364273045,5272,1151360,146929.832,776,713,0,604,554,0.9172185430463576,1468928,102464,36448,0.9991621994881562,0.23199219798273346,304306,840782,1000,0,3698,1000,0,840782,75478,0,305306,not-applicable,0.0,True,False,True,1000,1000,0,bundles
varp.k26.scheduler-model.v1,analytical-model,S3,skew,43,0,4,4,1,128,full,1000,99bb745df36a5abbf91b45c61e6cd12828990fddcd6796b328d64770f2053bc0,1000,301708,3.3144629907062457,145915.312,142088.5,279029.14999999997,294042.48000000004,0.057956699855489416,0.057956699855489416,0.9957467153671762,5133,1136888,144713.613,786,722,0,621,558,0.8985507246376812,1515520,108800,36000,0.9991514974743791,0.23182679942195766,300452,830303,1000,0,3636,1000,0,830303,82664,0,301452,not-applicable,0.0,True,False,True,1000,1000,0,bundles
varp.k26.scheduler-model.v1,analytical-model,S3,skew,43,1,4,4,1,128,full,1000,99bb745df36a5abbf91b45c61e6cd12828990fddcd6796b328d64770f2053bc0,1000,301708,3.3144629907062457,145915.312,142088.5,279029.14999999997,294042.48000000004,0.057956699855489416,0.057956699855489416,0.9957467153671762,5133,1136888,144713.613,786,722,0,621,558,0.8985507246376812,1515520,108800,36000,0.9991514974743791,0.23182679942195766,300452,830303,1000,0,3636,1000,0,830303,82664,0,301452,not-applicable,0.0,True,False,True,1000,1000,0,bundles
varp.k26.scheduler-model.v1,analytical-model,S3,skew,43,2,4,4,1,128,full,1000,99bb745df36a5abbf91b45c61e6cd12828990fddcd6796b328d64770f2053bc0,1000,301708,3.3144629907062457,145915.312,142088.5,279029.14999999997,294042.48000000004,0.057956699855489416,0.057956699855489416,0.9957467153671762,5133,1136888,144713.613,786,722,0,621,558,0.8985507246376812,1515520,108800,36000,0.9991514974743791,0.23182679942195766,300452,830303,1000,0,3636,1000,0,830303,82664,0,301452,not-applicable,0.0,True,False,True,1000,1000,0,bundles
varp.k26.scheduler-model.v1,analytical-model,S3,skew,19,0,4,4,2,128,full,1000,c00edd5ede4fb3b4d81714876892fd810061be24df4abe8518bac03539c37ddb,1000,251788,3.971595151476639,113389.82,111424.5,234310.5,246212.83,0.06781895880661509,0.06781895880661509,0.9949560741576247,5080,938848,112387.748,781,715,0,621,555,0.893719806763285,1371648,102080,35808,0.58534163661493,0.27127583522646037,293764,622590,1000,0,3616,1000,0,622590,90966,0,147382,not-applicable,0.0,True,False,True,1000,1000,0,bundles
varp.k26.scheduler-model.v1,analytical-model,S3,skew,19,1,4,4,2,128,full,1000,c00edd5ede4fb3b4d81714876892fd810061be24df4abe8518bac03539c37ddb,1000,251788,3.971595151476639,113389.82,111424.5,234310.5,246212.83,0.06781895880661509,0.06781895880661509,0.9949560741576247,5080,938848,112387.748,781,715,0,621,555,0.893719806763285,1371648,102080,35808,0.58534163661493,0.27127583522646037,293764,622590,1000,0,3616,1000,0,622590,90966,0,147382,not-applicable,0.0,True,False,True,1000,1000,0,bundles
varp.k26.scheduler-model.v1,analytical-model,S3,skew,19,2,4,4,2,128,full,1000,c00edd5ede4fb3b4d81714876892fd810061be24df4abe8518bac03539c37ddb,1000,251788,3.971595151476639,113389.82,111424.5,234310.5,246212.83,0.06781895880661509,0.06781895880661509,0.9949560741576247,5080,938848,112387.748,781,715,0,621,555,0.893719806763285,1371648,102080,35808,0.58534163661493,0.27127583522646037,293764,622590,1000,0,3616,1000,0,622590,90966,0,147382,not-applicable,0.0,True,False,True,1000,1000,0,bundles
varp.k26.scheduler-model.v1,analytical-model,S3,skew,23,0,4,4,2,128,full,1000,8ad725ec82f5c7bffa3303407575e741aff6cbce4ed5f1661cd69c6e52db53eb,1000,264853,3.7756793391050887,113069.545,108266.0,242982.65,256252.41999999998,0.06571947457646317,0.06571947457646317,0.9938135494028764,6554,989788,112016.687,798,735,0,618,578,0.9352750809061489,1532416,108992,37760,0.5666841606476045,0.2628778983058527,299176,667255,1000,0,3624,1000,0,667255,90258,0,150088,not-applicable,0.0,True,False,True,1000,1000,0,bundles
varp.k26.scheduler-model.v1,analytical-model,S3,skew,23,1,4,4,2,128,full,1000,8ad725ec82f5c7bffa3303407575e741aff6cbce4ed5f1661cd69c6e52db53eb,1000,264853,3.7756793391050887,113069.545,108266.0,242982.65,256252.41999999998,0.06571947457646317,0.06571947457646317,0.9938135494028764,6554,989788,112016.687,798,735,0,618,578,0.9352750809061489,1532416,108992,37760,0.5666841606476045,0.2628778983058527,299176,667255,1000,0,3624,1000,0,667255,90258,0,150088,not-applicable,0.0,True,False,True,1000,1000,0,bundles
varp.k26.scheduler-model.v1,analytical-model,S3,skew,23,2,4,4,2,128,full,1000,8ad725ec82f5c7bffa3303407575e741aff6cbce4ed5f1661cd69c6e52db53eb,1000,264853,3.7756793391050887,113069.545,108266.0,242982.65,256252.41999999998,0.06571947457646317,0.06571947457646317,0.9938135494028764,6554,989788,112016.687,798,735,0,618,578,0.9352750809061489,1532416,108992,37760,0.5666841606476045,0.2628778983058527,299176,667255,1000,0,3624,1000,0,667255,90258,0,150088,not-applicable,0.0,True,False,True,1000,1000,0,bundles
varp.k26.scheduler-model.v1,analytical-model,S3,skew,29,0,4,4,2,128,full,1000,e6789c4346907fa7a1c0ba6851989e06690cec4e054d9d6e28a8474a328c0a5f,1000,259752,3.8498259878653487,109757.074,101208.0,238229.09999999998,252213.9,0.0669715728849056,0.0669715728849056,0.9959278465613354,4231,969424,108722.297,776,715,0,586,549,0.9368600682593856,1492992,105792,35520,0.5772929563583726,0.2678862915396224,298906,651527,1000,0,3674,1000,0,651527,80988,0,149953,not-applicable,0.0,True,False,True,1000,1000,0,bundles
varp.k26.scheduler-model.v1,analytical-model,S3,skew,29,1,4,4,2,128,full,1000,e6789c4346907fa7a1c0ba6851989e06690cec4e054d9d6e28a8474a328c0a5f,1000,259752,3.8498259878653487,109757.074,101208.0,238229.09999999998,252213.9,0.0669715728849056,0.0669715728849056,0.9959278465613354,4231,969424,108722.297,776,715,0,586,549,0.9368600682593856,1492992,105792,35520,0.5772929563583726,0.2678862915396224,298906,651527,1000,0,3674,1000,0,651527,80988,0,149953,not-applicable,0.0,True,False,True,1000,1000,0,bundles
varp.k26.scheduler-model.v1,analytical-model,S3,skew,29,2,4,4,2,128,full,1000,e6789c4346907fa7a1c0ba6851989e06690cec4e054d9d6e28a8474a328c0a5f,1000,259752,3.8498259878653487,109757.074,101208.0,238229.09999999998,252213.9,0.0669715728849056,0.0669715728849056,0.9959278465613354,4231,969424,108722.297,776,715,0,586,549,0.9368600682593856,1492992,105792,35520,0.5772929563583726,0.2678862915396224,298906,651527,1000,0,3674,1000,0,651527,80988,0,149953,not-applicable,0.0,True,False,True,1000,1000,0,bundles
varp.k26.scheduler-model.v1,analytical-model,S3,skew,31,0,4,4,2,128,full,1000,2887d0098e7c2493dde8a2ac7cd9b49c4b908c0ab3045deb894a2c6f79375691,1000,263920,3.7890269778720826,112772.86,104379.0,244026.6,256490.53,0.06714913610184904,0.06714913610184904,0.9950060624431646,5272,984792,111722.452,775,713,0,601,551,0.9168053244592346,1451520,101824,36160,0.578406335253107,0.26859654440739616,304306,664010,1000,0,3698,1000,0,664010,83022,0,152653,not-applicable,0.0,True,False,True,1000,1000,0,bundles
varp.k26.scheduler-model.v1,analytical-model,S3,skew,31,1,4,4,2,128,full,1000,2887d0098e7c2493dde8a2ac7cd9b49c4b908c0ab3045deb894a2c6f79375691,1000,263920,3.7890269778720826,112772.86,104379.0,244026.6,256490.53,0.06714913610184904,0.06714913610184904,0.9950060624431646,5272,984792,111722.452,775,713,0,601,551,0.9168053244592346,1451520,101824,36160,0.578406335253107,0.26859654440739616,304306,664010,1000,0,3698,1000,0,664010,83022,0,152653,not-applicable,0.0,True,False,True,1000,1000,0,bundles
varp.k26.scheduler-model.v1,analytical-model,S3,skew,31,2,4,4,2,128,full,1000,2887d0098e7c2493dde8a2ac7cd9b49c4b908c0ab3045deb894a2c6f79375691,1000,263920,3.7890269778720826,112772.86,104379.0,244026.6,256490.53,0.06714913610184904,0.06714913610184904,0.9950060624431646,5272,984792,111722.452,775,713,0,601,551,0.9168053244592346,1451520,101824,36160,0.578406335253107,0.26859654440739616,304306,664010,1000,0,3698,1000,0,664010,83022,0,152653,not-applicable,0.0,True,False,True,1000,1000,0,bundles
varp.k26.scheduler-model.v1,analytical-model,S3,skew,43,0,4,4,2,128,full,1000,99bb745df36a5abbf91b45c61e6cd12828990fddcd6796b328d64770f2053bc0,1000,265196,3.7707959396069324,114347.74,105576.5,242517.15,257530.47999999998,0.06593613779996682,0.06593613779996682,0.9951573553145598,5137,990840,113292.093,786,725,0,626,559,0.8929712460063898,1515008,108544,36128,0.5683569887931945,0.2637445511998673,300452,669985,1000,0,3636,1000,0,669985,87732,0,150726,not-applicable,0.0,True,False,True,1000,1000,0,bundles
varp.k26.scheduler-model.v1,analytical-model,S3,skew,43,1,4,4,2,128,full,1000,99bb745df36a5abbf91b45c61e6cd12828990fddcd6796b328d64770f2053bc0,1000,265196,3.7707959396069324,114347.74,105576.5,242517.15,257530.47999999998,0.06593613779996682,0.06593613779996682,0.9951573553145598,5137,990840,113292.093,786,725,0,626,559,0.8929712460063898,1515008,108544,36128,0.5683569887931945,0.2637445511998673,300452,669985,1000,0,3636,1000,0,669985,87732,0,150726,not-applicable,0.0,True,False,True,1000,1000,0,bundles
varp.k26.scheduler-model.v1,analytical-model,S3,skew,43,2,4,4,2,128,full,1000,99bb745df36a5abbf91b45c61e6cd12828990fddcd6796b328d64770f2053bc0,1000,265196,3.7707959396069324,114347.74,105576.5,242517.15,257530.47999999998,0.06593613779996682,0.06593613779996682,0.9951573553145598,5137,990840,113292.093,786,725,0,626,559,0.8929712460063898,1515008,108544,36128,0.5683569887931945,0.2637445511998673,300452,669985,1000,0,3636,1000,0,669985,87732,0,150726,not-applicable,0.0,True,False,True,1000,1000,0,bundles
varp.k26.scheduler-model.v1,analytical-model,S3,skew,19,0,4,4,4,128,full,1000,c00edd5ede4fb3b4d81714876892fd810061be24df4abe8518bac03539c37ddb,1000,247360,4.042690815006468,109535.184,106996.5,229882.5,241784.83000000002,0.06903298835705045,0.06903298835705045,0.9948637613195342,5082,921136,108550.826,781,717,0,629,561,0.8918918918918919,1397248,104128,36160,0.29790992884864165,0.2761319534282018,293764,565044,1000,0,3616,1000,0,565044,116634,0,73691,not-applicable,0.0,True,False,True,1000,1000,0,bundles
varp.k26.scheduler-model.v1,analytical-model,S3,skew,19,1,4,4,4,128,full,1000,c00edd5ede4fb3b4d81714876892fd810061be24df4abe8518bac03539c37ddb,1000,247360,4.042690815006468,109535.184,106996.5,229882.5,241784.83000000002,0.06903298835705045,0.06903298835705045,0.9948637613195342,5082,921136,108550.826,781,717,0,629,561,0.8918918918918919,1397248,104128,36160,0.29790992884864165,0.2761319534282018,293764,565044,1000,0,3616,1000,0,565044,116634,0,73691,not-applicable,0.0,True,False,True,1000,1000,0,bundles
varp.k26.scheduler-model.v1,analytical-model,S3,skew,19,2,4,4,4,128,full,1000,c00edd5ede4fb3b4d81714876892fd810061be24df4abe8518bac03539c37ddb,1000,247360,4.042690815006468,109535.184,106996.5,229882.5,241784.83000000002,0.06903298835705045,0.06903298835705045,0.9948637613195342,5082,921136,108550.826,781,717,0,629,561,0.8918918918918919,1397248,104128,36160,0.29790992884864165,0.2761319534282018,293764,565044,1000,0,3616,1000,0,565044,116634,0,73691,not-applicable,0.0,True,False,True,1000,1000,0,bundles
varp.k26.scheduler-model.v1,analytical-model,S3,skew,23,0,4,4,4,128,full,1000,8ad725ec82f5c7bffa3303407575e741aff6cbce4ed5f1661cd69c6e52db53eb,1000,255897,3.907822287873637,105206.765,99310.0,234026.64999999997,247296.41999999998,0.06801955474272851,0.06801955474272851,0.9935970331813191,6554,953964,104189.731,798,736,0,625,585,0.936,1545216,109632,38336,0.29325861577118917,0.2720782189709141,299176,614125,1000,0,3624,1000,0,614125,92217,0,75044,not-applicable,0.0,True,False,True,1000,1000,0,bundles
varp.k26.scheduler-model.v1,analytical-model,S3,skew,23,1,4,4,4,128,full,1000,8ad725ec82f5c7bffa3303407575e741aff6cbce4ed5f1661cd69c6e52db53eb,1000,255897,3.907822287873637,105206.765,99310.0,234026.64999999997,247296.41999999998,0.06801955474272851,0.06801955474272851,0.9935970331813191,6554,953964,104189.731,798,736,0,625,585,0.936,1545216,109632,38336,0.29325861577118917,0.2720782189709141,299176,614125,1000,0,3624,1000,0,614125,92217,0,75044,not-applicable,0.0,True,False,True,1000,1000,0,bundles
varp.k26.scheduler-model.v1,analytical-model,S3,skew,23,2,4,4,4,128,full,1000,8ad725ec82f5c7bffa3303407575e741aff6cbce4ed5f1661cd69c6e52db53eb,1000,255897,3.907822287873637,105206.765,99310.0,234026.64999999997,247296.41999999998,0.06801955474272851,0.06801955474272851,0.9935970331813191,6554,953964,104189.731,798,736,0,625,585,0.936,1545216,109632,38336,0.29325861577118917,0.2720782189709141,299176,614125,1000,0,3624,1000,0,614125,92217,0,75044,not-applicable,0.0,True,False,True,1000,1000,0,bundles
varp.k26.scheduler-model.v1,analytical-model,S3,skew,29,0,4,4,4,128,full,1000,e6789c4346907fa7a1c0ba6851989e06690cec4e054d9d6e28a8474a328c0a5f,1000,252120,3.9663652229097255,103201.635,93576.0,230597.09999999998,244581.9,0.06899888941773759,0.06899888941773759,0.9958045771854672,4231,938896,102197.386,776,715,0,596,559,0.9379194630872483,1519104,107840,36224,0.29738418213549106,0.27599555767095035,298906,589488,1000,0,3674,1000,0,589488,100615,0,74977,not-applicable,0.0,True,False,True,1000,1000,0,bundles
varp.k26.scheduler-model.v1,analytical-model,S3,skew,29,1,4,4,4,128,full,1000,e6789c4346907fa7a1c0ba6851989e06690cec4e054d9d6e28a8474a328c0a5f,1000,252120,3.9663652229097255,103201.635,93576.0,230597.09999999998,244581.9,0.06899888941773759,0.06899888941773759,0.9958045771854672,4231,938896,102197.386,776,715,0,596,559,0.9379194630872483,1519104,107840,36224,0.29738418213549106,0.27599555767095035,298906,589488,1000,0,3674,1000,0,589488,100615,0,74977,not-applicable,0.0,True,False,True,1000,1000,0,bundles
varp.k26.scheduler-model.v1,analytical-model,S3,skew,29,2,4,4,4,128,full,1000,e6789c4346907fa7a1c0ba6851989e06690cec4e054d9d6e28a8474a328c0a5f,1000,252120,3.9663652229097255,103201.635,93576.0,230597.09999999998,244581.9,0.06899888941773759,0.06899888941773759,0.9958045771854672,4231,938896,102197.386,776,715,0,596,559,0.9379194630872483,1519104,107840,36224,0.29738418213549106,0.27599555767095035,298906,589488,1000,0,3674,1000,0,589488,100615,0,74977,not-applicable,0.0,True,False,True,1000,1000,0,bundles
varp.k26.scheduler-model.v1,analytical-model,S3,skew,31,0,4,4,4,128,full,1000,2887d0098e7c2493dde8a2ac7cd9b49c4b908c0ab3045deb894a2c6f79375691,1000,256318,3.901403725060277,106089.226,95854.0,236424.6,248888.53,0.06914067681551822,0.06914067681551822,0.994855999188508,5274,954384,105069.228,775,713,0,612,560,0.9150326797385621,1491456,103616,36896,0.2977804914208132,0.2765627072620729,304306,603946,1000,0,3698,1000,0,603946,98362,0,76327,not-applicable,0.0,True,False,True,1000,1000,0,bundles
varp.k26.scheduler-model.v1,analytical-model,S3,skew,31,1,4,4,4,128,full,1000,2887d0098e7c2493dde8a2ac7cd9b49c4b908c0ab3045deb894a2c6f79375691,1000,256318,3.901403725060277,106089.226,95854.0,236424.6,248888.53,0.06914067681551822,0.06914067681551822,0.994855999188508,5274,954384,105069.228,775,713,0,612,560,0.9150326797385621,1491456,103616,36896,0.2977804914208132,0.2765627072620729,304306,603946,1000,0,3698,1000,0,603946,98362,0,76327,not-applicable,0.0,True,False,True,1000,1000,0,bundles
varp.k26.scheduler-model.v1,analytical-model,S3,skew,31,2,4,4,4,128,full,1000,2887d0098e7c2493dde8a2ac7cd9b49c4b908c0ab3045deb894a2c6f79375691,1000,256318,3.901403725060277,106089.226,95854.0,236424.6,248888.53,0.06914067681551822,0.06914067681551822,0.994855999188508,5274,954384,105069.228,775,713,0,612,560,0.9150326797385621,1491456,103616,36896,0.2977804914208132,0.2765627072620729,304306,603946,1000,0,3698,1000,0,603946,98362,0,76327,not-applicable,0.0,True,False,True,1000,1000,0,bundles
varp.k26.scheduler-model.v1,analytical-model,S3,skew,43,0,4,4,4,128,full,1000,99bb745df36a5abbf91b45c61e6cd12828990fddcd6796b328d64770f2053bc0,1000,256304,3.901616830014358,106881.011,96684.5,233625.15,248638.47999999998,0.06822367188963106,0.06822367188963106,0.9949893485860541,5137,955272,105860.932,786,725,0,633,566,0.8941548183254344,1554432,110208,36800,0.29403754916037206,0.27289468755852425,300452,603498,1000,0,3636,1000,0,603498,107757,0,75363,not-applicable,0.0,True,False,True,1000,1000,0,bundles
varp.k26.scheduler-model.v1,analytical-model,S3,skew,43,1,4,4,4,128,full,1000,99bb745df36a5abbf91b45c61e6cd12828990fddcd6796b328d64770f2053bc0,1000,256304,3.901616830014358,106881.011,96684.5,233625.15,248638.47999999998,0.06822367188963106,0.06822367188963106,0.9949893485860541,5137,955272,105860.932,786,725,0,633,566,0.8941548183254344,1554432,110208,36800,0.29403754916037206,0.27289468755852425,300452,603498,1000,0,3636,1000,0,603498,107757,0,75363,not-applicable,0.0,True,False,True,1000,1000,0,bundles
varp.k26.scheduler-model.v1,analytical-model,S3,skew,43,2,4,4,4,128,full,1000,99bb745df36a5abbf91b45c61e6cd12828990fddcd6796b328d64770f2053bc0,1000,256304,3.901616830014358,106881.011,96684.5,233625.15,248638.47999999998,0.06822367188963106,0.06822367188963106,0.9949893485860541,5137,955272,105860.932,786,725,0,633,566,0.8941548183254344,1554432,110208,36800,0.29403754916037206,0.27289468755852425,300452,603498,1000,0,3636,1000,0,603498,107757,0,75363,not-applicable,0.0,True,False,True,1000,1000,0,bundles
varp.k26.scheduler-model.v1,analytical-model,S3,mixed,19,0,4,4,1,128,full,1000,1984ffe0a1e61004a2a339824b9f04e6d49d81d09dcb776fa506190aa50f48f6,1000,572048,1.7481050541213325,273809,272658.5,531184.85,560224.65,0.05951948088272313,0.05951948088272313,0.99719735057198,6413,2152000,271527.221,649,546,0,440,413,0.9386363636363636,2756608,98048,40960,0.9995524851061449,0.23807792353089252,570792,1573795,1000,0,5640,1000,0,1573795,89362,0,571792,not-applicable,0.0,True,False,True,1000,1000,0,bundles
varp.k26.scheduler-model.v1,analytical-model,S3,mixed,19,1,4,4,1,128,full,1000,1984ffe0a1e61004a2a339824b9f04e6d49d81d09dcb776fa506190aa50f48f6,1000,572048,1.7481050541213325,273809,272658.5,531184.85,560224.65,0.05951948088272313,0.05951948088272313,0.99719735057198,6413,2152000,271527.221,649,546,0,440,413,0.9386363636363636,2756608,98048,40960,0.9995524851061449,0.23807792353089252,570792,1573795,1000,0,5640,1000,0,1573795,89362,0,571792,not-applicable,0.0,True,False,True,1000,1000,0,bundles
varp.k26.scheduler-model.v1,analytical-model,S3,mixed,19,2,4,4,1,128,full,1000,1984ffe0a1e61004a2a339824b9f04e6d49d81d09dcb776fa506190aa50f48f6,1000,572048,1.7481050541213325,273809,272658.5,531184.85,560224.65,0.05951948088272313,0.05951948088272313,0.99719735057198,6413,2152000,271527.221,649,546,0,440,413,0.9386363636363636,2756608,98048,40960,0.9995524851061449,0.23807792353089252,570792,1573795,1000,0,5640,1000,0,1573795,89362,0,571792,not-applicable,0.0,True,False,True,1000,1000,0,bundles
varp.k26.scheduler-model.v1,analytical-model,S3,mixed,23,0,4,4,1,128,full,1000,3f6ad95d5a5f176963441f5e051f6a42a4959572e6f2b6055b75a8499e59a920,1000,589604,1.6960536224313267,289084.336,283866.0,549904.45,577784.59,0.05955183479080875,0.05955183479080875,0.9972702016946967,6438,2217968,286732.358,669,565,0,485,433,0.8927835051546392,2965504,104448,43648,0.9995658102726576,0.238207339163235,588348,1622182,1000,0,5652,1000,0,1622182,101410,0,589348,not-applicable,0.0,True,False,True,1000,1000,0,bundles
varp.k26.scheduler-model.v1,analytical-model,S3,mixed,23,1,4,4,1,128,full,1000,3f6ad95d5a5f176963441f5e051f6a42a4959572e6f2b6055b75a8499e59a920,1000,589604,1.6960536224313267,289084.336,283866.0,549904.45,577784.59,0.05955183479080875,0.05955183479080875,0.9972702016946967,6438,2217968,286732.358,669,565,0,485,433,0.8927835051546392,2965504,104448,43648,0.9995658102726576,0.238207339163235,588348,1622182,1000,0,5652,1000,0,1622182,101410,0,589348,not-applicable,0.0,True,False,True,1000,1000,0,bundles
varp.k26.scheduler-model.v1,analytical-model,S3,mixed,23,2,4,4,1,128,full,1000,3f6ad95d5a5f176963441f5e051f6a42a4959572e6f2b6055b75a8499e59a920,1000,589604,1.6960536224313267,289084.336,283866.0,549904.45,577784.59,0.05955183479080875,0.05955183479080875,0.9972702016946967,6438,2217968,286732.358,669,565,0,485,433,0.8927835051546392,2965504,104448,43648,0.9995658102726576,0.238207339163235,588348,1622182,1000,0,5652,1000,0,1622182,101410,0,589348,not-applicable,0.0,True,False,True,1000,1000,0,bundles
varp.k26.scheduler-model.v1,analytical-model,S3,mixed,29,0,4,4,1,128,full,1000,bbdbf74448d48e01720473da997b4c303cda79ebd64dae971ddc6ed5945b902e,1000,591320,1.6911317053372117,285873.588,279135.0,553323.15,579511.58,0.059554894135155245,0.059554894135155245,0.9972903842251235,6409,2224416,283514.717,669,564,0,457,434,0.949671772428884,3047424,107264,43520,0.9995670702834337,0.23821957654062098,590064,1626943,1000,0,5648,1000,0,1626943,109952,0,591064,not-applicable,0.0,True,False,True,1000,1000,0,bundles
varp.k26.scheduler-model.v1,analytical-model,S3,mixed,29,1,4,4,1,128,full,1000,bbdbf74448d48e01720473da997b4c303cda79ebd64dae971ddc6ed5945b902e,1000,591320,1.6911317053372117,285873.588,279135.0,553323.15,579511.58,0.059554894135155245,0.059554894135155245,0.9972903842251235,6409,2224416,283514.717,669,564,0,457,434,0.949671772428884,3047424,107264,43520,0.9995670702834337,0.23821957654062098,590064,1626943,1000,0,5648,1000,0,1626943,109952,0,591064,not-applicable,0.0,True,False,True,1000,1000,0,bundles
varp.k26.scheduler-model.v1,analytical-model,S3,mixed,29,2,4,4,1,128,full,1000,bbdbf74448d48e01720473da997b4c303cda79ebd64dae971ddc6ed5945b902e,1000,591320,1.6911317053372117,285873.588,279135.0,553323.15,579511.58,0.059554894135155245,0.059554894135155245,0.9972903842251235,6409,2224416,283514.717,669,564,0,457,434,0.949671772428884,3047424,107264,43520,0.9995670702834337,0.23821957654062098,590064,1626943,1000,0,5648,1000,0,1626943,109952,0,591064,not-applicable,0.0,True,False,True,1000,1000,0,bundles
varp.k26.scheduler-model.v1,analytical-model,S3,mixed,31,0,4,4,1,128,full,1000,7057b74bc84954bf1e3b611378a302f3500e100858d568ce307bd11cd0c716e4,1000,577460,1.7317216776919613,288357.504,293664.5,540309.1499999999,565649.58,0.059529664392338866,0.059529664392338866,0.9972132268901742,6437,2172336,286054.101,651,542,0,466,415,0.8905579399141631,2560000,91904,41216,0.9995566792505108,0.23811865756935546,576204,1588695,1000,0,5684,1000,0,1588695,86463,0,577204,not-applicable,0.0,True,False,True,1000,1000,0,bundles
varp.k26.scheduler-model.v1,analytical-model,S3,mixed,31,1,4,4,1,128,full,1000,7057b74bc84954bf1e3b611378a302f3500e100858d568ce307bd11cd0c716e4,1000,577460,1.7317216776919613,288357.504,293664.5,540309.1499999999,565649.58,0.059529664392338866,0.059529664392338866,0.9972132268901742,6437,2172336,286054.101,651,542,0,466,415,0.8905579399141631,2560000,91904,41216,0.9995566792505108,0.23811865756935546,576204,1588695,1000,0,5684,1000,0,1588695,86463,0,577204,not-applicable,0.0,True,False,True,1000,1000,0,bundles
varp.k26.scheduler-model.v1,analytical-model,S3,mixed,31,2,4,4,1,128,full,1000,7057b74bc84954bf1e3b611378a302f3500e100858d568ce307bd11cd0c716e4,1000,577460,1.7317216776919613,288357.504,293664.5,540309.1499999999,565649.58,0.059529664392338866,0.059529664392338866,0.9972132268901742,6437,2172336,286054.101,651,542,0,466,415,0.8905579399141631,2560000,91904,41216,0.9995566792505108,0.23811865756935546,576204,1588695,1000,0,5684,1000,0,1588695,86463,0,577204,not-applicable,0.0,True,False,True,1000,1000,0,bundles
varp.k26.scheduler-model.v1,analytical-model,S3,mixed,43,0,4,4,1,128,full,1000,7b9de4841f4febde5ca28629bec21255bcb3fca3d3f49f86438b019f4b5b5601,1000,586964,1.7036819975330684,284820.756,280687.5,545985.6499999999,575109.64,0.05954709317777581,0.05954709317777581,0.9972604793479668,6432,2208048,282479.332,680,581,0,491,445,0.9063136456211812,3084288,108032,45312,0.9995638574086315,0.2381883727111032,585708,1614908,1000,0,5716,1000,0,1614908,111783,0,586708,not-applicable,0.0,True,False,True,1000,1000,0,bundles
varp.k26.scheduler-model.v1,analytical-model,S3,mixed,43,1,4,4,1,128,full,1000,7b9de4841f4febde5ca28629bec21255bcb3fca3d3f49f86438b019f4b5b5601,1000,586964,1.7036819975330684,284820.756,280687.5,545985.6499999999,575109.64,0.05954709317777581,0.05954709317777581,0.9972604793479668,6432,2208048,282479.332,680,581,0,491,445,0.9063136456211812,3084288,108032,45312,0.9995638574086315,0.2381883727111032,585708,1614908,1000,0,5716,1000,0,1614908,111783,0,586708,not-applicable,0.0,True,False,True,1000,1000,0,bundles
varp.k26.scheduler-model.v1,analytical-model,S3,mixed,43,2,4,4,1,128,full,1000,7b9de4841f4febde5ca28629bec21255bcb3fca3d3f49f86438b019f4b5b5601,1000,586964,1.7036819975330684,284820.756,280687.5,545985.6499999999,575109.64,0.05954709317777581,0.05954709317777581,0.9972604793479668,6432,2208048,282479.332,680,581,0,491,445,0.9063136456211812,3084288,108032,45312,0.9995638574086315,0.2381883727111032,585708,1614908,1000,0,5716,1000,0,1614908,111783,0,586708,not-applicable,0.0,True,False,True,1000,1000,0,bundles
varp.k26.scheduler-model.v1,analytical-model,S3,mixed,19,0,4,4,2,128,full,1000,1984ffe0a1e61004a2a339824b9f04e6d49d81d09dcb776fa506190aa50f48f6,1000,456704,2.1896020179372195,183811.496,156065.0,415840.85,444880.65,0.07455156950672646,0.07455156950672646,0.9964895205647422,6413,1690624,181991.093,649,546,0,448,421,0.9397321428571429,2797568,99584,41728,0.6259984585201794,0.2982062780269058,570792,1077573,1000,0,5640,1000,0,1077573,127513,0,285896,not-applicable,0.0,True,False,True,1000,1000,0,bundles
varp.k26.scheduler-model.v1,analytical-model,S3,mixed,19,1,4,4,2,128,full,1000,1984ffe0a1e61004a2a339824b9f04e6d49d81d09dcb776fa506190aa50f48f6,1000,456704,2.1896020179372195,183811.496,156065.0,415840.85,444880.65,0.07455156950672646,0.07455156950672646,0.9964895205647422,6413,1690624,181991.093,649,546,0,448,421,0.9397321428571429,2797568,99584,41728,0.6259984585201794,0.2982062780269058,570792,1077573,1000,0,5640,1000,0,1077573,127513,0,285896,not-applicable,0.0,True,False,True,1000,1000,0,bundles
varp.k26.scheduler-model.v1,analytical-model,S3,mixed,19,2,4,4,2,128,full,1000,1984ffe0a1e61004a2a339824b9f04e6d49d81d09dcb776fa506190aa50f48f6,1000,456704,2.1896020179372195,183811.496,156065.0,415840.85,444880.65,0.07455156950672646,0.07455156950672646,0.9964895205647422,6413,1690624,181991.093,649,546,0,448,421,0.9397321428571429,2797568,99584,41728,0.6259984585201794,0.2982062780269058,570792,1077573,1000,0,5640,1000,0,1077573,127513,0,285896,not-applicable,0.0,True,False,True,1000,1000,0,bundles
varp.k26.scheduler-model.v1,analytical-model,S3,mixed,23,0,4,4,2,128,full,1000,3f6ad95d5a5f176963441f5e051f6a42a4959572e6f2b6055b75a8499e59a920,1000,471282,2.1218718304539532,194929.877,166877.0,431582.45,459462.58999999997,0.07450316371089921,0.07450316371089921,0.9965837863529692,6440,1744680,193051.189,669,565,0,485,431,0.8886597938144329,2945024,103680,43520,0.6252604597671882,0.29801265484359685,588348,1108073,1000,0,5652,1000,0,1108073,158713,0,294674,not-applicable,0.0,True,False,True,1000,1000,0,bundles
varp.k26.scheduler-model.v1,analytical-model,S3,mixed,23,1,4,4,2,128,full,1000,3f6ad95d5a5f176963441f5e051f6a42a4959572e6f2b6055b75a8499e59a920,1000,471282,2.1218718304539532,194929.877,166877.0,431582.45,459462.58999999997,0.07450316371089921,0.07450316371089921,0.9965837863529692,6440,1744680,193051.189,669,565,0,485,431,0.8886597938144329,2945024,103680,43520,0.6252604597671882,0.29801265484359685,588348,1108073,1000,0,5652,1000,0,1108073,158713,0,294674,not-applicable,0.0,True,False,True,1000,1000,0,bundles
varp.k26.scheduler-model.v1,analytical-model,S3,mixed,23,2,4,4,2,128,full,1000,3f6ad95d5a5f176963441f5e051f6a42a4959572e6f2b6055b75a8499e59a920,1000,471282,2.1218718304539532,194929.877,166877.0,431582.45,459462.58999999997,0.07450316371089921,0.07450316371089921,0.9965837863529692,6440,1744680,193051.189,669,565,0,485,431,0.8886597938144329,2945024,103680,43520,0.6252604597671882,0.29801265484359685,588348,1108073,1000,0,5652,1000,0,1108073,158713,0,294674,not-applicable,0.0,True,False,True,1000,1000,0,bundles
varp.k26.scheduler-model.v1,analytical-model,S3,mixed,29,0,4,4,2,128,full,1000,bbdbf74448d48e01720473da997b4c303cda79ebd64dae971ddc6ed5945b902e,1000,469151,2.1315098976662097,191269.393,156237.5,431154.14999999997,457342.58,0.07506325255621324,0.07506325255621324,0.9965847882664643,6409,1735740,189399.198,668,563,0,463,440,0.9503239740820735,3086336,108672,44096,0.6299293830770903,0.30025301022485296,590064,1095643,1000,0,5648,1000,0,1095643,168640,0,295532,not-applicable,0.0,True,False,True,1000,1000,0,bundles
varp.k26.scheduler-model.v1,analytical-model,S3,mixed,29,1,4,4,2,128,full,1000,bbdbf74448d48e01720473da997b4c303cda79ebd64dae971ddc6ed5945b902e,1000,469151,2.1315098976662097,191269.393,156237.5,431154.14999999997,457342.58,0.07506325255621324,0.07506325255621324,0.9965847882664643,6409,1735740,189399.198,668,563,0,463,440,0.9503239740820735,3086336,108672,44096,0.6299293830770903,0.30025301022485296,590064,1095643,1000,0,5648,1000,0,1095643,168640,0,295532,not-applicable,0.0,True,False,True,1000,1000,0,bundles
varp.k26.scheduler-model.v1,analytical-model,S3,mixed,29,2,4,4,2,128,full,1000,bbdbf74448d48e01720473da997b4c303cda79ebd64dae971ddc6ed5945b902e,1000,469151,2.1315098976662097,191269.393,156237.5,431154.14999999997,457342.58,0.07506325255621324,0.07506325255621324,0.9965847882664643,6409,1735740,189399.198,668,563,0,463,440,0.9503239740820735,3086336,108672,44096,0.6299293830770903,0.30025301022485296,590064,1095643,1000,0,5648,1000,0,1095643,168640,0,295532,not-applicable,0.0,True,False,True,1000,1000,0,bundles
varp.k26.scheduler-model.v1,analytical-model,S3,mixed,31,0,4,4,2,128,full,1000,7057b74bc84954bf1e3b611378a302f3500e100858d568ce307bd11cd0c716e4,1000,438739,2.2792594230282694,183408.441,155004.5,401588.14999999997,426928.58,0.0783518219260198,0.0783518219260198,0.9963321017734917,6437,1617452,181659.922,651,542,0,467,416,0.8907922912205567,2576384,92416,41344,0.6577988280048047,0.31340728770407916,576204,994395,1000,0,5684,1000,0,994395,149697,0,288602,not-applicable,0.0,True,False,True,1000,1000,0,bundles
varp.k26.scheduler-model.v1,analytical-model,S3,mixed,31,1,4,4,2,128,full,1000,7057b74bc84954bf1e3b611378a302f3500e100858d568ce307bd11cd0c716e4,1000,438739,2.2792594230282694,183408.441,155004.5,401588.14999999997,426928.58,0.0783518219260198,0.0783518219260198,0.9963321017734917,6437,1617452,181659.922,651,542,0,467,416,0.8907922912205567,2576384,92416,41344,0.6577988280048047,0.31340728770407916,576204,994395,1000,0,5684,1000,0,994395,149697,0,288602,not-applicable,0.0,True,False,True,1000,1000,0,bundles
varp.k26.scheduler-model.v1,analytical-model,S3,mixed,31,2,4,4,2,128,full,1000,7057b74bc84954bf1e3b611378a302f3500e100858d568ce307bd11cd0c716e4,1000,438739,2.2792594230282694,183408.441,155004.5,401588.14999999997,426928.58,0.0783518219260198,0.0783518219260198,0.9963321017734917,6437,1617452,181659.922,651,542,0,467,416,0.8907922912205567,2576384,92416,41344,0.6577988280048047,0.31340728770407916,576204,994395,1000,0,5684,1000,0,994395,149697,0,288602,not-applicable,0.0,True,False,True,1000,1000,0,bundles
varp.k26.scheduler-model.v1,analytical-model,S3,mixed,43,0,4,4,2,128,full,1000,7b9de4841f4febde5ca28629bec21255bcb3fca3d3f49f86438b019f4b5b5601,1000,468812,2.133051201761047,192017.886,162808.0,427833.64999999997,456957.64,0.07455440560395211,0.07455440560395211,0.9965700536675682,6432,1735440,190149.07,680,581,0,488,442,0.9057377049180327,3057664,107136,44992,0.6257391022414102,0.29821762241580846,585708,1109390,1000,0,5716,1000,0,1109390,139015,0,293354,not-applicable,0.0,True,False,True,1000,1000,0,bundles
varp.k26.scheduler-model.v1,analytical-model,S3,mixed,43,1,4,4,2,128,full,1000,7b9de4841f4febde5ca28629bec21255bcb3fca3d3f49f86438b019f4b5b5601,1000,468812,2.133051201761047,192017.886,162808.0,427833.64999999997,456957.64,0.07455440560395211,0.07455440560395211,0.9965700536675682,6432,1735440,190149.07,680,581,0,488,442,0.9057377049180327,3057664,107136,44992,0.6257391022414102,0.29821762241580846,585708,1109390,1000,0,5716,1000,0,1109390,139015,0,293354,not-applicable,0.0,True,False,True,1000,1000,0,bundles
varp.k26.scheduler-model.v1,analytical-model,S3,mixed,43,2,4,4,2,128,full,1000,7b9de4841f4febde5ca28629bec21255bcb3fca3d3f49f86438b019f4b5b5601,1000,468812,2.133051201761047,192017.886,162808.0,427833.64999999997,456957.64,0.07455440560395211,0.07455440560395211,0.9965700536675682,6432,1735440,190149.07,680,581,0,488,442,0.9057377049180327,3057664,107136,44992,0.6257391022414102,0.29821762241580846,585708,1109390,1000,0,5716,1000,0,1109390,139015,0,293354,not-applicable,0.0,True,False,True,1000,1000,0,bundles
varp.k26.scheduler-model.v1,analytical-model,S3,mixed,19,0,4,4,4,128,full,1000,1984ffe0a1e61004a2a339824b9f04e6d49d81d09dcb776fa506190aa50f48f6,1000,415440,2.4070864625457347,156184.66,118828.5,374576.85,403616.64999999997,0.08195647987675717,0.08195647987675717,0.9961408386289236,6413,1525568,154529.313,649,546,0,446,419,0.9394618834080718,2809856,99840,41600,0.3440881956479877,0.32782591950702866,570792,833624,1000,0,5640,1000,0,833624,165063,0,142948,not-applicable,0.0,True,False,True,1000,1000,0,bundles
varp.k26.scheduler-model.v1,analytical-model,S3,mixed,19,1,4,4,4,128,full,1000,1984ffe0a1e61004a2a339824b9f04e6d49d81d09dcb776fa506190aa50f48f6,1000,415440,2.4070864625457347,156184.66,118828.5,374576.85,403616.64999999997,0.08195647987675717,0.08195647987675717,0.9961408386289236,6413,1525568,154529.313,649,546,0,446,419,0.9394618834080718,2809856,99840,41600,0.3440881956479877,0.32782591950702866,570792,833624,1000,0,5640,1000,0,833624,165063,0,142948,not-applicable,0.0,True,False,True,1000,1000,0,bundles
varp.k26.scheduler-model.v1,analytical-model,S3,mixed,19,2,4,4,4,128,full,1000,1984ffe0a1e61004a2a339824b9f04e6d49d81d09dcb776fa506190aa50f48f6,1000,415440,2.4070864625457347,156184.66,118828.5,374576.85,403616.64999999997,0.08195647987675717,0.08195647987675717,0.9961408386289236,6413,1525568,154529.313,649,546,0,446,419,0.9394618834080718,2809856,99840,41600,0.3440881956479877,0.32782591950702866,570792,833624,1000,0,5640,1000,0,833624,165063,0,142948,not-applicable,0.0,True,False,True,1000,1000,0,bundles
varp.k26.scheduler-model.v1,analytical-model,S3,mixed,23,0,4,4,4,128,full,1000,3f6ad95d5a5f176963441f5e051f6a42a4959572e6f2b6055b75a8499e59a920,1000,434075,2.303749352070495,169064.15,128867.5,394375.44999999995,422255.58999999997,0.08088924724989921,0.08088924724989921,0.9962909635431665,6440,1595852,167334.29,669,565,0,483,429,0.8881987577639752,2957312,103936,43392,0.3394275182860105,0.32355698899959684,588348,881252,1000,0,5652,1000,0,881252,180095,0,147337,not-applicable,0.0,True,False,True,1000,1000,0,bundles
varp.k26.scheduler-model.v1,analytical-model,S3,mixed,23,1,4,4,4,128,full,1000,3f6ad95d5a5f176963441f5e051f6a42a4959572e6f2b6055b75a8499e59a920,1000,434075,2.303749352070495,169064.15,128867.5,394375.44999999995,422255.58999999997,0.08088924724989921,0.08088924724989921,0.9962909635431665,6440,1595852,167334.29,669,565,0,483,429,0.8881987577639752,2957312,103936,43392,0.3394275182860105,0.32355698899959684,588348,881252,1000,0,5652,1000,0,881252,180095,0,147337,not-applicable,0.0,True,False,True,1000,1000,0,bundles
varp.k26.scheduler-model.v1,analytical-model,S3,mixed,23,2,4,4,4,128,full,1000,3f6ad95d5a5f176963441f5e051f6a42a4959572e6f2b6055b75a8499e59a920,1000,434075,2.303749352070495,169064.15,128867.5,394375.44999999995,422255.58999999997,0.08088924724989921,0.08088924724989921,0.9962909635431665,6440,1595852,167334.29,669,565,0,483,429,0.8881987577639752,2957312,103936,43392,0.3394275182860105,0.32355698899959684,588348,881252,1000,0,5652,1000,0,881252,180095,0,147337,not-applicable,0.0,True,False,True,1000,1000,0,bundles
varp.k26.scheduler-model.v1,analytical-model,S3,mixed,29,0,4,4,4,128,full,1000,bbdbf74448d48e01720473da997b4c303cda79ebd64dae971ddc6ed5945b902e,1000,448968,2.227330232889649,175502.777,136688.5,410971.15,437159.57999999996,0.07843766148144188,0.07843766148144188,0.9964312601343526,6409,1655008,173713.314,668,563,0,457,434,0.949671772428884,3047424,107264,43520,0.32912367919317187,0.3137506459257675,590064,911378,1000,0,5648,1000,0,911378,205921,0,147766,not-applicable,0.0,True,False,True,1000,1000,0,bundles
varp.k26.scheduler-model.v1,analytical-model,S3,mixed,29,1,4,4,4,128,full,1000,bbdbf74448d48e01720473da997b4c303cda79ebd64dae971ddc6ed5945b902e,1000,448968,2.227330232889649,175502.777,136688.5,410971.15,437159.57999999996,0.07843766148144188,0.07843766148144188,0.9964312601343526,6409,1655008,173713.314,668,563,0,457,434,0.949671772428884,3047424,107264,43520,0.32912367919317187,0.3137506459257675,590064,911378,1000,0,5648,1000,0,911378,205921,0,147766,not-applicable,0.0,True,False,True,1000,1000,0,bundles
varp.k26.scheduler-model.v1,analytical-model,S3,mixed,29,2,4,4,4,128,full,1000,bbdbf74448d48e01720473da997b4c303cda79ebd64dae971ddc6ed5945b902e,1000,448968,2.227330232889649,175502.777,136688.5,410971.15,437159.57999999996,0.07843766148144188,0.07843766148144188,0.9964312601343526,6409,1655008,173713.314,668,563,0,457,434,0.949671772428884,3047424,107264,43520,0.32912367919317187,0.3137506459257675,590064,911378,1000,0,5648,1000,0,911378,205921,0,147766,not-applicable,0.0,True,False,True,1000,1000,0,bundles
varp.k26.scheduler-model.v1,analytical-model,S3,mixed,31,0,4,4,4,128,full,1000,7057b74bc84954bf1e3b611378a302f3500e100858d568ce307bd11cd0c716e4,1000,409625,2.4412572474824534,161666.029,126702.0,372474.14999999997,397814.58,0.08392065913945682,0.08392065913945682,0.9960714067744889,6437,1500996,160033.966,651,542,0,462,411,0.8896103896103896,2543616,91136,40960,0.3522758620689655,0.33568263655782726,576204,796658,1000,0,5684,1000,0,796658,172169,0,144301,not-applicable,0.0,True,False,True,1000,1000,0,bundles
varp.k26.scheduler-model.v1,analytical-model,S3,mixed,31,1,4,4,4,128,full,1000,7057b74bc84954bf1e3b611378a302f3500e100858d568ce307bd11cd0c716e4,1000,409625,2.4412572474824534,161666.029,126702.0,372474.14999999997,397814.58,0.08392065913945682,0.08392065913945682,0.9960714067744889,6437,1500996,160033.966,651,542,0,462,411,0.8896103896103896,2543616,91136,40960,0.3522758620689655,0.33568263655782726,576204,796658,1000,0,5684,1000,0,796658,172169,0,144301,not-applicable,0.0,True,False,True,1000,1000,0,bundles
varp.k26.scheduler-model.v1,analytical-model,S3,mixed,31,2,4,4,4,128,full,1000,7057b74bc84954bf1e3b611378a302f3500e100858d568ce307bd11cd0c716e4,1000,409625,2.4412572474824534,161666.029,126702.0,372474.14999999997,397814.58,0.08392065913945682,0.08392065913945682,0.9960714067744889,6437,1500996,160033.966,651,542,0,462,411,0.8896103896103896,2543616,91136,40960,0.3522758620689655,0.33568263655782726,576204,796658,1000,0,5684,1000,0,796658,172169,0,144301,not-applicable,0.0,True,False,True,1000,1000,0,bundles
varp.k26.scheduler-model.v1,analytical-model,S3,mixed,43,0,4,4,4,128,full,1000,7b9de4841f4febde5ca28629bec21255bcb3fca3d3f49f86438b019f4b5b5601,1000,445452,2.2449107872453147,173927.888,139440.5,404473.64999999997,433597.64,0.07846412183579825,0.07846412183579825,0.9963901834541096,6432,1642000,172152.512,680,585,0,491,445,0.9063136456211812,3088384,108032,45440,0.32927677954078105,0.313856487343193,585708,928166,1000,0,5716,1000,0,928166,178947,0,146677,not-applicable,0.0,True,False,True,1000,1000,0,bundles
varp.k26.scheduler-model.v1,analytical-model,S3,mixed,43,1,4,4,4,128,full,1000,7b9de4841f4febde5ca28629bec21255bcb3fca3d3f49f86438b019f4b5b5601,1000,445452,2.2449107872453147,173927.888,139440.5,404473.64999999997,433597.64,0.07846412183579825,0.07846412183579825,0.9963901834541096,6432,1642000,172152.512,680,585,0,491,445,0.9063136456211812,3088384,108032,45440,0.32927677954078105,0.313856487343193,585708,928166,1000,0,5716,1000,0,928166,178947,0,146677,not-applicable,0.0,True,False,True,1000,1000,0,bundles
varp.k26.scheduler-model.v1,analytical-model,S3,mixed,43,2,4,4,4,128,full,1000,7b9de4841f4febde5ca28629bec21255bcb3fca3d3f49f86438b019f4b5b5601,1000,445452,2.2449107872453147,173927.888,139440.5,404473.64999999997,433597.64,0.07846412183579825,0.07846412183579825,0.9963901834541096,6432,1642000,172152.512,680,585,0,491,445,0.9063136456211812,3088384,108032,45440,0.32927677954078105,0.313856487343193,585708,928166,1000,0,5716,1000,0,928166,178947,0,146677,not-applicable,0.0,True,False,True,1000,1000,0,bundles
varp.k26.scheduler-model.v1,analytical-model,S3,mixed,19,0,4,4,4,32,full,1000,1984ffe0a1e61004a2a339824b9f04e6d49d81d09dcb776fa506190aa50f48f6,1000,1516640,0.659352252347294,513806.722,328468.0,1357497.0499999998,1472868.6300000001,0.022449625487920667,0.022449625487920667,0.9957799807469142,25601,5930368,507765.763,649,546,0,433,406,0.9376443418013857,2592768,93184,39808,0.3770123430741639,0.08979850195168267,2286168,3613630,1000,0,5640,1000,0,3613630,50877,0,571792,not-applicable,0.0,True,False,True,1000,1000,0,link_width
varp.k26.scheduler-model.v1,analytical-model,S3,mixed,19,1,4,4,4,32,full,1000,1984ffe0a1e61004a2a339824b9f04e6d49d81d09dcb776fa506190aa50f48f6,1000,1516640,0.659352252347294,513806.722,328468.0,1357497.0499999998,1472868.6300000001,0.022449625487920667,0.022449625487920667,0.9957799807469142,25601,5930368,507765.763,649,546,0,433,406,0.9376443418013857,2592768,93184,39808,0.3770123430741639,0.08979850195168267,2286168,3613630,1000,0,5640,1000,0,3613630,50877,0,571792,not-applicable,0.0,True,False,True,1000,1000,0,link_width
varp.k26.scheduler-model.v1,analytical-model,S3,mixed,19,2,4,4,4,32,full,1000,1984ffe0a1e61004a2a339824b9f04e6d49d81d09dcb776fa506190aa50f48f6,1000,1516640,0.659352252347294,513806.722,328468.0,1357497.0499999998,1472868.6300000001,0.022449625487920667,0.022449625487920667,0.9957799807469142,25601,5930368,507765.763,649,546,0,433,406,0.9376443418013857,2592768,93184,39808,0.3770123430741639,0.08979850195168267,2286168,3613630,1000,0,5640,1000,0,3613630,50877,0,571792,not-applicable,0.0,True,False,True,1000,1000,0,link_width
varp.k26.scheduler-model.v1,analytical-model,S3,mixed,23,0,4,4,4,32,full,1000,3f6ad95d5a5f176963441f5e051f6a42a4959572e6f2b6055b75a8499e59a920,1000,1579937,0.6329366297516926,554724.355,365455.0,1424374.15,1536169.5699999998,0.02222367094384143,0.02222367094384143,0.9959447750131809,25628,6179300,548430.235,669,565,0,471,417,0.8853503184713376,2725888,96896,41664,0.37301993687090057,0.08889468377536573,2356392,3792496,1000,0,5652,1000,0,3792496,47373,0,589348,not-applicable,0.0,True,False,True,1000,1000,0,link_width
varp.k26.scheduler-model.v1,analytical-model,S3,mixed,23,1,4,4,4,32,full,1000,3f6ad95d5a5f176963441f5e051f6a42a4959572e6f2b6055b75a8499e59a920,1000,1579937,0.6329366297516926,554724.355,365455.0,1424374.15,1536169.5699999998,0.02222367094384143,0.02222367094384143,0.9959447750131809,25628,6179300,548430.235,669,565,0,471,417,0.8853503184713376,2725888,96896,41664,0.37301993687090057,0.08889468377536573,2356392,3792496,1000,0,5652,1000,0,3792496,47373,0,589348,not-applicable,0.0,True,False,True,1000,1000,0,link_width
varp.k26.scheduler-model.v1,analytical-model,S3,mixed,23,2,4,4,4,32,full,1000,3f6ad95d5a5f176963441f5e051f6a42a4959572e6f2b6055b75a8499e59a920,1000,1579937,0.6329366297516926,554724.355,365455.0,1424374.15,1536169.5699999998,0.02222367094384143,0.02222367094384143,0.9959447750131809,25628,6179300,548430.235,669,565,0,471,417,0.8853503184713376,2725888,96896,41664,0.37301993687090057,0.08889468377536573,2356392,3792496,1000,0,5652,1000,0,3792496,47373,0,589348,not-applicable,0.0,True,False,True,1000,1000,0,link_width
varp.k26.scheduler-model.v1,analytical-model,S3,mixed,29,0,4,4,4,32,full,1000,bbdbf74448d48e01720473da997b4c303cda79ebd64dae971ddc6ed5945b902e,1000,1608498,0.6216980064631725,561218.845,364896.5,1460316.75,1564741.56,0.021893716995607083,0.021893716995607083,0.9960215990321405,25597,6293128,554810.45,670,565,0,444,421,0.9481981981981982,2834432,100608,41856,0.3674633104921486,0.08757486798242833,2363256,3899640,1000,0,5648,1000,0,3899640,47438,0,591064,not-applicable,0.0,True,False,True,1000,1000,0,link_width
varp.k26.scheduler-model.v1,analytical-model,S3,mixed,29,1,4,4,4,32,full,1000,bbdbf74448d48e01720473da997b4c303cda79ebd64dae971ddc6ed5945b902e,1000,1608498,0.6216980064631725,561218.845,364896.5,1460316.75,1564741.56,0.021893716995607083,0.021893716995607083,0.9960215990321405,25597,6293128,554810.45,670,565,0,444,421,0.9481981981981982,2834432,100608,41856,0.3674633104921486,0.08757486798242833,2363256,3899640,1000,0,5648,1000,0,3899640,47438,0,591064,not-applicable,0.0,True,False,True,1000,1000,0,link_width
varp.k26.scheduler-model.v1,analytical-model,S3,mixed,29,2,4,4,4,32,full,1000,bbdbf74448d48e01720473da997b4c303cda79ebd64dae971ddc6ed5945b902e,1000,1608498,0.6216980064631725,561218.845,364896.5,1460316.75,1564741.56,0.021893716995607083,0.021893716995607083,0.9960215990321405,25597,6293128,554810.45,670,565,0,444,421,0.9481981981981982,2834432,100608,41856,0.3674633104921486,0.08757486798242833,2363256,3899640,1000,0,5648,1000,0,3899640,47438,0,591064,not-applicable,0.0,True,False,True,1000,1000,0,link_width
varp.k26.scheduler-model.v1,analytical-model,S3,mixed,31,0,4,4,4,32,full,1000,7057b74bc84954bf1e3b611378a302f3500e100858d568ce307bd11cd0c716e4,1000,1475349,0.6778057259672118,521206.191,344588.5,1329938.0499999998,1431590.56,0.023300249635848876,0.023300249635848876,0.9956578070680225,25625,5763892,515330.42,651,542,0,453,402,0.8874172185430463,2349056,85376,39488,0.3912321762511785,0.0932009985433955,2307816,3425744,1000,0,5684,1000,0,3425744,48119,0,577204,not-applicable,0.0,True,False,True,1000,1000,0,link_width
varp.k26.scheduler-model.v1,analytical-model,S3,mixed,31,1,4,4,4,32,full,1000,7057b74bc84954bf1e3b611378a302f3500e100858d568ce307bd11cd0c716e4,1000,1475349,0.6778057259672118,521206.191,344588.5,1329938.0499999998,1431590.56,0.023300249635848876,0.023300249635848876,0.9956578070680225,25625,5763892,515330.42,651,542,0,453,402,0.8874172185430463,2349056,85376,39488,0.3912321762511785,0.0932009985433955,2307816,3425744,1000,0,5684,1000,0,3425744,48119,0,577204,not-applicable,0.0,True,False,True,1000,1000,0,link_width
varp.k26.scheduler-model.v1,analytical-model,S3,mixed,31,2,4,4,4,32,full,1000,7057b74bc84954bf1e3b611378a302f3500e100858d568ce307bd11cd0c716e4,1000,1475349,0.6778057259672118,521206.191,344588.5,1329938.0499999998,1431590.56,0.023300249635848876,0.023300249635848876,0.9956578070680225,25625,5763892,515330.42,651,542,0,453,402,0.8874172185430463,2349056,85376,39488,0.3912321762511785,0.0932009985433955,2307816,3425744,1000,0,5684,1000,0,3425744,48119,0,577204,not-applicable,0.0,True,False,True,1000,1000,0,link_width
varp.k26.scheduler-model.v1,analytical-model,S3,mixed,43,0,4,4,4,32,full,1000,7b9de4841f4febde5ca28629bec21255bcb3fca3d3f49f86438b019f4b5b5601,1000,1614701,0.6193097050165944,568885.366,394220.0,1455087.35,1570898.62,0.021646112809740006,0.021646112809740006,0.9960333213393687,25620,6318996,562452.182,680,581,0,473,427,0.9027484143763214,2846720,100352,43264,0.3633539584108761,0.08658445123896003,2345832,3943896,1000,0,5716,1000,0,3943896,45417,0,586708,not-applicable,0.0,True,False,True,1000,1000,0,link_width
varp.k26.scheduler-model.v1,analytical-model,S3,mixed,43,1,4,4,4,32,full,1000,7b9de4841f4febde5ca28629bec21255bcb3fca3d3f49f86438b019f4b5b5601,1000,1614701,0.6193097050165944,568885.366,394220.0,1455087.35,1570898.62,0.021646112809740006,0.021646112809740006,0.9960333213393687,25620,6318996,562452.182,680,581,0,473,427,0.9027484143763214,2846720,100352,43264,0.3633539584108761,0.08658445123896003,2345832,3943896,1000,0,5716,1000,0,3943896,45417,0,586708,not-applicable,0.0,True,False,True,1000,1000,0,link_width
varp.k26.scheduler-model.v1,analytical-model,S3,mixed,43,2,4,4,4,32,full,1000,7b9de4841f4febde5ca28629bec21255bcb3fca3d3f49f86438b019f4b5b5601,1000,1614701,0.6193097050165944,568885.366,394220.0,1455087.35,1570898.62,0.021646112809740006,0.021646112809740006,0.9960333213393687,25620,6318996,562452.182,680,581,0,473,427,0.9027484143763214,2846720,100352,43264,0.3633539584108761,0.08658445123896003,2345832,3943896,1000,0,5716,1000,0,3943896,45417,0,586708,not-applicable,0.0,True,False,True,1000,1000,0,link_width
varp.k26.scheduler-model.v1,analytical-model,S3,mixed,19,0,4,4,4,64,full,1000,1984ffe0a1e61004a2a339824b9f04e6d49d81d09dcb776fa506190aa50f48f6,1000,767904,1.3022461140975956,264687.165,175389.0,687491.25,745431.3099999999,0.04433887569279493,0.04433887569279493,0.995829882381131,12809,2935424,261628.358,649,546,0,433,406,0.9376443418013857,2592768,93184,39808,0.37230695503604616,0.17735550277117973,1142584,1757636,1000,0,5640,1000,0,1757636,95365,0,285896,not-applicable,0.0,True,False,True,1000,1000,0,link_width
varp.k26.scheduler-model.v1,analytical-model,S3,mixed,19,1,4,4,4,64,full,1000,1984ffe0a1e61004a2a339824b9f04e6d49d81d09dcb776fa506190aa50f48f6,1000,767904,1.3022461140975956,264687.165,175389.0,687491.25,745431.3099999999,0.04433887569279493,0.04433887569279493,0.995829882381131,12809,2935424,261628.358,649,546,0,433,406,0.9376443418013857,2592768,93184,39808,0.37230695503604616,0.17735550277117973,1142584,1757636,1000,0,5640,1000,0,1757636,95365,0,285896,not-applicable,0.0,True,False,True,1000,1000,0,link_width
varp.k26.scheduler-model.v1,analytical-model,S3,mixed,19,2,4,4,4,64,full,1000,1984ffe0a1e61004a2a339824b9f04e6d49d81d09dcb776fa506190aa50f48f6,1000,767904,1.3022461140975956,264687.165,175389.0,687491.25,745431.3099999999,0.04433887569279493,0.04433887569279493,0.995829882381131,12809,2935424,261628.358,649,546,0,433,406,0.9376443418013857,2592768,93184,39808,0.37230695503604616,0.17735550277117973,1142584,1757636,1000,0,5640,1000,0,1757636,95365,0,285896,not-applicable,0.0,True,False,True,1000,1000,0,link_width
varp.k26.scheduler-model.v1,analytical-model,S3,mixed,23,0,4,4,4,64,full,1000,3f6ad95d5a5f176963441f5e051f6a42a4959572e6f2b6055b75a8499e59a920,1000,801732,1.2472995963738507,286771.093,193352.0,723411.35,779263.25,0.043795183427878644,0.043795183427878644,0.9959974155952364,12836,3066480,283577.001,669,565,0,469,415,0.8848614072494669,2729984,96896,41536,0.367546761261868,0.17518073371151457,1177696,1848826,1000,0,5652,1000,0,1848826,106961,0,294674,not-applicable,0.0,True,False,True,1000,1000,0,link_width
varp.k26.scheduler-model.v1,analytical-model,S3,mixed,23,1,4,4,4,64,full,1000,3f6ad95d5a5f176963441f5e051f6a42a4959572e6f2b6055b75a8499e59a920,1000,801732,1.2472995963738507,286771.093,193352.0,723411.35,779263.25,0.043795183427878644,0.043795183427878644,0.9959974155952364,12836,3066480,283577.001,669,565,0,469,415,0.8848614072494669,2729984,96896,41536,0.367546761261868,0.17518073371151457,1177696,1848826,1000,0,5652,1000,0,1848826,106961,0,294674,not-applicable,0.0,True,False,True,1000,1000,0,link_width
varp.k26.scheduler-model.v1,analytical-model,S3,mixed,23,2,4,4,4,64,full,1000,3f6ad95d5a5f176963441f5e051f6a42a4959572e6f2b6055b75a8499e59a920,1000,801732,1.2472995963738507,286771.093,193352.0,723411.35,779263.25,0.043795183427878644,0.043795183427878644,0.9959974155952364,12836,3066480,283577.001,669,565,0,469,415,0.8848614072494669,2729984,96896,41536,0.367546761261868,0.17518073371151457,1177696,1848826,1000,0,5652,1000,0,1848826,106961,0,294674,not-applicable,0.0,True,False,True,1000,1000,0,link_width
varp.k26.scheduler-model.v1,analytical-model,S3,mixed,29,0,4,4,4,64,full,1000,bbdbf74448d48e01720473da997b4c303cda79ebd64dae971ddc6ed5945b902e,1000,820662,1.2185284562950398,292479.67,198700.5,744783.6,798204.24,0.042911698116886124,0.042911698116886124,0.9960991857792855,12805,3141784,289209.827,669,564,0,445,422,0.9483146067415731,2842624,100864,41984,0.3601141517457857,0.1716467924675445,1181128,1919236,1000,0,5648,1000,0,1919236,106521,0,295532,not-applicable,0.0,True,False,True,1000,1000,0,link_width
varp.k26.scheduler-model.v1,analytical-model,S3,mixed,29,1,4,4,4,64,full,1000,bbdbf74448d48e01720473da997b4c303cda79ebd64dae971ddc6ed5945b902e,1000,820662,1.2185284562950398,292479.67,198700.5,744783.6,798204.24,0.042911698116886124,0.042911698116886124,0.9960991857792855,12805,3141784,289209.827,669,564,0,445,422,0.9483146067415731,2842624,100864,41984,0.3601141517457857,0.1716467924675445,1181128,1919236,1000,0,5648,1000,0,1919236,106521,0,295532,not-applicable,0.0,True,False,True,1000,1000,0,link_width
varp.k26.scheduler-model.v1,analytical-model,S3,mixed,29,2,4,4,4,64,full,1000,bbdbf74448d48e01720473da997b4c303cda79ebd64dae971ddc6ed5945b902e,1000,820662,1.2185284562950398,292479.67,198700.5,744783.6,798204.24,0.042911698116886124,0.042911698116886124,0.9960991857792855,12805,3141784,289209.827,669,564,0,445,422,0.9483146067415731,2842624,100864,41984,0.3601141517457857,0.1716467924675445,1181128,1919236,1000,0,5648,1000,0,1919236,106521,0,295532,not-applicable,0.0,True,False,True,1000,1000,0,link_width
varp.k26.scheduler-model.v1,analytical-model,S3,mixed,31,0,4,4,4,64,full,1000,7057b74bc84954bf1e3b611378a302f3500e100858d568ce307bd11cd0c716e4,1000,751333,1.3309677599679504,271000.239,185754.5,678095.4499999998,728873.24,0.04575334771665826,0.04575334771665826,0.9957299226840828,12833,2867828,268007.74,651,542,0,452,401,0.8871681415929203,2353152,85376,39488,0.3841199574622704,0.18301339086663304,1153408,1677460,1000,0,5684,1000,0,1677460,98215,0,288602,not-applicable,0.0,True,False,True,1000,1000,0,link_width
varp.k26.scheduler-model.v1,analytical-model,S3,mixed,31,1,4,4,4,64,full,1000,7057b74bc84954bf1e3b611378a302f3500e100858d568ce307bd11cd0c716e4,1000,751333,1.3309677599679504,271000.239,185754.5,678095.4499999998,728873.24,0.04575334771665826,0.04575334771665826,0.9957299226840828,12833,2867828,268007.74,651,542,0,452,401,0.8871681415929203,2353152,85376,39488,0.3841199574622704,0.18301339086663304,1153408,1677460,1000,0,5684,1000,0,1677460,98215,0,288602,not-applicable,0.0,True,False,True,1000,1000,0,link_width
varp.k26.scheduler-model.v1,analytical-model,S3,mixed,31,2,4,4,4,64,full,1000,7057b74bc84954bf1e3b611378a302f3500e100858d568ce307bd11cd0c716e4,1000,751333,1.3309677599679504,271000.239,185754.5,678095.4499999998,728873.24,0.04575334771665826,0.04575334771665826,0.9957299226840828,12833,2867828,268007.74,651,542,0,452,401,0.8871681415929203,2353152,85376,39488,0.3841199574622704,0.18301339086663304,1153408,1677460,1000,0,5684,1000,0,1677460,98215,0,288602,not-applicable,0.0,True,False,True,1000,1000,0,link_width
varp.k26.scheduler-model.v1,analytical-model,S3,mixed,43,0,4,4,4,64,full,1000,7b9de4841f4febde5ca28629bec21255bcb3fca3d3f49f86438b019f4b5b5601,1000,819014,1.2209803495422544,293684.613,208511.0,738552.2499999999,796510.2999999999,0.04267570517720088,0.04267570517720088,0.996084316019018,12828,3136248,290421.385,680,582,0,472,426,0.902542372881356,2844672,100224,43200,0.35817946945961854,0.17070282070880352,1172416,1927196,1000,0,5716,1000,0,1927196,93370,0,293354,not-applicable,0.0,True,False,True,1000,1000,0,link_width
varp.k26.scheduler-model.v1,analytical-model,S3,mixed,43,1,4,4,4,64,full,1000,7b9de4841f4febde5ca28629bec21255bcb3fca3d3f49f86438b019f4b5b5601,1000,819014,1.2209803495422544,293684.613,208511.0,738552.2499999999,796510.2999999999,0.04267570517720088,0.04267570517720088,0.996084316019018,12828,3136248,290421.385,680,582,0,472,426,0.902542372881356,2844672,100224,43200,0.35817946945961854,0.17070282070880352,1172416,1927196,1000,0,5716,1000,0,1927196,93370,0,293354,not-applicable,0.0,True,False,True,1000,1000,0,link_width
varp.k26.scheduler-model.v1,analytical-model,S3,mixed,43,2,4,4,4,64,full,1000,7b9de4841f4febde5ca28629bec21255bcb3fca3d3f49f86438b019f4b5b5601,1000,819014,1.2209803495422544,293684.613,208511.0,738552.2499999999,796510.2999999999,0.04267570517720088,0.04267570517720088,0.996084316019018,12828,3136248,290421.385,680,582,0,472,426,0.902542372881356,2844672,100224,43200,0.35817946945961854,0.17070282070880352,1172416,1927196,1000,0,5716,1000,0,1927196,93370,0,293354,not-applicable,0.0,True,False,True,1000,1000,0,link_width
varp.k26.scheduler-model.v1,analytical-model,S3,mixed,19,0,4,4,4,128,full,1000,1984ffe0a1e61004a2a339824b9f04e6d49d81d09dcb776fa506190aa50f48f6,1000,415440,2.4070864625457347,156184.66,118828.5,374576.85,403616.64999999997,0.08195647987675717,0.08195647987675717,0.9961408386289236,6413,1525568,154529.313,649,546,0,446,419,0.9394618834080718,2809856,99840,41600,0.3440881956479877,0.32782591950702866,570792,833624,1000,0,5640,1000,0,833624,165063,0,142948,not-applicable,0.0,True,False,True,1000,1000,0,link_width
varp.k26.scheduler-model.v1,analytical-model,S3,mixed,19,1,4,4,4,128,full,1000,1984ffe0a1e61004a2a339824b9f04e6d49d81d09dcb776fa506190aa50f48f6,1000,415440,2.4070864625457347,156184.66,118828.5,374576.85,403616.64999999997,0.08195647987675717,0.08195647987675717,0.9961408386289236,6413,1525568,154529.313,649,546,0,446,419,0.9394618834080718,2809856,99840,41600,0.3440881956479877,0.32782591950702866,570792,833624,1000,0,5640,1000,0,833624,165063,0,142948,not-applicable,0.0,True,False,True,1000,1000,0,link_width
varp.k26.scheduler-model.v1,analytical-model,S3,mixed,19,2,4,4,4,128,full,1000,1984ffe0a1e61004a2a339824b9f04e6d49d81d09dcb776fa506190aa50f48f6,1000,415440,2.4070864625457347,156184.66,118828.5,374576.85,403616.64999999997,0.08195647987675717,0.08195647987675717,0.9961408386289236,6413,1525568,154529.313,649,546,0,446,419,0.9394618834080718,2809856,99840,41600,0.3440881956479877,0.32782591950702866,570792,833624,1000,0,5640,1000,0,833624,165063,0,142948,not-applicable,0.0,True,False,True,1000,1000,0,link_width
varp.k26.scheduler-model.v1,analytical-model,S3,mixed,23,0,4,4,4,128,full,1000,3f6ad95d5a5f176963441f5e051f6a42a4959572e6f2b6055b75a8499e59a920,1000,434075,2.303749352070495,169064.15,128867.5,394375.44999999995,422255.58999999997,0.08088924724989921,0.08088924724989921,0.9962909635431665,6440,1595852,167334.29,669,565,0,483,429,0.8881987577639752,2957312,103936,43392,0.3394275182860105,0.32355698899959684,588348,881252,1000,0,5652,1000,0,881252,180095,0,147337,not-applicable,0.0,True,False,True,1000,1000,0,link_width
varp.k26.scheduler-model.v1,analytical-model,S3,mixed,23,1,4,4,4,128,full,1000,3f6ad95d5a5f176963441f5e051f6a42a4959572e6f2b6055b75a8499e59a920,1000,434075,2.303749352070495,169064.15,128867.5,394375.44999999995,422255.58999999997,0.08088924724989921,0.08088924724989921,0.9962909635431665,6440,1595852,167334.29,669,565,0,483,429,0.8881987577639752,2957312,103936,43392,0.3394275182860105,0.32355698899959684,588348,881252,1000,0,5652,1000,0,881252,180095,0,147337,not-applicable,0.0,True,False,True,1000,1000,0,link_width
varp.k26.scheduler-model.v1,analytical-model,S3,mixed,23,2,4,4,4,128,full,1000,3f6ad95d5a5f176963441f5e051f6a42a4959572e6f2b6055b75a8499e59a920,1000,434075,2.303749352070495,169064.15,128867.5,394375.44999999995,422255.58999999997,0.08088924724989921,0.08088924724989921,0.9962909635431665,6440,1595852,167334.29,669,565,0,483,429,0.8881987577639752,2957312,103936,43392,0.3394275182860105,0.32355698899959684,588348,881252,1000,0,5652,1000,0,881252,180095,0,147337,not-applicable,0.0,True,False,True,1000,1000,0,link_width
varp.k26.scheduler-model.v1,analytical-model,S3,mixed,29,0,4,4,4,128,full,1000,bbdbf74448d48e01720473da997b4c303cda79ebd64dae971ddc6ed5945b902e,1000,448968,2.227330232889649,175502.777,136688.5,410971.15,437159.57999999996,0.07843766148144188,0.07843766148144188,0.9964312601343526,6409,1655008,173713.314,668,563,0,457,434,0.949671772428884,3047424,107264,43520,0.32912367919317187,0.3137506459257675,590064,911378,1000,0,5648,1000,0,911378,205921,0,147766,not-applicable,0.0,True,False,True,1000,1000,0,link_width
varp.k26.scheduler-model.v1,analytical-model,S3,mixed,29,1,4,4,4,128,full,1000,bbdbf74448d48e01720473da997b4c303cda79ebd64dae971ddc6ed5945b902e,1000,448968,2.227330232889649,175502.777,136688.5,410971.15,437159.57999999996,0.07843766148144188,0.07843766148144188,0.9964312601343526,6409,1655008,173713.314,668,563,0,457,434,0.949671772428884,3047424,107264,43520,0.32912367919317187,0.3137506459257675,590064,911378,1000,0,5648,1000,0,911378,205921,0,147766,not-applicable,0.0,True,False,True,1000,1000,0,link_width
varp.k26.scheduler-model.v1,analytical-model,S3,mixed,29,2,4,4,4,128,full,1000,bbdbf74448d48e01720473da997b4c303cda79ebd64dae971ddc6ed5945b902e,1000,448968,2.227330232889649,175502.777,136688.5,410971.15,437159.57999999996,0.07843766148144188,0.07843766148144188,0.9964312601343526,6409,1655008,173713.314,668,563,0,457,434,0.949671772428884,3047424,107264,43520,0.32912367919317187,0.3137506459257675,590064,911378,1000,0,5648,1000,0,911378,205921,0,147766,not-applicable,0.0,True,False,True,1000,1000,0,link_width
varp.k26.scheduler-model.v1,analytical-model,S3,mixed,31,0,4,4,4,128,full,1000,7057b74bc84954bf1e3b611378a302f3500e100858d568ce307bd11cd0c716e4,1000,409625,2.4412572474824534,161666.029,126702.0,372474.14999999997,397814.58,0.08392065913945682,0.08392065913945682,0.9960714067744889,6437,1500996,160033.966,651,542,0,462,411,0.8896103896103896,2543616,91136,40960,0.3522758620689655,0.33568263655782726,576204,796658,1000,0,5684,1000,0,796658,172169,0,144301,not-applicable,0.0,True,False,True,1000,1000,0,link_width
varp.k26.scheduler-model.v1,analytical-model,S3,mixed,31,1,4,4,4,128,full,1000,7057b74bc84954bf1e3b611378a302f3500e100858d568ce307bd11cd0c716e4,1000,409625,2.4412572474824534,161666.029,126702.0,372474.14999999997,397814.58,0.08392065913945682,0.08392065913945682,0.9960714067744889,6437,1500996,160033.966,651,542,0,462,411,0.8896103896103896,2543616,91136,40960,0.3522758620689655,0.33568263655782726,576204,796658,1000,0,5684,1000,0,796658,172169,0,144301,not-applicable,0.0,True,False,True,1000,1000,0,link_width
varp.k26.scheduler-model.v1,analytical-model,S3,mixed,31,2,4,4,4,128,full,1000,7057b74bc84954bf1e3b611378a302f3500e100858d568ce307bd11cd0c716e4,1000,409625,2.4412572474824534,161666.029,126702.0,372474.14999999997,397814.58,0.08392065913945682,0.08392065913945682,0.9960714067744889,6437,1500996,160033.966,651,542,0,462,411,0.8896103896103896,2543616,91136,40960,0.3522758620689655,0.33568263655782726,576204,796658,1000,0,5684,1000,0,796658,172169,0,144301,not-applicable,0.0,True,False,True,1000,1000,0,link_width
varp.k26.scheduler-model.v1,analytical-model,S3,mixed,43,0,4,4,4,128,full,1000,7b9de4841f4febde5ca28629bec21255bcb3fca3d3f49f86438b019f4b5b5601,1000,445452,2.2449107872453147,173927.888,139440.5,404473.64999999997,433597.64,0.07846412183579825,0.07846412183579825,0.9963901834541096,6432,1642000,172152.512,680,585,0,491,445,0.9063136456211812,3088384,108032,45440,0.32927677954078105,0.313856487343193,585708,928166,1000,0,5716,1000,0,928166,178947,0,146677,not-applicable,0.0,True,False,True,1000,1000,0,link_width
varp.k26.scheduler-model.v1,analytical-model,S3,mixed,43,1,4,4,4,128,full,1000,7b9de4841f4febde5ca28629bec21255bcb3fca3d3f49f86438b019f4b5b5601,1000,445452,2.2449107872453147,173927.888,139440.5,404473.64999999997,433597.64,0.07846412183579825,0.07846412183579825,0.9963901834541096,6432,1642000,172152.512,680,585,0,491,445,0.9063136456211812,3088384,108032,45440,0.32927677954078105,0.313856487343193,585708,928166,1000,0,5716,1000,0,928166,178947,0,146677,not-applicable,0.0,True,False,True,1000,1000,0,link_width
varp.k26.scheduler-model.v1,analytical-model,S3,mixed,43,2,4,4,4,128,full,1000,7b9de4841f4febde5ca28629bec21255bcb3fca3d3f49f86438b019f4b5b5601,1000,445452,2.2449107872453147,173927.888,139440.5,404473.64999999997,433597.64,0.07846412183579825,0.07846412183579825,0.9963901834541096,6432,1642000,172152.512,680,585,0,491,445,0.9063136456211812,3088384,108032,45440,0.32927677954078105,0.313856487343193,585708,928166,1000,0,5716,1000,0,928166,178947,0,146677,not-applicable,0.0,True,False,True,1000,1000,0,link_width
varp.k26.scheduler-model.v1,analytical-model,S3,mixed,19,0,4,4,4,256,full,1000,1984ffe0a1e61004a2a339824b9f04e6d49d81d09dcb776fa506190aa50f48f6,1000,261622,3.8223085214546177,117931.008,110062.0,241005.25,255451.13999999998,0.13014196053848684,0.13014196053848684,0.9969278195258808,3215,910296,116887.735,649,546,0,463,436,0.9416846652267818,3117056,109312,43904,0.27319567926244737,0.5205678421539472,284896,301839,1000,0,5640,1000,0,301839,228596,0,136192,not-applicable,0.0,True,False,True,1000,1000,0,link_width
varp.k26.scheduler-model.v1,analytical-model,S3,mixed,19,1,4,4,4,256,full,1000,1984ffe0a1e61004a2a339824b9f04e6d49d81d09dcb776fa506190aa50f48f6,1000,261622,3.8223085214546177,117931.008,110062.0,241005.25,255451.13999999998,0.13014196053848684,0.13014196053848684,0.9969278195258808,3215,910296,116887.735,649,546,0,463,436,0.9416846652267818,3117056,109312,43904,0.27319567926244737,0.5205678421539472,284896,301839,1000,0,5640,1000,0,301839,228596,0,136192,not-applicable,0.0,True,False,True,1000,1000,0,link_width
varp.k26.scheduler-model.v1,analytical-model,S3,mixed,19,2,4,4,4,256,full,1000,1984ffe0a1e61004a2a339824b9f04e6d49d81d09dcb776fa506190aa50f48f6,1000,261622,3.8223085214546177,117931.008,110062.0,241005.25,255451.13999999998,0.13014196053848684,0.13014196053848684,0.9969278195258808,3215,910296,116887.735,649,546,0,463,436,0.9416846652267818,3117056,109312,43904,0.27319567926244737,0.5205678421539472,284896,301839,1000,0,5640,1000,0,301839,228596,0,136192,not-applicable,0.0,True,False,True,1000,1000,0,link_width
varp.k26.scheduler-model.v1,analytical-model,S3,mixed,23,0,4,4,4,256,full,1000,3f6ad95d5a5f176963441f5e051f6a42a4959572e6f2b6055b75a8499e59a920,1000,274960,3.636892638929299,128388.708,120831.5,254613.39999999997,268728.6,0.12769857433808554,0.12769857433808554,0.9970522985161479,3242,959392,127292.11,669,566,0,503,449,0.8926441351888668,3293184,114432,45952,0.26792442537096306,0.5107942973523422,293674,321616,1000,0,5652,1000,0,321616,270953,0,140448,not-applicable,0.0,True,False,True,1000,1000,0,link_width
varp.k26.scheduler-model.v1,analytical-model,S3,mixed,23,1,4,4,4,256,full,1000,3f6ad95d5a5f176963441f5e051f6a42a4959572e6f2b6055b75a8499e59a920,1000,274960,3.636892638929299,128388.708,120831.5,254613.39999999997,268728.6,0.12769857433808554,0.12769857433808554,0.9970522985161479,3242,959392,127292.11,669,566,0,503,449,0.8926441351888668,3293184,114432,45952,0.26792442537096306,0.5107942973523422,293674,321616,1000,0,5652,1000,0,321616,270953,0,140448,not-applicable,0.0,True,False,True,1000,1000,0,link_width
varp.k26.scheduler-model.v1,analytical-model,S3,mixed,23,2,4,4,4,256,full,1000,3f6ad95d5a5f176963441f5e051f6a42a4959572e6f2b6055b75a8499e59a920,1000,274960,3.636892638929299,128388.708,120831.5,254613.39999999997,268728.6,0.12769857433808554,0.12769857433808554,0.9970522985161479,3242,959392,127292.11,669,566,0,503,449,0.8926441351888668,3293184,114432,45952,0.26792442537096306,0.5107942973523422,293674,321616,1000,0,5652,1000,0,321616,270953,0,140448,not-applicable,0.0,True,False,True,1000,1000,0,link_width
varp.k26.scheduler-model.v1,analytical-model,S3,mixed,29,0,4,4,4,256,full,1000,bbdbf74448d48e01720473da997b4c303cda79ebd64dae971ddc6ed5945b902e,1000,280344,3.5670462003823875,129669.863,121800.0,260587.3,273860.25,0.12561709899266615,0.12561709899266615,0.9971365536626431,3211,980512,128551.698,668,563,0,476,453,0.9516806722689075,3350528,116736,45952,0.26354407442285194,0.5024683959706646,294532,345485,1000,0,5648,1000,0,345485,271590,0,140864,not-applicable,0.0,True,False,True,1000,1000,0,link_width
varp.k26.scheduler-model.v1,analytical-model,S3,mixed,29,1,4,4,4,256,full,1000,bbdbf74448d48e01720473da997b4c303cda79ebd64dae971ddc6ed5945b902e,1000,280344,3.5670462003823875,129669.863,121800.0,260587.3,273860.25,0.12561709899266615,0.12561709899266615,0.9971365536626431,3211,980512,128551.698,668,563,0,476,453,0.9516806722689075,3350528,116736,45952,0.26354407442285194,0.5024683959706646,294532,345485,1000,0,5648,1000,0,345485,271590,0,140864,not-applicable,0.0,True,False,True,1000,1000,0,link_width
varp.k26.scheduler-model.v1,analytical-model,S3,mixed,29,2,4,4,4,256,full,1000,bbdbf74448d48e01720473da997b4c303cda79ebd64dae971ddc6ed5945b902e,1000,280344,3.5670462003823875,129669.863,121800.0,260587.3,273860.25,0.12561709899266615,0.12561709899266615,0.9971365536626431,3211,980512,128551.698,668,563,0,476,453,0.9516806722689075,3350528,116736,45952,0.26354407442285194,0.5024683959706646,294532,345485,1000,0,5648,1000,0,345485,271590,0,140864,not-applicable,0.0,True,False,True,1000,1000,0,link_width
varp.k26.scheduler-model.v1,analytical-model,S3,mixed,31,0,4,4,4,256,full,1000,7057b74bc84954bf1e3b611378a302f3500e100858d568ce307bd11cd0c716e4,1000,261387,3.8257449681889306,123192.38,118160.5,242139.49999999997,254558.3,0.13151380902646267,0.13151380902646267,0.9982038127374353,1878,908044,122148.71,651,542,0,493,442,0.896551724137931,2940928,103936,44544,0.2760294123273154,0.5260552361058507,287602,298068,1000,0,5684,1000,0,298068,226848,0,137504,not-applicable,0.0,True,False,True,1000,1000,0,link_width
varp.k26.scheduler-model.v1,analytical-model,S3,mixed,31,1,4,4,4,256,full,1000,7057b74bc84954bf1e3b611378a302f3500e100858d568ce307bd11cd0c716e4,1000,261387,3.8257449681889306,123192.38,118160.5,242139.49999999997,254558.3,0.13151380902646267,0.13151380902646267,0.9982038127374353,1878,908044,122148.71,651,542,0,493,442,0.896551724137931,2940928,103936,44544,0.2760294123273154,0.5260552361058507,287602,298068,1000,0,5684,1000,0,298068,226848,0,137504,not-applicable,0.0,True,False,True,1000,1000,0,link_width
varp.k26.scheduler-model.v1,analytical-model,S3,mixed,31,2,4,4,4,256,full,1000,7057b74bc84954bf1e3b611378a302f3500e100858d568ce307bd11cd0c716e4,1000,261387,3.8257449681889306,123192.38,118160.5,242139.49999999997,254558.3,0.13151380902646267,0.13151380902646267,0.9982038127374353,1878,908044,122148.71,651,542,0,493,442,0.896551724137931,2940928,103936,44544,0.2760294123273154,0.5260552361058507,287602,298068,1000,0,5684,1000,0,298068,226848,0,137504,not-applicable,0.0,True,False,True,1000,1000,0,link_width
varp.k26.scheduler-model.v1,analytical-model,S3,mixed,43,0,4,4,4,256,full,1000,7b9de4841f4febde5ca28629bec21255bcb3fca3d3f49f86438b019f4b5b5601,1000,277164,3.607972175318584,127088.781,119560.0,255106.19999999998,269565.88,0.12610584347173515,0.12610584347173515,0.995118413646794,5412,968848,125985.537,680,585,0,507,461,0.9092702169625246,3364864,116608,47552,0.26460326737960194,0.5044233738869406,292354,354728,1000,0,5716,1000,0,354728,261429,0,139808,not-applicable,0.0,True,False,True,1000,1000,0,link_width
varp.k26.scheduler-model.v1,analytical-model,S3,mixed,43,1,4,4,4,256,full,1000,7b9de4841f4febde5ca28629bec21255bcb3fca3d3f49f86438b019f4b5b5601,1000,277164,3.607972175318584,127088.781,119560.0,255106.19999999998,269565.88,0.12610584347173515,0.12610584347173515,0.995118413646794,5412,968848,125985.537,680,585,0,507,461,0.9092702169625246,3364864,116608,47552,0.26460326737960194,0.5044233738869406,292354,354728,1000,0,5716,1000,0,354728,261429,0,139808,not-applicable,0.0,True,False,True,1000,1000,0,link_width
varp.k26.scheduler-model.v1,analytical-model,S3,mixed,43,2,4,4,4,256,full,1000,7b9de4841f4febde5ca28629bec21255bcb3fca3d3f49f86438b019f4b5b5601,1000,277164,3.607972175318584,127088.781,119560.0,255106.19999999998,269565.88,0.12610584347173515,0.12610584347173515,0.995118413646794,5412,968848,125985.537,680,585,0,507,461,0.9092702169625246,3364864,116608,47552,0.26460326737960194,0.5044233738869406,292354,354728,1000,0,5716,1000,0,354728,261429,0,139808,not-applicable,0.0,True,False,True,1000,1000,0,link_width
