schema_version,evidence_type,scheduler,workload,seed,job_id,home_cluster,dispatch_cluster,stolen,arrival_cycle,dispatch_cycle,queue_wait_cycles,link_start_cycle,link_end_cycle,memory_start_cycle,memory_end_cycle,compute_start_cycle,compute_end_cycle,preferred_channel,preferred_link_bundle
varp.k26.scheduler-event.v1,analytical-model,S1,skew,23,0,2,2,0,0,0,0,0,40,0,32,40,48,0,2
varp.k26.scheduler-event.v1,analytical-model,S1,skew,23,1,0,0,0,1,1,0,1,149,1,129,149,181,1,0
varp.k26.scheduler-event.v1,analytical-model,S1,skew,23,9,1,1,0,9,9,0,9,1075,129,1153,1153,1409,1,1
varp.k26.scheduler-event.v1,analytical-model,S1,skew,23,23,3,3,0,23,23,0,23,171,23,151,171,203,3,3
varp.k26.scheduler-event.v1,analytical-model,S1,skew,23,13,2,2,0,13,48,35,48,196,1153,1281,1281,1313,1,2
varp.k26.scheduler-event.v1,analytical-model,S1,skew,23,2,0,0,0,2,181,179,181,221,181,213,221,229,2,0
varp.k26.scheduler-event.v1,analytical-model,S1,skew,23,27,3,3,0,27,203,176,203,345,203,331,345,377,3,3
varp.k26.scheduler-event.v1,analytical-model,S1,skew,23,3,0,0,0,3,229,226,229,371,331,459,459,491,3,0
varp.k26.scheduler-event.v1,analytical-model,S1,skew,23,34,3,3,0,34,377,343,377,651,377,633,651,715,2,3
varp.k26.scheduler-event.v1,analytical-model,S1,skew,23,4,0,0,0,4,491,487,491,1041,491,1003,1041,1169,0,0
varp.k26.scheduler-event.v1,analytical-model,S1,skew,23,36,3,3,0,36,715,679,715,993,1003,1259,1259,1323,0,3
varp.k26.scheduler-event.v1,analytical-model,S1,skew,23,5,0,0,0,5,1169,1164,1169,1311,1281,1409,1409,1441,1,0
varp.k26.scheduler-event.v1,analytical-model,S1,skew,23,14,2,2,0,14,1313,1299,1313,2379,1313,2337,2379,2635,2,2
varp.k26.scheduler-event.v1,analytical-model,S1,skew,23,39,3,3,0,39,1323,1284,1323,1873,1323,1835,1873,2001,3,3
varp.k26.scheduler-event.v1,analytical-model,S1,skew,23,52,1,1,0,52,1409,1357,1409,1683,1409,1665,1683,1747,0,1
varp.k26.scheduler-event.v1,analytical-model,S1,skew,23,6,0,0,0,6,1441,1435,1441,1715,2337,2593,2593,2657,2,0
varp.k26.scheduler-event.v1,analytical-model,S1,skew,23,82,1,1,0,82,1747,1665,1747,1889,2593,2721,2721,2753,2,1
varp.k26.scheduler-event.v1,analytical-model,S1,skew,23,66,3,3,0,66,2001,1935,2001,2143,2721,2849,2849,2881,2,3
varp.k26.scheduler-event.v1,analytical-model,S1,skew,23,42,2,2,0,42,2635,2593,2635,3173,2849,3361,3361,3489,2,2
varp.k26.scheduler-event.v1,analytical-model,S1,skew,23,7,0,0,0,7,2657,2650,2657,3195,2657,3169,3195,3323,3,0
varp.k26.scheduler-event.v1,analytical-model,S1,skew,23,84,1,1,0,84,2753,2669,2753,2901,2753,2881,2901,2933,0,1
varp.k26.scheduler-event.v1,analytical-model,S1,skew,23,68,3,3,0,68,2881,2813,2881,3431,2881,3393,3431,3559,0,3
varp.k26.scheduler-event.v1,analytical-model,S1,skew,23,91,1,1,0,91,2933,2842,2933,3207,3169,3425,3425,3489,3,1
varp.k26.scheduler-event.v1,analytical-model,S1,skew,23,8,0,0,0,8,3323,3315,3323,3861,3393,3905,3905,4033,0,0
varp.k26.scheduler-event.v1,analytical-model,S1,skew,23,105,1,1,0,105,3489,3384,3489,4039,3489,4001,4039,4167,1,1
varp.k26.scheduler-event.v1,analytical-model,S1,skew,23,56,2,2,0,56,3489,3433,3489,3763,3905,4161,4161,4225,0,2
varp.k26.scheduler-event.v1,analytical-model,S1,skew,23,69,3,3,0,69,3559,3490,3559,4109,4001,4513,4513,4641,1,3
varp.k26.scheduler-event.v1,analytical-model,S1,skew,23,10,0,0,0,10,4033,4023,4033,4109,4033,4097,4109,4125,2,0
varp.k26.scheduler-event.v1,analytical-model,S1,skew,23,11,0,0,0,11,4125,4114,4125,4399,4125,4381,4399,4463,3,0
varp.k26.scheduler-event.v1,analytical-model,S1,skew,23,112,1,1,0,112,4167,4055,4167,4309,4167,4295,4309,4341,0,1
varp.k26.scheduler-event.v1,analytical-model,S1,skew,23,59,2,2,0,59,4225,4166,4225,4299,4381,4445,4445,4461,3,2
varp.k26.scheduler-event.v1,analytical-model,S1,skew,23,114,1,1,0,114,4341,4227,4341,5407,4341,5365,5407,5663,2,1
varp.k26.scheduler-event.v1,analytical-model,S1,skew,23,76,2,2,0,76,4461,4385,4461,4999,4461,4973,4999,5127,0,2
varp.k26.scheduler-event.v1,analytical-model,S1,skew,23,12,0,0,0,12,4463,4451,4463,4755,4973,5229,5229,5293,0,0
varp.k26.scheduler-event.v1,analytical-model,S1,skew,23,71,3,3,0,71,4641,4570,4641,4681,4641,4673,4681,4689,3,3
varp.k26.scheduler-event.v1,analytical-model,S1,skew,23,85,3,3,0,85,4689,4604,4689,4831,4689,4817,4831,4863,1,3
varp.k26.scheduler-event.v1,analytical-model,S1,skew,23,99,3,3,0,99,4863,4764,4863,4903,4863,4895,4903,4911,3,3
varp.k26.scheduler-event.v1,analytical-model,S1,skew,23,109,3,3,0,109,4911,4802,4911,5449,4911,5423,5449,5577,1,3
varp.k26.scheduler-event.v1,analytical-model,S1,skew,23,92,2,2,0,92,5127,5035,5127,5269,5229,5357,5357,5389,0,2
varp.k26.scheduler-event.v1,analytical-model,S1,skew,23,15,0,0,0,15,5293,5278,5293,5435,5293,5421,5435,5467,3,0
varp.k26.scheduler-event.v1,analytical-model,S1,skew,23,104,2,2,0,104,5389,5285,5389,5465,5389,5453,5465,5481,0,2
varp.k26.scheduler-event.v1,analytical-model,S1,skew,23,16,0,0,0,16,5467,5451,5467,5759,5467,5723,5759,5823,0,0
varp.k26.scheduler-event.v1,analytical-model,S1,skew,23,119,2,2,0,119,5481,5362,5481,5557,5481,5545,5557,5573,3,2
varp.k26.scheduler-event.v1,analytical-model,S1,skew,23,146,2,2,0,146,5573,5427,5573,5851,5573,5829,5851,5915,2,2
varp.k26.scheduler-event.v1,analytical-model,S1,skew,23,115,3,3,0,115,5577,5462,5577,5855,5577,5833,5855,5919,3,3
varp.k26.scheduler-event.v1,analytical-model,S1,skew,23,122,1,1,0,122,5663,5541,5663,5737,5829,5893,5893,5909,2,1
varp.k26.scheduler-event.v1,analytical-model,S1,skew,23,17,0,0,0,17,5823,5806,5823,5897,5823,5887,5897,5913,1,0
varp.k26.scheduler-event.v1,analytical-model,S1,skew,23,125,1,1,0,125,5909,5784,5909,6183,5909,6165,6183,6247,1,1
varp.k26.scheduler-event.v1,analytical-model,S1,skew,23,18,0,0,0,18,5913,5895,5913,5953,5913,5945,5953,5961,2,0
varp.k26.scheduler-event.v1,analytical-model,S1,skew,23,197,2,2,0,197,5915,5718,5915,5955,6165,6197,6197,6205,1,2
varp.k26.scheduler-event.v1,analytical-model,S1,skew,23,121,3,3,0,121,5919,5798,5919,6457,6197,6709,6709,6837,1,3
varp.k26.scheduler-event.v1,analytical-model,S1,skew,23,19,0,0,0,19,5961,5942,5961,6037,5961,6025,6037,6053,3,0
varp.k26.scheduler-event.v1,analytical-model,S1,skew,23,20,0,0,0,20,6053,6033,6053,7119,6053,7077,7119,7375,0,0
varp.k26.scheduler-event.v1,analytical-model,S1,skew,23,201,2,2,0,201,6205,6004,6205,6497,6709,6965,6965,7029,1,2
varp.k26.scheduler-event.v1,analytical-model,S1,skew,23,138,1,1,0,138,6247,6109,6247,6395,6247,6375,6395,6427,2,1
varp.k26.scheduler-event.v1,analytical-model,S1,skew,23,149,1,1,0,149,6427,6278,6427,6569,6965,7093,7093,7125,1,1
varp.k26.scheduler-event.v1,analytical-model,S1,skew,23,148,3,3,0,148,6837,6689,6837,7903,7077,8101,8101,8357,0,3
varp.k26.scheduler-event.v1,analytical-model,S1,skew,23,207,2,2,0,207,7029,6822,7029,8095,7029,8053,8095,8351,3,2
varp.k26.scheduler-event.v1,analytical-model,S1,skew,23,154,1,1,0,154,7125,6971,7125,7417,7125,7381,7417,7481,2,1
varp.k26.scheduler-event.v1,analytical-model,S1,skew,23,21,0,0,0,21,7375,7354,7375,7925,7375,7887,7925,8053,1,0
varp.k26.scheduler-event.v1,analytical-model,S1,skew,23,155,1,1,0,155,7481,7326,7481,7629,8053,8181,8181,8213,3,1
varp.k26.scheduler-event.v1,analytical-model,S1,skew,23,22,0,0,0,22,8053,8031,8053,8331,8053,8309,8331,8395,2,0
varp.k26.scheduler-event.v1,analytical-model,S1,skew,23,156,1,1,0,156,8213,8057,8213,8751,8213,8725,8751,8879,0,1
varp.k26.scheduler-event.v1,analytical-model,S1,skew,23,221,2,2,0,221,8351,8130,8351,8629,8351,8607,8629,8693,1,2
varp.k26.scheduler-event.v1,analytical-model,S1,skew,23,189,3,3,0,189,8357,8168,8357,8499,8607,8735,8735,8767,1,3
varp.k26.scheduler-event.v1,analytical-model,S1,skew,23,24,0,0,0,24,8395,8371,8395,8669,8725,8981,8981,9045,0,0
varp.k26.scheduler-event.v1,analytical-model,S1,skew,23,247,2,2,0,247,8693,8446,8693,8767,8693,8757,8767,8783,3,2
varp.k26.scheduler-event.v1,analytical-model,S1,skew,23,211,3,3,0,211,8767,8556,8767,8915,8767,8895,8915,8947,3,3
varp.k26.scheduler-event.v1,analytical-model,S1,skew,23,249,2,2,0,249,8783,8534,8783,8857,8783,8847,8857,8873,1,2
varp.k26.scheduler-event.v1,analytical-model,S1,skew,23,256,2,2,0,256,8873,8617,8873,9939,8981,10005,10005,10261,0,2
varp.k26.scheduler-event.v1,analytical-model,S1,skew,23,159,1,1,0,159,8879,8720,8879,9171,8895,9151,9171,9235,3,1
varp.k26.scheduler-event.v1,analytical-model,S1,skew,23,232,3,3,0,232,8947,8715,8947,9497,10005,10517,10517,10645,0,3
varp.k26.scheduler-event.v1,analytical-model,S1,skew,23,25,0,0,0,25,9045,9020,9045,9337,9045,9301,9337,9401,1,0
varp.k26.scheduler-event.v1,analytical-model,S1,skew,23,195,1,1,0,195,9235,9040,9235,9383,9235,9363,9383,9415,3,1
varp.k26.scheduler-event.v1,analytical-model,S1,skew,23,26,0,0,0,26,9401,9375,9401,9939,9401,9913,9939,10067,2,0
varp.k26.scheduler-event.v1,analytical-model,S1,skew,23,222,1,1,0,222,9415,9193,9415,10481,9913,10937,10937,11193,2,1
varp.k26.scheduler-event.v1,analytical-model,S1,skew,23,28,0,0,0,28,10067,10039,10067,10617,10517,11029,11029,11157,0,0
varp.k26.scheduler-event.v1,analytical-model,S1,skew,23,271,2,2,0,271,10261,9990,10261,10409,10261,10389,10409,10441,3,2
varp.k26.scheduler-event.v1,analytical-model,S1,skew,23,274,2,2,0,274,10441,10167,10441,10589,10937,11065,11065,11097,2,2
varp.k26.scheduler-event.v1,analytical-model,S1,skew,23,240,3,3,0,240,10645,10405,10645,10721,11029,11093,11093,11109,0,3
varp.k26.scheduler-event.v1,analytical-model,S1,skew,23,297,2,2,0,297,11097,10800,11097,11389,11097,11353,11389,11453,1,2
varp.k26.scheduler-event.v1,analytical-model,S1,skew,23,270,3,3,0,270,11109,10839,11109,11401,11109,11365,11401,11465,2,3
varp.k26.scheduler-event.v1,analytical-model,S1,skew,23,29,0,0,0,29,11157,11128,11157,11305,11353,11481,11481,11513,1,0
varp.k26.scheduler-event.v1,analytical-model,S1,skew,23,243,1,1,0,243,11193,10950,11193,11233,11193,11225,11233,11241,3,1
varp.k26.scheduler-event.v1,analytical-model,S1,skew,23,282,1,1,0,282,11241,10959,11241,11519,11365,11621,11621,11685,2,1
varp.k26.scheduler-event.v1,analytical-model,S1,skew,23,301,2,2,0,301,11453,11152,11453,11731,11481,11737,11737,11801,1,2
varp.k26.scheduler-event.v1,analytical-model,S1,skew,23,286,3,3,0,286,11465,11179,11465,12015,11621,12133,12133,12261,2,3
varp.k26.scheduler-event.v1,analytical-model,S1,skew,23,30,0,0,0,30,11513,11483,11513,12051,12133,12645,12645,12773,2,0
varp.k26.scheduler-event.v1,analytical-model,S1,skew,23,290,1,1,0,290,11685,11395,11685,11833,12645,12773,12773,12805,2,1
varp.k26.scheduler-event.v1,analytical-model,S1,skew,23,311,2,2,0,311,11801,11490,11801,12867,11801,12825,12867,13123,3,2
varp.k26.scheduler-event.v1,analytical-model,S1,skew,23,289,3,3,0,289,12261,11972,12261,12539,12261,12517,12539,12603,1,3
varp.k26.scheduler-event.v1,analytical-model,S1,skew,23,293,3,3,0,293,12603,12310,12603,13141,12603,13115,13141,13269,1,3
varp.k26.scheduler-event.v1,analytical-model,S1,skew,23,31,0,0,0,31,12773,12742,12773,12847,12825,12889,12889,12905,3,0
varp.k26.scheduler-event.v1,analytical-model,S1,skew,23,326,1,1,0,326,12805,12479,12805,12881,12805,12869,12881,12897,2,1
varp.k26.scheduler-event.v1,analytical-model,S1,skew,23,332,1,1,0,332,12897,12565,12897,12937,12897,12929,12937,12945,0,1
varp.k26.scheduler-event.v1,analytical-model,S1,skew,23,32,0,0,0,32,12905,12873,12905,13455,12929,13441,13455,13583,0,0
varp.k26.scheduler-event.v1,analytical-model,S1,skew,23,355,1,1,0,355,12945,12590,12945,13019,12945,13009,13019,13035,3,1
varp.k26.scheduler-event.v1,analytical-model,S1,skew,23,362,1,1,0,362,13035,12673,13035,13183,13035,13163,13183,13215,2,1
varp.k26.scheduler-event.v1,analytical-model,S1,skew,23,333,2,2,0,333,13123,12790,13123,13197,13123,13187,13197,13213,1,2
varp.k26.scheduler-event.v1,analytical-model,S1,skew,23,347,2,2,0,347,13213,12866,13213,13355,13213,13341,13355,13387,3,2
varp.k26.scheduler-event.v1,analytical-model,S1,skew,23,373,1,1,0,373,13215,12842,13215,13291,13215,13279,13291,13307,1,1
varp.k26.scheduler-event.v1,analytical-model,S1,skew,23,308,3,3,0,308,13269,12961,13269,13343,13441,13505,13505,13521,0,3
varp.k26.scheduler-event.v1,analytical-model,S1,skew,23,384,1,1,0,384,13307,12923,13307,14373,13505,14529,14529,14785,0,1
varp.k26.scheduler-event.v1,analytical-model,S1,skew,23,358,2,2,0,358,13387,13029,13387,13463,13387,13451,13463,13479,2,2
varp.k26.scheduler-event.v1,analytical-model,S1,skew,23,360,2,2,0,360,13479,13119,13479,13757,14529,14785,14785,14849,0,2
varp.k26.scheduler-event.v1,analytical-model,S1,skew,23,313,3,3,0,313,13521,13208,13521,14071,13521,14033,14071,14199,1,3
varp.k26.scheduler-event.v1,analytical-model,S1,skew,23,33,0,0,0,33,13583,13550,13583,13875,14033,14289,14289,14353,1,0
varp.k26.scheduler-event.v1,analytical-model,S1,skew,23,336,3,3,0,336,14199,13863,14199,14341,14785,14913,14913,14945,0,3
varp.k26.scheduler-event.v1,analytical-model,S1,skew,23,35,0,0,0,35,14353,14318,14353,15419,14353,15377,15419,15675,3,0
varp.k26.scheduler-event.v1,analytical-model,S1,skew,23,438,1,1,0,438,14785,14347,14785,15063,14785,15041,15063,15127,2,1
varp.k26.scheduler-event.v1,analytical-model,S1,skew,23,388,2,2,0,388,14849,14461,14849,14991,14913,15041,15041,15073,0,2
varp.k26.scheduler-event.v1,analytical-model,S1,skew,23,406,3,3,0,406,14945,14539,14945,15219,15041,15297,15297,15361,2,3
varp.k26.scheduler-event.v1,analytical-model,S1,skew,23,415,2,2,0,415,15073,14658,15073,15215,15377,15505,15505,15537,3,2
varp.k26.scheduler-event.v1,analytical-model,S1,skew,23,484,1,1,0,484,15127,14643,15127,16193,15127,16151,16193,16449,0,1
varp.k26.scheduler-event.v1,analytical-model,S1,skew,23,410,3,3,0,410,15361,14951,15361,15437,15361,15425,15437,15453,2,3
varp.k26.scheduler-event.v1,analytical-model,S1,skew,23,421,3,3,0,421,15453,15032,15453,15527,15453,15517,15527,15543,1,3
varp.k26.scheduler-event.v1,analytical-model,S1,skew,23,420,2,2,0,420,15537,15117,15537,15611,16151,16215,16215,16231,0,2
varp.k26.scheduler-event.v1,analytical-model,S1,skew,23,453,3,3,0,453,15543,15090,15543,15691,15543,15671,15691,15723,1,3
varp.k26.scheduler-event.v1,analytical-model,S1,skew,23,37,0,0,0,37,15675,15638,15675,15953,15675,15931,15953,16017,1,0
varp.k26.scheduler-event.v1,analytical-model,S1,skew,23,468,3,3,0,468,15723,15255,15723,16261,16215,16727,16727,16855,0,3
varp.k26.scheduler-event.v1,analytical-model,S1,skew,23,38,0,0,0,38,16017,15979,16017,16091,16017,16081,16091,16107,2,0
varp.k26.scheduler-event.v1,analytical-model,S1,skew,23,40,0,0,0,40,16107,16067,16107,16385,16727,16983,16983,17047,0,0
varp.k26.scheduler-event.v1,analytical-model,S1,skew,23,430,2,2,0,430,16231,15801,16231,16781,16231,16743,16781,16909,2,2
varp.k26.scheduler-event.v1,analytical-model,S1,skew,23,485,1,1,0,485,16449,15964,16449,16525,16449,16513,16525,16541,1,1
varp.k26.scheduler-event.v1,analytical-model,S1,skew,23,491,1,1,0,491,16541,16050,16541,16581,16541,16573,16581,16589,3,1
varp.k26.scheduler-event.v1,analytical-model,S1,skew,23,499,1,1,0,499,16589,16090,16589,16665,16589,16653,16665,16681,3,1
varp.k26.scheduler-event.v1,analytical-model,S1,skew,23,500,1,1,0,500,16681,16181,16681,16823,16983,17111,17111,17143,0,1
varp.k26.scheduler-event.v1,analytical-model,S1,skew,23,478,3,3,0,478,16855,16377,16855,17133,16855,17111,17133,17197,2,3
varp.k26.scheduler-event.v1,analytical-model,S1,skew,23,452,2,2,0,452,16909,16457,16909,17201,17111,17367,17367,17431,0,2
varp.k26.scheduler-event.v1,analytical-model,S1,skew,23,41,0,0,0,41,17047,17006,17047,17121,17047,17111,17121,17137,1,0
varp.k26.scheduler-event.v1,analytical-model,S1,skew,23,43,0,0,0,43,17137,17094,17137,17285,17137,17265,17285,17317,3,0
varp.k26.scheduler-event.v1,analytical-model,S1,skew,23,523,1,1,0,523,17143,16620,17143,17183,17265,17297,17297,17305,3,1
varp.k26.scheduler-event.v1,analytical-model,S1,skew,23,486,3,3,0,486,17197,16711,17197,17237,17197,17229,17237,17245,2,3
varp.k26.scheduler-event.v1,analytical-model,S1,skew,23,497,3,3,0,497,17245,16748,17245,17387,17245,17373,17387,17419,1,3
varp.k26.scheduler-event.v1,analytical-model,S1,skew,23,540,1,1,0,540,17305,16765,17305,17843,17367,17879,17879,18007,0,1
varp.k26.scheduler-event.v1,analytical-model,S1,skew,23,44,0,0,0,44,17317,17273,17317,17609,17879,18135,18135,18199,0,0
varp.k26.scheduler-event.v1,analytical-model,S1,skew,23,506,3,3,0,506,17419,16913,17419,18485,17419,18443,18485,18741,2,3
varp.k26.scheduler-event.v1,analytical-model,S1,skew,23,455,2,2,0,455,17431,16976,17431,17507,17431,17495,17507,17523,3,2
varp.k26.scheduler-event.v1,analytical-model,S1,skew,23,463,2,2,0,463,17523,17060,17523,17665,17523,17651,17665,17697,3,2
varp.k26.scheduler-event.v1,analytical-model,S1,skew,23,473,2,2,0,473,17697,17224,17697,17975,17697,17953,17975,18039,1,2
varp.k26.scheduler-event.v1,analytical-model,S1,skew,23,549,1,1,0,549,18007,17458,18007,19073,18007,19031,19073,19329,1,1
varp.k26.scheduler-event.v1,analytical-model,S1,skew,23,474,2,2,0,474,18039,17565,18039,18113,18443,18507,18507,18523,2,2
varp.k26.scheduler-event.v1,analytical-model,S1,skew,23,45,0,0,0,45,18199,18154,18199,18491,19031,19287,19287,19351,1,0
varp.k26.scheduler-event.v1,analytical-model,S1,skew,23,475,2,2,0,475,18523,18048,18523,18597,18523,18587,18597,18613,3,2
varp.k26.scheduler-event.v1,analytical-model,S1,skew,23,519,2,2,0,519,18613,18094,18613,18755,18613,18741,18755,18787,3,2
varp.k26.scheduler-event.v1,analytical-model,S1,skew,23,516,3,3,0,516,18741,18225,18741,19033,18741,18997,19033,19097,0,3
varp.k26.scheduler-event.v1,analytical-model,S1,skew,23,563,2,2,0,563,18787,18224,18787,19065,18787,19043,19065,19129,3,2
varp.k26.scheduler-event.v1,analytical-model,S1,skew,23,542,3,3,0,542,19097,18555,19097,19173,19097,19161,19173,19189,2,3
varp.k26.scheduler-event.v1,analytical-model,S1,skew,23,567,2,2,0,567,19129,18562,19129,20195,19129,20153,20195,20451,3,2
varp.k26.scheduler-event.v1,analytical-model,S1,skew,23,561,3,3,0,561,19189,18628,19189,20255,19287,20311,20311,20567,1,3
varp.k26.scheduler-event.v1,analytical-model,S1,skew,23,562,1,1,0,562,19329,18767,19329,19603,19329,19585,19603,19667,2,1
varp.k26.scheduler-event.v1,analytical-model,S1,skew,23,46,0,0,0,46,19351,19305,19351,19391,19585,19617,19617,19625,2,0
varp.k26.scheduler-event.v1,analytical-model,S1,skew,23,47,0,0,0,47,19625,19578,19625,19699,20153,20217,20217,20233,3,0
varp.k26.scheduler-event.v1,analytical-model,S1,skew,23,564,1,1,0,564,19667,19103,19667,19707,19667,19699,19707,19715,0,1
varp.k26.scheduler-event.v1,analytical-model,S1,skew,23,565,1,1,0,565,19715,19150,19715,19857,20311,20439,20439,20471,1,1
varp.k26.scheduler-event.v1,analytical-model,S1,skew,23,48,0,0,0,48,20233,20185,20233,20507,20233,20489,20507,20571,0,0
varp.k26.scheduler-event.v1,analytical-model,S1,skew,23,570,2,2,0,570,20451,19881,20451,21001,20451,20963,21001,21129,2,2
varp.k26.scheduler-event.v1,analytical-model,S1,skew,23,582,1,1,0,582,20471,19889,20471,20613,20963,21091,21091,21123,2,1
varp.k26.scheduler-event.v1,analytical-model,S1,skew,23,572,3,3,0,572,20567,19995,20567,20643,20567,20631,20643,20659,0,3
varp.k26.scheduler-event.v1,analytical-model,S1,skew,23,49,0,0,0,49,20571,20522,20571,21637,20571,21595,21637,21893,1,0
varp.k26.scheduler-event.v1,analytical-model,S1,skew,23,574,3,3,0,574,20659,20085,20659,20801,21091,21219,21219,21251,2,3
varp.k26.scheduler-event.v1,analytical-model,S1,skew,23,588,1,1,0,588,21123,20535,21123,21415,21123,21379,21415,21479,0,1
varp.k26.scheduler-event.v1,analytical-model,S1,skew,23,571,2,2,0,571,21129,20558,21129,21277,21129,21257,21277,21309,3,2
varp.k26.scheduler-event.v1,analytical-model,S1,skew,23,578,3,3,0,578,21251,20673,21251,21393,21251,21379,21393,21425,2,3
varp.k26.scheduler-event.v1,analytical-model,S1,skew,23,580,2,2,0,580,21309,20729,21309,21457,21379,21507,21507,21539,0,2
varp.k26.scheduler-event.v1,analytical-model,S1,skew,23,604,3,3,0,604,21425,20821,21425,21963,21507,22019,22019,22147,0,3
varp.k26.scheduler-event.v1,analytical-model,S1,skew,23,594,1,1,0,594,21479,20885,21479,21753,21479,21735,21753,21817,2,1
varp.k26.scheduler-event.v1,analytical-model,S1,skew,23,584,2,2,0,584,21539,20955,21539,22077,22019,22531,22531,22659,0,2
varp.k26.scheduler-event.v1,analytical-model,S1,skew,23,603,1,1,0,603,21817,21214,21817,21893,21817,21881,21893,21909,3,1
varp.k26.scheduler-event.v1,analytical-model,S1,skew,23,50,0,0,0,50,21893,21843,21893,22035,21893,22021,22035,22067,2,0
varp.k26.scheduler-event.v1,analytical-model,S1,skew,23,606,1,1,0,606,21909,21303,21909,22975,22021,23045,23045,23301,2,1
varp.k26.scheduler-event.v1,analytical-model,S1,skew,23,51,0,0,0,51,22067,22016,22067,22209,22067,22195,22209,22241,3,0
varp.k26.scheduler-event.v1,analytical-model,S1,skew,23,607,3,3,0,607,22147,21540,22147,22187,22195,22227,22227,22235,3,3
varp.k26.scheduler-event.v1,analytical-model,S1,skew,23,617,3,3,0,617,22235,21618,22235,22377,22235,22363,22377,22409,1,3
varp.k26.scheduler-event.v1,analytical-model,S1,skew,23,53,0,0,0,53,22241,22188,22241,22779,22363,22875,22875,23003,1,0
varp.k26.scheduler-event.v1,analytical-model,S1,skew,23,636,3,3,0,636,22409,21773,22409,22557,22531,22659,22659,22691,0,3
varp.k26.scheduler-event.v1,analytical-model,S1,skew,23,609,2,2,0,609,22659,22050,22659,22733,22875,22939,22939,22955,1,2
varp.k26.scheduler-event.v1,analytical-model,S1,skew,23,663,3,3,0,663,22691,22028,22691,22983,22691,22947,22983,23047,3,3
varp.k26.scheduler-event.v1,analytical-model,S1,skew,23,621,2,2,0,621,22955,22334,22955,23097,22955,23083,23097,23129,1,2
varp.k26.scheduler-event.v1,analytical-model,S1,skew,23,54,0,0,0,54,23003,22949,23003,23151,23045,23173,23173,23205,2,0
varp.k26.scheduler-event.v1,analytical-model,S1,skew,23,665,3,3,0,665,23047,22382,23047,23195,23083,23211,23211,23243,1,3
varp.k26.scheduler-event.v1,analytical-model,S1,skew,23,651,2,2,0,651,23129,22478,23129,23679,23129,23641,23679,23807,3,2
varp.k26.scheduler-event.v1,analytical-model,S1,skew,23,55,0,0,0,55,23205,23150,23205,23281,23641,23705,23705,23721,3,0
varp.k26.scheduler-event.v1,analytical-model,S1,skew,23,670,3,3,0,670,23243,22573,23243,23283,23243,23275,23283,23291,2,3
varp.k26.scheduler-event.v1,analytical-model,S1,skew,23,680,3,3,0,680,23291,22611,23291,23433,23291,23419,23433,23465,0,3
varp.k26.scheduler-event.v1,analytical-model,S1,skew,23,625,1,1,0,625,23301,22676,23301,23377,23301,23365,23377,23393,1,1
varp.k26.scheduler-event.v1,analytical-model,S1,skew,23,639,1,1,0,639,23393,22754,23393,23671,23705,23961,23961,24025,3,1
varp.k26.scheduler-event.v1,analytical-model,S1,skew,23,710,3,3,0,710,23465,22755,23465,23739,23465,23721,23739,23803,2,3
varp.k26.scheduler-event.v1,analytical-model,S1,skew,23,57,0,0,0,57,23721,23664,23721,23995,23721,23977,23995,24059,1,0
varp.k26.scheduler-event.v1,analytical-model,S1,skew,23,712,3,3,0,712,23803,23091,23803,23879,23803,23867,23879,23895,0,3
varp.k26.scheduler-event.v1,analytical-model,S1,skew,23,668,2,2,0,668,23807,23139,23807,24099,23867,24123,24123,24187,0,2
varp.k26.scheduler-event.v1,analytical-model,S1,skew,23,734,3,3,0,734,23895,23161,23895,24169,23895,24151,24169,24233,2,3
varp.k26.scheduler-event.v1,analytical-model,S1,skew,23,647,1,1,0,647,24025,23378,24025,24099,24025,24089,24099,24115,3,1
varp.k26.scheduler-event.v1,analytical-model,S1,skew,23,58,0,0,0,58,24059,24001,24059,24201,24151,24279,24279,24311,2,0
varp.k26.scheduler-event.v1,analytical-model,S1,skew,23,683,1,1,0,683,24115,23432,24115,24393,24115,24371,24393,24457,3,1
varp.k26.scheduler-event.v1,analytical-model,S1,skew,23,684,2,2,0,684,24187,23503,24187,24329,24187,24315,24329,24361,0,2
varp.k26.scheduler-event.v1,analytical-model,S1,skew,23,755,3,3,0,755,24233,23478,24233,24511,24371,24627,24627,24691,3,3
varp.k26.scheduler-event.v1,analytical-model,S1,skew,23,60,0,0,0,60,24311,24251,24311,24585,24315,24571,24585,24649,0,0
varp.k26.scheduler-event.v1,analytical-model,S1,skew,23,686,2,2,0,686,24361,23675,24361,24653,24361,24617,24653,24717,2,2
varp.k26.scheduler-event.v1,analytical-model,S1,skew,23,702,1,1,0,702,24457,23755,24457,24531,24617,24681,24681,24697,2,1
varp.k26.scheduler-event.v1,analytical-model,S1,skew,23,61,0,0,0,61,24649,24588,24649,25199,24649,25161,25199,25327,1,0
varp.k26.scheduler-event.v1,analytical-model,S1,skew,23,774,3,3,0,774,24691,23917,24691,24983,24691,24947,24983,25047,2,3
varp.k26.scheduler-event.v1,analytical-model,S1,skew,23,718,1,1,0,718,24697,23979,24697,24971,24947,25203,25203,25267,2,1
varp.k26.scheduler-event.v1,analytical-model,S1,skew,23,689,2,2,0,689,24717,24028,24717,25267,25161,25673,25673,25801,1,2
varp.k26.scheduler-event.v1,analytical-model,S1,skew,23,798,3,3,0,798,25047,24249,25047,25195,25203,25331,25331,25363,2,3
varp.k26.scheduler-event.v1,analytical-model,S1,skew,23,743,1,1,0,743,25267,24524,25267,25415,25267,25395,25415,25447,3,1
varp.k26.scheduler-event.v1,analytical-model,S1,skew,23,62,0,0,0,62,25327,25265,25327,25877,25331,25843,25877,26005,2,0
varp.k26.scheduler-event.v1,analytical-model,S1,skew,23,814,3,3,0,814,25363,24549,25363,25437,25843,25907,25907,25923,2,3
varp.k26.scheduler-event.v1,analytical-model,S1,skew,23,749,1,1,0,749,25447,24698,25447,25521,25673,25737,25737,25753,1,1
varp.k26.scheduler-event.v1,analytical-model,S1,skew,23,756,1,1,0,756,25753,24997,25753,25827,25753,25817,25827,25843,0,1
varp.k26.scheduler-event.v1,analytical-model,S1,skew,23,698,2,2,0,698,25801,25103,25801,25943,25907,26035,26035,26067,2,2
varp.k26.scheduler-event.v1,analytical-model,S1,skew,23,764,1,1,0,764,25843,25079,25843,26909,25843,26867,26909,27165,0,1
varp.k26.scheduler-event.v1,analytical-model,S1,skew,23,819,3,3,0,819,25923,25104,25923,26197,25923,26179,26197,26261,3,3
varp.k26.scheduler-event.v1,analytical-model,S1,skew,23,63,0,0,0,63,26005,25942,26005,26555,26179,26691,26691,26819,3,0
varp.k26.scheduler-event.v1,analytical-model,S1,skew,23,728,2,2,0,728,26067,25339,26067,26209,26867,26995,26995,27027,0,2
varp.k26.scheduler-event.v1,analytical-model,S1,skew,23,823,3,3,0,823,26261,25438,26261,26337,26691,26755,26755,26771,3,3
varp.k26.scheduler-event.v1,analytical-model,S1,skew,23,825,3,3,0,825,26771,25946,26771,27045,26771,27027,27045,27109,1,3
varp.k26.scheduler-event.v1,analytical-model,S1,skew,23,64,0,0,0,64,26819,26755,26819,27097,26995,27251,27251,27315,0,0
varp.k26.scheduler-event.v1,analytical-model,S1,skew,23,751,2,2,0,751,27027,26276,27027,27565,27027,27539,27565,27693,3,2
varp.k26.scheduler-event.v1,analytical-model,S1,skew,23,830,3,3,0,830,27109,26279,27109,27251,27109,27237,27251,27283,2,3
varp.k26.scheduler-event.v1,analytical-model,S1,skew,23,796,1,1,0,796,27165,26369,27165,27239,27251,27315,27315,27331,0,1
varp.k26.scheduler-event.v1,analytical-model,S1,skew,23,843,3,3,0,843,27283,26440,27283,27323,27539,27571,27571,27579,3,3
varp.k26.scheduler-event.v1,analytical-model,S1,skew,23,65,0,0,0,65,27315,27250,27315,27853,27315,27827,27853,27981,1,0
varp.k26.scheduler-event.v1,analytical-model,S1,skew,23,839,1,1,0,839,27331,26492,27331,27881,27571,28083,28083,28211,3,1
varp.k26.scheduler-event.v1,analytical-model,S1,skew,23,846,3,3,0,846,27579,26733,27579,27619,27579,27611,27619,27627,2,3
varp.k26.scheduler-event.v1,analytical-model,S1,skew,23,859,3,3,0,859,27627,26768,27627,27667,28083,28115,28115,28123,3,3
varp.k26.scheduler-event.v1,analytical-model,S1,skew,23,851,2,2,0,851,27693,26842,27693,27841,28115,28243,28243,28275,3,2
varp.k26.scheduler-event.v1,analytical-model,S1,skew,23,67,0,0,0,67,27981,27914,27981,28273,28243,28499,28499,28563,3,0
varp.k26.scheduler-event.v1,analytical-model,S1,skew,23,862,3,3,0,862,28123,27261,28123,28415,28123,28379,28415,28479,2,3
varp.k26.scheduler-event.v1,analytical-model,S1,skew,23,904,1,1,0,904,28211,27307,28211,28353,28211,28339,28353,28385,0,1
varp.k26.scheduler-event.v1,analytical-model,S1,skew,23,856,2,2,0,856,28275,27419,28275,28553,28339,28595,28595,28659,0,2
varp.k26.scheduler-event.v1,analytical-model,S1,skew,23,907,1,1,0,907,28385,27478,28385,28659,28499,28755,28755,28819,3,1
varp.k26.scheduler-event.v1,analytical-model,S1,skew,23,888,3,3,0,888,28479,27591,28479,29545,28595,29619,29619,29875,0,3
varp.k26.scheduler-event.v1,analytical-model,S1,skew,23,70,0,0,0,70,28563,28493,28563,28837,28563,28819,28837,28901,2,0
varp.k26.scheduler-event.v1,analytical-model,S1,skew,23,867,2,2,0,867,28659,27792,28659,28735,28755,28819,28819,28835,3,2
varp.k26.scheduler-event.v1,analytical-model,S1,skew,23,915,1,1,0,915,28819,27904,28819,29357,28819,29331,29357,29485,3,1
varp.k26.scheduler-event.v1,analytical-model,S1,skew,23,880,2,2,0,880,28835,27955,28835,29113,29619,29875,29875,29939,0,2
varp.k26.scheduler-event.v1,analytical-model,S1,skew,23,72,0,0,0,72,28901,28829,28901,29175,29875,30131,30131,30195,0,0
varp.k26.scheduler-event.v1,analytical-model,S1,skew,23,920,1,1,0,920,29485,28565,29485,30035,30131,30643,30643,30771,0,1
varp.k26.scheduler-event.v1,analytical-model,S1,skew,23,902,2,2,0,902,29939,29037,29939,30015,29939,30003,30015,30031,2,2
varp.k26.scheduler-event.v1,analytical-model,S1,skew,23,903,2,2,0,903,30031,29128,30031,30305,30031,30287,30305,30369,3,2
varp.k26.scheduler-event.v1,analytical-model,S1,skew,23,73,0,0,0,73,30195,30122,30195,30337,30195,30323,30337,30369,1,0
varp.k26.scheduler-event.v1,analytical-model,S1,skew,23,74,0,0,0,74,30369,30295,30369,30511,30369,30497,30511,30543,2,0
varp.k26.scheduler-event.v1,analytical-model,S1,skew,23,921,2,2,0,921,30369,29448,30369,30643,30369,30625,30643,30707,1,2
varp.k26.scheduler-event.v1,analytical-model,S1,skew,23,75,0,0,0,75,30543,30468,30543,30821,30543,30799,30821,30885,3,0
varp.k26.scheduler-event.v1,analytical-model,S1,skew,23,932,2,2,0,932,30707,29775,30707,30747,30707,30739,30747,30755,0,2
varp.k26.scheduler-event.v1,analytical-model,S1,skew,23,939,2,2,0,939,30755,29816,30755,31305,30799,31311,31311,31439,3,2
varp.k26.scheduler-event.v1,analytical-model,S1,skew,23,922,1,1,0,922,30771,29849,30771,30913,30771,30899,30913,30945,2,1
varp.k26.scheduler-event.v1,analytical-model,S1,skew,23,77,0,0,0,77,30885,30808,30885,30961,30885,30949,30961,30977,1,0
varp.k26.scheduler-event.v1,analytical-model,S1,skew,23,934,1,1,0,934,30945,30011,30945,31021,30945,31009,31021,31037,2,1
varp.k26.scheduler-event.v1,analytical-model,S1,skew,23,78,0,0,0,78,30977,30899,30977,31119,31009,31137,31137,31169,2,0
varp.k26.scheduler-event.v1,analytical-model,S1,skew,23,963,1,1,0,963,31037,30074,31037,31185,31311,31439,31439,31471,3,1
varp.k26.scheduler-event.v1,analytical-model,S1,skew,23,79,0,0,0,79,31169,31090,31169,31209,31439,31471,31471,31479,3,0
varp.k26.scheduler-event.v1,analytical-model,S1,skew,23,952,2,2,0,952,31439,30487,31439,31515,31439,31503,31515,31531,0,2
varp.k26.scheduler-event.v1,analytical-model,S1,skew,23,980,1,1,0,980,31471,30491,31471,31749,31503,31759,31759,31823,0,1
varp.k26.scheduler-event.v1,analytical-model,S1,skew,23,80,0,0,0,80,31479,31399,31479,31621,31759,31887,31887,31919,0,0
varp.k26.scheduler-event.v1,analytical-model,S1,skew,23,975,2,2,0,975,31531,30556,31531,31679,31531,31659,31679,31711,3,2
varp.k26.scheduler-event.v1,analytical-model,S1,skew,23,987,1,1,0,987,31823,30836,31823,31971,31823,31951,31971,32003,3,1
varp.k26.scheduler-event.v1,analytical-model,S1,skew,23,81,0,0,0,81,31919,31838,31919,32985,31919,32943,32985,33241,1,0
varp.k26.scheduler-event.v1,analytical-model,S1,skew,23,994,1,1,0,994,32003,31009,32003,32043,32003,32035,32043,32051,2,1
varp.k26.scheduler-event.v1,analytical-model,S1,skew,23,997,1,1,0,997,32051,31054,32051,32127,32943,33007,33007,33023,1,1
varp.k26.scheduler-event.v1,analytical-model,S1,skew,23,998,1,1,0,998,33023,32025,33023,33301,33023,33279,33301,33365,2,1
varp.k26.scheduler-event.v1,analytical-model,S1,skew,23,83,0,0,0,83,33241,33158,33241,33383,33241,33369,33383,33415,3,0
varp.k26.scheduler-event.v1,analytical-model,S1,skew,23,86,0,0,0,86,33415,33329,33415,33489,33415,33479,33489,33505,2,0
varp.k26.scheduler-event.v1,analytical-model,S1,skew,23,87,0,0,0,87,33505,33418,33505,33797,33505,33761,33797,33861,3,0
varp.k26.scheduler-event.v1,analytical-model,S1,skew,23,88,0,0,0,88,33861,33773,33861,33901,33861,33893,33901,33909,0,0
varp.k26.scheduler-event.v1,analytical-model,S1,skew,23,89,0,0,0,89,33909,33820,33909,33949,33909,33941,33949,33957,1,0
varp.k26.scheduler-event.v1,analytical-model,S1,skew,23,90,0,0,0,90,33957,33867,33957,34099,33957,34085,34099,34131,2,0
varp.k26.scheduler-event.v1,analytical-model,S1,skew,23,93,0,0,0,93,34131,34038,34131,34681,34131,34643,34681,34809,1,0
varp.k26.scheduler-event.v1,analytical-model,S1,skew,23,94,0,0,0,94,34809,34715,34809,35359,34809,35321,35359,35487,2,0
varp.k26.scheduler-event.v1,analytical-model,S1,skew,23,95,0,0,0,95,35487,35392,35487,35629,35487,35615,35629,35661,3,0
varp.k26.scheduler-event.v1,analytical-model,S1,skew,23,96,0,0,0,96,35661,35565,35661,35935,35661,35917,35935,35999,0,0
varp.k26.scheduler-event.v1,analytical-model,S1,skew,23,97,0,0,0,97,35999,35902,35999,36039,35999,36031,36039,36047,1,0
varp.k26.scheduler-event.v1,analytical-model,S1,skew,23,98,0,0,0,98,36047,35949,36047,36585,36047,36559,36585,36713,2,0
varp.k26.scheduler-event.v1,analytical-model,S1,skew,23,100,0,0,0,100,36713,36613,36713,36855,36713,36841,36855,36887,0,0
varp.k26.scheduler-event.v1,analytical-model,S1,skew,23,101,0,0,0,101,36887,36786,36887,37437,36887,37399,37437,37565,1,0
varp.k26.scheduler-event.v1,analytical-model,S1,skew,23,102,0,0,0,102,37565,37463,37565,38115,37565,38077,38115,38243,2,0
varp.k26.scheduler-event.v1,analytical-model,S1,skew,23,103,0,0,0,103,38243,38140,38243,38283,38243,38275,38283,38291,3,0
varp.k26.scheduler-event.v1,analytical-model,S1,skew,23,106,0,0,0,106,38291,38185,38291,39357,38291,39315,39357,39613,2,0
varp.k26.scheduler-event.v1,analytical-model,S1,skew,23,107,0,0,0,107,39613,39506,39613,40679,39613,40637,40679,40935,3,0
varp.k26.scheduler-event.v1,analytical-model,S1,skew,23,108,0,0,0,108,40935,40827,40935,41213,40935,41191,41213,41277,0,0
varp.k26.scheduler-event.v1,analytical-model,S1,skew,23,110,0,0,0,110,41277,41167,41277,41425,41277,41405,41425,41457,2,0
varp.k26.scheduler-event.v1,analytical-model,S1,skew,23,111,0,0,0,111,41457,41346,41457,41599,41457,41585,41599,41631,3,0
varp.k26.scheduler-event.v1,analytical-model,S1,skew,23,113,0,0,0,113,41631,41518,41631,41707,41631,41695,41707,41723,1,0
varp.k26.scheduler-event.v1,analytical-model,S1,skew,23,116,0,0,0,116,41723,41607,41723,41865,41723,41851,41865,41897,0,0
varp.k26.scheduler-event.v1,analytical-model,S1,skew,23,117,0,0,0,117,41897,41780,41897,41937,41897,41929,41937,41945,1,0
varp.k26.scheduler-event.v1,analytical-model,S1,skew,23,118,0,0,0,118,41945,41827,41945,42019,41945,42009,42019,42035,2,0
varp.k26.scheduler-event.v1,analytical-model,S1,skew,23,120,0,0,0,120,42035,41915,42035,43101,42035,43059,43101,43357,0,0
varp.k26.scheduler-event.v1,analytical-model,S1,skew,23,123,0,0,0,123,43357,43234,43357,43397,43357,43389,43397,43405,3,0
varp.k26.scheduler-event.v1,analytical-model,S1,skew,23,124,0,0,0,124,43405,43281,43405,43943,43405,43917,43943,44071,0,0
varp.k26.scheduler-event.v1,analytical-model,S1,skew,23,126,0,0,0,126,44071,43945,44071,44147,44071,44135,44147,44163,2,0
varp.k26.scheduler-event.v1,analytical-model,S1,skew,23,127,0,0,0,127,44163,44036,44163,44441,44163,44419,44441,44505,3,0
varp.k26.scheduler-event.v1,analytical-model,S1,skew,23,128,0,0,0,128,44505,44377,44505,44779,44505,44761,44779,44843,0,0
varp.k26.scheduler-event.v1,analytical-model,S1,skew,23,129,0,0,0,129,44843,44714,44843,44919,44843,44907,44919,44935,1,0
varp.k26.scheduler-event.v1,analytical-model,S1,skew,23,130,0,0,0,130,44935,44805,44935,45227,44935,45191,45227,45291,2,0
varp.k26.scheduler-event.v1,analytical-model,S1,skew,23,131,0,0,0,131,45291,45160,45291,45367,45291,45355,45367,45383,3,0
varp.k26.scheduler-event.v1,analytical-model,S1,skew,23,132,0,0,0,132,45383,45251,45383,45921,45383,45895,45921,46049,0,0
varp.k26.scheduler-event.v1,analytical-model,S1,skew,23,133,0,0,0,133,46049,45916,46049,46191,46049,46177,46191,46223,1,0
varp.k26.scheduler-event.v1,analytical-model,S1,skew,23,134,0,0,0,134,46223,46089,46223,46365,46223,46351,46365,46397,2,0
varp.k26.scheduler-event.v1,analytical-model,S1,skew,23,135,0,0,0,135,46397,46262,46397,46437,46397,46429,46437,46445,3,0
varp.k26.scheduler-event.v1,analytical-model,S1,skew,23,136,0,0,0,136,46445,46309,46445,46587,46445,46573,46587,46619,0,0
varp.k26.scheduler-event.v1,analytical-model,S1,skew,23,137,0,0,0,137,46619,46482,46619,47685,46619,47643,47685,47941,1,0
varp.k26.scheduler-event.v1,analytical-model,S1,skew,23,139,0,0,0,139,47941,47802,47941,47981,47941,47973,47981,47989,3,0
varp.k26.scheduler-event.v1,analytical-model,S1,skew,23,140,0,0,0,140,47989,47849,47989,48065,47989,48053,48065,48081,0,0
varp.k26.scheduler-event.v1,analytical-model,S1,skew,23,141,0,0,0,141,48081,47940,48081,49147,48081,49105,49147,49403,1,0
varp.k26.scheduler-event.v1,analytical-model,S1,skew,23,142,0,0,0,142,49403,49261,49403,49443,49403,49435,49443,49451,2,0
varp.k26.scheduler-event.v1,analytical-model,S1,skew,23,143,0,0,0,143,49451,49308,49451,49743,49451,49707,49743,49807,3,0
varp.k26.scheduler-event.v1,analytical-model,S1,skew,23,144,0,0,0,144,49807,49663,49807,49881,49807,49871,49881,49897,0,0
varp.k26.scheduler-event.v1,analytical-model,S1,skew,23,145,0,0,0,145,49897,49752,49897,49937,49897,49929,49937,49945,1,0
varp.k26.scheduler-event.v1,analytical-model,S1,skew,23,147,0,0,0,147,49945,49798,49945,49985,49945,49977,49985,49993,3,0
varp.k26.scheduler-event.v1,analytical-model,S1,skew,23,150,0,0,0,150,49993,49843,49993,51059,49993,51017,51059,51315,2,0
varp.k26.scheduler-event.v1,analytical-model,S1,skew,23,151,0,0,0,151,51315,51164,51315,52381,51315,52339,52381,52637,3,0
varp.k26.scheduler-event.v1,analytical-model,S1,skew,23,152,0,0,0,152,52637,52485,52637,52711,52637,52701,52711,52727,0,0
varp.k26.scheduler-event.v1,analytical-model,S1,skew,23,153,0,0,0,153,52727,52574,52727,52803,52727,52791,52803,52819,1,0
varp.k26.scheduler-event.v1,analytical-model,S1,skew,23,157,0,0,0,157,52819,52662,52819,53111,52819,53075,53111,53175,1,0
varp.k26.scheduler-event.v1,analytical-model,S1,skew,23,158,0,0,0,158,53175,53017,53175,53467,53175,53431,53467,53531,2,0
varp.k26.scheduler-event.v1,analytical-model,S1,skew,23,160,0,0,0,160,53531,53371,53531,54597,53531,54555,54597,54853,0,0
varp.k26.scheduler-event.v1,analytical-model,S1,skew,23,161,0,0,0,161,54853,54692,54853,55403,54853,55365,55403,55531,1,0
varp.k26.scheduler-event.v1,analytical-model,S1,skew,23,162,0,0,0,162,55531,55369,55531,55673,55531,55659,55673,55705,2,0
varp.k26.scheduler-event.v1,analytical-model,S1,skew,23,163,0,0,0,163,55705,55542,55705,55853,55705,55833,55853,55885,3,0
varp.k26.scheduler-event.v1,analytical-model,S1,skew,23,164,0,0,0,164,55885,55721,55885,56435,55885,56397,56435,56563,0,0
varp.k26.scheduler-event.v1,analytical-model,S1,skew,23,165,0,0,0,165,56563,56398,56563,56837,56563,56819,56837,56901,1,0
varp.k26.scheduler-event.v1,analytical-model,S1,skew,23,166,0,0,0,166,56901,56735,56901,57049,56901,57029,57049,57081,2,0
varp.k26.scheduler-event.v1,analytical-model,S1,skew,23,167,0,0,0,167,57081,56914,57081,57121,57081,57113,57121,57129,3,0
varp.k26.scheduler-event.v1,analytical-model,S1,skew,23,168,0,0,0,168,57129,56961,57129,57277,57129,57257,57277,57309,0,0
varp.k26.scheduler-event.v1,analytical-model,S1,skew,23,169,0,0,0,169,57309,57140,57309,57349,57309,57341,57349,57357,1,0
varp.k26.scheduler-event.v1,analytical-model,S1,skew,23,170,0,0,0,170,57357,57187,57357,57499,57357,57485,57499,57531,2,0
varp.k26.scheduler-event.v1,analytical-model,S1,skew,23,171,0,0,0,171,57531,57360,57531,57679,57531,57659,57679,57711,3,0
varp.k26.scheduler-event.v1,analytical-model,S1,skew,23,172,0,0,0,172,57711,57539,57711,57787,57711,57775,57787,57803,0,0
varp.k26.scheduler-event.v1,analytical-model,S1,skew,23,173,0,0,0,173,57803,57630,57803,58341,57803,58315,58341,58469,1,0
varp.k26.scheduler-event.v1,analytical-model,S1,skew,23,174,0,0,0,174,58469,58295,58469,58743,58469,58725,58743,58807,2,0
varp.k26.scheduler-event.v1,analytical-model,S1,skew,23,175,0,0,0,175,58807,58632,58807,59873,58807,59831,59873,60129,3,0
varp.k26.scheduler-event.v1,analytical-model,S1,skew,23,176,0,0,0,176,60129,59953,60129,60271,60129,60257,60271,60303,0,0
varp.k26.scheduler-event.v1,analytical-model,S1,skew,23,177,0,0,0,177,60303,60126,60303,60445,60303,60431,60445,60477,1,0
varp.k26.scheduler-event.v1,analytical-model,S1,skew,23,178,0,0,0,178,60477,60299,60477,60553,60477,60541,60553,60569,2,0
varp.k26.scheduler-event.v1,analytical-model,S1,skew,23,179,0,0,0,179,60569,60390,60569,61635,60569,61593,61635,61891,3,0
varp.k26.scheduler-event.v1,analytical-model,S1,skew,23,180,0,0,0,180,61891,61711,61891,62169,61891,62147,62169,62233,0,0
varp.k26.scheduler-event.v1,analytical-model,S1,skew,23,181,0,0,0,181,62233,62052,62233,62507,62233,62489,62507,62571,1,0
varp.k26.scheduler-event.v1,analytical-model,S1,skew,23,182,0,0,0,182,62571,62389,62571,63121,62571,63083,63121,63249,2,0
varp.k26.scheduler-event.v1,analytical-model,S1,skew,23,183,0,0,0,183,63249,63066,63249,63391,63249,63377,63391,63423,3,0
varp.k26.scheduler-event.v1,analytical-model,S1,skew,23,184,0,0,0,184,63423,63239,63423,63571,63423,63551,63571,63603,0,0
varp.k26.scheduler-event.v1,analytical-model,S1,skew,23,185,0,0,0,185,63603,63418,63603,63745,63603,63731,63745,63777,1,0
varp.k26.scheduler-event.v1,analytical-model,S1,skew,23,186,0,0,0,186,63777,63591,63777,63851,63777,63841,63851,63867,2,0
varp.k26.scheduler-event.v1,analytical-model,S1,skew,23,187,0,0,0,187,63867,63680,63867,63907,63867,63899,63907,63915,3,0
varp.k26.scheduler-event.v1,analytical-model,S1,skew,23,188,0,0,0,188,63915,63727,63915,64057,63915,64043,64057,64089,0,0
varp.k26.scheduler-event.v1,analytical-model,S1,skew,23,190,0,0,0,190,64089,63899,64089,64129,64089,64121,64129,64137,2,0
varp.k26.scheduler-event.v1,analytical-model,S1,skew,23,191,0,0,0,191,64137,63946,64137,64177,64137,64169,64177,64185,3,0
varp.k26.scheduler-event.v1,analytical-model,S1,skew,23,192,0,0,0,192,64185,63993,64185,64459,64185,64441,64459,64523,0,0
varp.k26.scheduler-event.v1,analytical-model,S1,skew,23,193,0,0,0,193,64523,64330,64523,64665,64523,64651,64665,64697,1,0
varp.k26.scheduler-event.v1,analytical-model,S1,skew,23,194,0,0,0,194,64697,64503,64697,64839,64697,64825,64839,64871,2,0
varp.k26.scheduler-event.v1,analytical-model,S1,skew,23,196,0,0,0,196,64871,64675,64871,65149,64871,65127,65149,65213,0,0
varp.k26.scheduler-event.v1,analytical-model,S1,skew,23,198,0,0,0,198,65213,65015,65213,66279,65213,66237,66279,66535,2,0
varp.k26.scheduler-event.v1,analytical-model,S1,skew,23,199,0,0,0,199,66535,66336,66535,66677,66535,66663,66677,66709,3,0
varp.k26.scheduler-event.v1,analytical-model,S1,skew,23,200,0,0,0,200,66709,66509,66709,66983,66709,66965,66983,67047,0,0
varp.k26.scheduler-event.v1,analytical-model,S1,skew,23,202,0,0,0,202,67047,66845,67047,67189,67047,67175,67189,67221,2,0
varp.k26.scheduler-event.v1,analytical-model,S1,skew,23,203,0,0,0,203,67221,67018,67221,67295,67221,67285,67295,67311,3,0
varp.k26.scheduler-event.v1,analytical-model,S1,skew,23,204,0,0,0,204,67311,67107,67311,67387,67311,67375,67387,67403,0,0
varp.k26.scheduler-event.v1,analytical-model,S1,skew,23,205,0,0,0,205,67403,67198,67403,67941,67403,67915,67941,68069,1,0
varp.k26.scheduler-event.v1,analytical-model,S1,skew,23,206,0,0,0,206,68069,67863,68069,68109,68069,68101,68109,68117,2,0
varp.k26.scheduler-event.v1,analytical-model,S1,skew,23,208,0,0,0,208,68117,67909,68117,68259,68117,68245,68259,68291,0,0
varp.k26.scheduler-event.v1,analytical-model,S1,skew,23,209,0,0,0,209,68291,68082,68291,68841,68291,68803,68841,68969,1,0
varp.k26.scheduler-event.v1,analytical-model,S1,skew,23,210,0,0,0,210,68969,68759,68969,69519,68969,69481,69519,69647,2,0
varp.k26.scheduler-event.v1,analytical-model,S1,skew,23,212,0,0,0,212,69647,69435,69647,69939,69647,69903,69939,70003,0,0
varp.k26.scheduler-event.v1,analytical-model,S1,skew,23,213,0,0,0,213,70003,69790,70003,70151,70003,70131,70151,70183,1,0
varp.k26.scheduler-event.v1,analytical-model,S1,skew,23,214,0,0,0,214,70183,69969,70183,70331,70183,70311,70331,70363,2,0
varp.k26.scheduler-event.v1,analytical-model,S1,skew,23,215,0,0,0,215,70363,70148,70363,70637,70363,70619,70637,70701,3,0
varp.k26.scheduler-event.v1,analytical-model,S1,skew,23,216,0,0,0,216,70701,70485,70701,70741,70701,70733,70741,70749,0,0
varp.k26.scheduler-event.v1,analytical-model,S1,skew,23,217,0,0,0,217,70749,70532,70749,71023,70749,71005,71023,71087,1,0
varp.k26.scheduler-event.v1,analytical-model,S1,skew,23,218,0,0,0,218,71087,70869,71087,71637,71087,71599,71637,71765,2,0
varp.k26.scheduler-event.v1,analytical-model,S1,skew,23,219,0,0,0,219,71765,71546,71765,71805,71765,71797,71805,71813,3,0
varp.k26.scheduler-event.v1,analytical-model,S1,skew,23,220,0,0,0,220,71813,71593,71813,72091,71813,72069,72091,72155,0,0
varp.k26.scheduler-event.v1,analytical-model,S1,skew,23,223,0,0,0,223,72155,71932,72155,72231,72155,72219,72231,72247,3,0
varp.k26.scheduler-event.v1,analytical-model,S1,skew,23,224,0,0,0,224,72247,72023,72247,72287,72247,72279,72287,72295,0,0
varp.k26.scheduler-event.v1,analytical-model,S1,skew,23,225,0,0,0,225,72295,72070,72295,72443,72295,72423,72443,72475,1,0
varp.k26.scheduler-event.v1,analytical-model,S1,skew,23,226,0,0,0,226,72475,72249,72475,73013,72475,72987,73013,73141,2,0
varp.k26.scheduler-event.v1,analytical-model,S1,skew,23,227,0,0,0,227,73141,72914,73141,73679,73141,73653,73679,73807,3,0
varp.k26.scheduler-event.v1,analytical-model,S1,skew,23,228,0,0,0,228,73807,73579,73807,73955,73807,73935,73955,73987,0,0
varp.k26.scheduler-event.v1,analytical-model,S1,skew,23,229,0,0,0,229,73987,73758,73987,74129,73987,74115,74129,74161,1,0
varp.k26.scheduler-event.v1,analytical-model,S1,skew,23,230,0,0,0,230,74161,73931,74161,74237,74161,74225,74237,74253,2,0
varp.k26.scheduler-event.v1,analytical-model,S1,skew,23,231,0,0,0,231,74253,74022,74253,74329,74253,74317,74329,74345,3,0
varp.k26.scheduler-event.v1,analytical-model,S1,skew,23,233,0,0,0,233,74345,74112,74345,74895,74345,74857,74895,75023,1,0
varp.k26.scheduler-event.v1,analytical-model,S1,skew,23,234,0,0,0,234,75023,74789,75023,75315,75023,75279,75315,75379,2,0
varp.k26.scheduler-event.v1,analytical-model,S1,skew,23,235,0,0,0,235,75379,75144,75379,75453,75379,75443,75453,75469,3,0
varp.k26.scheduler-event.v1,analytical-model,S1,skew,23,236,0,0,0,236,75469,75233,75469,75611,75469,75597,75611,75643,0,0
varp.k26.scheduler-event.v1,analytical-model,S1,skew,23,237,0,0,0,237,75643,75406,75643,76193,75643,76155,76193,76321,1,0
varp.k26.scheduler-event.v1,analytical-model,S1,skew,23,238,0,0,0,238,76321,76083,76321,76859,76321,76833,76859,76987,2,0
varp.k26.scheduler-event.v1,analytical-model,S1,skew,23,239,0,0,0,239,76987,76748,76987,77279,76987,77243,77279,77343,3,0
varp.k26.scheduler-event.v1,analytical-model,S1,skew,23,241,0,0,0,241,77343,77102,77343,77881,77343,77855,77881,78009,1,0
varp.k26.scheduler-event.v1,analytical-model,S1,skew,23,242,0,0,0,242,78009,77767,78009,78283,78009,78265,78283,78347,2,0
varp.k26.scheduler-event.v1,analytical-model,S1,skew,23,244,0,0,0,244,78347,78103,78347,78639,78347,78603,78639,78703,0,0
varp.k26.scheduler-event.v1,analytical-model,S1,skew,23,245,0,0,0,245,78703,78458,78703,78995,78703,78959,78995,79059,1,0
varp.k26.scheduler-event.v1,analytical-model,S1,skew,23,246,0,0,0,246,79059,78813,79059,79099,79059,79091,79099,79107,2,0
varp.k26.scheduler-event.v1,analytical-model,S1,skew,23,248,0,0,0,248,79107,78859,79107,79381,79107,79363,79381,79445,0,0
varp.k26.scheduler-event.v1,analytical-model,S1,skew,23,250,0,0,0,250,79445,79195,79445,79587,79445,79573,79587,79619,2,0
varp.k26.scheduler-event.v1,analytical-model,S1,skew,23,251,0,0,0,251,79619,79368,79619,79767,79619,79747,79767,79799,3,0
varp.k26.scheduler-event.v1,analytical-model,S1,skew,23,252,0,0,0,252,79799,79547,79799,80337,79799,80311,80337,80465,0,0
varp.k26.scheduler-event.v1,analytical-model,S1,skew,23,253,0,0,0,253,80465,80212,80465,80505,80465,80497,80505,80513,1,0
varp.k26.scheduler-event.v1,analytical-model,S1,skew,23,254,0,0,0,254,80513,80259,80513,81051,80513,81025,81051,81179,2,0
varp.k26.scheduler-event.v1,analytical-model,S1,skew,23,255,0,0,0,255,81179,80924,81179,81255,81179,81243,81255,81271,3,0
varp.k26.scheduler-event.v1,analytical-model,S1,skew,23,257,0,0,0,257,81271,81014,81271,81549,81271,81527,81549,81613,1,0
varp.k26.scheduler-event.v1,analytical-model,S1,skew,23,258,0,0,0,258,81613,81355,81613,81689,81613,81677,81689,81705,2,0
varp.k26.scheduler-event.v1,analytical-model,S1,skew,23,259,0,0,0,259,81705,81446,81705,81847,81705,81833,81847,81879,3,0
varp.k26.scheduler-event.v1,analytical-model,S1,skew,23,260,0,0,0,260,81879,81619,81879,81955,81879,81943,81955,81971,0,0
varp.k26.scheduler-event.v1,analytical-model,S1,skew,23,261,0,0,0,261,81971,81710,81971,82245,81971,82227,82245,82309,1,0
varp.k26.scheduler-event.v1,analytical-model,S1,skew,23,262,0,0,0,262,82309,82047,82309,82451,82309,82437,82451,82483,2,0
varp.k26.scheduler-event.v1,analytical-model,S1,skew,23,263,0,0,0,263,82483,82220,82483,82625,82483,82611,82625,82657,3,0
varp.k26.scheduler-event.v1,analytical-model,S1,skew,23,264,0,0,0,264,82657,82393,82657,83207,82657,83169,83207,83335,0,0
varp.k26.scheduler-event.v1,analytical-model,S1,skew,23,265,0,0,0,265,83335,83070,83335,83477,83335,83463,83477,83509,1,0
varp.k26.scheduler-event.v1,analytical-model,S1,skew,23,266,0,0,0,266,83509,83243,83509,83651,83509,83637,83651,83683,2,0
varp.k26.scheduler-event.v1,analytical-model,S1,skew,23,267,0,0,0,267,83683,83416,83683,84749,83683,84707,84749,85005,3,0
varp.k26.scheduler-event.v1,analytical-model,S1,skew,23,268,0,0,0,268,85005,84737,85005,85297,85005,85261,85297,85361,0,0
varp.k26.scheduler-event.v1,analytical-model,S1,skew,23,269,0,0,0,269,85361,85092,85361,85509,85361,85489,85509,85541,1,0
varp.k26.scheduler-event.v1,analytical-model,S1,skew,23,272,0,0,0,272,85541,85269,85541,85833,85541,85797,85833,85897,0,0
varp.k26.scheduler-event.v1,analytical-model,S1,skew,23,273,0,0,0,273,85897,85624,85897,86963,85897,86921,86963,87219,1,0
varp.k26.scheduler-event.v1,analytical-model,S1,skew,23,275,0,0,0,275,87219,86944,87219,87259,87219,87251,87259,87267,3,0
varp.k26.scheduler-event.v1,analytical-model,S1,skew,23,276,0,0,0,276,87267,86991,87267,87805,87267,87779,87805,87933,0,0
varp.k26.scheduler-event.v1,analytical-model,S1,skew,23,277,0,0,0,277,87933,87656,87933,88009,87933,87997,88009,88025,1,0
varp.k26.scheduler-event.v1,analytical-model,S1,skew,23,278,0,0,0,278,88025,87747,88025,89091,88025,89049,89091,89347,2,0
varp.k26.scheduler-event.v1,analytical-model,S1,skew,23,279,0,0,0,279,89347,89068,89347,89387,89347,89379,89387,89395,3,0
varp.k26.scheduler-event.v1,analytical-model,S1,skew,23,280,0,0,0,280,89395,89115,89395,89435,89395,89427,89435,89443,0,0
varp.k26.scheduler-event.v1,analytical-model,S1,skew,23,281,0,0,0,281,89443,89162,89443,89717,89443,89699,89717,89781,1,0
varp.k26.scheduler-event.v1,analytical-model,S1,skew,23,283,0,0,0,283,89781,89498,89781,90055,89781,90037,90055,90119,3,0
varp.k26.scheduler-event.v1,analytical-model,S1,skew,23,284,0,0,0,284,90119,89835,90119,91185,90119,91143,91185,91441,0,0
varp.k26.scheduler-event.v1,analytical-model,S1,skew,23,285,0,0,0,285,91441,91156,91441,91589,91441,91569,91589,91621,1,0
varp.k26.scheduler-event.v1,analytical-model,S1,skew,23,287,0,0,0,287,91621,91334,91621,92687,91621,92645,92687,92943,3,0
varp.k26.scheduler-event.v1,analytical-model,S1,skew,23,288,0,0,0,288,92943,92655,92943,93481,92943,93455,93481,93609,0,0
varp.k26.scheduler-event.v1,analytical-model,S1,skew,23,291,0,0,0,291,93609,93318,93609,93649,93609,93641,93649,93657,3,0
varp.k26.scheduler-event.v1,analytical-model,S1,skew,23,292,0,0,0,292,93657,93365,93657,93731,93657,93721,93731,93747,0,0
varp.k26.scheduler-event.v1,analytical-model,S1,skew,23,294,0,0,0,294,93747,93453,93747,94025,93747,94003,94025,94089,2,0
varp.k26.scheduler-event.v1,analytical-model,S1,skew,23,295,0,0,0,295,94089,93794,94089,94165,94089,94153,94165,94181,3,0
varp.k26.scheduler-event.v1,analytical-model,S1,skew,23,296,0,0,0,296,94181,93885,94181,94257,94181,94245,94257,94273,0,0
varp.k26.scheduler-event.v1,analytical-model,S1,skew,23,298,0,0,0,298,94273,93975,94273,94421,94273,94401,94421,94453,2,0
varp.k26.scheduler-event.v1,analytical-model,S1,skew,23,299,0,0,0,299,94453,94154,94453,94595,94453,94581,94595,94627,3,0
varp.k26.scheduler-event.v1,analytical-model,S1,skew,23,300,0,0,0,300,94627,94327,94627,94667,94627,94659,94667,94675,0,0
varp.k26.scheduler-event.v1,analytical-model,S1,skew,23,302,0,0,0,302,94675,94373,94675,94823,94675,94803,94823,94855,2,0
varp.k26.scheduler-event.v1,analytical-model,S1,skew,23,303,0,0,0,303,94855,94552,94855,95921,94855,95879,95921,96177,3,0
varp.k26.scheduler-event.v1,analytical-model,S1,skew,23,304,0,0,0,304,96177,95873,96177,96253,96177,96241,96253,96269,0,0
varp.k26.scheduler-event.v1,analytical-model,S1,skew,23,305,0,0,0,305,96269,95964,96269,96411,96269,96397,96411,96443,1,0
varp.k26.scheduler-event.v1,analytical-model,S1,skew,23,306,0,0,0,306,96443,96137,96443,97509,96443,97467,97509,97765,2,0
varp.k26.scheduler-event.v1,analytical-model,S1,skew,23,307,0,0,0,307,97765,97458,97765,98831,97765,98789,98831,99087,3,0
varp.k26.scheduler-event.v1,analytical-model,S1,skew,23,309,0,0,0,309,99087,98778,99087,99163,99087,99151,99163,99179,1,0
varp.k26.scheduler-event.v1,analytical-model,S1,skew,23,310,0,0,0,310,99179,98869,99179,99471,99179,99435,99471,99535,2,0
varp.k26.scheduler-event.v1,analytical-model,S1,skew,23,312,0,0,0,312,99535,99223,99535,100601,99535,100559,100601,100857,0,0
varp.k26.scheduler-event.v1,analytical-model,S1,skew,23,314,0,0,0,314,100857,100543,100857,101395,100857,101369,101395,101523,2,0
varp.k26.scheduler-event.v1,analytical-model,S1,skew,23,315,0,0,0,315,101523,101208,101523,102073,101523,102035,102073,102201,3,0
varp.k26.scheduler-event.v1,analytical-model,S1,skew,23,316,0,0,0,316,102201,101885,102201,102275,102201,102265,102275,102291,0,0
varp.k26.scheduler-event.v1,analytical-model,S1,skew,23,317,0,0,0,317,102291,101974,102291,102331,102291,102323,102331,102339,1,0
varp.k26.scheduler-event.v1,analytical-model,S1,skew,23,318,0,0,0,318,102339,102021,102339,102481,102339,102467,102481,102513,2,0
varp.k26.scheduler-event.v1,analytical-model,S1,skew,23,319,0,0,0,319,102513,102194,102513,103579,102513,103537,103579,103835,3,0
varp.k26.scheduler-event.v1,analytical-model,S1,skew,23,320,0,0,0,320,103835,103515,103835,103977,103835,103963,103977,104009,0,0
varp.k26.scheduler-event.v1,analytical-model,S1,skew,23,321,0,0,0,321,104009,103688,104009,104085,104009,104073,104085,104101,1,0
varp.k26.scheduler-event.v1,analytical-model,S1,skew,23,322,0,0,0,322,104101,103779,104101,104243,104101,104229,104243,104275,2,0
varp.k26.scheduler-event.v1,analytical-model,S1,skew,23,323,0,0,0,323,104275,103952,104275,104315,104275,104307,104315,104323,3,0
varp.k26.scheduler-event.v1,analytical-model,S1,skew,23,324,0,0,0,324,104323,103999,104323,104861,104323,104835,104861,104989,0,0
varp.k26.scheduler-event.v1,analytical-model,S1,skew,23,325,0,0,0,325,104989,104664,104989,106055,104989,106013,106055,106311,1,0
varp.k26.scheduler-event.v1,analytical-model,S1,skew,23,327,0,0,0,327,106311,105984,106311,106351,106311,106343,106351,106359,3,0
varp.k26.scheduler-event.v1,analytical-model,S1,skew,23,328,0,0,0,328,106359,106031,106359,106507,106359,106487,106507,106539,0,0
varp.k26.scheduler-event.v1,analytical-model,S1,skew,23,329,0,0,0,329,106539,106210,106539,107089,106539,107051,107089,107217,1,0
varp.k26.scheduler-event.v1,analytical-model,S1,skew,23,330,0,0,0,330,107217,106887,107217,107767,107217,107729,107767,107895,2,0
varp.k26.scheduler-event.v1,analytical-model,S1,skew,23,331,0,0,0,331,107895,107564,107895,108961,107895,108919,108961,109217,3,0
varp.k26.scheduler-event.v1,analytical-model,S1,skew,23,334,0,0,0,334,109217,108883,109217,109365,109217,109345,109365,109397,2,0
varp.k26.scheduler-event.v1,analytical-model,S1,skew,23,335,0,0,0,335,109397,109062,109397,109539,109397,109525,109539,109571,3,0
varp.k26.scheduler-event.v1,analytical-model,S1,skew,23,337,0,0,0,337,109571,109234,109571,109849,109571,109827,109849,109913,1,0
varp.k26.scheduler-event.v1,analytical-model,S1,skew,23,338,0,0,0,338,109913,109575,109913,110055,109913,110041,110055,110087,2,0
varp.k26.scheduler-event.v1,analytical-model,S1,skew,23,339,0,0,0,339,110087,109748,110087,110235,110087,110215,110235,110267,3,0
varp.k26.scheduler-event.v1,analytical-model,S1,skew,23,340,0,0,0,340,110267,109927,110267,110409,110267,110395,110409,110441,0,0
varp.k26.scheduler-event.v1,analytical-model,S1,skew,23,341,0,0,0,341,110441,110100,110441,110991,110441,110953,110991,111119,1,0
varp.k26.scheduler-event.v1,analytical-model,S1,skew,23,342,0,0,0,342,111119,110777,111119,111193,111119,111183,111193,111209,2,0
varp.k26.scheduler-event.v1,analytical-model,S1,skew,23,343,0,0,0,343,111209,110866,111209,111351,111209,111337,111351,111383,3,0
varp.k26.scheduler-event.v1,analytical-model,S1,skew,23,344,0,0,0,344,111383,111039,111383,111675,111383,111639,111675,111739,0,0
varp.k26.scheduler-event.v1,analytical-model,S1,skew,23,345,0,0,0,345,111739,111394,111739,112013,111739,111995,112013,112077,1,0
varp.k26.scheduler-event.v1,analytical-model,S1,skew,23,346,0,0,0,346,112077,111731,112077,112627,112077,112589,112627,112755,2,0
varp.k26.scheduler-event.v1,analytical-model,S1,skew,23,348,0,0,0,348,112755,112407,112755,113033,112755,113011,113033,113097,0,0
varp.k26.scheduler-event.v1,analytical-model,S1,skew,23,349,0,0,0,349,113097,112748,113097,113173,113097,113161,113173,113189,1,0
varp.k26.scheduler-event.v1,analytical-model,S1,skew,23,350,0,0,0,350,113189,112839,113189,113337,113189,113317,113337,113369,2,0
varp.k26.scheduler-event.v1,analytical-model,S1,skew,23,351,0,0,0,351,113369,113018,113369,113409,113369,113401,113409,113417,3,0
varp.k26.scheduler-event.v1,analytical-model,S1,skew,23,352,0,0,0,352,113417,113065,113417,113491,113417,113481,113491,113507,0,0
varp.k26.scheduler-event.v1,analytical-model,S1,skew,23,353,0,0,0,353,113507,113154,113507,113581,113507,113571,113581,113597,1,0
varp.k26.scheduler-event.v1,analytical-model,S1,skew,23,354,0,0,0,354,113597,113243,113597,113637,113597,113629,113637,113645,2,0
varp.k26.scheduler-event.v1,analytical-model,S1,skew,23,356,0,0,0,356,113645,113289,113645,113721,113645,113709,113721,113737,0,0
varp.k26.scheduler-event.v1,analytical-model,S1,skew,23,357,0,0,0,357,113737,113380,113737,114275,113737,114249,114275,114403,1,0
varp.k26.scheduler-event.v1,analytical-model,S1,skew,23,359,0,0,0,359,114403,114044,114403,115469,114403,115427,115469,115725,3,0
varp.k26.scheduler-event.v1,analytical-model,S1,skew,23,361,0,0,0,361,115725,115364,115725,116017,115725,115981,116017,116081,1,0
varp.k26.scheduler-event.v1,analytical-model,S1,skew,23,363,0,0,0,363,116081,115718,116081,116121,116081,116113,116121,116129,3,0
varp.k26.scheduler-event.v1,analytical-model,S1,skew,23,364,0,0,0,364,116129,115765,116129,116277,116129,116257,116277,116309,0,0
varp.k26.scheduler-event.v1,analytical-model,S1,skew,23,365,0,0,0,365,116309,115944,116309,116847,116309,116821,116847,116975,1,0
varp.k26.scheduler-event.v1,analytical-model,S1,skew,23,366,0,0,0,366,116975,116609,116975,117525,116975,117487,117525,117653,2,0
varp.k26.scheduler-event.v1,analytical-model,S1,skew,23,367,0,0,0,367,117653,117286,117653,117693,117653,117685,117693,117701,3,0
varp.k26.scheduler-event.v1,analytical-model,S1,skew,23,368,0,0,0,368,117701,117333,117701,117775,117701,117765,117775,117791,0,0
varp.k26.scheduler-event.v1,analytical-model,S1,skew,23,369,0,0,0,369,117791,117422,117791,118329,117791,118303,118329,118457,1,0
varp.k26.scheduler-event.v1,analytical-model,S1,skew,23,370,0,0,0,370,118457,118087,118457,118731,118457,118713,118731,118795,2,0
varp.k26.scheduler-event.v1,analytical-model,S1,skew,23,371,0,0,0,371,118795,118424,118795,118869,118795,118859,118869,118885,3,0
varp.k26.scheduler-event.v1,analytical-model,S1,skew,23,372,0,0,0,372,118885,118513,118885,119027,118885,119013,119027,119059,0,0
varp.k26.scheduler-event.v1,analytical-model,S1,skew,23,374,0,0,0,374,119059,118685,119059,119337,119059,119315,119337,119401,2,0
varp.k26.scheduler-event.v1,analytical-model,S1,skew,23,375,0,0,0,375,119401,119026,119401,119939,119401,119913,119939,120067,3,0
varp.k26.scheduler-event.v1,analytical-model,S1,skew,23,376,0,0,0,376,120067,119691,120067,120143,120067,120131,120143,120159,0,0
varp.k26.scheduler-event.v1,analytical-model,S1,skew,23,377,0,0,0,377,120159,119782,120159,120307,120159,120287,120307,120339,1,0
varp.k26.scheduler-event.v1,analytical-model,S1,skew,23,378,0,0,0,378,120339,119961,120339,120617,120339,120595,120617,120681,2,0
varp.k26.scheduler-event.v1,analytical-model,S1,skew,23,379,0,0,0,379,120681,120302,120681,121231,120681,121193,121231,121359,3,0
varp.k26.scheduler-event.v1,analytical-model,S1,skew,23,380,0,0,0,380,121359,120979,121359,121507,121359,121487,121507,121539,0,0
varp.k26.scheduler-event.v1,analytical-model,S1,skew,23,381,0,0,0,381,121539,121158,121539,122089,121539,122051,122089,122217,1,0
varp.k26.scheduler-event.v1,analytical-model,S1,skew,23,382,0,0,0,382,122217,121835,122217,122491,122217,122473,122491,122555,2,0
varp.k26.scheduler-event.v1,analytical-model,S1,skew,23,383,0,0,0,383,122555,122172,122555,122697,122555,122683,122697,122729,3,0
varp.k26.scheduler-event.v1,analytical-model,S1,skew,23,385,0,0,0,385,122729,122344,122729,122877,122729,122857,122877,122909,1,0
varp.k26.scheduler-event.v1,analytical-model,S1,skew,23,386,0,0,0,386,122909,122523,122909,123459,122909,123421,123459,123587,2,0
varp.k26.scheduler-event.v1,analytical-model,S1,skew,23,387,0,0,0,387,123587,123200,123587,124653,123587,124611,124653,124909,3,0
varp.k26.scheduler-event.v1,analytical-model,S1,skew,23,389,0,0,0,389,124909,124520,124909,125183,124909,125165,125183,125247,1,0
varp.k26.scheduler-event.v1,analytical-model,S1,skew,23,390,0,0,0,390,125247,124857,125247,125389,125247,125375,125389,125421,2,0
varp.k26.scheduler-event.v1,analytical-model,S1,skew,23,391,0,0,0,391,125421,125030,125421,125971,125421,125933,125971,126099,3,0
varp.k26.scheduler-event.v1,analytical-model,S1,skew,23,392,0,0,0,392,126099,125707,126099,126139,126099,126131,126139,126147,0,0
varp.k26.scheduler-event.v1,analytical-model,S1,skew,23,393,0,0,0,393,126147,125754,126147,126223,126147,126211,126223,126239,1,0
varp.k26.scheduler-event.v1,analytical-model,S1,skew,23,394,0,0,0,394,126239,125845,126239,127305,126239,127263,127305,127561,2,0
varp.k26.scheduler-event.v1,analytical-model,S1,skew,23,395,0,0,0,395,127561,127166,127561,127835,127561,127817,127835,127899,3,0
varp.k26.scheduler-event.v1,analytical-model,S1,skew,23,396,0,0,0,396,127899,127503,127899,128173,127899,128155,128173,128237,0,0
varp.k26.scheduler-event.v1,analytical-model,S1,skew,23,397,0,0,0,397,128237,127840,128237,128379,128237,128365,128379,128411,1,0
varp.k26.scheduler-event.v1,analytical-model,S1,skew,23,398,0,0,0,398,128411,128013,128411,128553,128411,128539,128553,128585,2,0
varp.k26.scheduler-event.v1,analytical-model,S1,skew,23,399,0,0,0,399,128585,128186,128585,128877,128585,128841,128877,128941,3,0
varp.k26.scheduler-event.v1,analytical-model,S1,skew,23,400,0,0,0,400,128941,128541,128941,129219,128941,129197,129219,129283,0,0
varp.k26.scheduler-event.v1,analytical-model,S1,skew,23,401,0,0,0,401,129283,128882,129283,129833,129283,129795,129833,129961,1,0
varp.k26.scheduler-event.v1,analytical-model,S1,skew,23,402,0,0,0,402,129961,129559,129961,130035,129961,130025,130035,130051,2,0
varp.k26.scheduler-event.v1,analytical-model,S1,skew,23,403,0,0,0,403,130051,129648,130051,130601,130051,130563,130601,130729,3,0
varp.k26.scheduler-event.v1,analytical-model,S1,skew,23,404,0,0,0,404,130729,130325,130729,130871,130729,130857,130871,130903,0,0
varp.k26.scheduler-event.v1,analytical-model,S1,skew,23,405,0,0,0,405,130903,130498,130903,131181,130903,131159,131181,131245,1,0
varp.k26.scheduler-event.v1,analytical-model,S1,skew,23,407,0,0,0,407,131245,130838,131245,131523,131245,131501,131523,131587,3,0
varp.k26.scheduler-event.v1,analytical-model,S1,skew,23,408,0,0,0,408,131587,131179,131587,131729,131587,131715,131729,131761,0,0
varp.k26.scheduler-event.v1,analytical-model,S1,skew,23,409,0,0,0,409,131761,131352,131761,131801,131761,131793,131801,131809,1,0
varp.k26.scheduler-event.v1,analytical-model,S1,skew,23,411,0,0,0,411,131809,131398,131809,132101,131809,132065,132101,132165,3,0
varp.k26.scheduler-event.v1,analytical-model,S1,skew,23,412,0,0,0,412,132165,131753,132165,132715,132165,132677,132715,132843,0,0
varp.k26.scheduler-event.v1,analytical-model,S1,skew,23,413,0,0,0,413,132843,132430,132843,132919,132843,132907,132919,132935,1,0
varp.k26.scheduler-event.v1,analytical-model,S1,skew,23,414,0,0,0,414,132935,132521,132935,133213,132935,133191,133213,133277,2,0
varp.k26.scheduler-event.v1,analytical-model,S1,skew,23,416,0,0,0,416,133277,132861,133277,133827,133277,133789,133827,133955,0,0
varp.k26.scheduler-event.v1,analytical-model,S1,skew,23,417,0,0,0,417,133955,133538,133955,134229,133955,134211,134229,134293,1,0
varp.k26.scheduler-event.v1,analytical-model,S1,skew,23,418,0,0,0,418,134293,133875,134293,134367,134293,134357,134367,134383,2,0
varp.k26.scheduler-event.v1,analytical-model,S1,skew,23,419,0,0,0,419,134383,133964,134383,134423,134383,134415,134423,134431,3,0
varp.k26.scheduler-event.v1,analytical-model,S1,skew,23,422,0,0,0,422,134431,134009,134431,134981,134431,134943,134981,135109,2,0
varp.k26.scheduler-event.v1,analytical-model,S1,skew,23,423,0,0,0,423,135109,134686,135109,135251,135109,135237,135251,135283,3,0
varp.k26.scheduler-event.v1,analytical-model,S1,skew,23,424,0,0,0,424,135283,134859,135283,135359,135283,135347,135359,135375,0,0
varp.k26.scheduler-event.v1,analytical-model,S1,skew,23,425,0,0,0,425,135375,134950,135375,135653,135375,135631,135653,135717,1,0
varp.k26.scheduler-event.v1,analytical-model,S1,skew,23,426,0,0,0,426,135717,135291,135717,136255,135717,136229,136255,136383,2,0
varp.k26.scheduler-event.v1,analytical-model,S1,skew,23,427,0,0,0,427,136383,135956,136383,136531,136383,136511,136531,136563,3,0
varp.k26.scheduler-event.v1,analytical-model,S1,skew,23,428,0,0,0,428,136563,136135,136563,136837,136563,136819,136837,136901,0,0
varp.k26.scheduler-event.v1,analytical-model,S1,skew,23,429,0,0,0,429,136901,136472,136901,137179,136901,137157,137179,137243,1,0
varp.k26.scheduler-event.v1,analytical-model,S1,skew,23,431,0,0,0,431,137243,136812,137243,137517,137243,137499,137517,137581,3,0
varp.k26.scheduler-event.v1,analytical-model,S1,skew,23,432,0,0,0,432,137581,137149,137581,137723,137581,137709,137723,137755,0,0
varp.k26.scheduler-event.v1,analytical-model,S1,skew,23,433,0,0,0,433,137755,137322,137755,137795,137755,137787,137795,137803,1,0
varp.k26.scheduler-event.v1,analytical-model,S1,skew,23,434,0,0,0,434,137803,137369,137803,137879,137803,137867,137879,137895,2,0
varp.k26.scheduler-event.v1,analytical-model,S1,skew,23,435,0,0,0,435,137895,137460,137895,138173,137895,138151,138173,138237,3,0
varp.k26.scheduler-event.v1,analytical-model,S1,skew,23,436,0,0,0,436,138237,137801,138237,138515,138237,138493,138515,138579,0,0
varp.k26.scheduler-event.v1,analytical-model,S1,skew,23,437,0,0,0,437,138579,138142,138579,138871,138579,138835,138871,138935,1,0
varp.k26.scheduler-event.v1,analytical-model,S1,skew,23,439,0,0,0,439,138935,138496,138935,138975,138935,138967,138975,138983,3,0
varp.k26.scheduler-event.v1,analytical-model,S1,skew,23,440,0,0,0,440,138983,138543,138983,139125,138983,139111,139125,139157,0,0
varp.k26.scheduler-event.v1,analytical-model,S1,skew,23,441,0,0,0,441,139157,138716,139157,139197,139157,139189,139197,139205,1,0
varp.k26.scheduler-event.v1,analytical-model,S1,skew,23,442,0,0,0,442,139205,138763,139205,139281,139205,139269,139281,139297,2,0
varp.k26.scheduler-event.v1,analytical-model,S1,skew,23,443,0,0,0,443,139297,138854,139297,139847,139297,139809,139847,139975,3,0
varp.k26.scheduler-event.v1,analytical-model,S1,skew,23,444,0,0,0,444,139975,139531,139975,140049,139975,140039,140049,140065,0,0
varp.k26.scheduler-event.v1,analytical-model,S1,skew,23,445,0,0,0,445,140065,139620,140065,140213,140065,140193,140213,140245,1,0
varp.k26.scheduler-event.v1,analytical-model,S1,skew,23,446,0,0,0,446,140245,139799,140245,140523,140245,140501,140523,140587,2,0
varp.k26.scheduler-event.v1,analytical-model,S1,skew,23,447,0,0,0,447,140587,140140,140587,140865,140587,140843,140865,140929,3,0
varp.k26.scheduler-event.v1,analytical-model,S1,skew,23,448,0,0,0,448,140929,140481,140929,141005,140929,140993,141005,141021,0,0
varp.k26.scheduler-event.v1,analytical-model,S1,skew,23,449,0,0,0,449,141021,140572,141021,141163,141021,141149,141163,141195,1,0
varp.k26.scheduler-event.v1,analytical-model,S1,skew,23,450,0,0,0,450,141195,140745,141195,141235,141195,141227,141235,141243,2,0
varp.k26.scheduler-event.v1,analytical-model,S1,skew,23,451,0,0,0,451,141243,140792,141243,141535,141243,141499,141535,141599,3,0
varp.k26.scheduler-event.v1,analytical-model,S1,skew,23,454,0,0,0,454,141599,141145,141599,141741,141599,141727,141741,141773,2,0
varp.k26.scheduler-event.v1,analytical-model,S1,skew,23,456,0,0,0,456,141773,141317,141773,142065,141773,142029,142065,142129,0,0
varp.k26.scheduler-event.v1,analytical-model,S1,skew,23,457,0,0,0,457,142129,141672,142129,142421,142129,142385,142421,142485,1,0
varp.k26.scheduler-event.v1,analytical-model,S1,skew,23,458,0,0,0,458,142485,142027,142485,142759,142485,142741,142759,142823,2,0
varp.k26.scheduler-event.v1,analytical-model,S1,skew,23,459,0,0,0,459,142823,142364,142823,142971,142823,142951,142971,143003,3,0
varp.k26.scheduler-event.v1,analytical-model,S1,skew,23,460,0,0,0,460,143003,142543,143003,143281,143003,143259,143281,143345,0,0
varp.k26.scheduler-event.v1,analytical-model,S1,skew,23,461,0,0,0,461,143345,142884,143345,143419,143345,143409,143419,143435,1,0
varp.k26.scheduler-event.v1,analytical-model,S1,skew,23,462,0,0,0,462,143435,142973,143435,143973,143435,143947,143973,144101,2,0
varp.k26.scheduler-event.v1,analytical-model,S1,skew,23,464,0,0,0,464,144101,143637,144101,144141,144101,144133,144141,144149,0,0
varp.k26.scheduler-event.v1,analytical-model,S1,skew,23,465,0,0,0,465,144149,143684,144149,144291,144149,144277,144291,144323,1,0
varp.k26.scheduler-event.v1,analytical-model,S1,skew,23,466,0,0,0,466,144323,143857,144323,145389,144323,145347,145389,145645,2,0
varp.k26.scheduler-event.v1,analytical-model,S1,skew,23,467,0,0,0,467,145645,145178,145645,145919,145645,145901,145919,145983,3,0
varp.k26.scheduler-event.v1,analytical-model,S1,skew,23,469,0,0,0,469,145983,145514,145983,146125,145983,146111,146125,146157,1,0
varp.k26.scheduler-event.v1,analytical-model,S1,skew,23,470,0,0,0,470,146157,145687,146157,146197,146157,146189,146197,146205,2,0
varp.k26.scheduler-event.v1,analytical-model,S1,skew,23,471,0,0,0,471,146205,145734,146205,146281,146205,146269,146281,146297,3,0
varp.k26.scheduler-event.v1,analytical-model,S1,skew,23,472,0,0,0,472,146297,145825,146297,146371,146297,146361,146371,146387,0,0
varp.k26.scheduler-event.v1,analytical-model,S1,skew,23,476,0,0,0,476,146387,145911,146387,146529,146387,146515,146529,146561,0,0
varp.k26.scheduler-event.v1,analytical-model,S1,skew,23,477,0,0,0,477,146561,146084,146561,146853,146561,146817,146853,146917,1,0
varp.k26.scheduler-event.v1,analytical-model,S1,skew,23,479,0,0,0,479,146917,146438,146917,147059,146917,147045,147059,147091,3,0
varp.k26.scheduler-event.v1,analytical-model,S1,skew,23,480,0,0,0,480,147091,146611,147091,147165,147091,147155,147165,147181,0,0
varp.k26.scheduler-event.v1,analytical-model,S1,skew,23,481,0,0,0,481,147181,146700,147181,147473,147181,147437,147473,147537,1,0
varp.k26.scheduler-event.v1,analytical-model,S1,skew,23,482,0,0,0,482,147537,147055,147537,147613,147537,147601,147613,147629,2,0
varp.k26.scheduler-event.v1,analytical-model,S1,skew,23,483,0,0,0,483,147629,147146,147629,147903,147629,147885,147903,147967,3,0
varp.k26.scheduler-event.v1,analytical-model,S1,skew,23,487,0,0,0,487,147967,147480,147967,148505,147967,148479,148505,148633,3,0
varp.k26.scheduler-event.v1,analytical-model,S1,skew,23,488,0,0,0,488,148633,148145,148633,148781,148633,148761,148781,148813,0,0
varp.k26.scheduler-event.v1,analytical-model,S1,skew,23,489,0,0,0,489,148813,148324,148813,148887,148813,148877,148887,148903,1,0
varp.k26.scheduler-event.v1,analytical-model,S1,skew,23,490,0,0,0,490,148903,148413,148903,149195,148903,149159,149195,149259,2,0
varp.k26.scheduler-event.v1,analytical-model,S1,skew,23,492,0,0,0,492,149259,148767,149259,149551,149259,149515,149551,149615,0,0
varp.k26.scheduler-event.v1,analytical-model,S1,skew,23,493,0,0,0,493,149615,149122,149615,149763,149615,149743,149763,149795,1,0
varp.k26.scheduler-event.v1,analytical-model,S1,skew,23,494,0,0,0,494,149795,149301,149795,149835,149795,149827,149835,149843,2,0
varp.k26.scheduler-event.v1,analytical-model,S1,skew,23,495,0,0,0,495,149843,149348,149843,149985,149843,149971,149985,150017,3,0
varp.k26.scheduler-event.v1,analytical-model,S1,skew,23,496,0,0,0,496,150017,149521,150017,150091,150017,150081,150091,150107,0,0
varp.k26.scheduler-event.v1,analytical-model,S1,skew,23,498,0,0,0,498,150107,149609,150107,150645,150107,150619,150645,150773,2,0
varp.k26.scheduler-event.v1,analytical-model,S1,skew,23,501,0,0,0,501,150773,150272,150773,151323,150773,151285,151323,151451,1,0
varp.k26.scheduler-event.v1,analytical-model,S1,skew,23,502,0,0,0,502,151451,150949,151451,152001,151451,151963,152001,152129,2,0
varp.k26.scheduler-event.v1,analytical-model,S1,skew,23,503,0,0,0,503,152129,151626,152129,152169,152129,152161,152169,152177,3,0
varp.k26.scheduler-event.v1,analytical-model,S1,skew,23,504,0,0,0,504,152177,151673,152177,152451,152177,152433,152451,152515,0,0
varp.k26.scheduler-event.v1,analytical-model,S1,skew,23,505,0,0,0,505,152515,152010,152515,152555,152515,152547,152555,152563,1,0
varp.k26.scheduler-event.v1,analytical-model,S1,skew,23,507,0,0,0,507,152563,152056,152563,152637,152563,152627,152637,152653,3,0
varp.k26.scheduler-event.v1,analytical-model,S1,skew,23,508,0,0,0,508,152653,152145,152653,152927,152653,152909,152927,152991,0,0
varp.k26.scheduler-event.v1,analytical-model,S1,skew,23,509,0,0,0,509,152991,152482,152991,153065,152991,153055,153065,153081,1,0
varp.k26.scheduler-event.v1,analytical-model,S1,skew,23,510,0,0,0,510,153081,152571,153081,153155,153081,153145,153155,153171,2,0
varp.k26.scheduler-event.v1,analytical-model,S1,skew,23,511,0,0,0,511,153171,152660,153171,153463,153171,153427,153463,153527,3,0
varp.k26.scheduler-event.v1,analytical-model,S1,skew,23,512,0,0,0,512,153527,153015,153527,153669,153527,153655,153669,153701,0,0
varp.k26.scheduler-event.v1,analytical-model,S1,skew,23,513,0,0,0,513,153701,153188,153701,154251,153701,154213,154251,154379,1,0
varp.k26.scheduler-event.v1,analytical-model,S1,skew,23,514,0,0,0,514,154379,153865,154379,154671,154379,154635,154671,154735,2,0
varp.k26.scheduler-event.v1,analytical-model,S1,skew,23,515,0,0,0,515,154735,154220,154735,155273,154735,155247,155273,155401,3,0
varp.k26.scheduler-event.v1,analytical-model,S1,skew,23,517,0,0,0,517,155401,154884,155401,155441,155401,155433,155441,155449,1,0
varp.k26.scheduler-event.v1,analytical-model,S1,skew,23,518,0,0,0,518,155449,154931,155449,155525,155449,155513,155525,155541,2,0
varp.k26.scheduler-event.v1,analytical-model,S1,skew,23,520,0,0,0,520,155541,155021,155541,155683,155541,155669,155683,155715,0,0
varp.k26.scheduler-event.v1,analytical-model,S1,skew,23,521,0,0,0,521,155715,155194,155715,155989,155715,155971,155989,156053,1,0
varp.k26.scheduler-event.v1,analytical-model,S1,skew,23,522,0,0,0,522,156053,155531,156053,156331,156053,156309,156331,156395,2,0
varp.k26.scheduler-event.v1,analytical-model,S1,skew,23,524,0,0,0,524,156395,155871,156395,156537,156395,156523,156537,156569,0,0
varp.k26.scheduler-event.v1,analytical-model,S1,skew,23,525,0,0,0,525,156569,156044,156569,156609,156569,156601,156609,156617,1,0
varp.k26.scheduler-event.v1,analytical-model,S1,skew,23,526,0,0,0,526,156617,156091,156617,157683,156617,157641,157683,157939,2,0
varp.k26.scheduler-event.v1,analytical-model,S1,skew,23,527,0,0,0,527,157939,157412,157939,158015,157939,158003,158015,158031,3,0
varp.k26.scheduler-event.v1,analytical-model,S1,skew,23,528,0,0,0,528,158031,157503,158031,158569,158031,158543,158569,158697,0,0
varp.k26.scheduler-event.v1,analytical-model,S1,skew,23,529,0,0,0,529,158697,158168,158697,158989,158697,158953,158989,159053,1,0
varp.k26.scheduler-event.v1,analytical-model,S1,skew,23,530,0,0,0,530,159053,158523,159053,159331,159053,159309,159331,159395,2,0
varp.k26.scheduler-event.v1,analytical-model,S1,skew,23,531,0,0,0,531,159395,158864,159395,159933,159395,159907,159933,160061,3,0
varp.k26.scheduler-event.v1,analytical-model,S1,skew,23,532,0,0,0,532,160061,159529,160061,160203,160061,160189,160203,160235,0,0
varp.k26.scheduler-event.v1,analytical-model,S1,skew,23,533,0,0,0,533,160235,159702,160235,160275,160235,160267,160275,160283,1,0
varp.k26.scheduler-event.v1,analytical-model,S1,skew,23,534,0,0,0,534,160283,159749,160283,160425,160283,160411,160425,160457,2,0
varp.k26.scheduler-event.v1,analytical-model,S1,skew,23,535,0,0,0,535,160457,159922,160457,160533,160457,160521,160533,160549,3,0
varp.k26.scheduler-event.v1,analytical-model,S1,skew,23,536,0,0,0,536,160549,160013,160549,160841,160549,160805,160841,160905,0,0
varp.k26.scheduler-event.v1,analytical-model,S1,skew,23,537,0,0,0,537,160905,160368,160905,161179,160905,161161,161179,161243,1,0
varp.k26.scheduler-event.v1,analytical-model,S1,skew,23,538,0,0,0,538,161243,160705,161243,161317,161243,161307,161317,161333,2,0
varp.k26.scheduler-event.v1,analytical-model,S1,skew,23,539,0,0,0,539,161333,160794,161333,161611,161333,161589,161611,161675,3,0
varp.k26.scheduler-event.v1,analytical-model,S1,skew,23,541,0,0,0,541,161675,161134,161675,162225,161675,162187,162225,162353,1,0
varp.k26.scheduler-event.v1,analytical-model,S1,skew,23,543,0,0,0,543,162353,161810,162353,162903,162353,162865,162903,163031,3,0
varp.k26.scheduler-event.v1,analytical-model,S1,skew,23,544,0,0,0,544,163031,162487,163031,163581,163031,163543,163581,163709,0,0
varp.k26.scheduler-event.v1,analytical-model,S1,skew,23,545,0,0,0,545,163709,163164,163709,164775,163709,164733,164775,165031,1,0
varp.k26.scheduler-event.v1,analytical-model,S1,skew,23,546,0,0,0,546,165031,164485,165031,165305,165031,165287,165305,165369,2,0
varp.k26.scheduler-event.v1,analytical-model,S1,skew,23,547,0,0,0,547,165369,164822,165369,165643,165369,165625,165643,165707,3,0
varp.k26.scheduler-event.v1,analytical-model,S1,skew,23,548,0,0,0,548,165707,165159,165707,165999,165707,165963,165999,166063,0,0
varp.k26.scheduler-event.v1,analytical-model,S1,skew,23,550,0,0,0,550,166063,165513,166063,166137,166063,166127,166137,166153,2,0
varp.k26.scheduler-event.v1,analytical-model,S1,skew,23,551,0,0,0,551,166153,165602,166153,166427,166153,166409,166427,166491,3,0
varp.k26.scheduler-event.v1,analytical-model,S1,skew,23,552,0,0,0,552,166491,165939,166491,166639,166491,166619,166639,166671,0,0
varp.k26.scheduler-event.v1,analytical-model,S1,skew,23,553,0,0,0,553,166671,166118,166671,166711,166671,166703,166711,166719,1,0
varp.k26.scheduler-event.v1,analytical-model,S1,skew,23,554,0,0,0,554,166719,166165,166719,167785,166719,167743,167785,168041,2,0
varp.k26.scheduler-event.v1,analytical-model,S1,skew,23,555,0,0,0,555,168041,167486,168041,168579,168041,168553,168579,168707,3,0
varp.k26.scheduler-event.v1,analytical-model,S1,skew,23,556,0,0,0,556,168707,168151,168707,168849,168707,168835,168849,168881,0,0
varp.k26.scheduler-event.v1,analytical-model,S1,skew,23,557,0,0,0,557,168881,168324,168881,168921,168881,168913,168921,168929,1,0
varp.k26.scheduler-event.v1,analytical-model,S1,skew,23,558,0,0,0,558,168929,168371,168929,169995,168929,169953,169995,170251,2,0
varp.k26.scheduler-event.v1,analytical-model,S1,skew,23,559,0,0,0,559,170251,169692,170251,170801,170251,170763,170801,170929,3,0
varp.k26.scheduler-event.v1,analytical-model,S1,skew,23,560,0,0,0,560,170929,170369,170929,171071,170929,171057,171071,171103,0,0
varp.k26.scheduler-event.v1,analytical-model,S1,skew,23,566,0,0,0,566,171103,170537,171103,171377,171103,171359,171377,171441,2,0
varp.k26.scheduler-event.v1,analytical-model,S1,skew,23,568,0,0,0,568,171441,170873,171441,171715,171441,171697,171715,171779,0,0
varp.k26.scheduler-event.v1,analytical-model,S1,skew,23,569,0,0,0,569,171779,171210,171779,171921,171779,171907,171921,171953,1,0
varp.k26.scheduler-event.v1,analytical-model,S1,skew,23,573,0,0,0,573,171953,171380,171953,172245,171953,172209,172245,172309,1,0
varp.k26.scheduler-event.v1,analytical-model,S1,skew,23,575,0,0,0,575,172309,171734,172309,172601,172309,172565,172601,172665,3,0
varp.k26.scheduler-event.v1,analytical-model,S1,skew,23,576,0,0,0,576,172665,172089,172665,173731,172665,173689,173731,173987,0,0
varp.k26.scheduler-event.v1,analytical-model,S1,skew,23,577,0,0,0,577,173987,173410,173987,174525,173987,174499,174525,174653,1,0
varp.k26.scheduler-event.v1,analytical-model,S1,skew,23,579,0,0,0,579,174653,174074,174653,174693,174653,174685,174693,174701,3,0
varp.k26.scheduler-event.v1,analytical-model,S1,skew,23,581,0,0,0,581,174701,174120,174701,174975,174701,174957,174975,175039,1,0
varp.k26.scheduler-event.v1,analytical-model,S1,skew,23,583,0,0,0,583,175039,174456,175039,175187,175039,175167,175187,175219,3,0
varp.k26.scheduler-event.v1,analytical-model,S1,skew,23,585,0,0,0,585,175219,174634,175219,175361,175219,175347,175361,175393,1,0
varp.k26.scheduler-event.v1,analytical-model,S1,skew,23,586,0,0,0,586,175393,174807,175393,175931,175393,175905,175931,176059,2,0
varp.k26.scheduler-event.v1,analytical-model,S1,skew,23,587,0,0,0,587,176059,175472,176059,176207,176059,176187,176207,176239,3,0
varp.k26.scheduler-event.v1,analytical-model,S1,skew,23,589,0,0,0,589,176239,175650,176239,176313,176239,176303,176313,176329,1,0
varp.k26.scheduler-event.v1,analytical-model,S1,skew,23,590,0,0,0,590,176329,175739,176329,176879,176329,176841,176879,177007,2,0
varp.k26.scheduler-event.v1,analytical-model,S1,skew,23,591,0,0,0,591,177007,176416,177007,177149,177007,177135,177149,177181,3,0
varp.k26.scheduler-event.v1,analytical-model,S1,skew,23,592,0,0,0,592,177181,176589,177181,177221,177181,177213,177221,177229,0,0
varp.k26.scheduler-event.v1,analytical-model,S1,skew,23,593,0,0,0,593,177229,176636,177229,177269,177229,177261,177269,177277,1,0
varp.k26.scheduler-event.v1,analytical-model,S1,skew,23,595,0,0,0,595,177277,176682,177277,177317,177277,177309,177317,177325,3,0
varp.k26.scheduler-event.v1,analytical-model,S1,skew,23,596,0,0,0,596,177325,176729,177325,177467,177325,177453,177467,177499,0,0
varp.k26.scheduler-event.v1,analytical-model,S1,skew,23,597,0,0,0,597,177499,176902,177499,178565,177499,178523,178565,178821,1,0
varp.k26.scheduler-event.v1,analytical-model,S1,skew,23,598,0,0,0,598,178821,178223,178821,179099,178821,179077,179099,179163,2,0
varp.k26.scheduler-event.v1,analytical-model,S1,skew,23,599,0,0,0,599,179163,178564,179163,179455,179163,179419,179455,179519,3,0
varp.k26.scheduler-event.v1,analytical-model,S1,skew,23,600,0,0,0,600,179519,178919,179519,180585,179519,180543,180585,180841,0,0
varp.k26.scheduler-event.v1,analytical-model,S1,skew,23,601,0,0,0,601,180841,180240,180841,181907,180841,181865,181907,182163,1,0
varp.k26.scheduler-event.v1,analytical-model,S1,skew,23,602,0,0,0,602,182163,181561,182163,182239,182163,182227,182239,182255,2,0
varp.k26.scheduler-event.v1,analytical-model,S1,skew,23,605,0,0,0,605,182255,181650,182255,183321,182255,183279,183321,183577,1,0
varp.k26.scheduler-event.v1,analytical-model,S1,skew,23,608,0,0,0,608,183577,182969,183577,183725,183577,183705,183725,183757,0,0
varp.k26.scheduler-event.v1,analytical-model,S1,skew,23,610,0,0,0,610,183757,183147,183757,183797,183757,183789,183797,183805,2,0
varp.k26.scheduler-event.v1,analytical-model,S1,skew,23,611,0,0,0,611,183805,183194,183805,183879,183805,183869,183879,183895,3,0
varp.k26.scheduler-event.v1,analytical-model,S1,skew,23,612,0,0,0,612,183895,183283,183895,183935,183895,183927,183935,183943,0,0
varp.k26.scheduler-event.v1,analytical-model,S1,skew,23,613,0,0,0,613,183943,183330,183943,184091,183943,184071,184091,184123,1,0
varp.k26.scheduler-event.v1,analytical-model,S1,skew,23,614,0,0,0,614,184123,183509,184123,184673,184123,184635,184673,184801,2,0
varp.k26.scheduler-event.v1,analytical-model,S1,skew,23,615,0,0,0,615,184801,184186,184801,185075,184801,185057,185075,185139,3,0
varp.k26.scheduler-event.v1,analytical-model,S1,skew,23,616,0,0,0,616,185139,184523,185139,185677,185139,185651,185677,185805,0,0
varp.k26.scheduler-event.v1,analytical-model,S1,skew,23,618,0,0,0,618,185805,185187,185805,185881,185805,185869,185881,185897,2,0
varp.k26.scheduler-event.v1,analytical-model,S1,skew,23,619,0,0,0,619,185897,185278,185897,186189,185897,186153,186189,186253,3,0
varp.k26.scheduler-event.v1,analytical-model,S1,skew,23,620,0,0,0,620,186253,185633,186253,186329,186253,186317,186329,186345,0,0
varp.k26.scheduler-event.v1,analytical-model,S1,skew,23,622,0,0,0,622,186345,185723,186345,186623,186345,186601,186623,186687,2,0
varp.k26.scheduler-event.v1,analytical-model,S1,skew,23,623,0,0,0,623,186687,186064,186687,186727,186687,186719,186727,186735,3,0
varp.k26.scheduler-event.v1,analytical-model,S1,skew,23,624,0,0,0,624,186735,186111,186735,186775,186735,186767,186775,186783,0,0
varp.k26.scheduler-event.v1,analytical-model,S1,skew,23,626,0,0,0,626,186783,186157,186783,187849,186783,187807,187849,188105,2,0
varp.k26.scheduler-event.v1,analytical-model,S1,skew,23,627,0,0,0,627,188105,187478,188105,188247,188105,188233,188247,188279,3,0
varp.k26.scheduler-event.v1,analytical-model,S1,skew,23,628,0,0,0,628,188279,187651,188279,188427,188279,188407,188427,188459,0,0
varp.k26.scheduler-event.v1,analytical-model,S1,skew,23,629,0,0,0,629,188459,187830,188459,188751,188459,188715,188751,188815,1,0
varp.k26.scheduler-event.v1,analytical-model,S1,skew,23,630,0,0,0,630,188815,188185,188815,188891,188815,188879,188891,188907,2,0
varp.k26.scheduler-event.v1,analytical-model,S1,skew,23,631,0,0,0,631,188907,188276,188907,189185,188907,189163,189185,189249,3,0
varp.k26.scheduler-event.v1,analytical-model,S1,skew,23,632,0,0,0,632,189249,188617,189249,189325,189249,189313,189325,189341,0,0
varp.k26.scheduler-event.v1,analytical-model,S1,skew,23,633,0,0,0,633,189341,188708,189341,189483,189341,189469,189483,189515,1,0
varp.k26.scheduler-event.v1,analytical-model,S1,skew,23,634,0,0,0,634,189515,188881,189515,190065,189515,190027,190065,190193,2,0
varp.k26.scheduler-event.v1,analytical-model,S1,skew,23,635,0,0,0,635,190193,189558,190193,190471,190193,190449,190471,190535,3,0
varp.k26.scheduler-event.v1,analytical-model,S1,skew,23,637,0,0,0,637,190535,189898,190535,190575,190535,190567,190575,190583,1,0
varp.k26.scheduler-event.v1,analytical-model,S1,skew,23,638,0,0,0,638,190583,189945,190583,190725,190583,190711,190725,190757,2,0
varp.k26.scheduler-event.v1,analytical-model,S1,skew,23,640,0,0,0,640,190757,190117,190757,191049,190757,191013,191049,191113,0,0
varp.k26.scheduler-event.v1,analytical-model,S1,skew,23,641,0,0,0,641,191113,190472,191113,191187,191113,191177,191187,191203,1,0
varp.k26.scheduler-event.v1,analytical-model,S1,skew,23,642,0,0,0,642,191203,190561,191203,191753,191203,191715,191753,191881,2,0
varp.k26.scheduler-event.v1,analytical-model,S1,skew,23,643,0,0,0,643,191881,191238,191881,192419,191881,192393,192419,192547,3,0
varp.k26.scheduler-event.v1,analytical-model,S1,skew,23,644,0,0,0,644,192547,191903,192547,192839,192547,192803,192839,192903,0,0
varp.k26.scheduler-event.v1,analytical-model,S1,skew,23,645,0,0,0,645,192903,192258,192903,193051,192903,193031,193051,193083,1,0
varp.k26.scheduler-event.v1,analytical-model,S1,skew,23,646,0,0,0,646,193083,192437,193083,193123,193083,193115,193123,193131,2,0
varp.k26.scheduler-event.v1,analytical-model,S1,skew,23,648,0,0,0,648,193131,192483,193131,193681,193131,193643,193681,193809,0,0
varp.k26.scheduler-event.v1,analytical-model,S1,skew,23,649,0,0,0,649,193809,193160,193809,194083,193809,194065,194083,194147,1,0
varp.k26.scheduler-event.v1,analytical-model,S1,skew,23,650,0,0,0,650,194147,193497,194147,195213,194147,195171,195213,195469,2,0
varp.k26.scheduler-event.v1,analytical-model,S1,skew,23,652,0,0,0,652,195469,194817,195469,195761,195469,195725,195761,195825,0,0
varp.k26.scheduler-event.v1,analytical-model,S1,skew,23,653,0,0,0,653,195825,195172,195825,195865,195825,195857,195865,195873,1,0
varp.k26.scheduler-event.v1,analytical-model,S1,skew,23,654,0,0,0,654,195873,195219,195873,196015,195873,196001,196015,196047,2,0
varp.k26.scheduler-event.v1,analytical-model,S1,skew,23,655,0,0,0,655,196047,195392,196047,196195,196047,196175,196195,196227,3,0
varp.k26.scheduler-event.v1,analytical-model,S1,skew,23,656,0,0,0,656,196227,195571,196227,196267,196227,196259,196267,196275,0,0
varp.k26.scheduler-event.v1,analytical-model,S1,skew,23,657,0,0,0,657,196275,195618,196275,196549,196275,196531,196549,196613,1,0
varp.k26.scheduler-event.v1,analytical-model,S1,skew,23,658,0,0,0,658,196613,195955,196613,196755,196613,196741,196755,196787,2,0
varp.k26.scheduler-event.v1,analytical-model,S1,skew,23,659,0,0,0,659,196787,196128,196787,197061,196787,197043,197061,197125,3,0
varp.k26.scheduler-event.v1,analytical-model,S1,skew,23,660,0,0,0,660,197125,196465,197125,197403,197125,197381,197403,197467,0,0
varp.k26.scheduler-event.v1,analytical-model,S1,skew,23,661,0,0,0,661,197467,196806,197467,198005,197467,197979,198005,198133,1,0
varp.k26.scheduler-event.v1,analytical-model,S1,skew,23,662,0,0,0,662,198133,197471,198133,198275,198133,198261,198275,198307,2,0
varp.k26.scheduler-event.v1,analytical-model,S1,skew,23,664,0,0,0,664,198307,197643,198307,198381,198307,198371,198381,198397,0,0
varp.k26.scheduler-event.v1,analytical-model,S1,skew,23,666,0,0,0,666,198397,197731,198397,199463,198397,199421,199463,199719,2,0
varp.k26.scheduler-event.v1,analytical-model,S1,skew,23,667,0,0,0,667,199719,199052,199719,200785,199719,200743,200785,201041,3,0
varp.k26.scheduler-event.v1,analytical-model,S1,skew,23,669,0,0,0,669,201041,200372,201041,201183,201041,201169,201183,201215,1,0
varp.k26.scheduler-event.v1,analytical-model,S1,skew,23,671,0,0,0,671,201215,200544,201215,201489,201215,201471,201489,201553,3,0
varp.k26.scheduler-event.v1,analytical-model,S1,skew,23,672,0,0,0,672,201553,200881,201553,201695,201553,201681,201695,201727,0,0
varp.k26.scheduler-event.v1,analytical-model,S1,skew,23,673,0,0,0,673,201727,201054,201727,201875,201727,201855,201875,201907,1,0
varp.k26.scheduler-event.v1,analytical-model,S1,skew,23,674,0,0,0,674,201907,201233,201907,202199,201907,202163,202199,202263,2,0
varp.k26.scheduler-event.v1,analytical-model,S1,skew,23,675,0,0,0,675,202263,201588,202263,202801,202263,202775,202801,202929,3,0
varp.k26.scheduler-event.v1,analytical-model,S1,skew,23,676,0,0,0,676,202929,202253,202929,203221,202929,203185,203221,203285,0,0
varp.k26.scheduler-event.v1,analytical-model,S1,skew,23,677,0,0,0,677,203285,202608,203285,203577,203285,203541,203577,203641,1,0
varp.k26.scheduler-event.v1,analytical-model,S1,skew,23,678,0,0,0,678,203641,202963,203641,203933,203641,203897,203933,203997,2,0
varp.k26.scheduler-event.v1,analytical-model,S1,skew,23,679,0,0,0,679,203997,203318,203997,204071,203997,204061,204071,204087,3,0
varp.k26.scheduler-event.v1,analytical-model,S1,skew,23,681,0,0,0,681,204087,203406,204087,204637,204087,204599,204637,204765,1,0
varp.k26.scheduler-event.v1,analytical-model,S1,skew,23,682,0,0,0,682,204765,204083,204765,204805,204765,204797,204805,204813,2,0
varp.k26.scheduler-event.v1,analytical-model,S1,skew,23,685,0,0,0,685,204813,204128,204813,204887,204813,204877,204887,204903,1,0
varp.k26.scheduler-event.v1,analytical-model,S1,skew,23,687,0,0,0,687,204903,204216,204903,205441,204903,205415,205441,205569,3,0
varp.k26.scheduler-event.v1,analytical-model,S1,skew,23,688,0,0,0,688,205569,204881,205569,206119,205569,206081,206119,206247,0,0
varp.k26.scheduler-event.v1,analytical-model,S1,skew,23,690,0,0,0,690,206247,205557,206247,206389,206247,206375,206389,206421,2,0
varp.k26.scheduler-event.v1,analytical-model,S1,skew,23,691,0,0,0,691,206421,205730,206421,206569,206421,206549,206569,206601,3,0
varp.k26.scheduler-event.v1,analytical-model,S1,skew,23,692,0,0,0,692,206601,205909,206601,207667,206601,207625,207667,207923,0,0
varp.k26.scheduler-event.v1,analytical-model,S1,skew,23,693,0,0,0,693,207923,207230,207923,207999,207923,207987,207999,208015,1,0
varp.k26.scheduler-event.v1,analytical-model,S1,skew,23,694,0,0,0,694,208015,207321,208015,208289,208015,208271,208289,208353,2,0
varp.k26.scheduler-event.v1,analytical-model,S1,skew,23,695,0,0,0,695,208353,207658,208353,208501,208353,208481,208501,208533,3,0
varp.k26.scheduler-event.v1,analytical-model,S1,skew,23,696,0,0,0,696,208533,207837,208533,208675,208533,208661,208675,208707,0,0
varp.k26.scheduler-event.v1,analytical-model,S1,skew,23,697,0,0,0,697,208707,208010,208707,209245,208707,209219,209245,209373,1,0
varp.k26.scheduler-event.v1,analytical-model,S1,skew,23,699,0,0,0,699,209373,208674,209373,209413,209373,209405,209413,209421,3,0
varp.k26.scheduler-event.v1,analytical-model,S1,skew,23,700,0,0,0,700,209421,208721,209421,209695,209421,209677,209695,209759,0,0
varp.k26.scheduler-event.v1,analytical-model,S1,skew,23,701,0,0,0,701,209759,209058,209759,210033,209759,210015,210033,210097,1,0
varp.k26.scheduler-event.v1,analytical-model,S1,skew,23,703,0,0,0,703,210097,209394,210097,211163,210097,211121,211163,211419,3,0
varp.k26.scheduler-event.v1,analytical-model,S1,skew,23,704,0,0,0,704,211419,210715,211419,211711,211419,211675,211711,211775,0,0
varp.k26.scheduler-event.v1,analytical-model,S1,skew,23,705,0,0,0,705,211775,211070,211775,212325,211775,212287,212325,212453,1,0
varp.k26.scheduler-event.v1,analytical-model,S1,skew,23,706,0,0,0,706,212453,211747,212453,212745,212453,212709,212745,212809,2,0
varp.k26.scheduler-event.v1,analytical-model,S1,skew,23,707,0,0,0,707,212809,212102,212809,213359,212809,213321,213359,213487,3,0
varp.k26.scheduler-event.v1,analytical-model,S1,skew,23,708,0,0,0,708,213487,212779,213487,213765,213487,213743,213765,213829,0,0
varp.k26.scheduler-event.v1,analytical-model,S1,skew,23,709,0,0,0,709,213829,213120,213829,214107,213829,214085,214107,214171,1,0
varp.k26.scheduler-event.v1,analytical-model,S1,skew,23,711,0,0,0,711,214171,213460,214171,214245,214171,214235,214245,214261,3,0
varp.k26.scheduler-event.v1,analytical-model,S1,skew,23,713,0,0,0,713,214261,213548,214261,214335,214261,214325,214335,214351,1,0
varp.k26.scheduler-event.v1,analytical-model,S1,skew,23,714,0,0,0,714,214351,213637,214351,214493,214351,214479,214493,214525,2,0
varp.k26.scheduler-event.v1,analytical-model,S1,skew,23,715,0,0,0,715,214525,213810,214525,215063,214525,215037,215063,215191,3,0
varp.k26.scheduler-event.v1,analytical-model,S1,skew,23,716,0,0,0,716,215191,214475,215191,215231,215191,215223,215231,215239,0,0
varp.k26.scheduler-event.v1,analytical-model,S1,skew,23,717,0,0,0,717,215239,214522,215239,215387,215239,215367,215387,215419,1,0
varp.k26.scheduler-event.v1,analytical-model,S1,skew,23,719,0,0,0,719,215419,214700,215419,216485,215419,216443,216485,216741,3,0
varp.k26.scheduler-event.v1,analytical-model,S1,skew,23,720,0,0,0,720,216741,216021,216741,216883,216741,216869,216883,216915,0,0
varp.k26.scheduler-event.v1,analytical-model,S1,skew,23,721,0,0,0,721,216915,216194,216915,217207,216915,217171,217207,217271,1,0
varp.k26.scheduler-event.v1,analytical-model,S1,skew,23,722,0,0,0,722,217271,216549,217271,217821,217271,217783,217821,217949,2,0
varp.k26.scheduler-event.v1,analytical-model,S1,skew,23,723,0,0,0,723,217949,217226,217949,218241,217949,218205,218241,218305,3,0
varp.k26.scheduler-event.v1,analytical-model,S1,skew,23,724,0,0,0,724,218305,217581,218305,218447,218305,218433,218447,218479,0,0
varp.k26.scheduler-event.v1,analytical-model,S1,skew,23,725,0,0,0,725,218479,217754,218479,219029,218479,218991,219029,219157,1,0
varp.k26.scheduler-event.v1,analytical-model,S1,skew,23,726,0,0,0,726,219157,218431,219157,219299,219157,219285,219299,219331,2,0
varp.k26.scheduler-event.v1,analytical-model,S1,skew,23,727,0,0,0,727,219331,218604,219331,219407,219331,219395,219407,219423,3,0
varp.k26.scheduler-event.v1,analytical-model,S1,skew,23,729,0,0,0,729,219423,218694,219423,219697,219423,219679,219697,219761,1,0
varp.k26.scheduler-event.v1,analytical-model,S1,skew,23,730,0,0,0,730,219761,219031,219761,220039,219761,220017,220039,220103,2,0
varp.k26.scheduler-event.v1,analytical-model,S1,skew,23,731,0,0,0,731,220103,219372,220103,220377,220103,220359,220377,220441,3,0
varp.k26.scheduler-event.v1,analytical-model,S1,skew,23,732,0,0,0,732,220441,219709,220441,221507,220441,221465,221507,221763,0,0
varp.k26.scheduler-event.v1,analytical-model,S1,skew,23,733,0,0,0,733,221763,221030,221763,222055,221763,222019,222055,222119,1,0
varp.k26.scheduler-event.v1,analytical-model,S1,skew,23,735,0,0,0,735,222119,221384,222119,222267,222119,222247,222267,222299,3,0
varp.k26.scheduler-event.v1,analytical-model,S1,skew,23,736,0,0,0,736,222299,221563,222299,222573,222299,222555,222573,222637,0,0
varp.k26.scheduler-event.v1,analytical-model,S1,skew,23,737,0,0,0,737,222637,221900,222637,223703,222637,223661,223703,223959,1,0
varp.k26.scheduler-event.v1,analytical-model,S1,skew,23,738,0,0,0,738,223959,223221,223959,224035,223959,224023,224035,224051,2,0
varp.k26.scheduler-event.v1,analytical-model,S1,skew,23,739,0,0,0,739,224051,223312,224051,224091,224051,224083,224091,224099,3,0
varp.k26.scheduler-event.v1,analytical-model,S1,skew,23,740,0,0,0,740,224099,223359,224099,224247,224099,224227,224247,224279,0,0
varp.k26.scheduler-event.v1,analytical-model,S1,skew,23,741,0,0,0,741,224279,223538,224279,224553,224279,224535,224553,224617,1,0
varp.k26.scheduler-event.v1,analytical-model,S1,skew,23,742,0,0,0,742,224617,223875,224617,224657,224617,224649,224657,224665,2,0
varp.k26.scheduler-event.v1,analytical-model,S1,skew,23,744,0,0,0,744,224665,223921,224665,224705,224665,224697,224705,224713,0,0
varp.k26.scheduler-event.v1,analytical-model,S1,skew,23,745,0,0,0,745,224713,223968,224713,225263,224713,225225,225263,225391,1,0
varp.k26.scheduler-event.v1,analytical-model,S1,skew,23,746,0,0,0,746,225391,224645,225391,225683,225391,225647,225683,225747,2,0
varp.k26.scheduler-event.v1,analytical-model,S1,skew,23,747,0,0,0,747,225747,225000,225747,226285,225747,226259,226285,226413,3,0
varp.k26.scheduler-event.v1,analytical-model,S1,skew,23,748,0,0,0,748,226413,225665,226413,226687,226413,226669,226687,226751,0,0
varp.k26.scheduler-event.v1,analytical-model,S1,skew,23,750,0,0,0,750,226751,226001,226751,227025,226751,227007,227025,227089,2,0
varp.k26.scheduler-event.v1,analytical-model,S1,skew,23,752,0,0,0,752,227089,226337,227089,227231,227089,227217,227231,227263,0,0
varp.k26.scheduler-event.v1,analytical-model,S1,skew,23,753,0,0,0,753,227263,226510,227263,227801,227263,227775,227801,227929,1,0
varp.k26.scheduler-event.v1,analytical-model,S1,skew,23,754,0,0,0,754,227929,227175,227929,228071,227929,228057,228071,228103,2,0
varp.k26.scheduler-event.v1,analytical-model,S1,skew,23,757,0,0,0,757,228103,227346,228103,229169,228103,229127,229169,229425,1,0
varp.k26.scheduler-event.v1,analytical-model,S1,skew,23,758,0,0,0,758,229425,228667,229425,230491,229425,230449,230491,230747,2,0
varp.k26.scheduler-event.v1,analytical-model,S1,skew,23,759,0,0,0,759,230747,229988,230747,230821,230747,230811,230821,230837,3,0
varp.k26.scheduler-event.v1,analytical-model,S1,skew,23,760,0,0,0,760,230837,230077,230837,230911,230837,230901,230911,230927,0,0
varp.k26.scheduler-event.v1,analytical-model,S1,skew,23,761,0,0,0,761,230927,230166,230927,231219,230927,231183,231219,231283,1,0
varp.k26.scheduler-event.v1,analytical-model,S1,skew,23,762,0,0,0,762,231283,230521,231283,231821,231283,231795,231821,231949,2,0
varp.k26.scheduler-event.v1,analytical-model,S1,skew,23,763,0,0,0,763,231949,231186,231949,232487,231949,232461,232487,232615,3,0
varp.k26.scheduler-event.v1,analytical-model,S1,skew,23,765,0,0,0,765,232615,231850,232615,232691,232615,232679,232691,232707,1,0
varp.k26.scheduler-event.v1,analytical-model,S1,skew,23,766,0,0,0,766,232707,231941,232707,232781,232707,232771,232781,232797,2,0
varp.k26.scheduler-event.v1,analytical-model,S1,skew,23,767,0,0,0,767,232797,232030,232797,233347,232797,233309,233347,233475,3,0
varp.k26.scheduler-event.v1,analytical-model,S1,skew,23,768,0,0,0,768,233475,232707,233475,234025,233475,233987,234025,234153,0,0
varp.k26.scheduler-event.v1,analytical-model,S1,skew,23,769,0,0,0,769,234153,233384,234153,234427,234153,234409,234427,234491,1,0
varp.k26.scheduler-event.v1,analytical-model,S1,skew,23,770,0,0,0,770,234491,233721,234491,234783,234491,234747,234783,234847,2,0
varp.k26.scheduler-event.v1,analytical-model,S1,skew,23,771,0,0,0,771,234847,234076,234847,235121,234847,235103,235121,235185,3,0
varp.k26.scheduler-event.v1,analytical-model,S1,skew,23,772,0,0,0,772,235185,234413,235185,235225,235185,235217,235225,235233,0,0
varp.k26.scheduler-event.v1,analytical-model,S1,skew,23,773,0,0,0,773,235233,234460,235233,235273,235233,235265,235273,235281,1,0
varp.k26.scheduler-event.v1,analytical-model,S1,skew,23,775,0,0,0,775,235281,234506,235281,235423,235281,235409,235423,235455,3,0
varp.k26.scheduler-event.v1,analytical-model,S1,skew,23,776,0,0,0,776,235455,234679,235455,235733,235455,235711,235733,235797,0,0
varp.k26.scheduler-event.v1,analytical-model,S1,skew,23,777,0,0,0,777,235797,235020,235797,236089,235797,236053,236089,236153,1,0
varp.k26.scheduler-event.v1,analytical-model,S1,skew,23,778,0,0,0,778,236153,235375,236153,236295,236153,236281,236295,236327,2,0
varp.k26.scheduler-event.v1,analytical-model,S1,skew,23,779,0,0,0,779,236327,235548,236327,237393,236327,237351,237393,237649,3,0
varp.k26.scheduler-event.v1,analytical-model,S1,skew,23,780,0,0,0,780,237649,236869,237649,237941,237649,237905,237941,238005,0,0
varp.k26.scheduler-event.v1,analytical-model,S1,skew,23,781,0,0,0,781,238005,237224,238005,238079,238005,238069,238079,238095,1,0
varp.k26.scheduler-event.v1,analytical-model,S1,skew,23,782,0,0,0,782,238095,237313,238095,238645,238095,238607,238645,238773,2,0
varp.k26.scheduler-event.v1,analytical-model,S1,skew,23,783,0,0,0,783,238773,237990,238773,239311,238773,239285,239311,239439,3,0
varp.k26.scheduler-event.v1,analytical-model,S1,skew,23,784,0,0,0,784,239439,238655,239439,239731,239439,239695,239731,239795,0,0
varp.k26.scheduler-event.v1,analytical-model,S1,skew,23,785,0,0,0,785,239795,239010,239795,239937,239795,239923,239937,239969,1,0
varp.k26.scheduler-event.v1,analytical-model,S1,skew,23,786,0,0,0,786,239969,239183,239969,241035,239969,240993,241035,241291,2,0
varp.k26.scheduler-event.v1,analytical-model,S1,skew,23,787,0,0,0,787,241291,240504,241291,241433,241291,241419,241433,241465,3,0
varp.k26.scheduler-event.v1,analytical-model,S1,skew,23,788,0,0,0,788,241465,240677,241465,241739,241465,241721,241739,241803,0,0
varp.k26.scheduler-event.v1,analytical-model,S1,skew,23,789,0,0,0,789,241803,241014,241803,242077,241803,242059,242077,242141,1,0
varp.k26.scheduler-event.v1,analytical-model,S1,skew,23,790,0,0,0,790,242141,241351,242141,242679,242141,242653,242679,242807,2,0
varp.k26.scheduler-event.v1,analytical-model,S1,skew,23,791,0,0,0,791,242807,242016,242807,242949,242807,242935,242949,242981,3,0
varp.k26.scheduler-event.v1,analytical-model,S1,skew,23,792,0,0,0,792,242981,242189,242981,243057,242981,243045,243057,243073,0,0
varp.k26.scheduler-event.v1,analytical-model,S1,skew,23,793,0,0,0,793,243073,242280,243073,243215,243073,243201,243215,243247,1,0
varp.k26.scheduler-event.v1,analytical-model,S1,skew,23,794,0,0,0,794,243247,242453,243247,243389,243247,243375,243389,243421,2,0
varp.k26.scheduler-event.v1,analytical-model,S1,skew,23,795,0,0,0,795,243421,242626,243421,243713,243421,243677,243713,243777,3,0
varp.k26.scheduler-event.v1,analytical-model,S1,skew,23,797,0,0,0,797,243777,242980,243777,243925,243777,243905,243925,243957,1,0
varp.k26.scheduler-event.v1,analytical-model,S1,skew,23,799,0,0,0,799,243957,243158,243957,244033,243957,244021,244033,244049,3,0
varp.k26.scheduler-event.v1,analytical-model,S1,skew,23,800,0,0,0,800,244049,243249,244049,244197,244049,244177,244197,244229,0,0
varp.k26.scheduler-event.v1,analytical-model,S1,skew,23,801,0,0,0,801,244229,243428,244229,245295,244229,245253,245295,245551,1,0
varp.k26.scheduler-event.v1,analytical-model,S1,skew,23,802,0,0,0,802,245551,244749,245551,245699,245551,245679,245699,245731,2,0
varp.k26.scheduler-event.v1,analytical-model,S1,skew,23,803,0,0,0,803,245731,244928,245731,246281,245731,246243,246281,246409,3,0
varp.k26.scheduler-event.v1,analytical-model,S1,skew,23,804,0,0,0,804,246409,245605,246409,246701,246409,246665,246701,246765,0,0
varp.k26.scheduler-event.v1,analytical-model,S1,skew,23,805,0,0,0,805,246765,245960,246765,246841,246765,246829,246841,246857,1,0
varp.k26.scheduler-event.v1,analytical-model,S1,skew,23,806,0,0,0,806,246857,246051,246857,247395,246857,247369,247395,247523,2,0
varp.k26.scheduler-event.v1,analytical-model,S1,skew,23,807,0,0,0,807,247523,246716,247523,247599,247523,247587,247599,247615,3,0
varp.k26.scheduler-event.v1,analytical-model,S1,skew,23,808,0,0,0,808,247615,246807,247615,248165,247615,248127,248165,248293,0,0
varp.k26.scheduler-event.v1,analytical-model,S1,skew,23,809,0,0,0,809,248293,247484,248293,248435,248293,248421,248435,248467,1,0
varp.k26.scheduler-event.v1,analytical-model,S1,skew,23,810,0,0,0,810,248467,247657,248467,248609,248467,248595,248609,248641,2,0
varp.k26.scheduler-event.v1,analytical-model,S1,skew,23,811,0,0,0,811,248641,247830,248641,248681,248641,248673,248681,248689,3,0
varp.k26.scheduler-event.v1,analytical-model,S1,skew,23,812,0,0,0,812,248689,247877,248689,248981,248689,248945,248981,249045,0,0
varp.k26.scheduler-event.v1,analytical-model,S1,skew,23,813,0,0,0,813,249045,248232,249045,249085,249045,249077,249085,249093,1,0
varp.k26.scheduler-event.v1,analytical-model,S1,skew,23,815,0,0,0,815,249093,248278,249093,249631,249093,249605,249631,249759,3,0
varp.k26.scheduler-event.v1,analytical-model,S1,skew,23,816,0,0,0,816,249759,248943,249759,249907,249759,249887,249907,249939,0,0
varp.k26.scheduler-event.v1,analytical-model,S1,skew,23,817,0,0,0,817,249939,249122,249939,251005,249939,250963,251005,251261,1,0
varp.k26.scheduler-event.v1,analytical-model,S1,skew,23,818,0,0,0,818,251261,250443,251261,251301,251261,251293,251301,251309,2,0
varp.k26.scheduler-event.v1,analytical-model,S1,skew,23,820,0,0,0,820,251309,250489,251309,252375,251309,252333,252375,252631,0,0
varp.k26.scheduler-event.v1,analytical-model,S1,skew,23,821,0,0,0,821,252631,251810,252631,253169,252631,253143,253169,253297,1,0
varp.k26.scheduler-event.v1,analytical-model,S1,skew,23,822,0,0,0,822,253297,252475,253297,253373,253297,253361,253373,253389,2,0
varp.k26.scheduler-event.v1,analytical-model,S1,skew,23,824,0,0,0,824,253389,252565,253389,253927,253389,253901,253927,254055,0,0
varp.k26.scheduler-event.v1,analytical-model,S1,skew,23,826,0,0,0,826,254055,253229,254055,254333,254055,254311,254333,254397,2,0
varp.k26.scheduler-event.v1,analytical-model,S1,skew,23,827,0,0,0,827,254397,253570,254397,254539,254397,254525,254539,254571,3,0
varp.k26.scheduler-event.v1,analytical-model,S1,skew,23,828,0,0,0,828,254571,253743,254571,255121,254571,255083,255121,255249,0,0
varp.k26.scheduler-event.v1,analytical-model,S1,skew,23,829,0,0,0,829,255249,254420,255249,255397,255249,255377,255397,255429,1,0
varp.k26.scheduler-event.v1,analytical-model,S1,skew,23,831,0,0,0,831,255429,254598,255429,255505,255429,255493,255505,255521,3,0
varp.k26.scheduler-event.v1,analytical-model,S1,skew,23,832,0,0,0,832,255521,254689,255521,255669,255521,255649,255669,255701,0,0
varp.k26.scheduler-event.v1,analytical-model,S1,skew,23,833,0,0,0,833,255701,254868,255701,255741,255701,255733,255741,255749,1,0
varp.k26.scheduler-event.v1,analytical-model,S1,skew,23,834,0,0,0,834,255749,254915,255749,255823,255749,255813,255823,255839,2,0
varp.k26.scheduler-event.v1,analytical-model,S1,skew,23,835,0,0,0,835,255839,255004,255839,256377,255839,256351,256377,256505,3,0
varp.k26.scheduler-event.v1,analytical-model,S1,skew,23,836,0,0,0,836,256505,255669,256505,256783,256505,256761,256783,256847,0,0
varp.k26.scheduler-event.v1,analytical-model,S1,skew,23,837,0,0,0,837,256847,256010,256847,257397,256847,257359,257397,257525,1,0
varp.k26.scheduler-event.v1,analytical-model,S1,skew,23,838,0,0,0,838,257525,256687,257525,258075,257525,258037,258075,258203,2,0
varp.k26.scheduler-event.v1,analytical-model,S1,skew,23,840,0,0,0,840,258203,257363,258203,258495,258203,258459,258495,258559,0,0
varp.k26.scheduler-event.v1,analytical-model,S1,skew,23,841,0,0,0,841,258559,257718,258559,258851,258559,258815,258851,258915,1,0
varp.k26.scheduler-event.v1,analytical-model,S1,skew,23,842,0,0,0,842,258915,258073,258915,259063,258915,259043,259063,259095,2,0
varp.k26.scheduler-event.v1,analytical-model,S1,skew,23,844,0,0,0,844,259095,258251,259095,259237,259095,259223,259237,259269,0,0
varp.k26.scheduler-event.v1,analytical-model,S1,skew,23,845,0,0,0,845,259269,258424,259269,259411,259269,259397,259411,259443,1,0
varp.k26.scheduler-event.v1,analytical-model,S1,skew,23,847,0,0,0,847,259443,258596,259443,260509,259443,260467,260509,260765,3,0
varp.k26.scheduler-event.v1,analytical-model,S1,skew,23,848,0,0,0,848,260765,259917,260765,260907,260765,260893,260907,260939,0,0
varp.k26.scheduler-event.v1,analytical-model,S1,skew,23,849,0,0,0,849,260939,260090,260939,261015,260939,261003,261015,261031,1,0
varp.k26.scheduler-event.v1,analytical-model,S1,skew,23,850,0,0,0,850,261031,260181,261031,261105,261031,261095,261105,261121,2,0
varp.k26.scheduler-event.v1,analytical-model,S1,skew,23,852,0,0,0,852,261121,260269,261121,261195,261121,261185,261195,261211,0,0
varp.k26.scheduler-event.v1,analytical-model,S1,skew,23,853,0,0,0,853,261211,260358,261211,261761,261211,261723,261761,261889,1,0
varp.k26.scheduler-event.v1,analytical-model,S1,skew,23,854,0,0,0,854,261889,261035,261889,262163,261889,262145,262163,262227,2,0
varp.k26.scheduler-event.v1,analytical-model,S1,skew,23,855,0,0,0,855,262227,261372,262227,262267,262227,262259,262267,262275,3,0
varp.k26.scheduler-event.v1,analytical-model,S1,skew,23,857,0,0,0,857,262275,261418,262275,262315,262275,262307,262315,262323,1,0
varp.k26.scheduler-event.v1,analytical-model,S1,skew,23,858,0,0,0,858,262323,261465,262323,262861,262323,262835,262861,262989,2,0
varp.k26.scheduler-event.v1,analytical-model,S1,skew,23,860,0,0,0,860,262989,262129,262989,263029,262989,263021,263029,263037,0,0
varp.k26.scheduler-event.v1,analytical-model,S1,skew,23,861,0,0,0,861,263037,262176,263037,263113,263037,263101,263113,263129,1,0
varp.k26.scheduler-event.v1,analytical-model,S1,skew,23,863,0,0,0,863,263129,262266,263129,263421,263129,263385,263421,263485,3,0
varp.k26.scheduler-event.v1,analytical-model,S1,skew,23,864,0,0,0,864,263485,262621,263485,264551,263485,264509,264551,264807,0,0
varp.k26.scheduler-event.v1,analytical-model,S1,skew,23,865,0,0,0,865,264807,263942,264807,264949,264807,264935,264949,264981,1,0
varp.k26.scheduler-event.v1,analytical-model,S1,skew,23,866,0,0,0,866,264981,264115,264981,265531,264981,265493,265531,265659,2,0
varp.k26.scheduler-event.v1,analytical-model,S1,skew,23,868,0,0,0,868,265659,264791,265659,265699,265659,265691,265699,265707,0,0
varp.k26.scheduler-event.v1,analytical-model,S1,skew,23,869,0,0,0,869,265707,264838,265707,265985,265707,265963,265985,266049,1,0
varp.k26.scheduler-event.v1,analytical-model,S1,skew,23,870,0,0,0,870,266049,265179,266049,266191,266049,266177,266191,266223,2,0
varp.k26.scheduler-event.v1,analytical-model,S1,skew,23,871,0,0,0,871,266223,265352,266223,266371,266223,266351,266371,266403,3,0
varp.k26.scheduler-event.v1,analytical-model,S1,skew,23,872,0,0,0,872,266403,265531,266403,266545,266403,266531,266545,266577,0,0
varp.k26.scheduler-event.v1,analytical-model,S1,skew,23,873,0,0,0,873,266577,265704,266577,266851,266577,266833,266851,266915,1,0
varp.k26.scheduler-event.v1,analytical-model,S1,skew,23,874,0,0,0,874,266915,266041,266915,267465,266915,267427,267465,267593,2,0
varp.k26.scheduler-event.v1,analytical-model,S1,skew,23,875,0,0,0,875,267593,266718,267593,267867,267593,267849,267867,267931,3,0
varp.k26.scheduler-event.v1,analytical-model,S1,skew,23,876,0,0,0,876,267931,267055,267931,268079,267931,268059,268079,268111,0,0
varp.k26.scheduler-event.v1,analytical-model,S1,skew,23,877,0,0,0,877,268111,267234,268111,268385,268111,268367,268385,268449,1,0
varp.k26.scheduler-event.v1,analytical-model,S1,skew,23,878,0,0,0,878,268449,267571,268449,268525,268449,268513,268525,268541,2,0
varp.k26.scheduler-event.v1,analytical-model,S1,skew,23,879,0,0,0,879,268541,267662,268541,269091,268541,269053,269091,269219,3,0
varp.k26.scheduler-event.v1,analytical-model,S1,skew,23,881,0,0,0,881,269219,268338,269219,269757,269219,269731,269757,269885,1,0
varp.k26.scheduler-event.v1,analytical-model,S1,skew,23,882,0,0,0,882,269885,269003,269885,270435,269885,270397,270435,270563,2,0
varp.k26.scheduler-event.v1,analytical-model,S1,skew,23,883,0,0,0,883,270563,269680,270563,270705,270563,270691,270705,270737,3,0
varp.k26.scheduler-event.v1,analytical-model,S1,skew,23,884,0,0,0,884,270737,269853,270737,271803,270737,271761,271803,272059,0,0
varp.k26.scheduler-event.v1,analytical-model,S1,skew,23,885,0,0,0,885,272059,271174,272059,272333,272059,272315,272333,272397,1,0
varp.k26.scheduler-event.v1,analytical-model,S1,skew,23,886,0,0,0,886,272397,271511,272397,272473,272397,272461,272473,272489,2,0
varp.k26.scheduler-event.v1,analytical-model,S1,skew,23,887,0,0,0,887,272489,271602,272489,273555,272489,273513,273555,273811,3,0
varp.k26.scheduler-event.v1,analytical-model,S1,skew,23,889,0,0,0,889,273811,272922,273811,273885,273811,273875,273885,273901,1,0
varp.k26.scheduler-event.v1,analytical-model,S1,skew,23,890,0,0,0,890,273901,273011,273901,274451,273901,274413,274451,274579,2,0
varp.k26.scheduler-event.v1,analytical-model,S1,skew,23,891,0,0,0,891,274579,273688,274579,274871,274579,274835,274871,274935,3,0
varp.k26.scheduler-event.v1,analytical-model,S1,skew,23,892,0,0,0,892,274935,274043,274935,275077,274935,275063,275077,275109,0,0
varp.k26.scheduler-event.v1,analytical-model,S1,skew,23,893,0,0,0,893,275109,274216,275109,275183,275109,275173,275183,275199,1,0
varp.k26.scheduler-event.v1,analytical-model,S1,skew,23,894,0,0,0,894,275199,274305,275199,275477,275199,275455,275477,275541,2,0
varp.k26.scheduler-event.v1,analytical-model,S1,skew,23,895,0,0,0,895,275541,274646,275541,275815,275541,275797,275815,275879,3,0
varp.k26.scheduler-event.v1,analytical-model,S1,skew,23,896,0,0,0,896,275879,274983,275879,276945,275879,276903,276945,277201,0,0
varp.k26.scheduler-event.v1,analytical-model,S1,skew,23,897,0,0,0,897,277201,276304,277201,277343,277201,277329,277343,277375,1,0
varp.k26.scheduler-event.v1,analytical-model,S1,skew,23,898,0,0,0,898,277375,276477,277375,277451,277375,277439,277451,277467,2,0
varp.k26.scheduler-event.v1,analytical-model,S1,skew,23,899,0,0,0,899,277467,276568,277467,277609,277467,277595,277609,277641,3,0
varp.k26.scheduler-event.v1,analytical-model,S1,skew,23,900,0,0,0,900,277641,276741,277641,277783,277641,277769,277783,277815,0,0
varp.k26.scheduler-event.v1,analytical-model,S1,skew,23,901,0,0,0,901,277815,276914,277815,277855,277815,277847,277855,277863,1,0
varp.k26.scheduler-event.v1,analytical-model,S1,skew,23,905,0,0,0,905,277863,276958,277863,278011,277863,277991,278011,278043,1,0
varp.k26.scheduler-event.v1,analytical-model,S1,skew,23,906,0,0,0,906,278043,277137,278043,278317,278043,278299,278317,278381,2,0
varp.k26.scheduler-event.v1,analytical-model,S1,skew,23,908,0,0,0,908,278381,277473,278381,278523,278381,278509,278523,278555,0,0
varp.k26.scheduler-event.v1,analytical-model,S1,skew,23,909,0,0,0,909,278555,277646,278555,279093,278555,279067,279093,279221,1,0
varp.k26.scheduler-event.v1,analytical-model,S1,skew,23,910,0,0,0,910,279221,278311,279221,279297,279221,279285,279297,279313,2,0
varp.k26.scheduler-event.v1,analytical-model,S1,skew,23,911,0,0,0,911,279313,278402,279313,279455,279313,279441,279455,279487,3,0
varp.k26.scheduler-event.v1,analytical-model,S1,skew,23,912,0,0,0,912,279487,278575,279487,279765,279487,279743,279765,279829,0,0
varp.k26.scheduler-event.v1,analytical-model,S1,skew,23,913,0,0,0,913,279829,278916,279829,279905,279829,279893,279905,279921,1,0
varp.k26.scheduler-event.v1,analytical-model,S1,skew,23,914,0,0,0,914,279921,279007,279921,280213,279921,280177,280213,280277,2,0
varp.k26.scheduler-event.v1,analytical-model,S1,skew,23,916,0,0,0,916,280277,279361,280277,280419,280277,280405,280419,280451,0,0
varp.k26.scheduler-event.v1,analytical-model,S1,skew,23,917,0,0,0,917,280451,279534,280451,280527,280451,280515,280527,280543,1,0
varp.k26.scheduler-event.v1,analytical-model,S1,skew,23,918,0,0,0,918,280543,279625,280543,281093,280543,281055,281093,281221,2,0
varp.k26.scheduler-event.v1,analytical-model,S1,skew,23,919,0,0,0,919,281221,280302,281221,281499,281221,281477,281499,281563,3,0
varp.k26.scheduler-event.v1,analytical-model,S1,skew,23,923,0,0,0,923,281563,280640,281563,281841,281563,281819,281841,281905,3,0
varp.k26.scheduler-event.v1,analytical-model,S1,skew,23,924,0,0,0,924,281905,280981,281905,282047,281905,282033,282047,282079,0,0
varp.k26.scheduler-event.v1,analytical-model,S1,skew,23,925,0,0,0,925,282079,281154,282079,282153,282079,282143,282153,282169,1,0
varp.k26.scheduler-event.v1,analytical-model,S1,skew,23,926,0,0,0,926,282169,281243,282169,282447,282169,282425,282447,282511,2,0
varp.k26.scheduler-event.v1,analytical-model,S1,skew,23,927,0,0,0,927,282511,281584,282511,282587,282511,282575,282587,282603,3,0
varp.k26.scheduler-event.v1,analytical-model,S1,skew,23,928,0,0,0,928,282603,281675,282603,282745,282603,282731,282745,282777,0,0
varp.k26.scheduler-event.v1,analytical-model,S1,skew,23,929,0,0,0,929,282777,281848,282777,283315,282777,283289,283315,283443,1,0
varp.k26.scheduler-event.v1,analytical-model,S1,skew,23,930,0,0,0,930,283443,282513,283443,283591,283443,283571,283591,283623,2,0
varp.k26.scheduler-event.v1,analytical-model,S1,skew,23,931,0,0,0,931,283623,282692,283623,283771,283623,283751,283771,283803,3,0
varp.k26.scheduler-event.v1,analytical-model,S1,skew,23,933,0,0,0,933,283803,282870,283803,284341,283803,284315,284341,284469,1,0
varp.k26.scheduler-event.v1,analytical-model,S1,skew,23,935,0,0,0,935,284469,283534,284469,284617,284469,284597,284617,284649,3,0
varp.k26.scheduler-event.v1,analytical-model,S1,skew,23,936,0,0,0,936,284649,283713,284649,284725,284649,284713,284725,284741,0,0
varp.k26.scheduler-event.v1,analytical-model,S1,skew,23,937,0,0,0,937,284741,283804,284741,285279,284741,285253,285279,285407,1,0
varp.k26.scheduler-event.v1,analytical-model,S1,skew,23,938,0,0,0,938,285407,284469,285407,285549,285407,285535,285549,285581,2,0
varp.k26.scheduler-event.v1,analytical-model,S1,skew,23,940,0,0,0,940,285581,284641,285581,285855,285581,285837,285855,285919,0,0
varp.k26.scheduler-event.v1,analytical-model,S1,skew,23,941,0,0,0,941,285919,284978,285919,286193,285919,286175,286193,286257,1,0
varp.k26.scheduler-event.v1,analytical-model,S1,skew,23,942,0,0,0,942,286257,285315,286257,286535,286257,286513,286535,286599,2,0
varp.k26.scheduler-event.v1,analytical-model,S1,skew,23,943,0,0,0,943,286599,285656,286599,286741,286599,286727,286741,286773,3,0
varp.k26.scheduler-event.v1,analytical-model,S1,skew,23,944,0,0,0,944,286773,285829,286773,286813,286773,286805,286813,286821,0,0
varp.k26.scheduler-event.v1,analytical-model,S1,skew,23,945,0,0,0,945,286821,285876,286821,287099,286821,287077,287099,287163,1,0
varp.k26.scheduler-event.v1,analytical-model,S1,skew,23,946,0,0,0,946,287163,286217,287163,287437,287163,287419,287437,287501,2,0
varp.k26.scheduler-event.v1,analytical-model,S1,skew,23,947,0,0,0,947,287501,286554,287501,287793,287501,287757,287793,287857,3,0
varp.k26.scheduler-event.v1,analytical-model,S1,skew,23,948,0,0,0,948,287857,286909,287857,288407,287857,288369,288407,288535,0,0
varp.k26.scheduler-event.v1,analytical-model,S1,skew,23,949,0,0,0,949,288535,287586,288535,288611,288535,288599,288611,288627,1,0
varp.k26.scheduler-event.v1,analytical-model,S1,skew,23,950,0,0,0,950,288627,287677,288627,288701,288627,288691,288701,288717,2,0
varp.k26.scheduler-event.v1,analytical-model,S1,skew,23,951,0,0,0,951,288717,287766,288717,289783,288717,289741,289783,290039,3,0
varp.k26.scheduler-event.v1,analytical-model,S1,skew,23,953,0,0,0,953,290039,289086,290039,290577,290039,290551,290577,290705,1,0
varp.k26.scheduler-event.v1,analytical-model,S1,skew,23,954,0,0,0,954,290705,289751,290705,291255,290705,291217,291255,291383,2,0
varp.k26.scheduler-event.v1,analytical-model,S1,skew,23,955,0,0,0,955,291383,290428,291383,291675,291383,291639,291675,291739,3,0
varp.k26.scheduler-event.v1,analytical-model,S1,skew,23,956,0,0,0,956,291739,290783,291739,292031,291739,291995,292031,292095,0,0
varp.k26.scheduler-event.v1,analytical-model,S1,skew,23,957,0,0,0,957,292095,291138,292095,292633,292095,292607,292633,292761,1,0
varp.k26.scheduler-event.v1,analytical-model,S1,skew,23,958,0,0,0,958,292761,291803,292761,293311,292761,293273,293311,293439,2,0
varp.k26.scheduler-event.v1,analytical-model,S1,skew,23,959,0,0,0,959,293439,292480,293439,293731,293439,293695,293731,293795,3,0
varp.k26.scheduler-event.v1,analytical-model,S1,skew,23,960,0,0,0,960,293795,292835,293795,293869,293795,293859,293869,293885,0,0
varp.k26.scheduler-event.v1,analytical-model,S1,skew,23,961,0,0,0,961,293885,292924,293885,293959,293885,293949,293959,293975,1,0
varp.k26.scheduler-event.v1,analytical-model,S1,skew,23,962,0,0,0,962,293975,293013,293975,294525,293975,294487,294525,294653,2,0
varp.k26.scheduler-event.v1,analytical-model,S1,skew,23,964,0,0,0,964,294653,293689,294653,294927,294653,294909,294927,294991,0,0
varp.k26.scheduler-event.v1,analytical-model,S1,skew,23,965,0,0,0,965,294991,294026,294991,296057,294991,296015,296057,296313,1,0
varp.k26.scheduler-event.v1,analytical-model,S1,skew,23,966,0,0,0,966,296313,295347,296313,297379,296313,297337,297379,297635,2,0
varp.k26.scheduler-event.v1,analytical-model,S1,skew,23,967,0,0,0,967,297635,296668,297635,297777,297635,297763,297777,297809,3,0
varp.k26.scheduler-event.v1,analytical-model,S1,skew,23,968,0,0,0,968,297809,296841,297809,298101,297809,298065,298101,298165,0,0
varp.k26.scheduler-event.v1,analytical-model,S1,skew,23,969,0,0,0,969,298165,297196,298165,298443,298165,298421,298443,298507,1,0
varp.k26.scheduler-event.v1,analytical-model,S1,skew,23,970,0,0,0,970,298507,297537,298507,299057,298507,299019,299057,299185,2,0
varp.k26.scheduler-event.v1,analytical-model,S1,skew,23,971,0,0,0,971,299185,298214,299185,299333,299185,299313,299333,299365,3,0
varp.k26.scheduler-event.v1,analytical-model,S1,skew,23,972,0,0,0,972,299365,298393,299365,299903,299365,299877,299903,300031,0,0
varp.k26.scheduler-event.v1,analytical-model,S1,skew,23,973,0,0,0,973,300031,299058,300031,300569,300031,300543,300569,300697,1,0
varp.k26.scheduler-event.v1,analytical-model,S1,skew,23,974,0,0,0,974,300697,299723,300697,301235,300697,301209,301235,301363,2,0
varp.k26.scheduler-event.v1,analytical-model,S1,skew,23,976,0,0,0,976,301363,300387,301363,302429,301363,302387,302429,302685,0,0
varp.k26.scheduler-event.v1,analytical-model,S1,skew,23,977,0,0,0,977,302685,301708,302685,303751,302685,303709,303751,304007,1,0
varp.k26.scheduler-event.v1,analytical-model,S1,skew,23,978,0,0,0,978,304007,303029,304007,304285,304007,304263,304285,304349,2,0
varp.k26.scheduler-event.v1,analytical-model,S1,skew,23,979,0,0,0,979,304349,303370,304349,304887,304349,304861,304887,305015,3,0
varp.k26.scheduler-event.v1,analytical-model,S1,skew,23,981,0,0,0,981,305015,304034,305015,305293,305015,305271,305293,305357,1,0
varp.k26.scheduler-event.v1,analytical-model,S1,skew,23,982,0,0,0,982,305357,304375,305357,305505,305357,305485,305505,305537,2,0
varp.k26.scheduler-event.v1,analytical-model,S1,skew,23,983,0,0,0,983,305537,304554,305537,305613,305537,305601,305613,305629,3,0
varp.k26.scheduler-event.v1,analytical-model,S1,skew,23,984,0,0,0,984,305629,304645,305629,305921,305629,305885,305921,305985,0,0
varp.k26.scheduler-event.v1,analytical-model,S1,skew,23,985,0,0,0,985,305985,305000,305985,306059,305985,306049,306059,306075,1,0
varp.k26.scheduler-event.v1,analytical-model,S1,skew,23,986,0,0,0,986,306075,305089,306075,306217,306075,306203,306217,306249,2,0
varp.k26.scheduler-event.v1,analytical-model,S1,skew,23,988,0,0,0,988,306249,305261,306249,306523,306249,306505,306523,306587,0,0
varp.k26.scheduler-event.v1,analytical-model,S1,skew,23,989,0,0,0,989,306587,305598,306587,306861,306587,306843,306861,306925,1,0
varp.k26.scheduler-event.v1,analytical-model,S1,skew,23,990,0,0,0,990,306925,305935,306925,307067,306925,307053,307067,307099,2,0
varp.k26.scheduler-event.v1,analytical-model,S1,skew,23,991,0,0,0,991,307099,306108,307099,307649,307099,307611,307649,307777,3,0
varp.k26.scheduler-event.v1,analytical-model,S1,skew,23,992,0,0,0,992,307777,306785,307777,307919,307777,307905,307919,307951,0,0
varp.k26.scheduler-event.v1,analytical-model,S1,skew,23,993,0,0,0,993,307951,306958,307951,308229,307951,308207,308229,308293,1,0
varp.k26.scheduler-event.v1,analytical-model,S1,skew,23,995,0,0,0,995,308293,307298,308293,308567,308293,308549,308567,308631,3,0
varp.k26.scheduler-event.v1,analytical-model,S1,skew,23,996,0,0,0,996,308631,307635,308631,308705,308631,308695,308705,308721,0,0
varp.k26.scheduler-event.v1,analytical-model,S1,skew,23,999,0,0,0,999,308721,307722,308721,308761,308721,308753,308761,308769,3,0
varp.k26.scheduler-event.v1,analytical-model,S3,skew,23,0,2,2,0,0,0,0,0,40,0,32,40,48,0,2
varp.k26.scheduler-event.v1,analytical-model,S3,skew,23,1,0,0,0,1,1,0,1,149,1,129,149,181,1,0
varp.k26.scheduler-event.v1,analytical-model,S3,skew,23,9,1,1,0,9,9,0,9,1075,129,1153,1153,1409,1,1
varp.k26.scheduler-event.v1,analytical-model,S3,skew,23,2,0,3,1,2,20,18,149,189,20,52,189,197,2,0
varp.k26.scheduler-event.v1,analytical-model,S3,skew,23,13,2,2,0,13,48,35,48,196,1153,1281,1281,1313,1,2
varp.k26.scheduler-event.v1,analytical-model,S3,skew,23,3,0,0,0,3,181,178,189,331,181,309,331,363,3,0
varp.k26.scheduler-event.v1,analytical-model,S3,skew,23,23,3,3,0,23,197,174,197,345,309,437,437,469,3,3
varp.k26.scheduler-event.v1,analytical-model,S3,skew,23,4,0,0,0,4,363,359,363,913,363,875,913,1041,0,0
varp.k26.scheduler-event.v1,analytical-model,S3,skew,23,27,3,3,0,27,469,442,469,611,469,597,611,643,3,3
varp.k26.scheduler-event.v1,analytical-model,S3,skew,23,34,3,3,0,34,643,609,643,917,643,899,917,981,2,3
varp.k26.scheduler-event.v1,analytical-model,S3,skew,23,36,3,3,0,36,981,945,981,1259,981,1237,1259,1323,0,3
varp.k26.scheduler-event.v1,analytical-model,S3,skew,23,5,0,0,0,5,1041,1036,1041,1183,1281,1409,1409,1441,1,0
varp.k26.scheduler-event.v1,analytical-model,S3,skew,23,14,2,2,0,14,1313,1299,1313,2379,1313,2337,2379,2635,2,2
varp.k26.scheduler-event.v1,analytical-model,S3,skew,23,39,3,3,0,39,1323,1284,1323,1873,1323,1835,1873,2001,3,3
varp.k26.scheduler-event.v1,analytical-model,S3,skew,23,52,1,1,0,52,1409,1357,1409,1683,1409,1665,1683,1747,0,1
varp.k26.scheduler-event.v1,analytical-model,S3,skew,23,6,0,0,0,6,1441,1435,1441,1715,2337,2593,2593,2657,2,0
varp.k26.scheduler-event.v1,analytical-model,S3,skew,23,82,1,1,0,82,1747,1665,1747,1889,2593,2721,2721,2753,2,1
varp.k26.scheduler-event.v1,analytical-model,S3,skew,23,66,3,3,0,66,2001,1935,2001,2143,2721,2849,2849,2881,2,3
varp.k26.scheduler-event.v1,analytical-model,S3,skew,23,42,2,2,0,42,2635,2593,2635,3173,2849,3361,3361,3489,2,2
varp.k26.scheduler-event.v1,analytical-model,S3,skew,23,7,0,0,0,7,2657,2650,2657,3195,2657,3169,3195,3323,3,0
varp.k26.scheduler-event.v1,analytical-model,S3,skew,23,84,1,1,0,84,2753,2669,2753,2901,2753,2881,2901,2933,0,1
varp.k26.scheduler-event.v1,analytical-model,S3,skew,23,68,3,3,0,68,2881,2813,2881,3431,2881,3393,3431,3559,0,3
varp.k26.scheduler-event.v1,analytical-model,S3,skew,23,91,1,1,0,91,2933,2842,2933,3207,3169,3425,3425,3489,3,1
varp.k26.scheduler-event.v1,analytical-model,S3,skew,23,8,0,0,0,8,3323,3315,3323,3861,3393,3905,3905,4033,0,0
varp.k26.scheduler-event.v1,analytical-model,S3,skew,23,105,1,1,0,105,3489,3384,3489,4039,3489,4001,4039,4167,1,1
varp.k26.scheduler-event.v1,analytical-model,S3,skew,23,56,2,2,0,56,3489,3433,3489,3763,3905,4161,4161,4225,0,2
varp.k26.scheduler-event.v1,analytical-model,S3,skew,23,69,3,3,0,69,3559,3490,3559,4109,4001,4513,4513,4641,1,3
varp.k26.scheduler-event.v1,analytical-model,S3,skew,23,10,0,0,0,10,4033,4023,4033,4109,4033,4097,4109,4125,2,0
varp.k26.scheduler-event.v1,analytical-model,S3,skew,23,11,0,0,0,11,4125,4114,4125,4399,4125,4381,4399,4463,3,0
varp.k26.scheduler-event.v1,analytical-model,S3,skew,23,112,1,1,0,112,4167,4055,4167,4309,4167,4295,4309,4341,0,1
varp.k26.scheduler-event.v1,analytical-model,S3,skew,23,59,2,2,0,59,4225,4166,4225,4299,4381,4445,4445,4461,3,2
varp.k26.scheduler-event.v1,analytical-model,S3,skew,23,114,1,1,0,114,4341,4227,4341,5407,4341,5365,5407,5663,2,1
varp.k26.scheduler-event.v1,analytical-model,S3,skew,23,76,2,2,0,76,4461,4385,4461,4999,4461,4973,4999,5127,0,2
varp.k26.scheduler-event.v1,analytical-model,S3,skew,23,12,0,0,0,12,4463,4451,4463,4755,4973,5229,5229,5293,0,0
varp.k26.scheduler-event.v1,analytical-model,S3,skew,23,71,3,3,0,71,4641,4570,4641,4681,4641,4673,4681,4689,3,3
varp.k26.scheduler-event.v1,analytical-model,S3,skew,23,85,3,3,0,85,4689,4604,4689,4831,4689,4817,4831,4863,1,3
varp.k26.scheduler-event.v1,analytical-model,S3,skew,23,99,3,3,0,99,4863,4764,4863,4903,4863,4895,4903,4911,3,3
varp.k26.scheduler-event.v1,analytical-model,S3,skew,23,109,3,3,0,109,4911,4802,4911,5449,4911,5423,5449,5577,1,3
varp.k26.scheduler-event.v1,analytical-model,S3,skew,23,92,2,2,0,92,5127,5035,5127,5269,5229,5357,5357,5389,0,2
varp.k26.scheduler-event.v1,analytical-model,S3,skew,23,15,0,0,0,15,5293,5278,5293,5435,5293,5421,5435,5467,3,0
varp.k26.scheduler-event.v1,analytical-model,S3,skew,23,104,2,2,0,104,5389,5285,5389,5465,5389,5453,5465,5481,0,2
varp.k26.scheduler-event.v1,analytical-model,S3,skew,23,16,0,0,0,16,5467,5451,5467,5759,5467,5723,5759,5823,0,0
varp.k26.scheduler-event.v1,analytical-model,S3,skew,23,119,2,2,0,119,5481,5362,5481,5557,5481,5545,5557,5573,3,2
varp.k26.scheduler-event.v1,analytical-model,S3,skew,23,146,2,2,0,146,5573,5427,5573,5851,5573,5829,5851,5915,2,2
varp.k26.scheduler-event.v1,analytical-model,S3,skew,23,115,3,3,0,115,5577,5462,5577,5855,5577,5833,5855,5919,3,3
varp.k26.scheduler-event.v1,analytical-model,S3,skew,23,122,1,1,0,122,5663,5541,5663,5737,5829,5893,5893,5909,2,1
varp.k26.scheduler-event.v1,analytical-model,S3,skew,23,17,0,0,0,17,5823,5806,5823,5897,5823,5887,5897,5913,1,0
varp.k26.scheduler-event.v1,analytical-model,S3,skew,23,125,1,1,0,125,5909,5784,5909,6183,5909,6165,6183,6247,1,1
varp.k26.scheduler-event.v1,analytical-model,S3,skew,23,18,0,0,0,18,5913,5895,5913,5953,5913,5945,5953,5961,2,0
varp.k26.scheduler-event.v1,analytical-model,S3,skew,23,197,2,2,0,197,5915,5718,5915,5955,6165,6197,6197,6205,1,2
varp.k26.scheduler-event.v1,analytical-model,S3,skew,23,121,3,3,0,121,5919,5798,5919,6457,6197,6709,6709,6837,1,3
varp.k26.scheduler-event.v1,analytical-model,S3,skew,23,19,0,0,0,19,5961,5942,5961,6037,5961,6025,6037,6053,3,0
varp.k26.scheduler-event.v1,analytical-model,S3,skew,23,20,0,0,0,20,6053,6033,6053,7119,6053,7077,7119,7375,0,0
varp.k26.scheduler-event.v1,analytical-model,S3,skew,23,201,2,2,0,201,6205,6004,6205,6497,6709,6965,6965,7029,1,2
varp.k26.scheduler-event.v1,analytical-model,S3,skew,23,138,1,1,0,138,6247,6109,6247,6395,6247,6375,6395,6427,2,1
varp.k26.scheduler-event.v1,analytical-model,S3,skew,23,149,1,1,0,149,6427,6278,6427,6569,6965,7093,7093,7125,1,1
varp.k26.scheduler-event.v1,analytical-model,S3,skew,23,148,3,3,0,148,6837,6689,6837,7903,7077,8101,8101,8357,0,3
varp.k26.scheduler-event.v1,analytical-model,S3,skew,23,207,2,2,0,207,7029,6822,7029,8095,7029,8053,8095,8351,3,2
varp.k26.scheduler-event.v1,analytical-model,S3,skew,23,154,1,1,0,154,7125,6971,7125,7417,7125,7381,7417,7481,2,1
varp.k26.scheduler-event.v1,analytical-model,S3,skew,23,21,0,0,0,21,7375,7354,7375,7925,7375,7887,7925,8053,1,0
varp.k26.scheduler-event.v1,analytical-model,S3,skew,23,155,1,1,0,155,7481,7326,7481,7629,8053,8181,8181,8213,3,1
varp.k26.scheduler-event.v1,analytical-model,S3,skew,23,22,0,0,0,22,8053,8031,8053,8331,8053,8309,8331,8395,2,0
varp.k26.scheduler-event.v1,analytical-model,S3,skew,23,156,1,1,0,156,8213,8057,8213,8751,8213,8725,8751,8879,0,1
varp.k26.scheduler-event.v1,analytical-model,S3,skew,23,221,2,2,0,221,8351,8130,8351,8629,8351,8607,8629,8693,1,2
varp.k26.scheduler-event.v1,analytical-model,S3,skew,23,189,3,3,0,189,8357,8168,8357,8499,8607,8735,8735,8767,1,3
varp.k26.scheduler-event.v1,analytical-model,S3,skew,23,24,0,0,0,24,8395,8371,8395,8669,8725,8981,8981,9045,0,0
varp.k26.scheduler-event.v1,analytical-model,S3,skew,23,247,2,2,0,247,8693,8446,8693,8767,8693,8757,8767,8783,3,2
varp.k26.scheduler-event.v1,analytical-model,S3,skew,23,211,3,3,0,211,8767,8556,8767,8915,8767,8895,8915,8947,3,3
varp.k26.scheduler-event.v1,analytical-model,S3,skew,23,249,2,2,0,249,8783,8534,8783,8857,8783,8847,8857,8873,1,2
varp.k26.scheduler-event.v1,analytical-model,S3,skew,23,256,2,2,0,256,8873,8617,8873,9939,8981,10005,10005,10261,0,2
varp.k26.scheduler-event.v1,analytical-model,S3,skew,23,159,1,1,0,159,8879,8720,8879,9171,8895,9151,9171,9235,3,1
varp.k26.scheduler-event.v1,analytical-model,S3,skew,23,232,3,3,0,232,8947,8715,8947,9497,10005,10517,10517,10645,0,3
varp.k26.scheduler-event.v1,analytical-model,S3,skew,23,25,0,0,0,25,9045,9020,9045,9337,9045,9301,9337,9401,1,0
varp.k26.scheduler-event.v1,analytical-model,S3,skew,23,195,1,1,0,195,9235,9040,9235,9383,9235,9363,9383,9415,3,1
varp.k26.scheduler-event.v1,analytical-model,S3,skew,23,26,0,0,0,26,9401,9375,9401,9939,9401,9913,9939,10067,2,0
varp.k26.scheduler-event.v1,analytical-model,S3,skew,23,222,1,1,0,222,9415,9193,9415,10481,9913,10937,10937,11193,2,1
varp.k26.scheduler-event.v1,analytical-model,S3,skew,23,28,0,0,0,28,10067,10039,10067,10617,10517,11029,11029,11157,0,0
varp.k26.scheduler-event.v1,analytical-model,S3,skew,23,271,2,2,0,271,10261,9990,10261,10409,10261,10389,10409,10441,3,2
varp.k26.scheduler-event.v1,analytical-model,S3,skew,23,274,2,2,0,274,10441,10167,10441,10589,10937,11065,11065,11097,2,2
varp.k26.scheduler-event.v1,analytical-model,S3,skew,23,240,3,3,0,240,10645,10405,10645,10721,11029,11093,11093,11109,0,3
varp.k26.scheduler-event.v1,analytical-model,S3,skew,23,297,2,2,0,297,11097,10800,11097,11389,11097,11353,11389,11453,1,2
varp.k26.scheduler-event.v1,analytical-model,S3,skew,23,270,3,3,0,270,11109,10839,11109,11401,11109,11365,11401,11465,2,3
varp.k26.scheduler-event.v1,analytical-model,S3,skew,23,29,0,0,0,29,11157,11128,11157,11305,11353,11481,11481,11513,1,0
varp.k26.scheduler-event.v1,analytical-model,S3,skew,23,243,1,1,0,243,11193,10950,11193,11233,11193,11225,11233,11241,3,1
varp.k26.scheduler-event.v1,analytical-model,S3,skew,23,282,1,1,0,282,11241,10959,11241,11519,11365,11621,11621,11685,2,1
varp.k26.scheduler-event.v1,analytical-model,S3,skew,23,301,2,2,0,301,11453,11152,11453,11731,11481,11737,11737,11801,1,2
varp.k26.scheduler-event.v1,analytical-model,S3,skew,23,286,3,3,0,286,11465,11179,11465,12015,11621,12133,12133,12261,2,3
varp.k26.scheduler-event.v1,analytical-model,S3,skew,23,30,0,0,0,30,11513,11483,11513,12051,12133,12645,12645,12773,2,0
varp.k26.scheduler-event.v1,analytical-model,S3,skew,23,290,1,1,0,290,11685,11395,11685,11833,12645,12773,12773,12805,2,1
varp.k26.scheduler-event.v1,analytical-model,S3,skew,23,311,2,2,0,311,11801,11490,11801,12867,11801,12825,12867,13123,3,2
varp.k26.scheduler-event.v1,analytical-model,S3,skew,23,289,3,3,0,289,12261,11972,12261,12539,12261,12517,12539,12603,1,3
varp.k26.scheduler-event.v1,analytical-model,S3,skew,23,293,3,3,0,293,12603,12310,12603,13141,12603,13115,13141,13269,1,3
varp.k26.scheduler-event.v1,analytical-model,S3,skew,23,31,0,0,0,31,12773,12742,12773,12847,12825,12889,12889,12905,3,0
varp.k26.scheduler-event.v1,analytical-model,S3,skew,23,326,1,1,0,326,12805,12479,12805,12881,12805,12869,12881,12897,2,1
varp.k26.scheduler-event.v1,analytical-model,S3,skew,23,332,1,1,0,332,12897,12565,12897,12937,12897,12929,12937,12945,0,1
varp.k26.scheduler-event.v1,analytical-model,S3,skew,23,32,0,0,0,32,12905,12873,12905,13455,12929,13441,13455,13583,0,0
varp.k26.scheduler-event.v1,analytical-model,S3,skew,23,355,1,1,0,355,12945,12590,12945,13019,12945,13009,13019,13035,3,1
varp.k26.scheduler-event.v1,analytical-model,S3,skew,23,362,1,1,0,362,13035,12673,13035,13183,13035,13163,13183,13215,2,1
varp.k26.scheduler-event.v1,analytical-model,S3,skew,23,333,2,2,0,333,13123,12790,13123,13197,13123,13187,13197,13213,1,2
varp.k26.scheduler-event.v1,analytical-model,S3,skew,23,347,2,2,0,347,13213,12866,13213,13355,13213,13341,13355,13387,3,2
varp.k26.scheduler-event.v1,analytical-model,S3,skew,23,373,1,1,0,373,13215,12842,13215,13291,13215,13279,13291,13307,1,1
varp.k26.scheduler-event.v1,analytical-model,S3,skew,23,308,3,3,0,308,13269,12961,13269,13343,13441,13505,13505,13521,0,3
varp.k26.scheduler-event.v1,analytical-model,S3,skew,23,384,1,1,0,384,13307,12923,13307,14373,13505,14529,14529,14785,0,1
varp.k26.scheduler-event.v1,analytical-model,S3,skew,23,358,2,2,0,358,13387,13029,13387,13463,13387,13451,13463,13479,2,2
varp.k26.scheduler-event.v1,analytical-model,S3,skew,23,360,2,2,0,360,13479,13119,13479,13757,14529,14785,14785,14849,0,2
varp.k26.scheduler-event.v1,analytical-model,S3,skew,23,313,3,3,0,313,13521,13208,13521,14071,13521,14033,14071,14199,1,3
varp.k26.scheduler-event.v1,analytical-model,S3,skew,23,33,0,0,0,33,13583,13550,13583,13875,14033,14289,14289,14353,1,0
varp.k26.scheduler-event.v1,analytical-model,S3,skew,23,336,3,3,0,336,14199,13863,14199,14341,14785,14913,14913,14945,0,3
varp.k26.scheduler-event.v1,analytical-model,S3,skew,23,35,0,0,0,35,14353,14318,14353,15419,14353,15377,15419,15675,3,0
varp.k26.scheduler-event.v1,analytical-model,S3,skew,23,438,1,1,0,438,14785,14347,14785,15063,14785,15041,15063,15127,2,1
varp.k26.scheduler-event.v1,analytical-model,S3,skew,23,388,2,2,0,388,14849,14461,14849,14991,14913,15041,15041,15073,0,2
varp.k26.scheduler-event.v1,analytical-model,S3,skew,23,406,3,3,0,406,14945,14539,14945,15219,15041,15297,15297,15361,2,3
varp.k26.scheduler-event.v1,analytical-model,S3,skew,23,415,2,2,0,415,15073,14658,15073,15215,15377,15505,15505,15537,3,2
varp.k26.scheduler-event.v1,analytical-model,S3,skew,23,484,1,1,0,484,15127,14643,15127,16193,15127,16151,16193,16449,0,1
varp.k26.scheduler-event.v1,analytical-model,S3,skew,23,410,3,3,0,410,15361,14951,15361,15437,15361,15425,15437,15453,2,3
varp.k26.scheduler-event.v1,analytical-model,S3,skew,23,421,3,3,0,421,15453,15032,15453,15527,15453,15517,15527,15543,1,3
varp.k26.scheduler-event.v1,analytical-model,S3,skew,23,420,2,2,0,420,15537,15117,15537,15611,16151,16215,16215,16231,0,2
varp.k26.scheduler-event.v1,analytical-model,S3,skew,23,453,3,3,0,453,15543,15090,15543,15691,15543,15671,15691,15723,1,3
varp.k26.scheduler-event.v1,analytical-model,S3,skew,23,37,0,0,0,37,15675,15638,15675,15953,15675,15931,15953,16017,1,0
varp.k26.scheduler-event.v1,analytical-model,S3,skew,23,468,3,3,0,468,15723,15255,15723,16261,16215,16727,16727,16855,0,3
varp.k26.scheduler-event.v1,analytical-model,S3,skew,23,38,0,0,0,38,16017,15979,16017,16091,16017,16081,16091,16107,2,0
varp.k26.scheduler-event.v1,analytical-model,S3,skew,23,40,0,0,0,40,16107,16067,16107,16385,16727,16983,16983,17047,0,0
varp.k26.scheduler-event.v1,analytical-model,S3,skew,23,430,2,2,0,430,16231,15801,16231,16781,16231,16743,16781,16909,2,2
varp.k26.scheduler-event.v1,analytical-model,S3,skew,23,485,1,1,0,485,16449,15964,16449,16525,16449,16513,16525,16541,1,1
varp.k26.scheduler-event.v1,analytical-model,S3,skew,23,491,1,1,0,491,16541,16050,16541,16581,16541,16573,16581,16589,3,1
varp.k26.scheduler-event.v1,analytical-model,S3,skew,23,499,1,1,0,499,16589,16090,16589,16665,16589,16653,16665,16681,3,1
varp.k26.scheduler-event.v1,analytical-model,S3,skew,23,500,1,1,0,500,16681,16181,16681,16823,16983,17111,17111,17143,0,1
varp.k26.scheduler-event.v1,analytical-model,S3,skew,23,478,3,3,0,478,16855,16377,16855,17133,16855,17111,17133,17197,2,3
varp.k26.scheduler-event.v1,analytical-model,S3,skew,23,452,2,2,0,452,16909,16457,16909,17201,17111,17367,17367,17431,0,2
varp.k26.scheduler-event.v1,analytical-model,S3,skew,23,41,0,0,0,41,17047,17006,17047,17121,17047,17111,17121,17137,1,0
varp.k26.scheduler-event.v1,analytical-model,S3,skew,23,43,0,0,0,43,17137,17094,17137,17285,17137,17265,17285,17317,3,0
varp.k26.scheduler-event.v1,analytical-model,S3,skew,23,523,1,1,0,523,17143,16620,17143,17183,17265,17297,17297,17305,3,1
varp.k26.scheduler-event.v1,analytical-model,S3,skew,23,486,3,3,0,486,17197,16711,17197,17237,17197,17229,17237,17245,2,3
varp.k26.scheduler-event.v1,analytical-model,S3,skew,23,497,3,3,0,497,17245,16748,17245,17387,17245,17373,17387,17419,1,3
varp.k26.scheduler-event.v1,analytical-model,S3,skew,23,540,1,1,0,540,17305,16765,17305,17843,17367,17879,17879,18007,0,1
varp.k26.scheduler-event.v1,analytical-model,S3,skew,23,44,0,0,0,44,17317,17273,17317,17609,17879,18135,18135,18199,0,0
varp.k26.scheduler-event.v1,analytical-model,S3,skew,23,506,3,3,0,506,17419,16913,17419,18485,17419,18443,18485,18741,2,3
varp.k26.scheduler-event.v1,analytical-model,S3,skew,23,455,2,2,0,455,17431,16976,17431,17507,17431,17495,17507,17523,3,2
varp.k26.scheduler-event.v1,analytical-model,S3,skew,23,463,2,2,0,463,17523,17060,17523,17665,17523,17651,17665,17697,3,2
varp.k26.scheduler-event.v1,analytical-model,S3,skew,23,473,2,2,0,473,17697,17224,17697,17975,17697,17953,17975,18039,1,2
varp.k26.scheduler-event.v1,analytical-model,S3,skew,23,549,1,1,0,549,18007,17458,18007,19073,18007,19031,19073,19329,1,1
varp.k26.scheduler-event.v1,analytical-model,S3,skew,23,474,2,2,0,474,18039,17565,18039,18113,18443,18507,18507,18523,2,2
varp.k26.scheduler-event.v1,analytical-model,S3,skew,23,45,0,0,0,45,18199,18154,18199,18491,19031,19287,19287,19351,1,0
varp.k26.scheduler-event.v1,analytical-model,S3,skew,23,475,2,2,0,475,18523,18048,18523,18597,18523,18587,18597,18613,3,2
varp.k26.scheduler-event.v1,analytical-model,S3,skew,23,519,2,2,0,519,18613,18094,18613,18755,18613,18741,18755,18787,3,2
varp.k26.scheduler-event.v1,analytical-model,S3,skew,23,516,3,3,0,516,18741,18225,18741,19033,18741,18997,19033,19097,0,3
varp.k26.scheduler-event.v1,analytical-model,S3,skew,23,563,2,2,0,563,18787,18224,18787,19065,18787,19043,19065,19129,3,2
varp.k26.scheduler-event.v1,analytical-model,S3,skew,23,542,3,3,0,542,19097,18555,19097,19173,19097,19161,19173,19189,2,3
varp.k26.scheduler-event.v1,analytical-model,S3,skew,23,567,2,2,0,567,19129,18562,19129,20195,19129,20153,20195,20451,3,2
varp.k26.scheduler-event.v1,analytical-model,S3,skew,23,561,3,3,0,561,19189,18628,19189,20255,19287,20311,20311,20567,1,3
varp.k26.scheduler-event.v1,analytical-model,S3,skew,23,562,1,1,0,562,19329,18767,19329,19603,19329,19585,19603,19667,2,1
varp.k26.scheduler-event.v1,analytical-model,S3,skew,23,46,0,0,0,46,19351,19305,19351,19391,19585,19617,19617,19625,2,0
varp.k26.scheduler-event.v1,analytical-model,S3,skew,23,47,0,0,0,47,19625,19578,19625,19699,20153,20217,20217,20233,3,0
varp.k26.scheduler-event.v1,analytical-model,S3,skew,23,564,1,1,0,564,19667,19103,19667,19707,19667,19699,19707,19715,0,1
varp.k26.scheduler-event.v1,analytical-model,S3,skew,23,565,1,1,0,565,19715,19150,19715,19857,20311,20439,20439,20471,1,1
varp.k26.scheduler-event.v1,analytical-model,S3,skew,23,48,0,0,0,48,20233,20185,20233,20507,20233,20489,20507,20571,0,0
varp.k26.scheduler-event.v1,analytical-model,S3,skew,23,570,2,2,0,570,20451,19881,20451,21001,20451,20963,21001,21129,2,2
varp.k26.scheduler-event.v1,analytical-model,S3,skew,23,582,1,1,0,582,20471,19889,20471,20613,20963,21091,21091,21123,2,1
varp.k26.scheduler-event.v1,analytical-model,S3,skew,23,572,3,3,0,572,20567,19995,20567,20643,20567,20631,20643,20659,0,3
varp.k26.scheduler-event.v1,analytical-model,S3,skew,23,49,0,0,0,49,20571,20522,20571,21637,20571,21595,21637,21893,1,0
varp.k26.scheduler-event.v1,analytical-model,S3,skew,23,574,3,3,0,574,20659,20085,20659,20801,21091,21219,21219,21251,2,3
varp.k26.scheduler-event.v1,analytical-model,S3,skew,23,588,1,1,0,588,21123,20535,21123,21415,21123,21379,21415,21479,0,1
varp.k26.scheduler-event.v1,analytical-model,S3,skew,23,571,2,2,0,571,21129,20558,21129,21277,21129,21257,21277,21309,3,2
varp.k26.scheduler-event.v1,analytical-model,S3,skew,23,578,3,3,0,578,21251,20673,21251,21393,21251,21379,21393,21425,2,3
varp.k26.scheduler-event.v1,analytical-model,S3,skew,23,580,2,2,0,580,21309,20729,21309,21457,21379,21507,21507,21539,0,2
varp.k26.scheduler-event.v1,analytical-model,S3,skew,23,604,3,3,0,604,21425,20821,21425,21963,21507,22019,22019,22147,0,3
varp.k26.scheduler-event.v1,analytical-model,S3,skew,23,594,1,1,0,594,21479,20885,21479,21753,21479,21735,21753,21817,2,1
varp.k26.scheduler-event.v1,analytical-model,S3,skew,23,584,2,2,0,584,21539,20955,21539,22077,22019,22531,22531,22659,0,2
varp.k26.scheduler-event.v1,analytical-model,S3,skew,23,603,1,1,0,603,21817,21214,21817,21893,21817,21881,21893,21909,3,1
varp.k26.scheduler-event.v1,analytical-model,S3,skew,23,50,0,0,0,50,21893,21843,21893,22035,21893,22021,22035,22067,2,0
varp.k26.scheduler-event.v1,analytical-model,S3,skew,23,606,1,1,0,606,21909,21303,21909,22975,22021,23045,23045,23301,2,1
varp.k26.scheduler-event.v1,analytical-model,S3,skew,23,51,0,0,0,51,22067,22016,22067,22209,22067,22195,22209,22241,3,0
varp.k26.scheduler-event.v1,analytical-model,S3,skew,23,607,3,3,0,607,22147,21540,22147,22187,22195,22227,22227,22235,3,3
varp.k26.scheduler-event.v1,analytical-model,S3,skew,23,617,3,3,0,617,22235,21618,22235,22377,22235,22363,22377,22409,1,3
varp.k26.scheduler-event.v1,analytical-model,S3,skew,23,53,0,0,0,53,22241,22188,22241,22779,22363,22875,22875,23003,1,0
varp.k26.scheduler-event.v1,analytical-model,S3,skew,23,636,3,3,0,636,22409,21773,22409,22557,22531,22659,22659,22691,0,3
varp.k26.scheduler-event.v1,analytical-model,S3,skew,23,609,2,2,0,609,22659,22050,22659,22733,22875,22939,22939,22955,1,2
varp.k26.scheduler-event.v1,analytical-model,S3,skew,23,663,3,3,0,663,22691,22028,22691,22983,22691,22947,22983,23047,3,3
varp.k26.scheduler-event.v1,analytical-model,S3,skew,23,621,2,2,0,621,22955,22334,22955,23097,22955,23083,23097,23129,1,2
varp.k26.scheduler-event.v1,analytical-model,S3,skew,23,54,0,0,0,54,23003,22949,23003,23151,23045,23173,23173,23205,2,0
varp.k26.scheduler-event.v1,analytical-model,S3,skew,23,665,3,3,0,665,23047,22382,23047,23195,23083,23211,23211,23243,1,3
varp.k26.scheduler-event.v1,analytical-model,S3,skew,23,651,2,2,0,651,23129,22478,23129,23679,23129,23641,23679,23807,3,2
varp.k26.scheduler-event.v1,analytical-model,S3,skew,23,55,0,0,0,55,23205,23150,23205,23281,23641,23705,23705,23721,3,0
varp.k26.scheduler-event.v1,analytical-model,S3,skew,23,670,3,3,0,670,23243,22573,23243,23283,23243,23275,23283,23291,2,3
varp.k26.scheduler-event.v1,analytical-model,S3,skew,23,680,3,3,0,680,23291,22611,23291,23433,23291,23419,23433,23465,0,3
varp.k26.scheduler-event.v1,analytical-model,S3,skew,23,625,1,1,0,625,23301,22676,23301,23377,23301,23365,23377,23393,1,1
varp.k26.scheduler-event.v1,analytical-model,S3,skew,23,639,1,1,0,639,23393,22754,23393,23671,23705,23961,23961,24025,3,1
varp.k26.scheduler-event.v1,analytical-model,S3,skew,23,710,3,3,0,710,23465,22755,23465,23739,23465,23721,23739,23803,2,3
varp.k26.scheduler-event.v1,analytical-model,S3,skew,23,57,0,0,0,57,23721,23664,23721,23995,23721,23977,23995,24059,1,0
varp.k26.scheduler-event.v1,analytical-model,S3,skew,23,712,3,3,0,712,23803,23091,23803,23879,23803,23867,23879,23895,0,3
varp.k26.scheduler-event.v1,analytical-model,S3,skew,23,668,2,2,0,668,23807,23139,23807,24099,23867,24123,24123,24187,0,2
varp.k26.scheduler-event.v1,analytical-model,S3,skew,23,734,3,3,0,734,23895,23161,23895,24169,23895,24151,24169,24233,2,3
varp.k26.scheduler-event.v1,analytical-model,S3,skew,23,647,1,1,0,647,24025,23378,24025,24099,24025,24089,24099,24115,3,1
varp.k26.scheduler-event.v1,analytical-model,S3,skew,23,58,0,0,0,58,24059,24001,24059,24201,24151,24279,24279,24311,2,0
varp.k26.scheduler-event.v1,analytical-model,S3,skew,23,683,1,1,0,683,24115,23432,24115,24393,24115,24371,24393,24457,3,1
varp.k26.scheduler-event.v1,analytical-model,S3,skew,23,684,2,2,0,684,24187,23503,24187,24329,24187,24315,24329,24361,0,2
varp.k26.scheduler-event.v1,analytical-model,S3,skew,23,755,3,3,0,755,24233,23478,24233,24511,24371,24627,24627,24691,3,3
varp.k26.scheduler-event.v1,analytical-model,S3,skew,23,60,0,0,0,60,24311,24251,24311,24585,24315,24571,24585,24649,0,0
varp.k26.scheduler-event.v1,analytical-model,S3,skew,23,686,2,2,0,686,24361,23675,24361,24653,24361,24617,24653,24717,2,2
varp.k26.scheduler-event.v1,analytical-model,S3,skew,23,702,1,1,0,702,24457,23755,24457,24531,24617,24681,24681,24697,2,1
varp.k26.scheduler-event.v1,analytical-model,S3,skew,23,61,0,0,0,61,24649,24588,24649,25199,24649,25161,25199,25327,1,0
varp.k26.scheduler-event.v1,analytical-model,S3,skew,23,774,3,3,0,774,24691,23917,24691,24983,24691,24947,24983,25047,2,3
varp.k26.scheduler-event.v1,analytical-model,S3,skew,23,718,1,1,0,718,24697,23979,24697,24971,24947,25203,25203,25267,2,1
varp.k26.scheduler-event.v1,analytical-model,S3,skew,23,689,2,2,0,689,24717,24028,24717,25267,25161,25673,25673,25801,1,2
varp.k26.scheduler-event.v1,analytical-model,S3,skew,23,798,3,3,0,798,25047,24249,25047,25195,25203,25331,25331,25363,2,3
varp.k26.scheduler-event.v1,analytical-model,S3,skew,23,743,1,1,0,743,25267,24524,25267,25415,25267,25395,25415,25447,3,1
varp.k26.scheduler-event.v1,analytical-model,S3,skew,23,62,0,0,0,62,25327,25265,25327,25877,25331,25843,25877,26005,2,0
varp.k26.scheduler-event.v1,analytical-model,S3,skew,23,814,3,3,0,814,25363,24549,25363,25437,25843,25907,25907,25923,2,3
varp.k26.scheduler-event.v1,analytical-model,S3,skew,23,749,1,1,0,749,25447,24698,25447,25521,25673,25737,25737,25753,1,1
varp.k26.scheduler-event.v1,analytical-model,S3,skew,23,756,1,1,0,756,25753,24997,25753,25827,25753,25817,25827,25843,0,1
varp.k26.scheduler-event.v1,analytical-model,S3,skew,23,698,2,2,0,698,25801,25103,25801,25943,25907,26035,26035,26067,2,2
varp.k26.scheduler-event.v1,analytical-model,S3,skew,23,764,1,1,0,764,25843,25079,25843,26909,25843,26867,26909,27165,0,1
varp.k26.scheduler-event.v1,analytical-model,S3,skew,23,819,3,3,0,819,25923,25104,25923,26197,25923,26179,26197,26261,3,3
varp.k26.scheduler-event.v1,analytical-model,S3,skew,23,63,0,0,0,63,26005,25942,26005,26555,26179,26691,26691,26819,3,0
varp.k26.scheduler-event.v1,analytical-model,S3,skew,23,728,2,2,0,728,26067,25339,26067,26209,26867,26995,26995,27027,0,2
varp.k26.scheduler-event.v1,analytical-model,S3,skew,23,823,3,3,0,823,26261,25438,26261,26337,26691,26755,26755,26771,3,3
varp.k26.scheduler-event.v1,analytical-model,S3,skew,23,825,3,3,0,825,26771,25946,26771,27045,26771,27027,27045,27109,1,3
varp.k26.scheduler-event.v1,analytical-model,S3,skew,23,64,0,0,0,64,26819,26755,26819,27097,26995,27251,27251,27315,0,0
varp.k26.scheduler-event.v1,analytical-model,S3,skew,23,751,2,2,0,751,27027,26276,27027,27565,27027,27539,27565,27693,3,2
varp.k26.scheduler-event.v1,analytical-model,S3,skew,23,830,3,3,0,830,27109,26279,27109,27251,27109,27237,27251,27283,2,3
varp.k26.scheduler-event.v1,analytical-model,S3,skew,23,796,1,1,0,796,27165,26369,27165,27239,27251,27315,27315,27331,0,1
varp.k26.scheduler-event.v1,analytical-model,S3,skew,23,843,3,3,0,843,27283,26440,27283,27323,27539,27571,27571,27579,3,3
varp.k26.scheduler-event.v1,analytical-model,S3,skew,23,65,0,0,0,65,27315,27250,27315,27853,27315,27827,27853,27981,1,0
varp.k26.scheduler-event.v1,analytical-model,S3,skew,23,839,1,1,0,839,27331,26492,27331,27881,27571,28083,28083,28211,3,1
varp.k26.scheduler-event.v1,analytical-model,S3,skew,23,846,3,3,0,846,27579,26733,27579,27619,27579,27611,27619,27627,2,3
varp.k26.scheduler-event.v1,analytical-model,S3,skew,23,859,3,3,0,859,27627,26768,27627,27667,28083,28115,28115,28123,3,3
varp.k26.scheduler-event.v1,analytical-model,S3,skew,23,851,2,2,0,851,27693,26842,27693,27841,28115,28243,28243,28275,3,2
varp.k26.scheduler-event.v1,analytical-model,S3,skew,23,67,0,0,0,67,27981,27914,27981,28273,28243,28499,28499,28563,3,0
varp.k26.scheduler-event.v1,analytical-model,S3,skew,23,862,3,3,0,862,28123,27261,28123,28415,28123,28379,28415,28479,2,3
varp.k26.scheduler-event.v1,analytical-model,S3,skew,23,904,1,1,0,904,28211,27307,28211,28353,28211,28339,28353,28385,0,1
varp.k26.scheduler-event.v1,analytical-model,S3,skew,23,856,2,2,0,856,28275,27419,28275,28553,28339,28595,28595,28659,0,2
varp.k26.scheduler-event.v1,analytical-model,S3,skew,23,907,1,1,0,907,28385,27478,28385,28659,28499,28755,28755,28819,3,1
varp.k26.scheduler-event.v1,analytical-model,S3,skew,23,888,3,3,0,888,28479,27591,28479,29545,28595,29619,29619,29875,0,3
varp.k26.scheduler-event.v1,analytical-model,S3,skew,23,70,0,0,0,70,28563,28493,28563,28837,28563,28819,28837,28901,2,0
varp.k26.scheduler-event.v1,analytical-model,S3,skew,23,867,2,2,0,867,28659,27792,28659,28735,28755,28819,28819,28835,3,2
varp.k26.scheduler-event.v1,analytical-model,S3,skew,23,915,1,1,0,915,28819,27904,28819,29357,28819,29331,29357,29485,3,1
varp.k26.scheduler-event.v1,analytical-model,S3,skew,23,880,2,2,0,880,28835,27955,28835,29113,29619,29875,29875,29939,0,2
varp.k26.scheduler-event.v1,analytical-model,S3,skew,23,72,0,0,0,72,28901,28829,28901,29175,29875,30131,30131,30195,0,0
varp.k26.scheduler-event.v1,analytical-model,S3,skew,23,920,1,1,0,920,29485,28565,29485,30035,30131,30643,30643,30771,0,1
varp.k26.scheduler-event.v1,analytical-model,S3,skew,23,79,0,3,1,79,29875,29796,29875,29915,29875,29907,29915,29923,3,0
varp.k26.scheduler-event.v1,analytical-model,S3,skew,23,77,0,3,1,77,29923,29846,29923,29999,29923,29987,29999,30015,1,0
varp.k26.scheduler-event.v1,analytical-model,S3,skew,23,902,2,2,0,902,29939,29037,29939,30015,29939,30003,30015,30031,2,2
varp.k26.scheduler-event.v1,analytical-model,S3,skew,23,73,0,3,1,73,30015,29942,30015,30157,30015,30143,30157,30189,1,0
varp.k26.scheduler-event.v1,analytical-model,S3,skew,23,903,2,2,0,903,30031,29128,30031,30305,30031,30287,30305,30369,3,2
varp.k26.scheduler-event.v1,analytical-model,S3,skew,23,88,0,3,1,88,30189,30101,30189,30229,30643,30675,30675,30683,0,0
varp.k26.scheduler-event.v1,analytical-model,S3,skew,23,74,0,0,0,74,30195,30121,30229,30371,30195,30323,30371,30403,2,0
varp.k26.scheduler-event.v1,analytical-model,S3,skew,23,921,2,2,0,921,30369,29448,30369,30643,30369,30625,30643,30707,1,2
varp.k26.scheduler-event.v1,analytical-model,S3,skew,23,75,0,0,0,75,30403,30328,30403,30681,30403,30659,30681,30745,3,0
varp.k26.scheduler-event.v1,analytical-model,S3,skew,23,89,0,3,1,89,30683,30594,30683,30723,30683,30715,30723,30731,1,0
varp.k26.scheduler-event.v1,analytical-model,S3,skew,23,932,2,2,0,932,30707,29775,30707,30747,30707,30739,30747,30755,0,2
varp.k26.scheduler-event.v1,analytical-model,S3,skew,23,86,0,3,1,86,30731,30645,30731,30805,30731,30795,30805,30821,2,0
varp.k26.scheduler-event.v1,analytical-model,S3,skew,23,78,0,0,0,78,30745,30667,30805,30947,30795,30923,30947,30979,2,0
varp.k26.scheduler-event.v1,analytical-model,S3,skew,23,939,2,2,0,939,30755,29816,30755,31305,30755,31267,31305,31433,3,2
varp.k26.scheduler-event.v1,analytical-model,S3,skew,23,922,1,1,0,922,30771,29849,30771,30913,30923,31051,31051,31083,2,1
varp.k26.scheduler-event.v1,analytical-model,S3,skew,23,80,0,3,1,80,30821,30741,30947,31089,30821,30949,31089,31121,0,0
varp.k26.scheduler-event.v1,analytical-model,S3,skew,23,81,0,0,0,81,30979,30898,31089,32155,30979,32003,32155,32411,1,0
varp.k26.scheduler-event.v1,analytical-model,S3,skew,23,934,1,1,0,934,31083,30149,31083,31159,31083,31147,31159,31175,2,1
varp.k26.scheduler-event.v1,analytical-model,S3,skew,23,97,0,3,1,97,31121,31024,32155,32195,32003,32035,32195,32203,1,0
varp.k26.scheduler-event.v1,analytical-model,S3,skew,23,963,1,1,0,963,31175,30212,31175,31323,31267,31395,31395,31427,3,1
varp.k26.scheduler-event.v1,analytical-model,S3,skew,23,980,1,1,0,980,31427,30447,31427,31705,31427,31683,31705,31769,0,1
varp.k26.scheduler-event.v1,analytical-model,S3,skew,23,952,2,2,0,952,31433,30481,31433,31509,31683,31747,31747,31763,0,2
varp.k26.scheduler-event.v1,analytical-model,S3,skew,23,975,2,2,0,975,31763,30788,31763,31911,31763,31891,31911,31943,3,2
varp.k26.scheduler-event.v1,analytical-model,S3,skew,23,987,1,1,0,987,31769,30782,31769,31917,31891,32019,32019,32051,3,1
varp.k26.scheduler-event.v1,analytical-model,S3,skew,23,83,0,2,1,83,31943,31860,32195,32337,32019,32147,32337,32369,3,0
varp.k26.scheduler-event.v1,analytical-model,S3,skew,23,994,1,1,0,994,32051,31057,32051,32091,32051,32083,32091,32099,2,1
varp.k26.scheduler-event.v1,analytical-model,S3,skew,23,997,1,1,0,997,32099,31102,32099,32175,32099,32163,32175,32191,1,1
varp.k26.scheduler-event.v1,analytical-model,S3,skew,23,998,1,1,0,998,32191,31193,32191,32469,32191,32447,32469,32533,2,1
varp.k26.scheduler-event.v1,analytical-model,S3,skew,23,103,0,3,1,103,32203,32100,32337,32377,32203,32235,32377,32385,3,0
varp.k26.scheduler-event.v1,analytical-model,S3,skew,23,90,0,2,1,90,32369,32279,32377,32519,32447,32575,32575,32607,2,0
varp.k26.scheduler-event.v1,analytical-model,S3,skew,23,95,0,3,1,95,32385,32290,32519,32661,32385,32513,32661,32693,3,0
varp.k26.scheduler-event.v1,analytical-model,S3,skew,23,87,0,0,0,87,32411,32324,32661,32953,32513,32769,32953,33017,3,0
varp.k26.scheduler-event.v1,analytical-model,S3,skew,23,100,0,1,1,100,32533,32433,32953,33095,32533,32661,33095,33127,0,0
varp.k26.scheduler-event.v1,analytical-model,S3,skew,23,117,0,2,1,117,32607,32490,33095,33135,32607,32639,33135,33143,1,0
varp.k26.scheduler-event.v1,analytical-model,S3,skew,23,113,0,3,1,113,32693,32580,33135,33211,32693,32757,33211,33227,1,0
varp.k26.scheduler-event.v1,analytical-model,S3,skew,23,93,0,0,0,93,33017,32924,33211,33761,33017,33529,33761,33889,1,0
varp.k26.scheduler-event.v1,analytical-model,S3,skew,23,118,0,1,1,118,33127,33009,33761,33835,33127,33191,33835,33851,2,0
varp.k26.scheduler-event.v1,analytical-model,S3,skew,23,123,0,2,1,123,33143,33020,33835,33875,33143,33175,33875,33883,3,0
varp.k26.scheduler-event.v1,analytical-model,S3,skew,23,110,0,3,1,110,33227,33117,33875,34023,33227,33355,34023,34055,2,0
varp.k26.scheduler-event.v1,analytical-model,S3,skew,23,111,0,1,1,111,33851,33740,34023,34165,33851,33979,34165,34197,3,0
varp.k26.scheduler-event.v1,analytical-model,S3,skew,23,96,0,2,1,96,33883,33787,34165,34439,33883,34139,34439,34503,0,0
varp.k26.scheduler-event.v1,analytical-model,S3,skew,23,94,0,0,0,94,33889,33795,34439,34989,33889,34401,34989,35117,2,0
varp.k26.scheduler-event.v1,analytical-model,S3,skew,23,116,0,3,1,116,34055,33939,34989,35131,34139,34267,35131,35163,0,0
varp.k26.scheduler-event.v1,analytical-model,S3,skew,23,126,0,1,1,126,34197,34071,35131,35207,34401,34465,35207,35223,2,0
varp.k26.scheduler-event.v1,analytical-model,S3,skew,23,129,0,2,1,129,34503,34374,35207,35283,34503,34567,35283,35299,1,0
varp.k26.scheduler-event.v1,analytical-model,S3,skew,23,98,0,0,0,98,35117,35019,35283,35821,35117,35629,35821,35949,2,0
varp.k26.scheduler-event.v1,analytical-model,S3,skew,23,135,0,3,1,135,35163,35028,35821,35861,35163,35195,35861,35869,3,0
varp.k26.scheduler-event.v1,analytical-model,S3,skew,23,131,0,1,1,131,35223,35092,35861,35937,35223,35287,35937,35953,3,0
varp.k26.scheduler-event.v1,analytical-model,S3,skew,23,139,0,2,1,139,35299,35160,35937,35977,35299,35331,35977,35985,3,0
varp.k26.scheduler-event.v1,analytical-model,S3,skew,23,142,0,3,1,142,35869,35727,35977,36017,35869,35901,36017,36025,2,0
varp.k26.scheduler-event.v1,analytical-model,S3,skew,23,101,0,0,0,101,35949,35848,36017,36567,35949,36461,36567,36695,1,0
varp.k26.scheduler-event.v1,analytical-model,S3,skew,23,108,0,1,1,108,35953,35845,36567,36845,35953,36209,36845,36909,0,0
varp.k26.scheduler-event.v1,analytical-model,S3,skew,23,140,0,2,1,140,35985,35845,36845,36921,36209,36273,36921,36937,0,0
varp.k26.scheduler-event.v1,analytical-model,S3,skew,23,145,0,3,1,145,36025,35880,36921,36961,36461,36493,36961,36969,1,0
varp.k26.scheduler-event.v1,analytical-model,S3,skew,23,102,0,0,0,102,36695,36593,36961,37511,36695,37207,37511,37639,2,0
varp.k26.scheduler-event.v1,analytical-model,S3,skew,23,147,0,1,1,147,36909,36762,37511,37551,36909,36941,37551,37559,3,0
varp.k26.scheduler-event.v1,analytical-model,S3,skew,23,133,0,2,1,133,36937,36804,37551,37693,36937,37065,37693,37725,1,0
varp.k26.scheduler-event.v1,analytical-model,S3,skew,23,134,0,3,1,134,36969,36835,37693,37835,37207,37335,37835,37867,2,0
varp.k26.scheduler-event.v1,analytical-model,S3,skew,23,144,0,1,1,144,37559,37415,37835,37909,37559,37623,37909,37925,0,0
varp.k26.scheduler-event.v1,analytical-model,S3,skew,23,106,0,0,0,106,37639,37533,37909,38975,37639,38663,38975,39231,2,0
varp.k26.scheduler-event.v1,analytical-model,S3,skew,23,136,0,2,1,136,37725,37589,38975,39117,37725,37853,39117,39149,0,0
varp.k26.scheduler-event.v1,analytical-model,S3,skew,23,152,0,3,1,152,37867,37715,39117,39191,37867,37931,39191,39207,0,0
varp.k26.scheduler-event.v1,analytical-model,S3,skew,23,153,0,1,1,153,37925,37772,39191,39267,37925,37989,39267,39283,1,0
varp.k26.scheduler-event.v1,analytical-model,S3,skew,23,127,0,2,1,127,39149,39022,39267,39545,39149,39405,39545,39609,3,0
varp.k26.scheduler-event.v1,analytical-model,S3,skew,23,128,0,3,1,128,39207,39079,39545,39819,39207,39463,39819,39883,0,0
varp.k26.scheduler-event.v1,analytical-model,S3,skew,23,107,0,0,0,107,39231,39124,39819,40885,39405,40429,40885,41141,3,0
varp.k26.scheduler-event.v1,analytical-model,S3,skew,23,130,0,1,1,130,39283,39153,40885,41177,39283,39539,41177,41241,2,0
varp.k26.scheduler-event.v1,analytical-model,S3,skew,23,167,0,2,1,167,39609,39442,41177,41217,40429,40461,41217,41225,3,0
varp.k26.scheduler-event.v1,analytical-model,S3,skew,23,169,0,3,1,169,39883,39714,41217,41257,39883,39915,41257,41265,1,0
varp.k26.scheduler-event.v1,analytical-model,S3,skew,23,120,0,0,0,120,41141,41021,41257,42323,41141,42165,42323,42579,0,0
varp.k26.scheduler-event.v1,analytical-model,S3,skew,23,162,0,2,1,162,41225,41063,42323,42465,41225,41353,42465,42497,2,0
varp.k26.scheduler-event.v1,analytical-model,S3,skew,23,172,0,1,1,172,41241,41069,42465,42541,42165,42229,42541,42557,0,0
varp.k26.scheduler-event.v1,analytical-model,S3,skew,23,143,0,3,1,143,41265,41122,42541,42833,41265,41521,42833,42897,3,0
varp.k26.scheduler-event.v1,analytical-model,S3,skew,23,163,0,2,1,163,42497,42334,42833,42981,42497,42625,42981,43013,3,0
varp.k26.scheduler-event.v1,analytical-model,S3,skew,23,166,0,1,1,166,42557,42391,42981,43129,42557,42685,43129,43161,2,0
varp.k26.scheduler-event.v1,analytical-model,S3,skew,23,124,0,0,0,124,42579,42455,43129,43667,42579,43091,43667,43795,0,0
varp.k26.scheduler-event.v1,analytical-model,S3,skew,23,168,0,3,1,168,42897,42729,43667,43815,43091,43219,43815,43847,0,0
varp.k26.scheduler-event.v1,analytical-model,S3,skew,23,178,0,2,1,178,43013,42835,43815,43891,43013,43077,43891,43907,2,0
varp.k26.scheduler-event.v1,analytical-model,S3,skew,23,170,0,1,1,170,43161,42991,43891,44033,43161,43289,44033,44065,2,0
varp.k26.scheduler-event.v1,analytical-model,S3,skew,23,132,0,0,0,132,43795,43663,44033,44571,43795,44307,44571,44699,0,0
varp.k26.scheduler-event.v1,analytical-model,S3,skew,23,171,0,3,1,171,43847,43676,44571,44719,43847,43975,44719,44751,3,0
varp.k26.scheduler-event.v1,analytical-model,S3,skew,23,187,0,2,1,187,43907,43720,44719,44759,43975,44007,44759,44767,3,0
varp.k26.scheduler-event.v1,analytical-model,S3,skew,23,190,0,1,1,190,44065,43875,44759,44799,44065,44097,44799,44807,2,0
varp.k26.scheduler-event.v1,analytical-model,S3,skew,23,137,0,0,0,137,44699,44562,44799,45865,44699,45723,45865,46121,1,0
varp.k26.scheduler-event.v1,analytical-model,S3,skew,23,176,0,3,1,176,44751,44575,45865,46007,44751,44879,46007,46039,0,0
varp.k26.scheduler-event.v1,analytical-model,S3,skew,23,186,0,2,1,186,44767,44581,46007,46081,44767,44831,46081,46097,2,0
varp.k26.scheduler-event.v1,analytical-model,S3,skew,23,191,0,1,1,191,44807,44616,46081,46121,44807,44839,46121,46129,3,0
varp.k26.scheduler-event.v1,analytical-model,S3,skew,23,157,0,3,1,157,46039,45882,46121,46413,46039,46295,46413,46477,1,0
varp.k26.scheduler-event.v1,analytical-model,S3,skew,23,177,0,2,1,177,46097,45920,46413,46555,46295,46423,46555,46587,1,0
varp.k26.scheduler-event.v1,analytical-model,S3,skew,23,141,0,0,0,141,46121,45980,46555,47621,46423,47447,47621,47877,1,0
varp.k26.scheduler-event.v1,analytical-model,S3,skew,23,158,0,1,1,158,46129,45971,47621,47913,46129,46385,47913,47977,2,0
varp.k26.scheduler-event.v1,analytical-model,S3,skew,23,183,0,3,1,183,46477,46294,47913,48055,46477,46605,48055,48087,3,0
varp.k26.scheduler-event.v1,analytical-model,S3,skew,23,184,0,2,1,184,46587,46403,48055,48203,46587,46715,48203,48235,0,0
varp.k26.scheduler-event.v1,analytical-model,S3,skew,23,150,0,0,0,150,47877,47727,48203,49269,47877,48901,49269,49525,2,0
varp.k26.scheduler-event.v1,analytical-model,S3,skew,23,165,0,1,1,165,47977,47812,49269,49543,47977,48233,49543,49607,1,0
varp.k26.scheduler-event.v1,analytical-model,S3,skew,23,185,0,3,1,185,48087,47902,49543,49685,48233,48361,49685,49717,1,0
varp.k26.scheduler-event.v1,analytical-model,S3,skew,23,188,0,2,1,188,48235,48047,49685,49827,48235,48363,49827,49859,0,0
varp.k26.scheduler-event.v1,analytical-model,S3,skew,23,151,0,0,0,151,49525,49374,49827,50893,49525,50549,50893,51149,3,0
varp.k26.scheduler-event.v1,analytical-model,S3,skew,23,206,0,1,1,206,49607,49401,50893,50933,49607,49639,50933,50941,2,0
varp.k26.scheduler-event.v1,analytical-model,S3,skew,23,193,0,3,1,193,49717,49524,50933,51075,49717,49845,51075,51107,1,0
varp.k26.scheduler-event.v1,analytical-model,S3,skew,23,203,0,2,1,203,49859,49656,51075,51149,50549,50613,51149,51165,3,0
varp.k26.scheduler-event.v1,analytical-model,S3,skew,23,174,0,1,1,174,50941,50767,51149,51423,50941,51197,51423,51487,2,0
varp.k26.scheduler-event.v1,analytical-model,S3,skew,23,194,0,3,1,194,51107,50913,51423,51565,51197,51325,51565,51597,2,0
varp.k26.scheduler-event.v1,analytical-model,S3,skew,23,160,0,0,0,160,51149,50989,51565,52631,51149,52173,52631,52887,0,0
varp.k26.scheduler-event.v1,analytical-model,S3,skew,23,204,0,2,1,204,51165,50961,52631,52707,52173,52237,52707,52723,0,0
varp.k26.scheduler-event.v1,analytical-model,S3,skew,23,199,0,1,1,199,51487,51288,52707,52849,51487,51615,52849,52881,3,0
varp.k26.scheduler-event.v1,analytical-model,S3,skew,23,180,0,3,1,180,51597,51417,52849,53127,52237,52493,53127,53191,0,0
varp.k26.scheduler-event.v1,analytical-model,S3,skew,23,181,0,2,1,181,52723,52542,53127,53401,52723,52979,53401,53465,1,0
varp.k26.scheduler-event.v1,analytical-model,S3,skew,23,216,0,1,1,216,52881,52665,53401,53441,52881,52913,53441,53449,0,0
varp.k26.scheduler-event.v1,analytical-model,S3,skew,23,161,0,0,0,161,52887,52726,53441,53991,52979,53491,53991,54119,1,0
varp.k26.scheduler-event.v1,analytical-model,S3,skew,23,202,0,3,1,202,53191,52989,53991,54133,53191,53319,54133,54165,2,0
varp.k26.scheduler-event.v1,analytical-model,S3,skew,23,219,0,1,1,219,53449,53230,54133,54173,53449,53481,54173,54181,3,0
varp.k26.scheduler-event.v1,analytical-model,S3,skew,23,208,0,2,1,208,53465,53257,54173,54315,53465,53593,54315,54347,0,0
varp.k26.scheduler-event.v1,analytical-model,S3,skew,23,164,0,0,0,164,54119,53955,54315,54865,54119,54631,54865,54993,0,0
varp.k26.scheduler-event.v1,analytical-model,S3,skew,23,224,0,3,1,224,54165,53941,54865,54905,54631,54663,54905,54913,0,0
varp.k26.scheduler-event.v1,analytical-model,S3,skew,23,192,0,1,1,192,54181,53989,54905,55179,54663,54919,55179,55243,0,0
varp.k26.scheduler-event.v1,analytical-model,S3,skew,23,213,0,2,1,213,54347,54134,55179,55327,54347,54475,55327,55359,1,0
varp.k26.scheduler-event.v1,analytical-model,S3,skew,23,223,0,3,1,223,54913,54690,55327,55403,54913,54977,55403,55419,3,0
varp.k26.scheduler-event.v1,analytical-model,S3,skew,23,173,0,0,0,173,54993,54820,55403,55941,54993,55505,55941,56069,1,0
varp.k26.scheduler-event.v1,analytical-model,S3,skew,23,214,0,1,1,214,55243,55029,55941,56089,55243,55371,56089,56121,2,0
varp.k26.scheduler-event.v1,analytical-model,S3,skew,23,196,0,2,1,196,55359,55163,56089,56367,55359,55615,56367,56431,0,0
varp.k26.scheduler-event.v1,analytical-model,S3,skew,23,200,0,3,1,200,55419,55219,56367,56641,55615,55871,56641,56705,0,0
varp.k26.scheduler-event.v1,analytical-model,S3,skew,23,175,0,0,0,175,56069,55894,56641,57707,56069,57093,57707,57963,3,0
varp.k26.scheduler-event.v1,analytical-model,S3,skew,23,230,0,1,1,230,56121,55891,57707,57783,56121,56185,57783,57799,2,0
varp.k26.scheduler-event.v1,analytical-model,S3,skew,23,231,0,2,1,231,56431,56200,57783,57859,57093,57157,57859,57875,3,0
varp.k26.scheduler-event.v1,analytical-model,S3,skew,23,225,0,3,1,225,56705,56480,57859,58007,56705,56833,58007,58039,1,0
varp.k26.scheduler-event.v1,analytical-model,S3,skew,23,235,0,1,1,235,57799,57564,58007,58081,57799,57863,58081,58097,3,0
varp.k26.scheduler-event.v1,analytical-model,S3,skew,23,228,0,2,1,228,57875,57647,58081,58229,57875,58003,58229,58261,0,0
varp.k26.scheduler-event.v1,analytical-model,S3,skew,23,179,0,0,0,179,57963,57784,58229,59295,57963,58987,59295,59551,3,0
varp.k26.scheduler-event.v1,analytical-model,S3,skew,23,229,0,3,1,229,58039,57810,59295,59437,58039,58167,59437,59469,1,0
varp.k26.scheduler-event.v1,analytical-model,S3,skew,23,246,0,1,1,246,58097,57851,59437,59477,58097,58129,59477,59485,2,0
varp.k26.scheduler-event.v1,analytical-model,S3,skew,23,212,0,2,1,212,58261,58049,59477,59769,58261,58517,59769,59833,0,0
varp.k26.scheduler-event.v1,analytical-model,S3,skew,23,215,0,3,1,215,59469,59254,59769,60043,59469,59725,60043,60107,3,0
varp.k26.scheduler-event.v1,analytical-model,S3,skew,23,236,0,1,1,236,59485,59249,60043,60185,59485,59613,60185,60217,0,0
varp.k26.scheduler-event.v1,analytical-model,S3,skew,23,182,0,0,0,182,59551,59369,60185,60735,59551,60063,60735,60863,2,0
varp.k26.scheduler-event.v1,analytical-model,S3,skew,23,217,0,2,1,217,59833,59616,60735,61009,59833,60089,61009,61073,1,0
varp.k26.scheduler-event.v1,analytical-model,S3,skew,23,253,0,3,1,253,60107,59854,61009,61049,60107,60139,61049,61057,1,0
varp.k26.scheduler-event.v1,analytical-model,S3,skew,23,220,0,1,1,220,60217,59997,61049,61327,60217,60473,61327,61391,0,0
varp.k26.scheduler-event.v1,analytical-model,S3,skew,23,198,0,0,0,198,60863,60665,61327,62393,60863,61887,62393,62649,2,0
varp.k26.scheduler-event.v1,analytical-model,S3,skew,23,255,0,3,1,255,61057,60802,62393,62469,61057,61121,62469,62485,3,0
varp.k26.scheduler-event.v1,analytical-model,S3,skew,23,258,0,2,1,258,61073,60815,62469,62545,61887,61951,62545,62561,2,0
varp.k26.scheduler-event.v1,analytical-model,S3,skew,23,250,0,1,1,250,61391,61141,62545,62687,61951,62079,62687,62719,2,0
varp.k26.scheduler-event.v1,analytical-model,S3,skew,23,260,0,3,1,260,62485,62225,62687,62763,62485,62549,62763,62779,0,0
varp.k26.scheduler-event.v1,analytical-model,S3,skew,23,251,0,2,1,251,62561,62310,62763,62911,62561,62689,62911,62943,3,0
varp.k26.scheduler-event.v1,analytical-model,S3,skew,23,205,0,0,0,205,62649,62444,62911,63449,62649,63161,63449,63577,1,0
varp.k26.scheduler-event.v1,analytical-model,S3,skew,23,234,0,1,1,234,62719,62485,63449,63741,62719,62975,63741,63805,2,0
varp.k26.scheduler-event.v1,analytical-model,S3,skew,23,239,0,3,1,239,62779,62540,63741,64033,62779,63035,64033,64097,3,0
varp.k26.scheduler-event.v1,analytical-model,S3,skew,23,259,0,2,1,259,62943,62684,64033,64175,63035,63163,64175,64207,3,0
varp.k26.scheduler-event.v1,analytical-model,S3,skew,23,209,0,0,0,209,63577,63368,64175,64725,63577,64089,64725,64853,1,0
varp.k26.scheduler-event.v1,analytical-model,S3,skew,23,275,0,1,1,275,63805,63530,64725,64765,63805,63837,64765,64773,3,0
varp.k26.scheduler-event.v1,analytical-model,S3,skew,23,242,0,3,1,242,64097,63855,64765,65039,64097,64353,65039,65103,2,0
varp.k26.scheduler-event.v1,analytical-model,S3,skew,23,262,0,2,1,262,64207,63945,65039,65181,64353,64481,65181,65213,2,0
varp.k26.scheduler-event.v1,analytical-model,S3,skew,23,263,0,1,1,263,64773,64510,65181,65323,64773,64901,65323,65355,3,0
varp.k26.scheduler-event.v1,analytical-model,S3,skew,23,210,0,0,0,210,64853,64643,65323,65873,64853,65365,65873,66001,2,0
varp.k26.scheduler-event.v1,analytical-model,S3,skew,23,244,0,3,1,244,65103,64859,65873,66165,65103,65359,66165,66229,0,0
varp.k26.scheduler-event.v1,analytical-model,S3,skew,23,279,0,2,1,279,65213,64934,66165,66205,65213,65245,66205,66213,3,0
varp.k26.scheduler-event.v1,analytical-model,S3,skew,23,245,0,1,1,245,65355,65110,66205,66497,65355,65611,66497,66561,1,0
varp.k26.scheduler-event.v1,analytical-model,S3,skew,23,218,0,0,0,218,66001,65783,66497,67047,66001,66513,67047,67175,2,0
varp.k26.scheduler-event.v1,analytical-model,S3,skew,23,265,0,2,1,265,66213,65948,67047,67189,66213,66341,67189,67221,1,0
varp.k26.scheduler-event.v1,analytical-model,S3,skew,23,280,0,3,1,280,66229,65949,67189,67229,66229,66261,67229,67237,0,0
varp.k26.scheduler-event.v1,analytical-model,S3,skew,23,266,0,1,1,266,66561,66295,67229,67371,66561,66689,67371,67403,2,0
varp.k26.scheduler-event.v1,analytical-model,S3,skew,23,226,0,0,0,226,67175,66949,67371,67909,67175,67687,67909,68037,2,0
varp.k26.scheduler-event.v1,analytical-model,S3,skew,23,277,0,2,1,277,67221,66944,67909,67985,67221,67285,67985,68001,1,0
varp.k26.scheduler-event.v1,analytical-model,S3,skew,23,248,0,3,1,248,67237,66989,67985,68259,67237,67493,68259,68323,0,0
varp.k26.scheduler-event.v1,analytical-model,S3,skew,23,269,0,1,1,269,67403,67134,68259,68407,67403,67531,68407,68439,1,0
varp.k26.scheduler-event.v1,analytical-model,S3,skew,23,291,0,2,1,291,68001,67710,68407,68447,68001,68033,68447,68455,3,0
varp.k26.scheduler-event.v1,analytical-model,S3,skew,23,227,0,0,0,227,68037,67810,68447,68985,68037,68549,68985,69113,3,0
varp.k26.scheduler-event.v1,analytical-model,S3,skew,23,257,0,3,1,257,68323,68066,68985,69263,68323,68579,69263,69327,1,0
varp.k26.scheduler-event.v1,analytical-model,S3,skew,23,261,0,1,1,261,68439,68178,69263,69537,68579,68835,69537,69601,1,0
varp.k26.scheduler-event.v1,analytical-model,S3,skew,23,292,0,2,1,292,68455,68163,69537,69611,68455,68519,69611,69627,0,0
varp.k26.scheduler-event.v1,analytical-model,S3,skew,23,233,0,0,0,233,69113,68880,69611,70161,69113,69625,70161,70289,1,0
varp.k26.scheduler-event.v1,analytical-model,S3,skew,23,285,0,3,1,285,69327,69042,70161,70309,69625,69753,70309,70341,1,0
varp.k26.scheduler-event.v1,analytical-model,S3,skew,23,295,0,1,1,295,69601,69306,70309,70385,69601,69665,70385,70401,3,0
varp.k26.scheduler-event.v1,analytical-model,S3,skew,23,300,0,2,1,300,69627,69327,70385,70425,69627,69659,70425,70433,0,0
varp.k26.scheduler-event.v1,analytical-model,S3,skew,23,237,0,0,0,237,70289,70052,70425,70975,70289,70801,70975,71103,1,0
varp.k26.scheduler-event.v1,analytical-model,S3,skew,23,296,0,3,1,296,70341,70045,70975,71051,70341,70405,71051,71067,0,0
varp.k26.scheduler-event.v1,analytical-model,S3,skew,23,268,0,1,1,268,70401,70133,71051,71343,70405,70661,71343,71407,0,0
varp.k26.scheduler-event.v1,analytical-model,S3,skew,23,272,0,2,1,272,70433,70161,71343,71635,70661,70917,71635,71699,0,0
varp.k26.scheduler-event.v1,analytical-model,S3,skew,23,304,0,3,1,304,71067,70763,71635,71711,71067,71131,71711,71727,0,0
varp.k26.scheduler-event.v1,analytical-model,S3,skew,23,238,0,0,0,238,71103,70865,71711,72249,71103,71615,72249,72377,2,0
varp.k26.scheduler-event.v1,analytical-model,S3,skew,23,298,0,1,1,298,71407,71109,72249,72397,71615,71743,72397,72429,2,0
varp.k26.scheduler-event.v1,analytical-model,S3,skew,23,299,0,2,1,299,71699,71400,72397,72539,71699,71827,72539,72571,3,0
varp.k26.scheduler-event.v1,analytical-model,S3,skew,23,309,0,3,1,309,71727,71418,72539,72615,71727,71791,72615,72631,1,0
varp.k26.scheduler-event.v1,analytical-model,S3,skew,23,241,0,0,0,241,72377,72136,72615,73153,72377,72889,73153,73281,1,0
varp.k26.scheduler-event.v1,analytical-model,S3,skew,23,281,0,1,1,281,72429,72148,73153,73427,72889,73145,73427,73491,1,0
varp.k26.scheduler-event.v1,analytical-model,S3,skew,23,302,0,2,1,302,72571,72269,73427,73575,72571,72699,73575,73607,2,0
varp.k26.scheduler-event.v1,analytical-model,S3,skew,23,317,0,3,1,317,72631,72314,73575,73615,73145,73177,73615,73623,1,0
varp.k26.scheduler-event.v1,analytical-model,S3,skew,23,252,0,0,0,252,73281,73029,73615,74153,73281,73793,74153,74281,0,0
varp.k26.scheduler-event.v1,analytical-model,S3,skew,23,283,0,1,1,283,73491,73208,74153,74427,73491,73747,74427,74491,3,0
varp.k26.scheduler-event.v1,analytical-model,S3,skew,23,305,0,2,1,305,73607,73302,74427,74569,73607,73735,74569,74601,1,0
varp.k26.scheduler-event.v1,analytical-model,S3,skew,23,316,0,3,1,316,73623,73307,74569,74643,73793,73857,74643,74659,0,0
varp.k26.scheduler-event.v1,analytical-model,S3,skew,23,254,0,0,0,254,74281,74027,74643,75181,74281,74793,75181,75309,2,0
varp.k26.scheduler-event.v1,analytical-model,S3,skew,23,323,0,1,1,323,74491,74168,75181,75221,74491,74523,75221,75229,3,0
varp.k26.scheduler-event.v1,analytical-model,S3,skew,23,321,0,2,1,321,74601,74280,75221,75297,74601,74665,75297,75313,1,0
varp.k26.scheduler-event.v1,analytical-model,S3,skew,23,327,0,3,1,327,74659,74332,75297,75337,74659,74691,75337,75345,3,0
varp.k26.scheduler-event.v1,analytical-model,S3,skew,23,294,0,1,1,294,75229,74935,75337,75615,75229,75485,75615,75679,2,0
varp.k26.scheduler-event.v1,analytical-model,S3,skew,23,264,0,0,0,264,75309,75045,75615,76165,75309,75821,76165,76293,0,0
varp.k26.scheduler-event.v1,analytical-model,S3,skew,23,318,0,2,1,318,75313,74995,76165,76307,75485,75613,76307,76339,2,0
varp.k26.scheduler-event.v1,analytical-model,S3,skew,23,320,0,3,1,320,75345,75025,76307,76449,75821,75949,76449,76481,0,0
varp.k26.scheduler-event.v1,analytical-model,S3,skew,23,322,0,1,1,322,75679,75357,76449,76591,75679,75807,76591,76623,2,0
varp.k26.scheduler-event.v1,analytical-model,S3,skew,23,267,0,0,0,267,76293,76026,76591,77657,76293,77317,77657,77913,3,0
varp.k26.scheduler-event.v1,analytical-model,S3,skew,23,328,0,2,1,328,76339,76011,77657,77805,76339,76467,77805,77837,0,0
varp.k26.scheduler-event.v1,analytical-model,S3,skew,23,310,0,3,1,310,76481,76171,77805,78097,76481,76737,78097,78161,2,0
varp.k26.scheduler-event.v1,analytical-model,S3,skew,23,342,0,1,1,342,76623,76281,78097,78171,76737,76801,78171,78187,2,0
varp.k26.scheduler-event.v1,analytical-model,S3,skew,23,334,0,2,1,334,77837,77503,78171,78319,77837,77965,78319,78351,2,0
varp.k26.scheduler-event.v1,analytical-model,S3,skew,23,273,0,0,0,273,77913,77640,78319,79385,77913,78937,79385,79641,1,0
varp.k26.scheduler-event.v1,analytical-model,S3,skew,23,335,0,3,1,335,78161,77826,79385,79527,78161,78289,79527,79559,3,0
varp.k26.scheduler-event.v1,analytical-model,S3,skew,23,276,0,1,1,276,78187,77911,79527,80065,78187,78699,80065,80193,0,0
varp.k26.scheduler-event.v1,analytical-model,S3,skew,23,351,0,2,1,351,78351,78000,80065,80105,78351,78383,80105,80113,3,0
varp.k26.scheduler-event.v1,analytical-model,S3,skew,23,338,0,3,1,338,79559,79221,80105,80247,79559,79687,80247,80279,2,0
varp.k26.scheduler-event.v1,analytical-model,S3,skew,23,278,0,0,0,278,79641,79363,80247,81313,79687,80711,81313,81569,2,0
varp.k26.scheduler-event.v1,analytical-model,S3,skew,23,339,0,2,1,339,80113,79774,81313,81461,80113,80241,81461,81493,3,0
varp.k26.scheduler-event.v1,analytical-model,S3,skew,23,349,0,1,1,349,80193,79844,81461,81537,80193,80257,81537,81553,1,0
varp.k26.scheduler-event.v1,analytical-model,S3,skew,23,354,0,3,1,354,80279,79925,81537,81577,80711,80743,81577,81585,2,0
varp.k26.scheduler-event.v1,analytical-model,S3,skew,23,340,0,2,1,340,81493,81153,81577,81719,81493,81621,81719,81751,0,0
varp.k26.scheduler-event.v1,analytical-model,S3,skew,23,352,0,1,1,352,81553,81201,81719,81793,81621,81685,81793,81809,0,0
varp.k26.scheduler-event.v1,analytical-model,S3,skew,23,284,0,0,0,284,81569,81285,81793,82859,81685,82709,82859,83115,0,0
varp.k26.scheduler-event.v1,analytical-model,S3,skew,23,343,0,3,1,343,81585,81242,82859,83001,81585,81713,83001,83033,3,0
varp.k26.scheduler-event.v1,analytical-model,S3,skew,23,353,0,2,1,353,81751,81398,83001,83075,81751,81815,83075,83091,1,0
varp.k26.scheduler-event.v1,analytical-model,S3,skew,23,356,0,1,1,356,81809,81453,83075,83151,82709,82773,83151,83167,0,0
varp.k26.scheduler-event.v1,analytical-model,S3,skew,23,288,0,3,1,288,83033,82745,83151,83689,83033,83545,83689,83817,0,0
varp.k26.scheduler-event.v1,analytical-model,S3,skew,23,363,0,2,1,363,83091,82728,83689,83729,83091,83123,83729,83737,3,0
varp.k26.scheduler-event.v1,analytical-model,S3,skew,23,287,0,0,0,287,83115,82828,83729,84795,83123,84147,84795,85051,3,0
varp.k26.scheduler-event.v1,analytical-model,S3,skew,23,350,0,1,1,350,83167,82817,84795,84943,83167,83295,84943,84975,2,0
varp.k26.scheduler-event.v1,analytical-model,S3,skew,23,367,0,2,1,367,83737,83370,84943,84983,84147,84179,84983,84991,3,0
varp.k26.scheduler-event.v1,analytical-model,S3,skew,23,337,0,3,1,337,83817,83480,84983,85261,83817,84073,85261,85325,1,0
varp.k26.scheduler-event.v1,analytical-model,S3,skew,23,368,0,1,1,368,84975,84607,85261,85335,84975,85039,85335,85351,0,0
varp.k26.scheduler-event.v1,analytical-model,S3,skew,23,371,0,2,1,371,84991,84620,85335,85409,84991,85055,85409,85425,3,0
varp.k26.scheduler-event.v1,analytical-model,S3,skew,23,303,0,0,0,303,85051,84748,85409,86475,85055,86079,86475,86731,3,0
varp.k26.scheduler-event.v1,analytical-model,S3,skew,23,344,0,3,1,344,85325,84981,86475,86767,85325,85581,86767,86831,0,0
varp.k26.scheduler-event.v1,analytical-model,S3,skew,23,364,0,1,1,364,85351,84987,86767,86915,85581,85709,86915,86947,0,0
varp.k26.scheduler-event.v1,analytical-model,S3,skew,23,345,0,2,1,345,85425,85080,86915,87189,85425,85681,87189,87253,1,0
varp.k26.scheduler-event.v1,analytical-model,S3,skew,23,306,0,0,0,306,86731,86425,87189,88255,86731,87755,88255,88511,2,0
varp.k26.scheduler-event.v1,analytical-model,S3,skew,23,376,0,3,1,376,86831,86455,88255,88331,86831,86895,88331,88347,0,0
varp.k26.scheduler-event.v1,analytical-model,S3,skew,23,348,0,1,1,348,86947,86599,88331,88609,86947,87203,88609,88673,0,0
varp.k26.scheduler-event.v1,analytical-model,S3,skew,23,372,0,2,1,372,87253,86881,88609,88751,87253,87381,88751,88783,0,0
varp.k26.scheduler-event.v1,analytical-model,S3,skew,23,314,0,3,1,314,88347,88033,88751,89289,88347,88859,89289,89417,2,0
varp.k26.scheduler-event.v1,analytical-model,S3,skew,23,307,0,0,0,307,88511,88204,89289,90355,88511,89535,90355,90611,3,0
varp.k26.scheduler-event.v1,analytical-model,S3,skew,23,315,0,1,1,315,88673,88358,90355,90905,89535,90047,90905,91033,3,0
varp.k26.scheduler-event.v1,analytical-model,S3,skew,23,377,0,2,1,377,88783,88406,90905,91053,88783,88911,91053,91085,1,0
varp.k26.scheduler-event.v1,analytical-model,S3,skew,23,392,0,3,1,392,89417,89025,91053,91093,89417,89449,91093,91101,0,0
varp.k26.scheduler-event.v1,analytical-model,S3,skew,23,312,0,0,0,312,90611,90299,91093,92159,90611,91635,92159,92415,0,0
varp.k26.scheduler-event.v1,analytical-model,S3,skew,23,380,0,1,1,380,91033,90653,92159,92307,91635,91763,92307,92339,0,0
varp.k26.scheduler-event.v1,analytical-model,S3,skew,23,361,0,2,1,361,91085,90724,92307,92599,91085,91341,92599,92663,1,0
varp.k26.scheduler-event.v1,analytical-model,S3,skew,23,383,0,3,1,383,91101,90718,92599,92741,91101,91229,92741,92773,3,0
varp.k26.scheduler-event.v1,analytical-model,S3,skew,23,393,0,1,1,393,92339,91946,92741,92817,92339,92403,92817,92833,1,0
varp.k26.scheduler-event.v1,analytical-model,S3,skew,23,319,0,0,0,319,92415,92096,92817,93883,92415,93439,93883,94139,3,0
varp.k26.scheduler-event.v1,analytical-model,S3,skew,23,324,0,2,1,324,92663,92339,93883,94421,92663,93175,94421,94549,0,0
varp.k26.scheduler-event.v1,analytical-model,S3,skew,23,385,0,3,1,385,92773,92388,94421,94569,92773,92901,94569,94601,1,0
varp.k26.scheduler-event.v1,analytical-model,S3,skew,23,329,0,1,1,329,92833,92504,94569,95119,92901,93413,95119,95247,1,0
varp.k26.scheduler-event.v1,analytical-model,S3,skew,23,325,0,0,0,325,94139,93814,95119,96185,94139,95163,96185,96441,1,0
varp.k26.scheduler-event.v1,analytical-model,S3,skew,23,330,0,2,1,330,94549,94219,96185,96735,94549,95061,96735,96863,2,0
varp.k26.scheduler-event.v1,analytical-model,S3,skew,23,370,0,3,1,370,94601,94231,96735,97009,95061,95317,97009,97073,2,0
varp.k26.scheduler-event.v1,analytical-model,S3,skew,23,390,0,1,1,390,95247,94857,97009,97151,95317,95445,97151,97183,2,0
varp.k26.scheduler-event.v1,analytical-model,S3,skew,23,331,0,0,0,331,96441,96110,97151,98217,96441,97465,98217,98473,3,0
varp.k26.scheduler-event.v1,analytical-model,S3,skew,23,402,0,2,1,402,96863,96461,98217,98291,96863,96927,98291,98307,2,0
varp.k26.scheduler-event.v1,analytical-model,S3,skew,23,374,0,3,1,374,97073,96699,98291,98569,97073,97329,98569,98633,2,0
varp.k26.scheduler-event.v1,analytical-model,S3,skew,23,409,0,1,1,409,97183,96774,98569,98609,97183,97215,98609,98617,1,0
varp.k26.scheduler-event.v1,analytical-model,S3,skew,23,397,0,2,1,397,98307,97910,98609,98751,98307,98435,98751,98783,1,0
varp.k26.scheduler-event.v1,analytical-model,S3,skew,23,341,0,0,0,341,98473,98132,98751,99301,98473,98985,99301,99429,1,0
varp.k26.scheduler-event.v1,analytical-model,S3,skew,23,378,0,1,1,378,98617,98239,99301,99579,98617,98873,99579,99643,2,0
varp.k26.scheduler-event.v1,analytical-model,S3,skew,23,398,0,3,1,398,98633,98235,99579,99721,98873,99001,99721,99753,2,0
varp.k26.scheduler-event.v1,analytical-model,S3,skew,23,382,0,2,1,382,98783,98401,99721,99995,99001,99257,99995,100059,2,0
varp.k26.scheduler-event.v1,analytical-model,S3,skew,23,346,0,0,0,346,99429,99083,99995,100545,99429,99941,100545,100673,2,0
varp.k26.scheduler-event.v1,analytical-model,S3,skew,23,413,0,1,1,413,99643,99230,100545,100621,99643,99707,100621,100637,1,0
varp.k26.scheduler-event.v1,analytical-model,S3,skew,23,404,0,3,1,404,99753,99349,100621,100763,99753,99881,100763,100795,0,0
varp.k26.scheduler-event.v1,analytical-model,S3,skew,23,419,0,2,1,419,100059,99640,100763,100803,100059,100091,100803,100811,3,0
varp.k26.scheduler-event.v1,analytical-model,S3,skew,23,408,0,1,1,408,100637,100229,100803,100945,100637,100765,100945,100977,0,0
varp.k26.scheduler-event.v1,analytical-model,S3,skew,23,357,0,0,0,357,100673,100316,100945,101483,100673,101185,101483,101611,1,0
varp.k26.scheduler-event.v1,analytical-model,S3,skew,23,418,0,3,1,418,100795,100377,101483,101557,100795,100859,101557,101573,2,0
varp.k26.scheduler-event.v1,analytical-model,S3,skew,23,389,0,2,1,389,100811,100422,101557,101831,101185,101441,101831,101895,1,0
varp.k26.scheduler-event.v1,analytical-model,S3,skew,23,424,0,1,1,424,100977,100553,101831,101907,100977,101041,101907,101923,0,0
varp.k26.scheduler-event.v1,analytical-model,S3,skew,23,395,0,3,1,395,101573,101178,101907,102181,101573,101829,102181,102245,3,0
varp.k26.scheduler-event.v1,analytical-model,S3,skew,23,359,0,0,0,359,101611,101252,102181,103247,101829,102853,103247,103503,3,0
varp.k26.scheduler-event.v1,analytical-model,S3,skew,23,396,0,2,1,396,101895,101499,103247,103521,101895,102151,103521,103585,0,0
varp.k26.scheduler-event.v1,analytical-model,S3,skew,23,433,0,1,1,433,101923,101490,103521,103561,101923,101955,103561,103569,1,0
varp.k26.scheduler-event.v1,analytical-model,S3,skew,23,399,0,3,1,399,102245,101846,103561,103853,102853,103109,103853,103917,3,0
varp.k26.scheduler-event.v1,analytical-model,S3,skew,23,365,0,0,0,365,103503,103138,103853,104391,103503,104015,104391,104519,1,0
varp.k26.scheduler-event.v1,analytical-model,S3,skew,23,400,0,1,1,400,103569,103169,104391,104669,103569,103825,104669,104733,0,0
varp.k26.scheduler-event.v1,analytical-model,S3,skew,23,423,0,2,1,423,103585,103162,104669,104811,103585,103713,104811,104843,3,0
varp.k26.scheduler-event.v1,analytical-model,S3,skew,23,434,0,3,1,434,103917,103483,104811,104887,103917,103981,104887,104903,2,0
varp.k26.scheduler-event.v1,analytical-model,S3,skew,23,366,0,0,0,366,104519,104153,104887,105437,104519,105031,105437,105565,2,0
varp.k26.scheduler-event.v1,analytical-model,S3,skew,23,439,0,1,1,439,104733,104294,105437,105477,104733,104765,105477,105485,3,0
varp.k26.scheduler-event.v1,analytical-model,S3,skew,23,405,0,2,1,405,104843,104438,105477,105755,104843,105099,105755,105819,1,0
varp.k26.scheduler-event.v1,analytical-model,S3,skew,23,441,0,3,1,441,104903,104462,105755,105795,105099,105131,105795,105803,1,0
varp.k26.scheduler-event.v1,analytical-model,S3,skew,23,407,0,1,1,407,105485,105078,105795,106073,105485,105741,106073,106137,3,0
varp.k26.scheduler-event.v1,analytical-model,S3,skew,23,369,0,0,0,369,105565,105196,106073,106611,105565,106077,106611,106739,1,0
varp.k26.scheduler-event.v1,analytical-model,S3,skew,23,427,0,3,1,427,105803,105376,106611,106759,105803,105931,106759,106791,3,0
varp.k26.scheduler-event.v1,analytical-model,S3,skew,23,411,0,2,1,411,105819,105408,106759,107051,105931,106187,107051,107115,3,0
varp.k26.scheduler-event.v1,analytical-model,S3,skew,23,432,0,1,1,432,106137,105705,107051,107193,106137,106265,107193,107225,0,0
varp.k26.scheduler-event.v1,analytical-model,S3,skew,23,375,0,0,0,375,106739,106364,107193,107731,106739,107251,107731,107859,3,0
varp.k26.scheduler-event.v1,analytical-model,S3,skew,23,442,0,3,1,442,106791,106349,107731,107807,106791,106855,107807,107823,2,0
varp.k26.scheduler-event.v1,analytical-model,S3,skew,23,414,0,2,1,414,107115,106701,107807,108085,107115,107371,108085,108149,2,0
varp.k26.scheduler-event.v1,analytical-model,S3,skew,23,444,0,1,1,444,107225,106781,108085,108159,107225,107289,108159,108175,0,0
varp.k26.scheduler-event.v1,analytical-model,S3,skew,23,450,0,3,1,450,107823,107373,108159,108199,107823,107855,108199,108207,2,0
varp.k26.scheduler-event.v1,analytical-model,S3,skew,23,379,0,0,0,379,107859,107480,108199,108749,107859,108371,108749,108877,3,0
varp.k26.scheduler-event.v1,analytical-model,S3,skew,23,417,0,2,1,417,108149,107732,108749,109023,108149,108405,109023,109087,1,0
varp.k26.scheduler-event.v1,analytical-model,S3,skew,23,448,0,1,1,448,108175,107727,109023,109099,108175,108239,109099,109115,0,0
varp.k26.scheduler-event.v1,analytical-model,S3,skew,23,440,0,3,1,440,108207,107767,109099,109241,108239,108367,109241,109273,0,0
varp.k26.scheduler-event.v1,analytical-model,S3,skew,23,381,0,0,0,381,108877,108496,109241,109791,108877,109389,109791,109919,1,0
varp.k26.scheduler-event.v1,analytical-model,S3,skew,23,425,0,2,1,425,109087,108662,109791,110069,109389,109645,110069,110133,1,0
varp.k26.scheduler-event.v1,analytical-model,S3,skew,23,445,0,1,1,445,109115,108670,110069,110217,109645,109773,110217,110249,1,0
varp.k26.scheduler-event.v1,analytical-model,S3,skew,23,386,0,3,1,386,109273,108887,110217,110767,109273,109785,110767,110895,2,0
varp.k26.scheduler-event.v1,analytical-model,S3,skew,23,387,0,0,0,387,109919,109532,110767,111833,109919,110943,111833,112089,3,0
varp.k26.scheduler-event.v1,analytical-model,S3,skew,23,428,0,2,1,428,110133,109705,111833,112107,110133,110389,112107,112171,0,0
varp.k26.scheduler-event.v1,analytical-model,S3,skew,23,429,0,1,1,429,110249,109820,112107,112385,110249,110505,112385,112449,1,0
varp.k26.scheduler-event.v1,analytical-model,S3,skew,23,449,0,3,1,449,110895,110446,112385,112527,110895,111023,112527,112559,1,0
varp.k26.scheduler-event.v1,analytical-model,S3,skew,23,391,0,0,0,391,112089,111698,112527,113077,112089,112601,113077,113205,3,0
varp.k26.scheduler-event.v1,analytical-model,S3,skew,23,464,0,2,1,464,112171,111707,113077,113117,112171,112203,113117,113125,0,0
varp.k26.scheduler-event.v1,analytical-model,S3,skew,23,431,0,1,1,431,112449,112018,113117,113391,112601,112857,113391,113455,3,0
varp.k26.scheduler-event.v1,analytical-model,S3,skew,23,461,0,3,1,461,112559,112098,113391,113465,112559,112623,113465,113481,1,0
varp.k26.scheduler-event.v1,analytical-model,S3,skew,23,454,0,2,1,454,113125,112671,113465,113607,113125,113253,113607,113639,2,0
varp.k26.scheduler-event.v1,analytical-model,S3,skew,23,394,0,0,0,394,113205,112811,113607,114673,113253,114277,114673,114929,2,0
varp.k26.scheduler-event.v1,analytical-model,S3,skew,23,435,0,1,1,435,113455,113020,114673,114951,113455,113711,114951,115015,3,0
varp.k26.scheduler-event.v1,analytical-model,S3,skew,23,470,0,3,1,470,113481,113011,114951,114991,114277,114309,114991,114999,2,0
varp.k26.scheduler-event.v1,analytical-model,S3,skew,23,436,0,2,1,436,113639,113203,114991,115269,113639,113895,115269,115333,0,0
varp.k26.scheduler-event.v1,analytical-model,S3,skew,23,401,0,0,0,401,114929,114528,115269,115819,114929,115441,115819,115947,1,0
varp.k26.scheduler-event.v1,analytical-model,S3,skew,23,437,0,3,1,437,114999,114562,115819,116111,115441,115697,116111,116175,1,0
varp.k26.scheduler-event.v1,analytical-model,S3,skew,23,459,0,1,1,459,115015,114556,116111,116259,115015,115143,116259,116291,3,0
varp.k26.scheduler-event.v1,analytical-model,S3,skew,23,471,0,2,1,471,115333,114862,116259,116335,115333,115397,116335,116351,3,0
varp.k26.scheduler-event.v1,analytical-model,S3,skew,23,403,0,0,0,403,115947,115544,116335,116885,115947,116459,116885,117013,3,0
varp.k26.scheduler-event.v1,analytical-model,S3,skew,23,472,0,3,1,472,116175,115703,116885,116959,116175,116239,116959,116975,0,0
varp.k26.scheduler-event.v1,analytical-model,S3,skew,23,465,0,1,1,465,116291,115826,116959,117101,116291,116419,117101,117133,1,0
varp.k26.scheduler-event.v1,analytical-model,S3,skew,23,446,0,2,1,446,116351,115905,117101,117379,116351,116607,117379,117443,2,0
varp.k26.scheduler-event.v1,analytical-model,S3,skew,23,447,0,3,1,447,116975,116528,117379,117657,116975,117231,117657,117721,3,0
varp.k26.scheduler-event.v1,analytical-model,S3,skew,23,412,0,0,0,412,117013,116601,117657,118207,117013,117525,118207,118335,0,0
varp.k26.scheduler-event.v1,analytical-model,S3,skew,23,469,0,1,1,469,117133,116664,118207,118349,117133,117261,118349,118381,1,0
varp.k26.scheduler-event.v1,analytical-model,S3,skew,23,480,0,2,1,480,117443,116963,118349,118423,117525,117589,118423,118439,0,0
varp.k26.scheduler-event.v1,analytical-model,S3,skew,23,451,0,3,1,451,117721,117270,118423,118715,117721,117977,118715,118779,3,0
varp.k26.scheduler-event.v1,analytical-model,S3,skew,23,416,0,0,0,416,118335,117919,118715,119265,118335,118847,119265,119393,0,0
varp.k26.scheduler-event.v1,analytical-model,S3,skew,23,482,0,1,1,482,118381,117899,119265,119341,118381,118445,119341,119357,2,0
varp.k26.scheduler-event.v1,analytical-model,S3,skew,23,456,0,2,1,456,118439,117983,119341,119633,118847,119103,119633,119697,0,0
varp.k26.scheduler-event.v1,analytical-model,S3,skew,23,476,0,3,1,476,118779,118303,119633,119775,119103,119231,119775,119807,0,0
varp.k26.scheduler-event.v1,analytical-model,S3,skew,23,457,0,1,1,457,119357,118900,119775,120067,119357,119613,120067,120131,1,0
varp.k26.scheduler-event.v1,analytical-model,S3,skew,23,422,0,0,0,422,119393,118971,120067,120617,119393,119905,120617,120745,2,0
varp.k26.scheduler-event.v1,analytical-model,S3,skew,23,458,0,2,1,458,119697,119239,120617,120891,119905,120161,120891,120955,2,0
varp.k26.scheduler-event.v1,analytical-model,S3,skew,23,479,0,3,1,479,119807,119328,120891,121033,119807,119935,121033,121065,3,0
varp.k26.scheduler-event.v1,analytical-model,S3,skew,23,489,0,1,1,489,120131,119642,121033,121107,120131,120195,121107,121123,1,0
varp.k26.scheduler-event.v1,analytical-model,S3,skew,23,426,0,0,0,426,120745,120319,121107,121645,120745,121257,121645,121773,2,0
varp.k26.scheduler-event.v1,analytical-model,S3,skew,23,494,0,2,1,494,120955,120461,121645,121685,121257,121289,121685,121693,2,0
varp.k26.scheduler-event.v1,analytical-model,S3,skew,23,460,0,3,1,460,121065,120605,121685,121963,121065,121321,121963,122027,0,0
varp.k26.scheduler-event.v1,analytical-model,S3,skew,23,496,0,1,1,496,121123,120627,121963,122037,121321,121385,122037,122053,0,0
varp.k26.scheduler-event.v1,analytical-model,S3,skew,23,467,0,2,1,467,121693,121226,122037,122311,121693,121949,122311,122375,3,0
varp.k26.scheduler-event.v1,analytical-model,S3,skew,23,443,0,0,0,443,121773,121330,122311,122861,121949,122461,122861,122989,3,0
varp.k26.scheduler-event.v1,analytical-model,S3,skew,23,488,0,3,1,488,122027,121539,122861,123009,122027,122155,123009,123041,0,0
varp.k26.scheduler-event.v1,analytical-model,S3,skew,23,503,0,1,1,503,122053,121550,123009,123049,122461,122493,123049,123057,3,0
varp.k26.scheduler-event.v1,analytical-model,S3,skew,23,505,0,2,1,505,122375,121870,123049,123089,122375,122407,123089,123097,1,0
varp.k26.scheduler-event.v1,analytical-model,S3,skew,23,462,0,0,0,462,122989,122527,123089,123627,122989,123501,123627,123755,2,0
varp.k26.scheduler-event.v1,analytical-model,S3,skew,23,493,0,3,1,493,123041,122548,123627,123775,123041,123169,123775,123807,1,0
varp.k26.scheduler-event.v1,analytical-model,S3,skew,23,495,0,1,1,495,123057,122562,123775,123917,123057,123185,123917,123949,3,0
varp.k26.scheduler-event.v1,analytical-model,S3,skew,23,477,0,2,1,477,123097,122620,123917,124209,123169,123425,124209,124273,1,0
varp.k26.scheduler-event.v1,analytical-model,S3,skew,23,466,0,0,0,466,123755,123289,124209,125275,123755,124779,125275,125531,2,0
varp.k26.scheduler-event.v1,analytical-model,S3,skew,23,507,0,3,1,507,123807,123300,125275,125349,123807,123871,125349,125365,3,0
varp.k26.scheduler-event.v1,analytical-model,S3,skew,23,509,0,1,1,509,123949,123440,125349,125423,123949,124013,125423,125439,1,0
varp.k26.scheduler-event.v1,analytical-model,S3,skew,23,510,0,2,1,510,124273,123763,125423,125497,124779,124843,125497,125513,2,0
varp.k26.scheduler-event.v1,analytical-model,S3,skew,23,481,0,3,1,481,125365,124884,125497,125789,125365,125621,125789,125853,1,0
varp.k26.scheduler-event.v1,analytical-model,S3,skew,23,517,0,1,1,517,125439,124922,125789,125829,125621,125653,125829,125837,1,0
varp.k26.scheduler-event.v1,analytical-model,S3,skew,23,483,0,2,1,483,125513,125030,125829,126103,125513,125769,126103,126167,3,0
varp.k26.scheduler-event.v1,analytical-model,S3,skew,23,487,0,0,0,487,125531,125044,126103,126641,125769,126281,126641,126769,3,0
varp.k26.scheduler-event.v1,analytical-model,S3,skew,23,518,0,1,1,518,125837,125319,126641,126717,125837,125901,126717,126733,2,0
varp.k26.scheduler-event.v1,analytical-model,S3,skew,23,490,0,3,1,490,125853,125363,126717,127009,125901,126157,127009,127073,2,0
varp.k26.scheduler-event.v1,analytical-model,S3,skew,23,525,0,2,1,525,126167,125642,127009,127049,126167,126199,127049,127057,1,0
varp.k26.scheduler-event.v1,analytical-model,S3,skew,23,492,0,1,1,492,126733,126241,127049,127341,126733,126989,127341,127405,0,0
varp.k26.scheduler-event.v1,analytical-model,S3,skew,23,498,0,0,0,498,126769,126271,127341,127879,126769,127281,127879,128007,2,0
varp.k26.scheduler-event.v1,analytical-model,S3,skew,23,512,0,2,1,512,127057,126545,127879,128021,127057,127185,128021,128053,0,0
varp.k26.scheduler-event.v1,analytical-model,S3,skew,23,527,0,3,1,527,127073,126546,128021,128097,127073,127137,128097,128113,3,0
varp.k26.scheduler-event.v1,analytical-model,S3,skew,23,533,0,1,1,533,127405,126872,128097,128137,127405,127437,128137,128145,1,0
varp.k26.scheduler-event.v1,analytical-model,S3,skew,23,501,0,0,0,501,128007,127506,128137,128687,128007,128519,128687,128815,1,0
varp.k26.scheduler-event.v1,analytical-model,S3,skew,23,520,0,2,1,520,128053,127533,128687,128829,128053,128181,128829,128861,0,0
varp.k26.scheduler-event.v1,analytical-model,S3,skew,23,504,0,3,1,504,128113,127609,128829,129103,128181,128437,129103,129167,0,0
varp.k26.scheduler-event.v1,analytical-model,S3,skew,23,524,0,1,1,524,128145,127621,129103,129245,128437,128565,129245,129277,0,0
varp.k26.scheduler-event.v1,analytical-model,S3,skew,23,502,0,0,0,502,128815,128313,129245,129795,128815,129327,129795,129923,2,0
varp.k26.scheduler-event.v1,analytical-model,S3,skew,23,535,0,2,1,535,128861,128326,129795,129871,128861,128925,129871,129887,3,0
varp.k26.scheduler-event.v1,analytical-model,S3,skew,23,508,0,3,1,508,129167,128659,129871,130145,129167,129423,130145,130209,0,0
varp.k26.scheduler-event.v1,analytical-model,S3,skew,23,538,0,1,1,538,129277,128739,130145,130219,129327,129391,130219,130235,2,0
varp.k26.scheduler-event.v1,analytical-model,S3,skew,23,511,0,2,1,511,129887,129376,130219,130511,129887,130143,130511,130575,3,0
varp.k26.scheduler-event.v1,analytical-model,S3,skew,23,513,0,0,0,513,129923,129410,130511,131061,129923,130435,131061,131189,1,0
varp.k26.scheduler-event.v1,analytical-model,S3,skew,23,532,0,3,1,532,130209,129677,131061,131203,130209,130337,131203,131235,0,0
varp.k26.scheduler-event.v1,analytical-model,S3,skew,23,514,0,1,1,514,130235,129721,131203,131495,130235,130491,131495,131559,2,0
varp.k26.scheduler-event.v1,analytical-model,S3,skew,23,534,0,2,1,534,130575,130041,131495,131637,130575,130703,131637,131669,2,0
varp.k26.scheduler-event.v1,analytical-model,S3,skew,23,515,0,0,0,515,131189,130674,131637,132175,131189,131701,132175,132303,3,0
varp.k26.scheduler-event.v1,analytical-model,S3,skew,23,553,0,3,1,553,131235,130682,132175,132215,131235,131267,132215,132223,1,0
varp.k26.scheduler-event.v1,analytical-model,S3,skew,23,550,0,1,1,550,131559,131009,132215,132289,131559,131623,132289,132305,2,0
varp.k26.scheduler-event.v1,analytical-model,S3,skew,23,521,0,2,1,521,131669,131148,132289,132563,131669,131925,132563,132627,1,0
varp.k26.scheduler-event.v1,analytical-model,S3,skew,23,522,0,3,1,522,132223,131701,132563,132841,132223,132479,132841,132905,2,0
varp.k26.scheduler-event.v1,analytical-model,S3,skew,23,526,0,0,0,526,132303,131777,132841,133907,132479,133503,133907,134163,2,0
varp.k26.scheduler-event.v1,analytical-model,S3,skew,23,557,0,1,1,557,132305,131748,133907,133947,132305,132337,133947,133955,1,0
varp.k26.scheduler-event.v1,analytical-model,S3,skew,23,529,0,2,1,529,132627,132098,133947,134239,132627,132883,134239,134303,1,0
varp.k26.scheduler-event.v1,analytical-model,S3,skew,23,530,0,3,1,530,132905,132375,134239,134517,133503,133759,134517,134581,2,0
varp.k26.scheduler-event.v1,analytical-model,S3,skew,23,552,0,1,1,552,133955,133403,134517,134665,133955,134083,134665,134697,0,0
varp.k26.scheduler-event.v1,analytical-model,S3,skew,23,528,0,0,0,528,134163,133635,134665,135203,134163,134675,135203,135331,0,0
varp.k26.scheduler-event.v1,analytical-model,S3,skew,23,536,0,2,1,536,134303,133767,135203,135495,134675,134931,135495,135559,0,0
varp.k26.scheduler-event.v1,analytical-model,S3,skew,23,556,0,3,1,556,134581,134025,135495,135637,134931,135059,135637,135669,0,0
varp.k26.scheduler-event.v1,analytical-model,S3,skew,23,537,0,1,1,537,134697,134160,135637,135911,134697,134953,135911,135975,1,0
varp.k26.scheduler-event.v1,analytical-model,S3,skew,23,531,0,0,0,531,135331,134800,135911,136449,135331,135843,136449,136577,3,0
varp.k26.scheduler-event.v1,analytical-model,S3,skew,23,539,0,2,1,539,135559,135020,136449,136727,135843,136099,136727,136791,3,0
varp.k26.scheduler-event.v1,analytical-model,S3,skew,23,560,0,3,1,560,135669,135109,136727,136869,135669,135797,136869,136901,0,0
varp.k26.scheduler-event.v1,analytical-model,S3,skew,23,579,0,1,1,579,135975,135396,136869,136909,136099,136131,136909,136917,3,0
varp.k26.scheduler-event.v1,analytical-model,S3,skew,23,541,0,0,0,541,136577,136036,136909,137459,136577,137089,137459,137587,1,0
varp.k26.scheduler-event.v1,analytical-model,S3,skew,23,546,0,2,1,546,136791,136245,137459,137733,136791,137047,137733,137797,2,0
varp.k26.scheduler-event.v1,analytical-model,S3,skew,23,547,0,3,1,547,136901,136354,137733,138007,136901,137157,138007,138071,3,0
varp.k26.scheduler-event.v1,analytical-model,S3,skew,23,548,0,1,1,548,136917,136369,138007,138299,136917,137173,138299,138363,0,0
varp.k26.scheduler-event.v1,analytical-model,S3,skew,23,543,0,0,0,543,137587,137044,138299,138849,137587,138099,138849,138977,3,0
varp.k26.scheduler-event.v1,analytical-model,S3,skew,23,569,0,2,1,569,137797,137228,138849,138991,137797,137925,138991,139023,1,0
varp.k26.scheduler-event.v1,analytical-model,S3,skew,23,551,0,3,1,551,138071,137520,138991,139265,138099,138355,139265,139329,3,0
varp.k26.scheduler-event.v1,analytical-model,S3,skew,23,592,0,1,1,592,138363,137771,139265,139305,138363,138395,139305,139313,0,0
varp.k26.scheduler-event.v1,analytical-model,S3,skew,23,544,0,0,0,544,138977,138433,139305,139855,138977,139489,139855,139983,0,0
varp.k26.scheduler-event.v1,analytical-model,S3,skew,23,593,0,2,1,593,139023,138430,139855,139895,139023,139055,139895,139903,1,0
varp.k26.scheduler-event.v1,analytical-model,S3,skew,23,589,0,1,1,589,139313,138724,139895,139969,139313,139377,139969,139985,1,0
varp.k26.scheduler-event.v1,analytical-model,S3,skew,23,595,0,3,1,595,139329,138734,139969,140009,139329,139361,140009,140017,3,0
varp.k26.scheduler-event.v1,analytical-model,S3,skew,23,583,0,2,1,583,139903,139320,140009,140157,139903,140031,140157,140189,3,0
varp.k26.scheduler-event.v1,analytical-model,S3,skew,23,545,0,0,0,545,139983,139438,140157,141223,139983,141007,141223,141479,1,0
varp.k26.scheduler-event.v1,analytical-model,S3,skew,23,585,0,1,1,585,139985,139400,141223,141365,141007,141135,141365,141397,1,0
varp.k26.scheduler-event.v1,analytical-model,S3,skew,23,566,0,3,1,566,140017,139451,141365,141639,140017,140273,141639,141703,2,0
varp.k26.scheduler-event.v1,analytical-model,S3,skew,23,587,0,2,1,587,140189,139602,141639,141787,140189,140317,141787,141819,3,0
varp.k26.scheduler-event.v1,analytical-model,S3,skew,23,568,0,1,1,568,141397,140829,141787,142061,141397,141653,142061,142125,0,0
varp.k26.scheduler-event.v1,analytical-model,S3,skew,23,554,0,0,0,554,141479,140925,142061,143127,141479,142503,143127,143383,2,0
varp.k26.scheduler-event.v1,analytical-model,S3,skew,23,591,0,3,1,591,141703,141112,143127,143269,141703,141831,143269,143301,3,0
varp.k26.scheduler-event.v1,analytical-model,S3,skew,23,602,0,2,1,602,141819,141217,143269,143345,142503,142567,143345,143361,2,0
varp.k26.scheduler-event.v1,analytical-model,S3,skew,23,573,0,1,1,573,142125,141552,143345,143637,142125,142381,143637,143701,1,0
varp.k26.scheduler-event.v1,analytical-model,S3,skew,23,575,0,3,1,575,143301,142726,143637,143929,143301,143557,143929,143993,3,0
varp.k26.scheduler-event.v1,analytical-model,S3,skew,23,610,0,2,1,610,143361,142751,143929,143969,143361,143393,143969,143977,2,0
varp.k26.scheduler-event.v1,analytical-model,S3,skew,23,555,0,0,0,555,143383,142828,143969,144507,143557,144069,144507,144635,3,0
varp.k26.scheduler-event.v1,analytical-model,S3,skew,23,596,0,1,1,596,143701,143105,144507,144649,143701,143829,144649,144681,0,0
varp.k26.scheduler-event.v1,analytical-model,S3,skew,23,612,0,2,1,612,143977,143365,144649,144689,143977,144009,144689,144697,0,0
varp.k26.scheduler-event.v1,analytical-model,S3,skew,23,581,0,3,1,581,143993,143412,144689,144963,143993,144249,144963,145027,1,0
varp.k26.scheduler-event.v1,analytical-model,S3,skew,23,558,0,0,0,558,144635,144077,144963,146029,144635,145659,146029,146285,2,0
varp.k26.scheduler-event.v1,analytical-model,S3,skew,23,611,0,1,1,611,144681,144070,146029,146103,144681,144745,146103,146119,3,0
varp.k26.scheduler-event.v1,analytical-model,S3,skew,23,608,0,2,1,608,144697,144089,146103,146251,144697,144825,146251,146283,0,0
varp.k26.scheduler-event.v1,analytical-model,S3,skew,23,618,0,3,1,618,145027,144409,146251,146327,145659,145723,146327,146343,2,0
varp.k26.scheduler-event.v1,analytical-model,S3,skew,23,623,0,1,1,623,146119,145496,146327,146367,146119,146151,146367,146375,3,0
varp.k26.scheduler-event.v1,analytical-model,S3,skew,23,624,0,2,1,624,146283,145659,146367,146407,146283,146315,146407,146415,0,0
varp.k26.scheduler-event.v1,analytical-model,S3,skew,23,559,0,0,0,559,146285,145726,146407,146957,146285,146797,146957,147085,3,0
varp.k26.scheduler-event.v1,analytical-model,S3,skew,23,620,0,3,1,620,146343,145723,146957,147033,146343,146407,147033,147049,0,0
varp.k26.scheduler-event.v1,analytical-model,S3,skew,23,613,0,1,1,613,146375,145762,147033,147181,146375,146503,147181,147213,1,0
varp.k26.scheduler-event.v1,analytical-model,S3,skew,23,598,0,2,1,598,146415,145817,147181,147459,146415,146671,147459,147523,2,0
varp.k26.scheduler-event.v1,analytical-model,S3,skew,23,599,0,3,1,599,147049,146450,147459,147751,147049,147305,147751,147815,3,0
varp.k26.scheduler-event.v1,analytical-model,S3,skew,23,576,0,0,0,576,147085,146509,147751,148817,147085,148109,148817,149073,0,0
varp.k26.scheduler-event.v1,analytical-model,S3,skew,23,630,0,1,1,630,147213,146583,148817,148893,147213,147277,148893,148909,2,0
varp.k26.scheduler-event.v1,analytical-model,S3,skew,23,632,0,2,1,632,147523,146891,148893,148969,148109,148173,148969,148985,0,0
varp.k26.scheduler-event.v1,analytical-model,S3,skew,23,637,0,3,1,637,147815,147178,148969,149009,147815,147847,149009,149017,1,0
varp.k26.scheduler-event.v1,analytical-model,S3,skew,23,627,0,1,1,627,148909,148282,149009,149151,148909,149037,149151,149183,3,0
varp.k26.scheduler-event.v1,analytical-model,S3,skew,23,628,0,2,1,628,148985,148357,149151,149299,148985,149113,149299,149331,0,0
varp.k26.scheduler-event.v1,analytical-model,S3,skew,23,641,0,3,1,641,149017,148376,149299,149373,149017,149081,149373,149389,1,0
varp.k26.scheduler-event.v1,analytical-model,S3,skew,23,577,0,0,0,577,149073,148496,149373,149911,149081,149593,149911,150039,1,0
varp.k26.scheduler-event.v1,analytical-model,S3,skew,23,646,0,1,1,646,149183,148537,149911,149951,149183,149215,149951,149959,2,0
varp.k26.scheduler-event.v1,analytical-model,S3,skew,23,633,0,2,1,633,149331,148698,149951,150093,149593,149721,150093,150125,1,0
varp.k26.scheduler-event.v1,analytical-model,S3,skew,23,615,0,3,1,615,149389,148774,150093,150367,149389,149645,150367,150431,3,0
varp.k26.scheduler-event.v1,analytical-model,S3,skew,23,638,0,1,1,638,149959,149321,150367,150509,149959,150087,150509,150541,2,0
varp.k26.scheduler-event.v1,analytical-model,S3,skew,23,586,0,0,0,586,150039,149453,150509,151047,150087,150599,151047,151175,2,0
varp.k26.scheduler-event.v1,analytical-model,S3,skew,23,653,0,2,1,653,150125,149472,151047,151087,150125,150157,151087,151095,1,0
varp.k26.scheduler-event.v1,analytical-model,S3,skew,23,619,0,3,1,619,150431,149812,151087,151379,150431,150687,151379,151443,3,0
varp.k26.scheduler-event.v1,analytical-model,S3,skew,23,656,0,1,1,656,150541,149885,151379,151419,150541,150573,151419,151427,0,0
varp.k26.scheduler-event.v1,analytical-model,S3,skew,23,622,0,2,1,622,151095,150473,151419,151697,151095,151351,151697,151761,2,0
varp.k26.scheduler-event.v1,analytical-model,S3,skew,23,590,0,0,0,590,151175,150585,151697,152247,151351,151863,152247,152375,2,0
varp.k26.scheduler-event.v1,analytical-model,S3,skew,23,645,0,1,1,645,151427,150782,152247,152395,151427,151555,152395,152427,1,0
varp.k26.scheduler-event.v1,analytical-model,S3,skew,23,629,0,3,1,629,151443,150814,152395,152687,151555,151811,152687,152751,1,0
varp.k26.scheduler-event.v1,analytical-model,S3,skew,23,631,0,2,1,631,151761,151130,152687,152965,151761,152017,152965,153029,3,0
varp.k26.scheduler-event.v1,analytical-model,S3,skew,23,597,0,0,0,597,152375,151778,152965,154031,152375,153399,154031,154287,1,0
varp.k26.scheduler-event.v1,analytical-model,S3,skew,23,654,0,1,1,654,152427,151773,154031,154173,152427,152555,154173,154205,2,0
varp.k26.scheduler-event.v1,analytical-model,S3,skew,23,664,0,3,1,664,152751,152087,154173,154247,152751,152815,154247,154263,0,0
varp.k26.scheduler-event.v1,analytical-model,S3,skew,23,635,0,2,1,635,153029,152394,154247,154525,153029,153285,154525,154589,3,0
varp.k26.scheduler-event.v1,analytical-model,S3,skew,23,655,0,1,1,655,154205,153550,154525,154673,154205,154333,154673,154705,3,0
varp.k26.scheduler-event.v1,analytical-model,S3,skew,23,658,0,3,1,658,154263,153605,154673,154815,154263,154391,154815,154847,2,0
varp.k26.scheduler-event.v1,analytical-model,S3,skew,23,600,0,0,0,600,154287,153687,154815,155881,154287,155311,155881,156137,0,0
varp.k26.scheduler-event.v1,analytical-model,S3,skew,23,640,0,2,1,640,154589,153949,155881,156173,155311,155567,156173,156237,0,0
varp.k26.scheduler-event.v1,analytical-model,S3,skew,23,662,0,1,1,662,154705,154043,156173,156315,154705,154833,156315,156347,2,0
varp.k26.scheduler-event.v1,analytical-model,S3,skew,23,644,0,3,1,644,154847,154203,156315,156607,155567,155823,156607,156671,0,0
varp.k26.scheduler-event.v1,analytical-model,S3,skew,23,601,0,0,0,601,156137,155536,156607,157673,156137,157161,157673,157929,1,0
varp.k26.scheduler-event.v1,analytical-model,S3,skew,23,682,0,2,1,682,156237,155555,157673,157713,156237,156269,157713,157721,2,0
varp.k26.scheduler-event.v1,analytical-model,S3,skew,23,649,0,1,1,649,156347,155698,157713,157987,157161,157417,157987,158051,1,0
varp.k26.scheduler-event.v1,analytical-model,S3,skew,23,669,0,3,1,669,156671,156002,157987,158129,157417,157545,158129,158161,1,0
varp.k26.scheduler-event.v1,analytical-model,S3,skew,23,679,0,2,1,679,157721,157042,158129,158203,157721,157785,158203,158219,3,0
varp.k26.scheduler-event.v1,analytical-model,S3,skew,23,605,0,0,0,605,157929,157324,158203,159269,157929,158953,159269,159525,1,0
varp.k26.scheduler-event.v1,analytical-model,S3,skew,23,652,0,1,1,652,158051,157399,159269,159561,158051,158307,159561,159625,0,0
varp.k26.scheduler-event.v1,analytical-model,S3,skew,23,672,0,3,1,672,158161,157489,159561,159703,158307,158435,159703,159735,0,0
varp.k26.scheduler-event.v1,analytical-model,S3,skew,23,673,0,2,1,673,158219,157546,159703,159851,158953,159081,159851,159883,1,0
varp.k26.scheduler-event.v1,analytical-model,S3,skew,23,614,0,0,0,614,159525,158911,159851,160401,159525,160037,160401,160529,2,0
varp.k26.scheduler-event.v1,analytical-model,S3,skew,23,685,0,1,1,685,159625,158940,160401,160475,159625,159689,160475,160491,1,0
varp.k26.scheduler-event.v1,analytical-model,S3,skew,23,616,0,3,1,616,159735,159119,160475,161013,159735,160247,161013,161141,0,0
varp.k26.scheduler-event.v1,analytical-model,S3,skew,23,657,0,2,1,657,159883,159226,161013,161287,159883,160139,161287,161351,1,0
varp.k26.scheduler-event.v1,analytical-model,S3,skew,23,659,0,1,1,659,160491,159832,161287,161561,160491,160747,161561,161625,3,0
varp.k26.scheduler-event.v1,analytical-model,S3,skew,23,626,0,0,0,626,160529,159903,161561,162627,160529,161553,162627,162883,2,0
varp.k26.scheduler-event.v1,analytical-model,S3,skew,23,660,0,3,1,660,161141,160481,162627,162905,161141,161397,162905,162969,0,0
varp.k26.scheduler-event.v1,analytical-model,S3,skew,23,693,0,2,1,693,161351,160658,162905,162981,161351,161415,162981,162997,1,0
varp.k26.scheduler-event.v1,analytical-model,S3,skew,23,699,0,1,1,699,161625,160926,162981,163021,161625,161657,163021,163029,3,0
varp.k26.scheduler-event.v1,analytical-model,S3,skew,23,634,0,0,0,634,162883,162249,163021,163571,162883,163395,163571,163699,2,0
varp.k26.scheduler-event.v1,analytical-model,S3,skew,23,690,0,3,1,690,162969,162279,163571,163713,163395,163523,163713,163745,2,0
varp.k26.scheduler-event.v1,analytical-model,S3,skew,23,671,0,2,1,671,162997,162326,163713,163987,162997,163253,163987,164051,3,0
varp.k26.scheduler-event.v1,analytical-model,S3,skew,23,691,0,1,1,691,163029,162338,163987,164135,163253,163381,164135,164167,3,0
varp.k26.scheduler-event.v1,analytical-model,S3,skew,23,642,0,0,0,642,163699,163057,164135,164685,163699,164211,164685,164813,2,0
varp.k26.scheduler-event.v1,analytical-model,S3,skew,23,674,0,3,1,674,163745,163071,164685,164977,164211,164467,164977,165041,2,0
varp.k26.scheduler-event.v1,analytical-model,S3,skew,23,695,0,2,1,695,164051,163356,164977,165125,164051,164179,165125,165157,3,0
varp.k26.scheduler-event.v1,analytical-model,S3,skew,23,676,0,1,1,676,164167,163491,165125,165417,164167,164423,165417,165481,0,0
varp.k26.scheduler-event.v1,analytical-model,S3,skew,23,643,0,0,0,643,164813,164170,165417,165955,164813,165325,165955,166083,3,0
varp.k26.scheduler-event.v1,analytical-model,S3,skew,23,696,0,3,1,696,165041,164345,165955,166097,165041,165169,166097,166129,0,0
varp.k26.scheduler-event.v1,analytical-model,S3,skew,23,677,0,2,1,677,165157,164480,166097,166389,165157,165413,166389,166453,1,0
varp.k26.scheduler-event.v1,analytical-model,S3,skew,23,678,0,1,1,678,165481,164803,166389,166681,165481,165737,166681,166745,2,0
varp.k26.scheduler-event.v1,analytical-model,S3,skew,23,648,0,0,0,648,166083,165435,166681,167231,166083,166595,167231,167359,0,0
varp.k26.scheduler-event.v1,analytical-model,S3,skew,23,711,0,3,1,711,166129,165418,167231,167305,166129,166193,167305,167321,3,0
varp.k26.scheduler-event.v1,analytical-model,S3,skew,23,716,0,2,1,716,166453,165737,167305,167345,166595,166627,167345,167353,0,0
varp.k26.scheduler-event.v1,analytical-model,S3,skew,23,713,0,1,1,713,166745,166032,167345,167419,166745,166809,167419,167435,1,0
varp.k26.scheduler-event.v1,analytical-model,S3,skew,23,694,0,3,1,694,167321,166627,167419,167693,167321,167577,167693,167757,2,0
varp.k26.scheduler-event.v1,analytical-model,S3,skew,23,714,0,2,1,714,167353,166639,167693,167835,167577,167705,167835,167867,2,0
varp.k26.scheduler-event.v1,analytical-model,S3,skew,23,650,0,0,0,650,167359,166709,167835,168901,167705,168729,168901,169157,2,0
varp.k26.scheduler-event.v1,analytical-model,S3,skew,23,717,0,1,1,717,167435,166718,168901,169049,167435,167563,169049,169081,1,0
varp.k26.scheduler-event.v1,analytical-model,S3,skew,23,727,0,3,1,727,167757,167030,169049,169125,167757,167821,169125,169141,3,0
varp.k26.scheduler-event.v1,analytical-model,S3,skew,23,700,0,2,1,700,167867,167167,169125,169399,167867,168123,169399,169463,0,0
varp.k26.scheduler-event.v1,analytical-model,S3,skew,23,720,0,1,1,720,169081,168361,169399,169541,169081,169209,169541,169573,0,0
varp.k26.scheduler-event.v1,analytical-model,S3,skew,23,661,0,3,1,661,169141,168480,169541,170079,169141,169653,170079,170207,1,0
varp.k26.scheduler-event.v1,analytical-model,S3,skew,23,666,0,0,0,666,169157,168491,170079,171145,169157,170181,171145,171401,2,0
varp.k26.scheduler-event.v1,analytical-model,S3,skew,23,701,0,2,1,701,169463,168762,171145,171419,169653,169909,171419,171483,1,0
varp.k26.scheduler-event.v1,analytical-model,S3,skew,23,704,0,1,1,704,169573,168869,171419,171711,169573,169829,171711,171775,0,0
varp.k26.scheduler-event.v1,analytical-model,S3,skew,23,724,0,3,1,724,170207,169483,171711,171853,170207,170335,171853,171885,0,0
varp.k26.scheduler-event.v1,analytical-model,S3,skew,23,667,0,0,0,667,171401,170734,171853,172919,171401,172425,172919,173175,3,0
varp.k26.scheduler-event.v1,analytical-model,S3,skew,23,739,0,2,1,739,171483,170744,172919,172959,172425,172457,172959,172967,3,0
varp.k26.scheduler-event.v1,analytical-model,S3,skew,23,706,0,1,1,706,171775,171069,172959,173251,171775,172031,173251,173315,2,0
varp.k26.scheduler-event.v1,analytical-model,S3,skew,23,726,0,3,1,726,171885,171159,173251,173393,172031,172159,173393,173425,2,0
varp.k26.scheduler-event.v1,analytical-model,S3,skew,23,742,0,2,1,742,172967,172225,173393,173433,172967,172999,173433,173441,2,0
varp.k26.scheduler-event.v1,analytical-model,S3,skew,23,675,0,0,0,675,173175,172500,173433,173971,173175,173687,173971,174099,3,0
varp.k26.scheduler-event.v1,analytical-model,S3,skew,23,708,0,1,1,708,173315,172607,173971,174249,173315,173571,174249,174313,0,0
varp.k26.scheduler-event.v1,analytical-model,S3,skew,23,738,0,3,1,738,173425,172687,174249,174325,173425,173489,174325,174341,2,0
varp.k26.scheduler-event.v1,analytical-model,S3,skew,23,709,0,2,1,709,173441,172732,174325,174603,173441,173697,174603,174667,1,0
varp.k26.scheduler-event.v1,analytical-model,S3,skew,23,681,0,0,0,681,174099,173418,174603,175153,174099,174611,175153,175281,1,0
varp.k26.scheduler-event.v1,analytical-model,S3,skew,23,744,0,1,1,744,174313,173569,175153,175193,174313,174345,175193,175201,0,0
varp.k26.scheduler-event.v1,analytical-model,S3,skew,23,735,0,3,1,735,174341,173606,175193,175341,174341,174469,175341,175373,3,0
varp.k26.scheduler-event.v1,analytical-model,S3,skew,23,740,0,2,1,740,174667,173927,175341,175489,174667,174795,175489,175521,0,0
varp.k26.scheduler-event.v1,analytical-model,S3,skew,23,721,0,1,1,721,175201,174480,175489,175781,175201,175457,175781,175845,1,0
varp.k26.scheduler-event.v1,analytical-model,S3,skew,23,687,0,0,0,687,175281,174594,175781,176319,175281,175793,176319,176447,3,0
varp.k26.scheduler-event.v1,analytical-model,S3,skew,23,723,0,3,1,723,175373,174650,176319,176611,175793,176049,176611,176675,3,0
varp.k26.scheduler-event.v1,analytical-model,S3,skew,23,688,0,2,1,688,175521,174833,176611,177161,175521,176033,177161,177289,0,0
varp.k26.scheduler-event.v1,analytical-model,S3,skew,23,729,0,1,1,729,175845,175116,177161,177435,175845,176101,177435,177499,1,0
varp.k26.scheduler-event.v1,analytical-model,S3,skew,23,692,0,0,0,692,176447,175755,177435,178501,176447,177471,178501,178757,0,0
varp.k26.scheduler-event.v1,analytical-model,S3,skew,23,759,0,3,1,759,176675,175916,178501,178575,176675,176739,178575,178591,3,0
varp.k26.scheduler-event.v1,analytical-model,S3,skew,23,730,0,2,1,730,177289,176559,178575,178853,177289,177545,178853,178917,2,0
varp.k26.scheduler-event.v1,analytical-model,S3,skew,23,760,0,1,1,760,177499,176739,178853,178927,177499,177563,178927,178943,0,0
varp.k26.scheduler-event.v1,analytical-model,S3,skew,23,731,0,3,1,731,178591,177860,178927,179201,178591,178847,179201,179265,3,0
varp.k26.scheduler-event.v1,analytical-model,S3,skew,23,697,0,0,0,697,178757,178060,179201,179739,178757,179269,179739,179867,1,0
varp.k26.scheduler-event.v1,analytical-model,S3,skew,23,752,0,2,1,752,178917,178165,179739,179881,178917,179045,179881,179913,0,0
varp.k26.scheduler-event.v1,analytical-model,S3,skew,23,733,0,1,1,733,178943,178210,179881,180173,179269,179525,180173,180237,1,0
varp.k26.scheduler-event.v1,analytical-model,S3,skew,23,754,0,3,1,754,179265,178511,180173,180315,179265,179393,180315,180347,2,0
varp.k26.scheduler-event.v1,analytical-model,S3,skew,23,703,0,0,0,703,179867,179164,180315,181381,179867,180891,181381,181637,3,0
varp.k26.scheduler-event.v1,analytical-model,S3,skew,23,765,0,2,1,765,179913,179148,181381,181457,179913,179977,181457,181473,1,0
varp.k26.scheduler-event.v1,analytical-model,S3,skew,23,736,0,1,1,736,180237,179501,181457,181731,180237,180493,181731,181795,0,0
varp.k26.scheduler-event.v1,analytical-model,S3,skew,23,766,0,3,1,766,180347,179581,181731,181805,180347,180411,181805,181821,2,0
varp.k26.scheduler-event.v1,analytical-model,S3,skew,23,772,0,2,1,772,181473,180701,181805,181845,181473,181505,181845,181853,0,0
varp.k26.scheduler-event.v1,analytical-model,S3,skew,23,705,0,0,0,705,181637,180932,181845,182395,181637,182149,182395,182523,1,0
varp.k26.scheduler-event.v1,analytical-model,S3,skew,23,773,0,1,1,773,181795,181022,182395,182435,182149,182181,182435,182443,1,0
varp.k26.scheduler-event.v1,analytical-model,S3,skew,23,741,0,3,1,741,181821,181080,182435,182709,182181,182437,182709,182773,1,0
varp.k26.scheduler-event.v1,analytical-model,S3,skew,23,746,0,2,1,746,181853,181107,182709,183001,181853,182109,183001,183065,2,0
varp.k26.scheduler-event.v1,analytical-model,S3,skew,23,707,0,1,1,707,182443,181736,183001,183551,182443,182955,183551,183679,3,0
varp.k26.scheduler-event.v1,analytical-model,S3,skew,23,715,0,0,0,715,182523,181808,183551,184089,182955,183467,184089,184217,3,0
varp.k26.scheduler-event.v1,analytical-model,S3,skew,23,748,0,3,1,748,182773,182025,184089,184363,182773,183029,184363,184427,0,0
varp.k26.scheduler-event.v1,analytical-model,S3,skew,23,750,0,2,1,750,183065,182315,184363,184637,183065,183321,184637,184701,2,0
varp.k26.scheduler-event.v1,analytical-model,S3,skew,23,781,0,1,1,781,183679,182898,184637,184711,183679,183743,184711,184727,1,0
varp.k26.scheduler-event.v1,analytical-model,S3,skew,23,719,0,0,0,719,184217,183498,184711,185777,184217,185241,185777,186033,3,0
varp.k26.scheduler-event.v1,analytical-model,S3,skew,23,775,0,3,1,775,184427,183652,185777,185919,185241,185369,185919,185951,3,0
varp.k26.scheduler-event.v1,analytical-model,S3,skew,23,778,0,2,1,778,184701,183923,185919,186061,184701,184829,186061,186093,2,0
varp.k26.scheduler-event.v1,analytical-model,S3,skew,23,761,0,1,1,761,184727,183966,186061,186353,184727,184983,186353,186417,1,0
varp.k26.scheduler-event.v1,analytical-model,S3,skew,23,722,0,3,1,722,185951,185229,186353,186903,185951,186463,186903,187031,2,0
varp.k26.scheduler-event.v1,analytical-model,S3,skew,23,725,0,0,0,725,186033,185308,186903,187453,186033,186545,187453,187581,1,0
varp.k26.scheduler-event.v1,analytical-model,S3,skew,23,792,0,2,1,792,186093,185301,187453,187529,186093,186157,187529,187545,0,0
varp.k26.scheduler-event.v1,analytical-model,S3,skew,23,785,0,1,1,785,186417,185632,187529,187671,186545,186673,187671,187703,1,0
varp.k26.scheduler-event.v1,analytical-model,S3,skew,23,787,0,3,1,787,187031,186244,187671,187813,187031,187159,187813,187845,3,0
varp.k26.scheduler-event.v1,analytical-model,S3,skew,23,769,0,2,1,769,187545,186776,187813,188087,187545,187801,188087,188151,1,0
varp.k26.scheduler-event.v1,analytical-model,S3,skew,23,732,0,0,0,732,187581,186849,188087,189153,187581,188605,189153,189409,0,0
varp.k26.scheduler-event.v1,analytical-model,S3,skew,23,799,0,1,1,799,187703,186904,189153,189229,187703,187767,189229,189245,3,0
varp.k26.scheduler-event.v1,analytical-model,S3,skew,23,770,0,3,1,770,187845,187075,189229,189521,187845,188101,189521,189585,2,0
varp.k26.scheduler-event.v1,analytical-model,S3,skew,23,771,0,2,1,771,188151,187380,189521,189795,188151,188407,189795,189859,3,0
varp.k26.scheduler-event.v1,analytical-model,S3,skew,23,791,0,1,1,791,189245,188454,189795,189937,189245,189373,189937,189969,3,0
varp.k26.scheduler-event.v1,analytical-model,S3,skew,23,737,0,0,0,737,189409,188672,189937,191003,189409,190433,191003,191259,1,0
varp.k26.scheduler-event.v1,analytical-model,S3,skew,23,793,0,3,1,793,189585,188792,191003,191145,190433,190561,191145,191177,1,0
varp.k26.scheduler-event.v1,analytical-model,S3,skew,23,794,0,2,1,794,189859,189065,191145,191287,189859,189987,191287,191319,2,0
varp.k26.scheduler-event.v1,analytical-model,S3,skew,23,805,0,1,1,805,189969,189164,191287,191363,190561,190625,191363,191379,1,0
varp.k26.scheduler-event.v1,analytical-model,S3,skew,23,776,0,3,1,776,191177,190401,191363,191641,191177,191433,191641,191705,0,0
varp.k26.scheduler-event.v1,analytical-model,S3,skew,23,745,0,0,0,745,191259,190514,191641,192191,191259,191771,192191,192319,1,0
varp.k26.scheduler-event.v1,analytical-model,S3,skew,23,811,0,2,1,811,191319,190508,192191,192231,191319,191351,192231,192239,3,0
varp.k26.scheduler-event.v1,analytical-model,S3,skew,23,777,0,1,1,777,191379,190602,192231,192523,191771,192027,192523,192587,1,0
varp.k26.scheduler-event.v1,analytical-model,S3,skew,23,797,0,3,1,797,191705,190908,192523,192671,192027,192155,192671,192703,1,0
varp.k26.scheduler-event.v1,analytical-model,S3,skew,23,807,0,2,1,807,192239,191432,192671,192747,192239,192303,192747,192763,3,0
varp.k26.scheduler-event.v1,analytical-model,S3,skew,23,747,0,0,0,747,192319,191572,192747,193285,192319,192831,193285,193413,3,0
varp.k26.scheduler-event.v1,analytical-model,S3,skew,23,813,0,1,1,813,192587,191774,193285,193325,192587,192619,193325,193333,1,0
varp.k26.scheduler-event.v1,analytical-model,S3,skew,23,780,0,3,1,780,192703,191923,193325,193617,192703,192959,193617,193681,0,0
varp.k26.scheduler-event.v1,analytical-model,S3,skew,23,800,0,2,1,800,192763,191963,193617,193765,192959,193087,193765,193797,0,0
varp.k26.scheduler-event.v1,analytical-model,S3,skew,23,802,0,1,1,802,193333,192531,193765,193913,193333,193461,193913,193945,2,0
varp.k26.scheduler-event.v1,analytical-model,S3,skew,23,753,0,0,0,753,193413,192660,193913,194451,193413,193925,194451,194579,1,0
varp.k26.scheduler-event.v1,analytical-model,S3,skew,23,818,0,3,1,818,193681,192863,194451,194491,193681,193713,194491,194499,2,0
varp.k26.scheduler-event.v1,analytical-model,S3,skew,23,784,0,2,1,784,193797,193013,194491,194783,193797,194053,194783,194847,0,0
varp.k26.scheduler-event.v1,analytical-model,S3,skew,23,788,0,1,1,788,193945,193157,194783,195057,194053,194309,195057,195121,0,0
varp.k26.scheduler-event.v1,analytical-model,S3,skew,23,789,0,3,1,789,194499,193710,195057,195331,194499,194755,195331,195395,1,0
varp.k26.scheduler-event.v1,analytical-model,S3,skew,23,757,0,0,0,757,194579,193822,195331,196397,194755,195779,196397,196653,1,0
varp.k26.scheduler-event.v1,analytical-model,S3,skew,23,809,0,2,1,809,194847,194038,196397,196539,195779,195907,196539,196571,1,0
varp.k26.scheduler-event.v1,analytical-model,S3,skew,23,810,0,1,1,810,195121,194311,196539,196681,195121,195249,196681,196713,2,0
varp.k26.scheduler-event.v1,analytical-model,S3,skew,23,822,0,3,1,822,195395,194573,196681,196757,195395,195459,196757,196773,2,0
varp.k26.scheduler-event.v1,analytical-model,S3,skew,23,795,0,2,1,795,196571,195776,196757,197049,196571,196827,197049,197113,3,0
varp.k26.scheduler-event.v1,analytical-model,S3,skew,23,758,0,0,0,758,196653,195895,197049,198115,196653,197677,198115,198371,2,0
varp.k26.scheduler-event.v1,analytical-model,S3,skew,23,816,0,1,1,816,196713,195897,198115,198263,196713,196841,198263,198295,0,0
varp.k26.scheduler-event.v1,analytical-model,S3,skew,23,833,0,3,1,833,196773,195940,198263,198303,196773,196805,198303,198311,1,0
varp.k26.scheduler-event.v1,analytical-model,S3,skew,23,831,0,2,1,831,197113,196282,198303,198379,197113,197177,198379,198395,3,0
varp.k26.scheduler-event.v1,analytical-model,S3,skew,23,762,0,1,1,762,198295,197533,198379,198917,198295,198807,198917,199045,2,0
varp.k26.scheduler-event.v1,analytical-model,S3,skew,23,763,0,3,1,763,198311,197548,198917,199455,198311,198823,199455,199583,3,0
varp.k26.scheduler-event.v1,analytical-model,S3,skew,23,767,0,0,0,767,198371,197604,199455,200005,198823,199335,200005,200133,3,0
varp.k26.scheduler-event.v1,analytical-model,S3,skew,23,804,0,2,1,804,198395,197591,200005,200297,198395,198651,200297,200361,0,0
varp.k26.scheduler-event.v1,analytical-model,S3,skew,23,834,0,1,1,834,199045,198211,200297,200371,199045,199109,200371,200387,2,0
varp.k26.scheduler-event.v1,analytical-model,S3,skew,23,827,0,3,1,827,199583,198756,200371,200513,199583,199711,200513,200545,3,0
varp.k26.scheduler-event.v1,analytical-model,S3,skew,23,768,0,0,0,768,200133,199365,200513,201063,200133,200645,201063,201191,0,0
varp.k26.scheduler-event.v1,analytical-model,S3,skew,23,829,0,2,1,829,200361,199532,201063,201211,200361,200489,201211,201243,1,0
varp.k26.scheduler-event.v1,analytical-model,S3,skew,23,812,0,1,1,812,200387,199575,201211,201503,200645,200901,201503,201567,0,0
varp.k26.scheduler-event.v1,analytical-model,S3,skew,23,832,0,3,1,832,200545,199713,201503,201651,200901,201029,201651,201683,0,0
varp.k26.scheduler-event.v1,analytical-model,S3,skew,23,779,0,0,0,779,201191,200412,201651,202717,201191,202215,202717,202973,3,0
varp.k26.scheduler-event.v1,analytical-model,S3,skew,23,849,0,2,1,849,201243,200394,202717,202793,201243,201307,202793,202809,1,0
varp.k26.scheduler-event.v1,analytical-model,S3,skew,23,850,0,1,1,850,201567,200717,202793,202867,201567,201631,202867,202883,2,0
varp.k26.scheduler-event.v1,analytical-model,S3,skew,23,855,0,3,1,855,201683,200828,202867,202907,202215,202247,202907,202915,3,0
varp.k26.scheduler-event.v1,analytical-model,S3,skew,23,782,0,2,1,782,202809,202027,202907,203457,202809,203321,203457,203585,2,0
varp.k26.scheduler-event.v1,analytical-model,S3,skew,23,842,0,1,1,842,202883,202041,203457,203605,203321,203449,203605,203637,2,0
varp.k26.scheduler-event.v1,analytical-model,S3,skew,23,852,0,3,1,852,202915,202063,203605,203679,202915,202979,203679,203695,0,0
varp.k26.scheduler-event.v1,analytical-model,S3,skew,23,783,0,0,0,783,202973,202190,203679,204217,202973,203485,204217,204345,3,0
varp.k26.scheduler-event.v1,analytical-model,S3,skew,23,857,0,2,1,857,203585,202728,204217,204257,203585,203617,204257,204265,1,0
varp.k26.scheduler-event.v1,analytical-model,S3,skew,23,844,0,1,1,844,203637,202793,204257,204399,203637,203765,204399,204431,0,0
varp.k26.scheduler-event.v1,analytical-model,S3,skew,23,845,0,3,1,845,203695,202850,204399,204541,203695,203823,204541,204573,1,0
varp.k26.scheduler-event.v1,analytical-model,S3,skew,23,860,0,2,1,860,204265,203405,204541,204581,204265,204297,204581,204589,0,0
varp.k26.scheduler-event.v1,analytical-model,S3,skew,23,786,0,0,0,786,204345,203559,204581,205647,204345,205369,205647,205903,2,0
varp.k26.scheduler-event.v1,analytical-model,S3,skew,23,826,0,1,1,826,204431,203605,205647,205925,205369,205625,205925,205989,2,0
varp.k26.scheduler-event.v1,analytical-model,S3,skew,23,848,0,3,1,848,204573,203725,205925,206067,204573,204701,206067,206099,0,0
varp.k26.scheduler-event.v1,analytical-model,S3,skew,23,790,0,2,1,790,204589,203799,206067,206605,205625,206137,206605,206733,2,0
varp.k26.scheduler-event.v1,analytical-model,S3,skew,23,801,0,0,0,801,205903,205102,206605,207671,205903,206927,207671,207927,1,0
varp.k26.scheduler-event.v1,analytical-model,S3,skew,23,861,0,1,1,861,205989,205128,207671,207747,206927,206991,207747,207763,1,0
varp.k26.scheduler-event.v1,analytical-model,S3,skew,23,868,0,3,1,868,206099,205231,207747,207787,206099,206131,207787,207795,0,0
varp.k26.scheduler-event.v1,analytical-model,S3,skew,23,836,0,2,1,836,206733,205897,207787,208065,206733,206989,208065,208129,0,0
varp.k26.scheduler-event.v1,analytical-model,S3,skew,23,840,0,1,1,840,207763,206923,208065,208357,207763,208019,208357,208421,0,0
varp.k26.scheduler-event.v1,analytical-model,S3,skew,23,841,0,3,1,841,207795,206954,208357,208649,207795,208051,208649,208713,1,0
varp.k26.scheduler-event.v1,analytical-model,S3,skew,23,803,0,0,0,803,207927,207124,208649,209199,207927,208439,209199,209327,3,0
varp.k26.scheduler-event.v1,analytical-model,S3,skew,23,865,0,2,1,865,208129,207264,209199,209341,208129,208257,209341,209373,1,0
varp.k26.scheduler-event.v1,analytical-model,S3,skew,23,806,0,1,1,806,208421,207615,209341,209879,208421,208933,209879,210007,2,0
varp.k26.scheduler-event.v1,analytical-model,S3,skew,23,808,0,3,1,808,208713,207905,209879,210429,208713,209225,210429,210557,0,0
varp.k26.scheduler-event.v1,analytical-model,S3,skew,23,815,0,0,0,815,209327,208512,210429,210967,209327,209839,210967,211095,3,0
varp.k26.scheduler-event.v1,analytical-model,S3,skew,23,878,0,2,1,878,209373,208495,210967,211043,209373,209437,211043,211059,2,0
varp.k26.scheduler-event.v1,analytical-model,S3,skew,23,870,0,1,1,870,210007,209137,211043,211185,210007,210135,211185,211217,2,0
varp.k26.scheduler-event.v1,analytical-model,S3,skew,23,871,0,3,1,871,210557,209686,211185,211333,210557,210685,211333,211365,3,0
varp.k26.scheduler-event.v1,analytical-model,S3,skew,23,872,0,2,1,872,211059,210187,211333,211475,211059,211187,211475,211507,0,0
varp.k26.scheduler-event.v1,analytical-model,S3,skew,23,817,0,0,0,817,211095,210278,211475,212541,211095,212119,212541,212797,1,0
varp.k26.scheduler-event.v1,analytical-model,S3,skew,23,854,0,1,1,854,211217,210363,212541,212815,211217,211473,212815,212879,2,0
varp.k26.scheduler-event.v1,analytical-model,S3,skew,23,876,0,3,1,876,211365,210489,212815,212963,211365,211493,212963,212995,0,0
varp.k26.scheduler-event.v1,analytical-model,S3,skew,23,886,0,2,1,886,211507,210621,212963,213039,211507,211571,213039,213055,2,0
varp.k26.scheduler-event.v1,analytical-model,S3,skew,23,820,0,0,0,820,212797,211977,213039,214105,212797,213821,214105,214361,0,0
varp.k26.scheduler-event.v1,analytical-model,S3,skew,23,889,0,1,1,889,212879,211990,214105,214179,212879,212943,214179,214195,1,0
varp.k26.scheduler-event.v1,analytical-model,S3,skew,23,821,0,3,1,821,212995,212174,214179,214717,212995,213507,214717,214845,1,0
varp.k26.scheduler-event.v1,analytical-model,S3,skew,23,863,0,2,1,863,213055,212192,214717,215009,213055,213311,215009,215073,3,0
varp.k26.scheduler-event.v1,analytical-model,S3,skew,23,883,0,1,1,883,214195,213312,215009,215151,214195,214323,215151,215183,3,0
varp.k26.scheduler-event.v1,analytical-model,S3,skew,23,824,0,0,0,824,214361,213537,215151,215689,214361,214873,215689,215817,0,0
varp.k26.scheduler-event.v1,analytical-model,S3,skew,23,893,0,3,1,893,214845,213952,215689,215763,214845,214909,215763,215779,1,0
varp.k26.scheduler-event.v1,analytical-model,S3,skew,23,901,0,2,1,901,215073,214172,215763,215803,215073,215105,215803,215811,1,0
varp.k26.scheduler-event.v1,analytical-model,S3,skew,23,828,0,1,1,828,215183,214355,215803,216353,215183,215695,216353,216481,0,0
varp.k26.scheduler-event.v1,analytical-model,S3,skew,23,898,0,3,1,898,215779,214881,216353,216429,215779,215843,216429,216445,2,0
varp.k26.scheduler-event.v1,analytical-model,S3,skew,23,869,0,2,1,869,215811,214942,216429,216707,215811,216067,216707,216771,1,0
varp.k26.scheduler-event.v1,analytical-model,S3,skew,23,835,0,0,0,835,215817,214982,216707,217245,215817,216329,217245,217373,3,0
varp.k26.scheduler-event.v1,analytical-model,S3,skew,23,892,0,3,1,892,216445,215553,217245,217387,216445,216573,217387,217419,0,0
varp.k26.scheduler-event.v1,analytical-model,S3,skew,23,873,0,1,1,873,216481,215608,217387,217661,216481,216737,217661,217725,1,0
varp.k26.scheduler-event.v1,analytical-model,S3,skew,23,875,0,2,1,875,216771,215896,217661,217935,216771,217027,217935,217999,3,0
varp.k26.scheduler-event.v1,analytical-model,S3,skew,23,837,0,0,0,837,217373,216536,217935,218485,217373,217885,218485,218613,1,0
varp.k26.scheduler-event.v1,analytical-model,S3,skew,23,877,0,3,1,877,217419,216542,218485,218759,217885,218141,218759,218823,1,0
varp.k26.scheduler-event.v1,analytical-model,S3,skew,23,897,0,1,1,897,217725,216828,218759,218901,218141,218269,218901,218933,1,0
varp.k26.scheduler-event.v1,analytical-model,S3,skew,23,838,0,2,1,838,217999,217161,218901,219451,217999,218511,219451,219579,2,0
varp.k26.scheduler-event.v1,analytical-model,S3,skew,23,847,0,0,0,847,218613,217766,219451,220517,218613,219637,220517,220773,3,0
varp.k26.scheduler-event.v1,analytical-model,S3,skew,23,899,0,3,1,899,218823,217924,220517,220659,219637,219765,220659,220691,3,0
varp.k26.scheduler-event.v1,analytical-model,S3,skew,23,900,0,1,1,900,218933,218033,220659,220801,218933,219061,220801,220833,0,0
varp.k26.scheduler-event.v1,analytical-model,S3,skew,23,910,0,2,1,910,219579,218669,220801,220877,219579,219643,220877,220893,2,0
varp.k26.scheduler-event.v1,analytical-model,S3,skew,23,913,0,3,1,913,220691,219778,220877,220953,220691,220755,220953,220969,1,0
varp.k26.scheduler-event.v1,analytical-model,S3,skew,23,853,0,0,0,853,220773,219920,220953,221503,220773,221285,221503,221631,1,0
varp.k26.scheduler-event.v1,analytical-model,S3,skew,23,885,0,1,1,885,220833,219948,221503,221777,221285,221541,221777,221841,1,0
varp.k26.scheduler-event.v1,analytical-model,S3,skew,23,905,0,2,1,905,220893,219988,221777,221925,221541,221669,221925,221957,1,0
varp.k26.scheduler-event.v1,analytical-model,S3,skew,23,917,0,3,1,917,220969,220052,221925,222001,221669,221733,222001,222017,1,0
varp.k26.scheduler-event.v1,analytical-model,S3,skew,23,858,0,0,0,858,221631,220773,222001,222539,221631,222143,222539,222667,2,0
varp.k26.scheduler-event.v1,analytical-model,S3,skew,23,908,0,1,1,908,221841,220933,222539,222681,221841,221969,222681,222713,0,0
varp.k26.scheduler-event.v1,analytical-model,S3,skew,23,891,0,2,1,891,221957,221066,222681,222973,221957,222213,222973,223037,3,0
varp.k26.scheduler-event.v1,analytical-model,S3,skew,23,911,0,3,1,911,222017,221106,222973,223115,222213,222341,223115,223147,3,0
varp.k26.scheduler-event.v1,analytical-model,S3,skew,23,864,0,0,0,864,222667,221803,223115,224181,222667,223691,224181,224437,0,0
varp.k26.scheduler-event.v1,analytical-model,S3,skew,23,894,0,1,1,894,222713,221819,224181,224459,222713,222969,224459,224523,2,0
varp.k26.scheduler-event.v1,analytical-model,S3,skew,23,895,0,2,1,895,223037,222142,224459,224733,223037,223293,224733,224797,3,0
varp.k26.scheduler-event.v1,analytical-model,S3,skew,23,925,0,3,1,925,223147,222222,224733,224807,223147,223211,224807,224823,1,0
varp.k26.scheduler-event.v1,analytical-model,S3,skew,23,866,0,0,0,866,224437,223571,224807,225357,224437,224949,225357,225485,2,0
varp.k26.scheduler-event.v1,analytical-model,S3,skew,23,916,0,1,1,916,224523,223607,225357,225499,224523,224651,225499,225531,0,0
varp.k26.scheduler-event.v1,analytical-model,S3,skew,23,927,0,2,1,927,224797,223870,225499,225575,224797,224861,225575,225591,3,0
varp.k26.scheduler-event.v1,analytical-model,S3,skew,23,924,0,3,1,924,224823,223899,225575,225717,224823,224951,225717,225749,0,0
varp.k26.scheduler-event.v1,analytical-model,S3,skew,23,874,0,0,0,874,225485,224611,225717,226267,225485,225997,226267,226395,2,0
varp.k26.scheduler-event.v1,analytical-model,S3,skew,23,906,0,1,1,906,225531,224625,226267,226541,225997,226253,226541,226605,2,0
varp.k26.scheduler-event.v1,analytical-model,S3,skew,23,936,0,2,1,936,225591,224655,226541,226617,225591,225655,226617,226633,0,0
varp.k26.scheduler-event.v1,analytical-model,S3,skew,23,928,0,3,1,928,225749,224821,226617,226759,225749,225877,226759,226791,0,0
varp.k26.scheduler-event.v1,analytical-model,S3,skew,23,879,0,0,0,879,226395,225516,226759,227309,226395,226907,227309,227437,3,0
varp.k26.scheduler-event.v1,analytical-model,S3,skew,23,944,0,1,1,944,226605,225661,227309,227349,226605,226637,227349,227357,0,0
varp.k26.scheduler-event.v1,analytical-model,S3,skew,23,930,0,2,1,930,226633,225703,227349,227497,226633,226761,227497,227529,2,0
varp.k26.scheduler-event.v1,analytical-model,S3,skew,23,931,0,3,1,931,226791,225860,227497,227645,226907,227035,227645,227677,3,0
varp.k26.scheduler-event.v1,analytical-model,S3,skew,23,912,0,1,1,912,227357,226445,227645,227923,227357,227613,227923,227987,0,0
varp.k26.scheduler-event.v1,analytical-model,S3,skew,23,881,0,0,0,881,227437,226556,227923,228461,227437,227949,228461,228589,1,0
varp.k26.scheduler-event.v1,analytical-model,S3,skew,23,914,0,2,1,914,227529,226615,228461,228753,227529,227785,228753,228817,2,0
varp.k26.scheduler-event.v1,analytical-model,S3,skew,23,935,0,3,1,935,227677,226742,228753,228901,227677,227805,228901,228933,3,0
varp.k26.scheduler-event.v1,analytical-model,S3,skew,23,938,0,1,1,938,227987,227049,228901,229043,227987,228115,229043,229075,2,0
varp.k26.scheduler-event.v1,analytical-model,S3,skew,23,882,0,0,0,882,228589,227707,229043,229593,228589,229101,229593,229721,2,0
varp.k26.scheduler-event.v1,analytical-model,S3,skew,23,919,0,2,1,919,228817,227898,229593,229871,228817,229073,229871,229935,3,0
varp.k26.scheduler-event.v1,analytical-model,S3,skew,23,949,0,3,1,949,228933,227984,229871,229947,228933,228997,229947,229963,1,0
varp.k26.scheduler-event.v1,analytical-model,S3,skew,23,950,0,1,1,950,229075,228125,229947,230021,229101,229165,230021,230037,2,0
varp.k26.scheduler-event.v1,analytical-model,S3,skew,23,884,0,0,0,884,229721,228837,230021,231087,229721,230745,231087,231343,0,0
varp.k26.scheduler-event.v1,analytical-model,S3,skew,23,923,0,2,1,923,229935,229012,231087,231365,229935,230191,231365,231429,3,0
varp.k26.scheduler-event.v1,analytical-model,S3,skew,23,943,0,3,1,943,229963,229020,231365,231507,230191,230319,231507,231539,3,0
varp.k26.scheduler-event.v1,analytical-model,S3,skew,23,926,0,1,1,926,230037,229111,231507,231785,230037,230293,231785,231849,2,0
varp.k26.scheduler-event.v1,analytical-model,S3,skew,23,887,0,0,0,887,231343,230456,231785,232851,231343,232367,232851,233107,3,0
varp.k26.scheduler-event.v1,analytical-model,S3,skew,23,890,0,2,1,890,231429,230539,232851,233401,231429,231941,233401,233529,2,0
varp.k26.scheduler-event.v1,analytical-model,S3,skew,23,960,0,3,1,960,231539,230579,233401,233475,231539,231603,233475,233491,0,0
varp.k26.scheduler-event.v1,analytical-model,S3,skew,23,961,0,1,1,961,231849,230888,233475,233549,231849,231913,233549,233565,1,0
varp.k26.scheduler-event.v1,analytical-model,S3,skew,23,896,0,0,0,896,233107,232211,233549,234615,233107,234131,234615,234871,0,0
varp.k26.scheduler-event.v1,analytical-model,S3,skew,23,940,0,3,1,940,233491,232551,234615,234889,234131,234387,234889,234953,0,0
varp.k26.scheduler-event.v1,analytical-model,S3,skew,23,941,0,2,1,941,233529,232588,234889,235163,233529,233785,235163,235227,1,0
varp.k26.scheduler-event.v1,analytical-model,S3,skew,23,942,0,1,1,942,233565,232623,235163,235441,233565,233821,235441,235505,2,0
varp.k26.scheduler-event.v1,analytical-model,S3,skew,23,909,0,0,0,909,234871,233962,235441,235979,234871,235383,235979,236107,1,0
varp.k26.scheduler-event.v1,analytical-model,S3,skew,23,945,0,3,1,945,234953,234008,235979,236257,235383,235639,236257,236321,1,0
varp.k26.scheduler-event.v1,analytical-model,S3,skew,23,946,0,2,1,946,235227,234281,236257,236531,235227,235483,236531,236595,2,0
varp.k26.scheduler-event.v1,analytical-model,S3,skew,23,947,0,1,1,947,235505,234558,236531,236823,235505,235761,236823,236887,3,0
varp.k26.scheduler-event.v1,analytical-model,S3,skew,23,918,0,0,0,918,236107,235189,236823,237373,236107,236619,237373,237501,2,0
varp.k26.scheduler-event.v1,analytical-model,S3,skew,23,967,0,3,1,967,236321,235354,237373,237515,236321,236449,237515,237547,3,0
varp.k26.scheduler-event.v1,analytical-model,S3,skew,23,971,0,2,1,971,236595,235624,237515,237663,236595,236723,237663,237695,3,0
varp.k26.scheduler-event.v1,analytical-model,S3,skew,23,983,0,1,1,983,236887,235904,237663,237739,236887,236951,237739,237755,3,0
varp.k26.scheduler-event.v1,analytical-model,S3,skew,23,929,0,0,0,929,237501,236572,237739,238277,237501,238013,238277,238405,1,0
varp.k26.scheduler-event.v1,analytical-model,S3,skew,23,955,0,3,1,955,237547,236592,238277,238569,237547,237803,238569,238633,3,0
varp.k26.scheduler-event.v1,analytical-model,S3,skew,23,985,0,2,1,985,237695,236710,238569,238643,238013,238077,238643,238659,1,0
varp.k26.scheduler-event.v1,analytical-model,S3,skew,23,956,0,1,1,956,237755,236799,238643,238935,237755,238011,238935,238999,0,0
varp.k26.scheduler-event.v1,analytical-model,S3,skew,23,933,0,0,0,933,238405,237472,238935,239473,238405,238917,239473,239601,1,0
varp.k26.scheduler-event.v1,analytical-model,S3,skew,23,959,0,3,1,959,238633,237674,239473,239765,238633,238889,239765,239829,3,0
varp.k26.scheduler-event.v1,analytical-model,S3,skew,23,982,0,2,1,982,238659,237677,239765,239913,238659,238787,239913,239945,2,0
varp.k26.scheduler-event.v1,analytical-model,S3,skew,23,964,0,1,1,964,238999,238035,239913,240187,238999,239255,240187,240251,0,0
varp.k26.scheduler-event.v1,analytical-model,S3,skew,23,937,0,0,0,937,239601,238664,240187,240725,239601,240113,240725,240853,1,0
varp.k26.scheduler-event.v1,analytical-model,S3,skew,23,999,0,3,1,999,239829,238830,240725,240765,239829,239861,240765,240773,3,0
varp.k26.scheduler-event.v1,analytical-model,S3,skew,23,986,0,2,1,986,239945,238959,240765,240907,239945,240073,240907,240939,2,0
varp.k26.scheduler-event.v1,analytical-model,S3,skew,23,996,0,1,1,996,240251,239255,240907,240981,240251,240315,240981,240997,0,0
varp.k26.scheduler-event.v1,analytical-model,S3,skew,23,968,0,3,1,968,240773,239805,240981,241273,240773,241029,241273,241337,0,0
varp.k26.scheduler-event.v1,analytical-model,S3,skew,23,948,0,0,0,948,240853,239905,241273,241823,241029,241541,241823,241951,0,0
varp.k26.scheduler-event.v1,analytical-model,S3,skew,23,969,0,2,1,969,240939,239970,241823,242101,240939,241195,242101,242165,1,0
varp.k26.scheduler-event.v1,analytical-model,S3,skew,23,990,0,1,1,990,240997,240007,242101,242243,240997,241125,242243,242275,2,0
varp.k26.scheduler-event.v1,analytical-model,S3,skew,23,992,0,3,1,992,241337,240345,242243,242385,241541,241669,242385,242417,0,0
varp.k26.scheduler-event.v1,analytical-model,S3,skew,23,951,0,0,0,951,241951,241000,242385,243451,241951,242975,243451,243707,3,0
varp.k26.scheduler-event.v1,analytical-model,S3,skew,23,978,0,2,1,978,242165,241187,243451,243729,242165,242421,243729,243793,2,0
varp.k26.scheduler-event.v1,analytical-model,S3,skew,23,981,0,1,1,981,242275,241294,243729,244007,242275,242531,244007,244071,1,0
varp.k26.scheduler-event.v1,analytical-model,S3,skew,23,984,0,3,1,984,242417,241433,244007,244299,242417,242673,244299,244363,0,0
varp.k26.scheduler-event.v1,analytical-model,S3,skew,23,953,0,0,0,953,243707,242754,244299,244837,243707,244219,244837,244965,1,0
varp.k26.scheduler-event.v1,analytical-model,S3,skew,23,988,0,2,1,988,243793,242805,244837,245111,243793,244049,245111,245175,0,0
varp.k26.scheduler-event.v1,analytical-model,S3,skew,23,989,0,1,1,989,244071,243082,245111,245385,244219,244475,245385,245449,1,0
varp.k26.scheduler-event.v1,analytical-model,S3,skew,23,993,0,3,1,993,244363,243370,245385,245663,244475,244731,245663,245727,1,0
varp.k26.scheduler-event.v1,analytical-model,S3,skew,23,954,0,0,0,954,244965,244011,245663,246213,244965,245477,246213,246341,2,0
varp.k26.scheduler-event.v1,analytical-model,S3,skew,23,995,0,2,1,995,245175,244180,246213,246487,245175,245431,246487,246551,3,0
varp.k26.scheduler-event.v1,analytical-model,S3,skew,23,957,0,1,1,957,245449,244492,246487,247025,245449,245961,247025,247153,1,0
varp.k26.scheduler-event.v1,analytical-model,S3,skew,23,958,0,3,1,958,245727,244769,247025,247575,245727,246239,247575,247703,2,0
varp.k26.scheduler-event.v1,analytical-model,S3,skew,23,962,0,0,0,962,246341,245379,247575,248125,246341,246853,248125,248253,2,0
varp.k26.scheduler-event.v1,analytical-model,S3,skew,23,970,0,2,1,970,246551,245581,248125,248675,246853,247365,248675,248803,2,0
varp.k26.scheduler-event.v1,analytical-model,S3,skew,23,972,0,1,1,972,247153,246181,248675,249213,247153,247665,249213,249341,0,0
varp.k26.scheduler-event.v1,analytical-model,S3,skew,23,973,0,3,1,973,247703,246730,249213,249751,247703,248215,249751,249879,1,0
varp.k26.scheduler-event.v1,analytical-model,S3,skew,23,965,0,0,0,965,248253,247288,249751,250817,248253,249277,250817,251073,1,0
varp.k26.scheduler-event.v1,analytical-model,S3,skew,23,974,0,2,1,974,248803,247829,250817,251355,248803,249315,251355,251483,2,0
varp.k26.scheduler-event.v1,analytical-model,S3,skew,23,979,0,1,1,979,249341,248362,251355,251893,249341,249853,251893,252021,3,0
varp.k26.scheduler-event.v1,analytical-model,S3,skew,23,991,0,3,1,991,249879,248888,251893,252443,249879,250391,252443,252571,3,0
varp.k26.scheduler-event.v1,analytical-model,S3,skew,23,966,0,0,0,966,251073,250107,252443,253509,251073,252097,253509,253765,2,0
varp.k26.scheduler-event.v1,analytical-model,S3,skew,23,976,0,2,1,976,251483,250507,253509,254575,251483,252507,254575,254831,0,0
varp.k26.scheduler-event.v1,analytical-model,S3,skew,23,977,0,1,1,977,252021,251044,254575,255641,252021,253045,255641,255897,1,0
